capture_id,method,object_id,source_face,pixel_x,pixel_y,normalized_x,normalized_y,brightness,center_distance_normalized,center_distance_degrees,match_distance_degrees,angular_error_degrees,cross_track_error_degrees,elevation_error_degrees
anchorage_00_h135,dao,HIP_116727,zenith,138.62334498112114,96.62574364205989,0.2717252831662522,0.18969871805089822,935.0,0.5447866223114949,40.05688033412225,0.07741720923890581,0.03715007204998016,-0.006327407763093435,-0.036606847828949185
anchorage_00_h135,dao,HIP_14328,azimuth_180,235.42010682053328,54.497350130860845,0.46078145863385406,0.10741669947433759,1175.0,0.5579601093958432,40.732530313516406,0.1810161412431545,0.041803018383826294,0.03711210466651247,-0.01922990388479917
anchorage_00_h135,dao,HIP_14354,azimuth_180,191.55945091943377,123.49778387824782,0.3751161150770191,0.24218317163720277,897.0,0.40513084725927345,32.01592840783721,0.17364448053177595,0.05208075708605496,0.031012000240744617,-0.041836340143330375
anchorage_00_h135,dao,HIP_14576,azimuth_180,194.71123256041014,112.0374968836429,0.38127193859455105,0.21979979860086504,1830.0,0.43036845941405094,33.59236185582788,0.1713405092136999,0.00948328885534089,-0.00914826982284489,-0.0024979526198904978
anchorage_00_h135,dao,HIP_15863,azimuth_180,209.9877628774165,58.412953673614076,0.4111089118699541,0.11506436264377749,2519.0,0.5587075629625659,40.77046090234987,0.16389298330387084,0.0069143476431849146,0.006908763906076662,-0.0002774763616173459
anchorage_00_h135,dao,HIP_17358,azimuth_180,189.52123794468162,52.498075294180424,0.3711352303607063,0.10351186580894614,1068.0,0.5895913320402384,42.300370915483036,0.19148551808714315,0.052518152180018894,0.05240685875301734,0.0034372727935192415
anchorage_00_h135,dao,HIP_18246,azimuth_180,125.14993990076107,112.38037051806671,0.24541003886867396,0.22046947366809905,1018.0,0.5347024657886659,39.5304530925642,0.1623523948943476,0.028273337999245866,0.016805976243620634,-0.022735016900149674
anchorage_00_h135,dao,HIP_23416,zenith,382.43759641837573,64.4184856679026,0.7479249930046401,0.12679391732012227,1343.0,0.6336396172993141,44.3605208618935,0.07585013741985168,0.03209731378336128,0.0012014984013886815,0.03207483093077457
anchorage_00_h135,dao,HIP_23453,zenith,401.3052440951723,56.56985668105691,0.7847758673733835,0.11146456383018928,965.0,0.6812592455122028,46.43576550182817,0.05977023076903614,0.04996754567421994,-0.04954256121122812,0.006523505986038458
anchorage_00_h135,dao,HIP_23767,zenith,400.49609463553196,62.3942518958451,0.7831954973350234,0.12284033573407246,1115.0,0.6670068996045219,45.83056176844784,0.07341895128343794,0.03769401810041307,-0.03641999509400845,0.00972839738444975
anchorage_00_h135,dao,HIP_25428,zenith,503.1503624061472,54.0156888965773,0.9836921140745063,0.10647595487612754,2255.0,0.8818381204149895,53.69284801016501,0.15571922132112592,0.012440209172322015,0.010332223637830594,0.0069291733797456345
anchorage_00_h135,dao,HIP_28358,zenith,327.6873205620414,138.475299202352,0.6409908604727371,0.27143613125459376,607.0,0.37978905943354957,30.376482003113235,0.06174387884337718,0.03758092175490563,0.020503918998509087,0.031500934649386636
anchorage_00_h135,dao,HIP_28360,zenith,377.4222997852204,130.15399058185886,0.7381294917680086,0.2551835753551931,1967.0,0.48299220827163764,36.70168511875595,0.07235027208707293,0.028612502326801993,0.028553249906792498,-0.0018309253359944933
anchorage_00_h135,dao,HIP_28380,zenith,425.5471275778273,122.50950412917692,0.832123296050444,0.24025293775229867,1205.0,0.596279163019675,42.622229754642476,0.07299477597993138,0.047603155427779355,0.04397455292947471,0.018247412756473125
anchorage_00_h135,dao,HIP_2920,azimuth_180,332.6607591863762,113.41420251767613,0.650704607785891,0.2224886767923362,783.0,0.4465969397932943,34.576646333771215,0.11607861502505393,0.053434924236628725,-0.031864585418122995,0.042899605880098335
anchorage_00_h135,dao,HIP_29655,azimuth_90,357.4844066082015,64.4729921406646,0.6991882941566435,0.12690037527473555,1072.0,0.5981292611119551,42.71068474036524,0.10642910282033559,0.041110662328038824,-0.019877748388718076,0.03598814850574428
anchorage_00_h135,dao,HIP_30343,azimuth_90,347.57872289738657,61.43151087303465,0.6798412556589581,0.1209599821738958,1220.0,0.5933198333961273,42.4802170188673,0.13075082671765534,0.0343879936671318,-0.02971698352685578,-0.017298253875601688
anchorage_00_h135,dao,HIP_31681,azimuth_90,315.0729261504534,93.82995213409541,0.6163533713876043,0.1842381877619051,2119.0,0.4759067746967837,36.29681785195882,0.13928554074858207,0.007797228375757109,0.0029083099806480263,0.007234584784626463
anchorage_00_h135,dao,HIP_3179,azimuth_180,335.4359626855434,97.58494959853522,0.656124927120202,0.1915721671846391,1644.0,0.48888182810055153,37.03500923870589,0.13487238149842645,0.03730279428693793,-0.03721552059574939,-0.0025425073164555556
anchorage_00_h135,dao,HIP_32246,zenith,502.40179798560064,177.48894642861464,0.9822300741906262,0.34763466099338797,1126.0,0.7152077194556792,47.8249274149572,0.15176509140030728,0.032294786281436526,-0.02796089039969355,-0.016153701084022032
anchorage_00_h135,dao,HIP_32362,azimuth_90,299.39019256315214,110.35679608965668,0.5857230323499065,0.2165171798626107,1179.0,0.4188339708961309,32.878813039843834,0.1570071737430092,0.05178644413166784,0.05134873102076475,-0.006704922806328284
anchorage_00_h135,dao,HIP_33018,zenith,433.52848797553594,185.38057553272031,0.8477118905772186,0.36304799908734436,690.0,0.5285062145382279,39.20297335405767,0.06830867557249565,0.03885346834155099,-0.03815704465417304,-0.007307825046609651
anchorage_00_h135,dao,HIP_36188,azimuth_90,244.5981358878118,115.55812454279014,0.4787072966558824,0.226676024497637,1068.0,0.38770962020593946,30.89499588692134,0.16091425374582818,0.04543502644882903,-0.044272218831535246,-0.010203148572269782
anchorage_00_h135,dao,HIP_36850,zenith,428.88309659467467,232.87856503368528,0.838638860536474,0.45581750983141656,2289.0,0.48296660402752156,36.70022968639199,0.035550597691897855,0.014938045343393196,-0.013059864679617596,-0.007249563884663246
anchorage_00_h135,dao,HIP_37279,azimuth_90,227.04957155788938,125.44930727365927,0.4444327569490027,0.24599474076886577,4313.0,0.36771290490643466,29.575224345741223,0.15394553994659071,0.0825003366857447,0.08215095496005431,0.007617097682903307
anchorage_00_h135,dao,HIP_37826,zenith,446.93158622356617,250.2391347960953,0.8738898168429027,0.48972487264862363,3109.0,0.5289596834937542,39.227044029724695,0.20636523429962145,0.112470961439673,0.11245523312610498,-0.0017521568017855316
anchorage_00_h135,dao,HIP_4427,azimuth_180,334.4290679379714,67.6235002399228,0.6541583358163504,0.13305371140609923,1811.0,0.5628754235432649,40.98117297285516,0.1371278614663075,0.02466440939268551,-0.016022531732009942,0.01875300821838266
anchorage_00_h135,dao,HIP_6686,azimuth_180,315.56607756244176,63.565454794134986,0.6173165577391441,0.12512784139479488,1617.0,0.5555039334101748,40.60758307377796,0.18332243385166497,0.04646614628577505,0.034290468384084664,-0.031348941871868874
anchorage_00_h135,dao,HIP_746,azimuth_180,362.96129578183195,84.99841754379793,0.7098853433238905,0.16698909676523033,2071.0,0.5566832474853622,40.66763397225509,0.13142977944833104,0.004195302877462918,0.004193864945482001,-0.00010972920846086254
anchorage_00_h135,dao,HIP_7607,azimuth_180,279.5101692185556,124.52025474259204,0.5468948617549914,0.2441801850441251,854.0,0.36781219605412174,29.581865055461094,0.1765758371857992,0.05478988738175524,0.05231535184986216,-0.016266651851825742
anchorage_00_h135,dao,HIP_8886,zenith,199.3112955510513,11.410116479378908,0.3902564366231471,0.02326194624878693,863.0,0.6918422097518246,46.87663033110204,0.13094702254698873,0.029469132370135206,-0.029252805661583087,-0.003557158872162347
anchorage_00_h135,dao,HIP_9640,azimuth_180,247.1443400932306,142.85473941764087,0.483680351744591,0.2799897254250798,1860.0,0.3119963199709639,25.71162558364896,0.14487515578409463,0.011125107629784463,0.009344040303644562,0.006038323111255295
anchorage_00_h135,weighted_radius_3,HIP_116727,zenith,138.73342939481267,96.81123919308358,0.2719402917867435,0.19006101404899137,935.0,0.5441937256577941,40.026151677527196,0.09624171478375627,0.006332111582428805,-0.0023541087906374836,-0.005878191233897212
anchorage_00_h135,weighted_radius_3,HIP_14328,azimuth_180,235.36739659367396,54.40997566909976,0.46067850897201945,0.10724604622871046,1175.0,0.558214739790421,40.745456753523115,0.16598967605121454,0.02839767701633011,0.027394908187475142,-0.00747418498615815
anchorage_00_h135,weighted_radius_3,HIP_14354,azimuth_180,191.5185758513932,123.3157894736842,0.37503628095975233,0.24182771381578946,897.0,0.4056324948274036,32.047808733504034,0.14461654989936304,0.024856953519174673,0.02284843008759853,-0.009786158307932169
anchorage_00_h135,weighted_radius_3,HIP_14576,azimuth_180,194.76591075347477,112.016825164594,0.3813787319403804,0.21975942414959765,1830.0,0.4303621395732604,33.591974082392426,0.17424598546639322,0.0030150773049383607,0.0016210156978268921,0.0025422566312940376
anchorage_00_h135,weighted_radius_3,HIP_15863,azimuth_180,209.97097759674133,58.18329938900204,0.4110761281186354,0.1146158191191446,2519.0,0.5593360740441854,40.802322106782476,0.1347049409817246,0.03233370540334738,0.003860772576834331,0.032102489465515305
anchorage_00_h135,weighted_radius_3,HIP_17358,azimuth_180,189.4546712802768,52.312110726643596,0.37100521734429065,0.10314865376297577,1068.0,0.5901366705476488,42.326739972356194,0.16523593847228538,0.04902909952427579,0.040830909664448904,0.02715414747020617
anchorage_00_h135,weighted_radius_3,HIP_18246,azimuth_180,125.14703925482368,112.31470392548236,0.2454043735445775,0.22034121860445774,1018.0,0.5348419710940209,39.53779081585641,0.15402121082430503,0.020232325617719038,0.01632843112938522,-0.011945696601507905
anchorage_00_h135,weighted_radius_3,HIP_23416,zenith,382.43032069970843,64.35860058309038,0.747910782616618,0.1266769542638484,1343.0,0.6337662859687327,44.36624577468081,0.0843930932550521,0.027551270578226685,0.00804889816869854,0.02634991814345966
anchorage_00_h135,weighted_radius_3,HIP_23453,zenith,401.11087420042645,56.92963752665245,0.7843962386727079,0.11216726079424306,965.0,0.6801403592950863,46.38873332658252,0.03703896500168026,0.07964158231414611,-0.05897171283329007,0.05355568123169974
anchorage_00_h135,weighted_radius_3,HIP_23767,zenith,400.3718411552347,62.128158844765345,0.7829528147563177,0.12232062274368231,1115.0,0.6673889531348911,45.84695920666022,0.12008602208900282,0.010159373821527476,0.007663558806529908,-0.006669040827937067
anchorage_00_h135,weighted_radius_3,HIP_25428,zenith,503.04103428892637,54.080944350758855,0.9834785825955593,0.10660340693507589,2255.0,0.8814901238966897,53.68205651296019,0.14613374851806565,0.02197179729238284,0.012991384058027064,0.017720670584566278
anchorage_00_h135,weighted_radius_3,HIP_28358,zenith,327.7142857142857,138.38571428571427,0.6410435267857143,0.2712611607142857,607.0,0.38003876919579754,30.392913938323105,0.07530576592176304,0.029683587030627238,0.025579950581567493,0.015068999439513675
anchorage_00_h135,weighted_radius_3,HIP_28360,zenith,377.44790257104194,130.1231393775372,0.7381794972090663,0.25512331909675234,1967.0,0.48310260140254796,36.70795960889106,0.07448048608582065,0.030279330205294674,0.02917153760933782,-0.008105415471099775
anchorage_00_h135,weighted_radius_3,HIP_28380,zenith,425.5500618046972,122.58838071693448,0.8321290269622992,0.24040699358776266,1205.0,0.5961513558301575,42.616109868653865,0.060173872770656764,0.04059564251247667,0.03247657862587871,0.024367298745083588
anchorage_00_h135,weighted_radius_3,HIP_2920,azimuth_180,332.98481012658226,113.26582278481013,0.651337519778481,0.22219887262658228,783.0,0.4473846471720816,34.62384079758917,0.13580673070919314,0.06583076780098931,0.03004214691357068,0.05858062596359659
anchorage_00_h135,weighted_radius_3,HIP_29655,azimuth_90,357.63571934798017,64.55279943302622,0.6994838268515238,0.12705624889262934,1072.0,0.5981318227035995,42.71080703811288,0.1315895397682464,0.01871855956784866,0.005032402746250681,0.01802956850168158
anchorage_00_h135,weighted_radius_3,HIP_30343,azimuth_90,347.62831858407077,61.337547408343866,0.6799381222345132,0.12077645978192161,1220.0,0.5936130411114888,42.49431637130612,0.12232577918906491,0.02219779997875193,-0.021403309403209256,-0.005882553310378569
anchorage_00_h135,weighted_radius_3,HIP_31681,azimuth_90,315.08649657747355,93.79775980087119,0.616379876127878,0.18417531211107654,2119.0,0.4760031702576699,36.30235440677802,0.13552085142655232,0.013325405681181889,0.005497697473986817,0.012138617583133282
anchorage_00_h135,weighted_radius_3,HIP_3179,azimuth_180,335.531746031746,97.46031746031746,0.656312003968254,0.19132874503968253,1644.0,0.4893084634938348,37.05904188538508,0.12362193909415066,0.024455536979934942,-0.019541016452958415,0.014706611977750583
anchorage_00_h135,weighted_radius_3,HIP_32246,zenith,502.25373134328356,177.393487109905,0.9819408815298507,0.3474482170115332,1126.0,0.7148972790306728,47.812550073924406,0.14602240253459853,0.006849923390891881,-0.005714770647417452,-0.003776360051233496
anchorage_00_h135,weighted_radius_3,HIP_32362,azimuth_90,299.62870309414086,110.14614878209348,0.5861888732307439,0.21610575934002632,1179.0,0.419581843622167,32.92543144431127,0.16085569612804393,0.1026330632819249,0.09942623236657598,0.02550782005697272
anchorage_00_h135,weighted_radius_3,HIP_33018,zenith,433.4120267260579,185.32293986636972,0.8474844271993318,0.36293542942650336,690.0,0.5282653190444074,39.19017961899584,0.07403933372815738,0.020664221908871534,-0.019923892066065846,0.0054859100152313545
anchorage_00_h135,weighted_radius_3,HIP_36188,azimuth_90,244.640625,115.38541666666667,0.478790283203125,0.22633870442708334,1068.0,0.3881761372914385,30.92536279719476,0.13592802325159128,0.041185198277064745,-0.03537734576758466,0.021093570658177185
anchorage_00_h135,weighted_radius_3,HIP_36850,zenith,428.85926505082097,232.83268178264268,0.8385923145523847,0.455727894106724,2289.0,0.4829177462760433,36.69745229260622,0.03929628120309012,0.005708061220701543,-0.0035468775526180793,-0.004472170098893002
anchorage_00_h135,weighted_radius_3,HIP_37279,azimuth_90,226.6346465191581,125.43047310667386,0.4436223564827307,0.24595795528647238,4313.0,0.36801032368886144,29.59511345551189,0.16210982321965103,0.008006101803547622,-0.005335784546750241,0.005968978345798348
anchorage_00_h135,weighted_radius_3,HIP_37826,zenith,446.83971490137577,250.78435272667,0.8737103806667496,0.49078975141927733,3109.0,0.5286667708434218,39.21149776244304,0.10260289383975736,0.01689715389801078,0.00976034963248275,0.01379411047987844
anchorage_00_h135,weighted_radius_3,HIP_4427,azimuth_180,334.66527970411465,67.61812297734627,0.6546196869220989,0.13304320894012944,1811.0,0.5631421385207209,40.9946115044324,0.15954087082752091,0.0275998506446318,0.02525582744865201,0.011135034063777027
anchorage_00_h135,weighted_radius_3,HIP_6686,azimuth_180,315.44455445544554,63.41386138613861,0.6170792079207921,0.12483176051980198,1617.0,0.5558034703778508,40.62284578982507,0.15215921166154325,0.013775206873932194,0.012467574307959415,-0.005856902532386243
anchorage_00_h135,weighted_radius_3,HIP_746,azimuth_180,362.9888888888889,84.99777777777778,0.7099392361111111,0.16698784722222224,2071.0,0.5567253842903281,40.66977758799254,0.13373453487352072,0.008920249210180652,0.008841171507919464,-0.0011846792283733976
anchorage_00_h135,weighted_radius_3,HIP_7607,azimuth_180,279.40788346186804,124.40017137960582,0.546695084886461,0.24394564722579262,854.0,0.36808765947032795,29.600283801095497,0.14564465499464646,0.03151315460972576,0.030704192166135267,0.007099044549804034
anchorage_00_h135,weighted_radius_3,HIP_8886,zenith,199.3568281938326,11.429515418502202,0.3903453675660793,0.023299834801762113,863.0,0.6917617883552769,46.87330716835121,0.12742088427878923,0.03593585747638874,-0.03593502742159367,-0.0002339961213380093
anchorage_00_h135,weighted_radius_3,HIP_9640,azimuth_180,247.15704697986578,142.81744966442952,0.48370516988255036,0.2799168938758389,1860.0,0.31209644371512885,25.71881237448159,0.13979244606614893,0.018138978977891622,0.012138747554875061,0.013479243359963533
anchorage_00_h135,weighted_radius_5,HIP_116727,zenith,138.70514064015518,96.8729388942774,0.2718850403128031,0.19018152127788554,935.0,0.5441027928448386,40.02143636018041,0.10794898082097384,0.008824307705223135,0.008747244220194236,-0.001162873887103899
anchorage_00_h135,weighted_radius_5,HIP_14328,azimuth_180,235.37989255564082,54.27475057559478,0.460702915147736,0.10698193471795855,1175.0,0.5585829580571269,40.76414065561659,0.15083617836047017,0.031908982081318135,0.029698520850617596,0.011676240031448515
anchorage_00_h135,weighted_radius_5,HIP_14354,azimuth_180,191.68789144050103,122.88517745302714,0.3753669754697286,0.24098667471294363,897.0,0.4065004144642947,32.10291368773422,0.13886440307350217,0.09231217796099045,0.0566688424082685,0.07288624050691084
anchorage_00_h135,weighted_radius_5,HIP_14576,azimuth_180,194.7588424437299,112.02840300107181,0.38136492664790994,0.21978203711146838,1830.0,0.4303403010517473,33.590634085325064,0.17501340649434355,0.00040290699166477777,0.000228789815894086,0.0003316483962656491
anchorage_00_h135,weighted_radius_5,HIP_15863,azimuth_180,209.75350246118893,58.12192351382052,0.41065137199450963,0.1144959443629307,2519.0,0.5596365860790234,40.817545206958194,0.11332627044543517,0.05061239646959684,-0.03562253267475739,0.03596257741469344
anchorage_00_h135,weighted_radius_5,HIP_17358,azimuth_180,189.98457350272233,52.72776769509982,0.37204018262250454,0.10396048377949184,1068.0,0.5885932607012352,42.252053356471485,0.2555089503389849,0.1337763055734079,0.1330283313338929,-0.013998835428246537
anchorage_00_h135,weighted_radius_5,HIP_18246,azimuth_180,125.15276048152761,112.25570776255708,0.2454155478154836,0.2202259917237443,1018.0,0.5349518464330275,39.54356896534268,0.14754984551363304,0.017374213005227276,0.017270344712313423,-0.001895575134589933
anchorage_00_h135,weighted_radius_5,HIP_23416,zenith,382.5414110429448,64.24386503067484,0.7481277559432515,0.1264528613880368,1343.0,0.6342000442046958,44.385841422964496,0.08998370011703369,0.007379849268865001,0.0029737315086026243,0.00675426985977623
anchorage_00_h135,weighted_radius_5,HIP_25428,zenith,502.97606757390895,54.11825434068513,0.9833516944802909,0.10667627800915064,2255.0,0.8812858909998541,53.67572060104023,0.14067096914971883,0.028210610569968216,0.014737244828993894,0.024056582504528023
anchorage_00_h135,weighted_radius_5,HIP_28358,zenith,327.77917981072557,138.30914826498423,0.6411702730678234,0.2711116177050473,607.0,0.3803128647512314,30.41094419750009,0.08572916018914119,0.022605595357798627,0.02240981202612017,-0.0029612597374679694
anchorage_00_h135,weighted_radius_5,HIP_28360,zenith,377.0947103274559,130.2523929471033,0.7374896686083123,0.2553757674748111,1967.0,0.4821666886756564,36.65473201034143,0.10828914484039084,0.07597520561711538,0.06115695862838208,0.045122183078532885
anchorage_00_h135,weighted_radius_5,HIP_28380,zenith,425.6093385214008,122.59377431906614,0.8322448017996109,0.24041752796692606,1205.0,0.5962711935179568,42.621848180276274,0.055365841793231826,0.03129402390047015,0.025149555254574255,0.0186289871226748
anchorage_00_h135,weighted_radius_5,HIP_2920,azimuth_180,333.7967698519515,112.86137281292059,0.6529233786170928,0.22140893127523553,783.0,0.44944085996018013,34.74678350775172,0.256771406896878,0.2117478604617756,0.18493512596213502,0.10330353754656585
anchorage_00_h135,weighted_radius_5,HIP_29655,azimuth_90,357.5804511278196,64.50375939849624,0.6993758811090226,0.12696046757518797,1072.0,0.598179295395154,42.713073433626285,0.1194321329426752,0.027749626520603657,-0.0040648715818435155,0.027450400656604756
anchorage_00_h135,weighted_radius_5,HIP_30343,azimuth_90,347.6490536277602,61.36356466876972,0.6799786203667192,0.12082727474369086,1220.0,0.5935726735074721,42.492375609072795,0.1277945876394346,0.0207410099937057,-0.01792786981723367,-0.010427651238522628
anchorage_00_h135,weighted_radius_5,HIP_31681,azimuth_90,315.0458353868901,93.76540167570232,0.6163004597400197,0.1841121126478561,2119.0,0.4760482209010778,36.30494165640228,0.12693993441211987,0.01866625524256325,-0.0022611209397512145,0.0185288294707604
anchorage_00_h135,weighted_radius_5,HIP_3179,azimuth_180,335.6481364497789,97.2507896399242,0.6565393290034744,0.19091951101547694,1644.0,0.4899700198905437,37.096277696672026,0.10815409584531462,0.04522724643231762,0.0019300893180443995,0.045186064764848766
anchorage_00_h135,weighted_radius_5,HIP_32246,zenith,502.1860465116279,177.27813953488373,0.9818086845930233,0.3472229287790698,1126.0,0.7148152796913403,47.8092797533843,0.15206051847094287,0.015682978056988397,0.015674749061673304,-0.0005060395111371463
anchorage_00_h135,weighted_radius_5,HIP_32362,azimuth_90,299.5559265442404,110.20450751252086,0.5860467315317195,0.2162197412353923,1179.0,0.41936922937144416,32.91218319691548,0.1566824600034226,0.08638450365370985,0.08475825724600525,0.016721136729987762
anchorage_00_h135,weighted_radius_5,HIP_33018,zenith,433.4128,185.2704,0.8474859375,0.3628328125,690.0,0.5283205733016917,39.19311453287348,0.08344626042084553,0.011024128133230235,-0.010725208628379456,0.0025509961375860257
anchorage_00_h135,weighted_radius_5,HIP_36188,azimuth_90,244.7539739884393,114.76517341040463,0.4790116679461705,0.22512729181719654,1068.0,0.38986027185685496,31.034827502732526,0.0882163239618477,0.13363348589929636,-0.01164760217509277,0.13312561768162112
anchorage_00_h135,weighted_radius_5,HIP_36850,zenith,428.9707337180544,232.57584501236605,0.838810026793075,0.45522625978977743,2289.0,0.483315470615077,36.72005571014718,0.09023417799059417,0.051210007929617676,0.043453197644157414,-0.02707558763984963
anchorage_00_h135,weighted_radius_5,HIP_37279,azimuth_90,226.64810996563574,125.4254295532646,0.4436486522766323,0.24594810459621994,4313.0,0.3680158690830956,29.59548421492391,0.1601135445412057,0.007503586499905111,-0.0024976095350592296,0.007075746018387008
anchorage_00_h135,weighted_radius_5,HIP_37826,zenith,446.575369738339,250.56456200227532,0.8731940815201934,0.490360472660694,3109.0,0.5279521625469981,39.173541202964785,0.1442078810096058,0.07380130583552665,0.052645689045901736,0.05175066995812472
anchorage_00_h135,weighted_radius_5,HIP_4427,azimuth_180,334.934988179669,67.33924349881796,0.655146461288416,0.13249852245862884,1811.0,0.5641414015039296,41.04491105386909,0.16436031230061948,0.08386723932219858,0.07235699673549267,0.04243962730518547
anchorage_00_h135,weighted_radius_5,HIP_6686,azimuth_180,315.3057877813505,63.26495176848874,0.6168081792604502,0.12454092142282958,1617.0,0.5560821349911527,40.63703870807302,0.12167642372710892,0.023323549019970757,-0.012458520570282555,0.01971840760959509
anchorage_00_h135,weighted_radius_5,HIP_746,azimuth_180,362.9566844919786,85.03689839572192,0.7098763368983957,0.16706425467914437,2071.0,0.5565865382889573,40.66271358697958,0.13680447383608108,0.0067851698264279675,0.0034171785217774566,-0.005861794280100696
anchorage_00_h135,weighted_radius_5,HIP_7607,azimuth_180,279.331759149941,124.29043683589138,0.5465464045897285,0.24373132194510036,854.0,0.36834821333145207,29.61769943686937,0.11951203000245393,0.03181536765024849,0.014619245712945306,0.02825869566553152
anchorage_00_h135,weighted_radius_5,HIP_8886,zenith,199.33832976445396,11.284082798001428,0.39030923782119914,0.02301578671484654,863.0,0.6921647246582607,46.889953117060955,0.14407631597338932,0.041921066674936704,-0.03836713663767629,-0.016879944831075022
anchorage_00_h135,weighted_radius_5,HIP_9640,azimuth_180,247.13953488372093,142.7832980972516,0.48367096656976744,0.2798501915961945,1860.0,0.31219409178585655,25.725820627365195,0.13205285554061605,0.02182841436580698,0.008287202496438422,0.02019439437729531
anchorage_00_h135,quadratic_peak,HIP_116727,zenith,138.5,96.93642611683849,0.271484375,0.19030551975945018,935.0,0.5442978264895146,40.03154902179831,0.13609492332161863,0.0480203089445099,0.046672283599606935,-0.01127553550502114
anchorage_00_h135,quadratic_peak,HIP_14328,azimuth_180,235.37982832618025,54.5,0.4607027896995708,0.107421875,1175.0,0.5579638966204028,40.73272261068192,0.17810015707059454,0.03580792688844604,0.029686680188247716,-0.020016135255986
anchorage_00_h135,quadratic_peak,HIP_14354,azimuth_180,191.5,123.43377483443709,0.375,0.24205815397350994,897.0,0.4053615569625553,32.03059305256235,0.1582823460634508,0.037059657186184355,0.01913869899659065,-0.031733548449736304
anchorage_00_h135,quadratic_peak,HIP_14576,azimuth_180,194.79616724738676,111.48543689320388,0.38143782665505227,0.21872155643203883,1830.0,0.43168171553655627,33.672865144389974,0.12626194009186928,0.09656715546941232,0.007580785654302846,0.09626943663641185
anchorage_00_h135,quadratic_peak,HIP_15863,azimuth_180,209.5,58.5,0.41015625,0.115234375,2519.0,0.5587781055046862,40.77403844903752,0.16707248592503332,0.08501039346942993,-0.08162935309509287,-0.023688491304397985
anchorage_00_h135,quadratic_peak,HIP_17358,azimuth_180,189.44736842105263,52.48076923076923,0.3709909539473684,0.10347806490384616,1068.0,0.5896998880376499,42.305621745717566,0.18501966151946728,0.039716813386079276,0.039561046065454256,0.0035255014889088443
anchorage_00_h135,quadratic_peak,HIP_18246,azimuth_180,125.17727272727272,112.5,0.24546342329545454,0.220703125,1018.0,0.5344073601013267,39.514925962473384,0.17967246354502467,0.04660511195726793,0.021306136652664412,-0.041447675275978924
anchorage_00_h135,quadratic_peak,HIP_23416,zenith,382.4947643979058,64.20370370370371,0.7480366492146597,0.1263744212962963,1343.0,0.6342211797398659,44.38679591592264,0.09924605608037666,0.014817234218990743,0.013635697358177115,0.005799776901625364
anchorage_00_h135,quadratic_peak,HIP_23453,zenith,401.08620689655174,56.51923076923077,0.7843480603448276,0.11136568509615384,965.0,0.6810146109191014,46.425489259728124,0.08519156611699327,0.022355361812541427,-0.014750977603967165,0.016799748086093302
anchorage_00_h135,quadratic_peak,HIP_23767,zenith,400.5,62.37179487179487,0.783203125,0.12279647435897435,1115.0,0.6670629801837087,45.83296930820532,0.07614992583827829,0.03541920388692932,-0.03465651622466846,0.0073208576269578884
anchorage_00_h135,quadratic_peak,HIP_25428,zenith,502.4895287958115,54.02147239263804,0.9824014234293194,0.10648725076687117,2255.0,0.88041287716122,53.64861561375489,0.14652688422556256,0.08676594010814714,0.07010026437211705,0.05116156978986197
anchorage_00_h135,quadratic_peak,HIP_28358,zenith,327.7442748091603,138.4814814814815,0.6411020992366412,0.27144820601851855,607.0,0.3798571440453384,30.380962800151924,0.0553791864037585,0.028672723090706884,0.009597459896493398,0.027020137610698214
anchorage_00_h135,quadratic_peak,HIP_28360,zenith,377.5285714285714,130.42424242424244,0.7383370535714285,0.2557114109848485,1967.0,0.4826623371014639,36.6829298993555,0.01941305954619751,0.0287927119517286,-0.023298147344642563,0.016924294064452283
anchorage_00_h135,quadratic_peak,HIP_28380,zenith,425.8263157894737,122.5,0.8326685855263158,0.240234375,1205.0,0.5969029531301052,42.65208189839496,0.06650790851070387,0.018517875906845404,0.014429004076128205,-0.011604730996012336
anchorage_00_h135,quadratic_peak,HIP_2920,azimuth_180,332.8884297520661,113.5,0.6511492768595041,0.22265625,783.0,0.4466892869976031,34.58218197206617,0.15430060965749526,0.023833576851602922,0.011634942071833201,0.02080133996469158
anchorage_00_h135,quadratic_peak,HIP_29655,azimuth_90,357.69428571428574,64.5,0.6995982142857143,0.126953125,1072.0,0.5983367247517263,42.72058808983404,0.13117548423626793,0.027374490984709447,0.014670847321959621,0.023112632137326727
anchorage_00_h135,quadratic_peak,HIP_30343,azimuth_90,347.5157894736842,61.49473684210526,0.6797183388157895,0.12108347039473684,1220.0,0.5930875444903613,42.46904252991934,0.13486238599832073,0.046779423426193685,-0.040268170137405454,-0.02379643059182257
anchorage_00_h135,quadratic_peak,HIP_31681,azimuth_90,315.212962962963,93.48039215686275,0.6166268807870371,0.18355545343137256,2119.0,0.4769464967376067,36.356493635235815,0.10597430978351205,0.06748615330066393,0.029625442893406403,0.06064103135813781
anchorage_00_h135,quadratic_peak,HIP_3179,azimuth_180,335.50471698113205,97.49107142857143,0.6562592128537735,0.19138881138392858,1644.0,0.48919895204447295,37.05287448662853,0.12572442130454636,0.02670593498967607,-0.02452812866641646,0.01056638935254739
anchorage_00_h135,quadratic_peak,HIP_32246,zenith,502.37179487179486,177.49428571428572,0.9821714743589743,0.3476450892857143,1126.0,0.7151242542443446,47.82160021514566,0.14863549250165198,0.030177806016749013,-0.027313540143796736,-0.012826501272478197
anchorage_00_h135,quadratic_peak,HIP_32362,azimuth_90,299.2955801104972,110.48726114649682,0.5855382424033149,0.2167719944267516,1179.0,0.41841341769701473,32.85257642966011,0.1691123571035712,0.04254877911719955,0.032272427232575306,-0.027723321650306332
anchorage_00_h135,quadratic_peak,HIP_33018,zenith,433.5,185.31060606060606,0.84765625,0.3629113399621212,690.0,0.5285038672990834,39.202848716852536,0.07836724685381216,0.02492093993597411,-0.023861423664927692,-0.007183187841462768
anchorage_00_h135,quadratic_peak,HIP_36188,azimuth_90,244.74229074889868,115.48265895953757,0.47898884911894274,0.22652863078034682,1068.0,0.38788673151892794,30.906526830317368,0.16131601600507345,0.014676329633300404,-0.014093550712965124,0.00409572271430747
anchorage_00_h135,quadratic_peak,HIP_36850,zenith,428.4948717948718,232.4949494949495,0.837880608974359,0.45506826073232326,2289.0,0.48204183867067424,36.64762592165005,0.10522183266690525,0.08456852778518352,0.07141605137097204,0.04535420085727537
anchorage_00_h135,quadratic_peak,HIP_37279,azimuth_90,225.5,124.5,0.44140625,0.244140625,4313.0,0.3712068084355488,29.808375168861993,0.2943075565718234,0.2943169925444902,-0.24438242775047286,0.16429892578535288
anchorage_00_h135,quadratic_peak,HIP_37826,zenith,446.4642857142857,250.48639455782313,0.8729771205357143,0.4902078018707483,3109.0,0.5276510581574063,39.15753570261548,0.16191395684617782,0.09596685242040605,0.06801060093674222,0.06775617030742609
anchorage_00_h135,quadratic_peak,HIP_4427,azimuth_180,334.51522842639594,67.48963730569949,0.6543266180203046,0.13279226036269431,1811.0,0.5633084928866673,41.002990556614385,0.12629735140191303,0.03535603968401981,-0.0009629433596659172,0.03534293019892232
anchorage_00_h135,quadratic_peak,HIP_6686,azimuth_180,315.5,63.5,0.6171875,0.125,1617.0,0.5556220120842046,40.61360053030588,0.16859762984419835,0.030017954645007183,0.022425055677256535,-0.019951329490922376
anchorage_00_h135,quadratic_peak,HIP_746,azimuth_180,362.9769230769231,84.5,0.7099158653846154,0.166015625,2071.0,0.5578713709885328,40.72802428308329,0.062485703934119445,0.07649905375517438,0.006825907567152584,0.07619418077025131
anchorage_00_h135,quadratic_peak,HIP_7607,azimuth_180,279.4375,124.48333333333333,0.5467529296875,0.24410807291666667,854.0,0.3678763780967359,29.586157161674954,0.162505676096019,0.03796180492110824,0.03696183537849831,-0.008649089780082164
anchorage_00_h135,quadratic_peak,HIP_8886,zenith,199.172131147541,11.508130081300813,0.389984631147541,0.02345337906504065,863.0,0.6916647501619125,46.86929682045984,0.1279031761916362,0.0047819701886185504,-0.0029337581961232677,0.0037763517700355465
anchorage_00_h135,quadratic_peak,HIP_9640,azimuth_180,247.23023255813953,142.5,0.4838481104651163,0.279296875,1860.0,0.3129560765357104,25.780480294343377,0.10461802483387415,0.08169858103754091,0.028235131028054448,0.07666777546858228
london_06_h090,dao,HIP_10064,azimuth_180,340.60662916085107,111.52929415956763,0.6662238850797872,0.21880721515540552,908.0,0.46195186376867603,35.48698159973148,0.13080032470043143,0.047119806734341116,-0.03430228843476892,0.0323111693390814
london_06_h090,dao,HIP_112724,azimuth_270,170.5104195415157,94.58764380236475,0.33400472566702283,0.18571805430149366,808.0,0.5026481323807325,37.80282975996918,0.16264554122983413,0.042139237702758986,-0.02365361132116087,0.03487752078208217
london_06_h090,dao,HIP_14328,zenith,147.46523462424233,81.30703819811411,0.2889945988754733,0.15977937148069163,1095.0,0.5661684473260509,41.14671001476374,0.08669168886912612,0.03306340252182891,0.030630921863083346,0.012456668958655825
london_06_h090,dao,HIP_14354,azimuth_180,315.4400157803012,46.42782033204939,0.6170703433209008,0.09165589908603397,920.0,0.6007501477927556,42.83556169874098,0.12454371624447952,0.04578545091134594,-0.04098333815479477,0.020425237000509355
london_06_h090,dao,HIP_14576,zenith,184.57532899328518,10.082390960722636,0.3614752519400101,0.020668732345161398,1784.0,0.7056168506727687,47.43979737545026,0.14107538502158462,0.006898331456967077,-0.005872534346115216,0.00361971243094672
london_06_h090,dao,HIP_15863,zenith,172.96690554476626,75.51422117703531,0.3388025498921216,0.1484652757363971,2432.0,0.5469209820154448,40.167270859022466,0.07841907818512428,0.017695685479147866,-0.008399203419410915,0.015576051394695867
london_06_h090,dao,HIP_17358,zenith,193.56769975455086,79.46383480488659,0.37903847608310715,0.15617936485329412,1087.0,0.5154499382500327,38.502817209831896,0.06336551698797327,0.04263899150568194,-0.04263065799496765,-0.0008233457415514067
london_06_h090,dao,HIP_17702,azimuth_180,227.2123794780622,76.71372040534189,0.4447507411680902,0.15080804766668338,1947.0,0.49997499972664355,37.65496501567323,0.5710390803164176,0.4155300930247195,0.4043343785683855,-0.09473262768791813
london_06_h090,dao,HIP_18532,zenith,231.5341170518915,56.846370489197234,0.4531916348669756,0.11200462986171335,824.0,0.5526869462818398,40.46370369816707,0.07758767677350613,0.01807246279789454,0.011485952115798517,-0.013951671544852218
london_06_h090,dao,HIP_23767,zenith,265.9733674793436,125.40176640742317,0.520455795858093,0.24590188751449837,1094.0,0.3605115541917696,29.09126032314783,0.06637978196737243,0.008600124032235645,0.007661150236659781,0.0039084658851749055
london_06_h090,dao,HIP_3179,azimuth_270,63.76749004995469,53.15249161839926,0.12552244150381775,0.10479002269218606,1829.0,0.7699667109439269,49.91864825257317,0.15112997931161293,0.007809565413844857,-0.003624997203734666,-0.006917199352457715
london_06_h090,dao,HIP_4427,zenith,17.12379317512292,74.79863545436199,0.03442147104516195,0.14706764737180075,1965.0,0.8262258918182442,51.89570008388339,0.1631650261801602,0.005881730553574698,-0.005807562474219939,-0.0009308825111418173
london_06_h090,dao,HIP_6686,zenith,47.52755791409965,78.48113316250128,0.09380382405097588,0.1542600257080103,1512.0,0.7543625960757017,49.33975894067092,0.07264779293020832,0.051348814054579944,0.05134515122932252,-0.0005939737302043113
london_06_h090,dao,HIP_746,azimuth_270,100.29846352146326,74.6508689401295,0.19687199906535793,0.14677904089869043,1952.0,0.6582577472374804,45.452397695415314,0.17629748226950764,0.02261079942955345,0.018052344861951872,0.013616566141166686
london_06_h090,dao,HIP_8886,zenith,74.88375205726345,109.73709297759865,0.14723389073684268,0.21530682222187236,851.0,0.6410836658628488,44.695069587507454,0.0815656851534526,0.017769399441765043,-0.012512350236305854,-0.012615775645031135
london_06_h090,dao,HIP_9640,azimuth_180,376.0722143744824,76.47234682487729,0.735492606200161,0.15033661489233846,1809.0,0.5961899872689794,42.61795981320861,0.13581900974749048,0.014394893211929593,-0.002790278280798573,0.014121919134531424
london_06_h090,weighted_radius_3,HIP_10064,azimuth_180,340.69082125603865,111.53140096618357,0.6663883227657005,0.21881133001207728,908.0,0.4620652379964539,35.4936278454745,0.13934230054642516,0.03450746643763303,-0.0185589193474711,0.02909351400393234
london_06_h090,weighted_radius_3,HIP_112724,azimuth_270,170.5803402646503,94.67674858223063,0.3341412895793951,0.1858920870746692,808.0,0.5023403085253925,37.78583250905458,0.17983130807217926,0.025399837369940437,-0.01096069029712987,0.022913881316171114
london_06_h090,weighted_radius_3,HIP_14328,zenith,147.53350350989152,81.29227823867262,0.28912793654275687,0.15975054343490747,1095.0,0.5661037357932843,41.143465052148166,0.07467731055796574,0.02428185242626785,0.01852497549526824,0.015701631574238206
london_06_h090,weighted_radius_3,HIP_14354,azimuth_180,315.58184523809524,46.45238095238095,0.6173473539806548,0.09170386904761904,920.0,0.600793029315329,42.83760068312538,0.13759542405936845,0.02088888732970564,-0.016367212175798458,0.012981230996537363
london_06_h090,weighted_radius_3,HIP_14576,zenith,184.46369518332136,10.097052480230051,0.36125721715492454,0.02069736812544932,1784.0,0.7056636205919458,47.441689273817104,0.14597922114522086,0.012635223950860842,0.0125167040483437,0.0017278140640968331
london_06_h090,weighted_radius_3,HIP_15863,zenith,172.98016276703967,75.6261444557477,0.33882844290437436,0.14868387589013224,2432.0,0.546624715643573,40.151969174332564,0.07385179264974451,0.030938297341811118,-0.0019354708866167766,0.03087773608459088
london_06_h090,weighted_radius_3,HIP_17358,zenith,193.43758043758044,79.61389961389962,0.3787843367921493,0.1564724601833977,1087.0,0.5151784304866933,38.48811065833495,0.08037095779988983,0.0168968605705757,-0.009632692267567395,0.013883205755391259
london_06_h090,weighted_radius_3,HIP_17702,azimuth_180,226.33010380622838,76.44613610149942,0.4430275464965398,0.15028542207324105,1947.0,0.5010911024408538,37.716774216340454,0.4141012385217864,0.244427090953838,0.2352427671834411,-0.06600837546213256
london_06_h090,weighted_radius_3,HIP_18532,zenith,231.55223880597015,56.93698175787728,0.45322702891791045,0.11218160499585406,824.0,0.5524324724840814,40.45067583654879,0.0729281555573895,0.010201198767076031,0.01015918696298161,-0.0009238099265616029
london_06_h090,weighted_radius_3,HIP_23767,zenith,265.52923538230885,124.33133433283358,0.519588350356072,0.24381119986881558,1094.0,0.3633631923635859,29.28345300517978,0.2856868560757394,0.22325328321698984,0.11961047622561079,-0.18828421614677637
london_06_h090,weighted_radius_3,HIP_3179,azimuth_270,63.85818601076095,53.07302075326672,0.1256995820522675,0.10463480615872406,1829.0,0.7699538159876824,49.91817552391478,0.14891597347823346,0.011274178613740608,0.007419924734529689,0.0084886553233261
london_06_h090,weighted_radius_3,HIP_4427,zenith,16.927166788055352,75.06919155134742,0.03403743513292061,0.14759607724872542,1965.0,0.8262077663977668,51.89508972802679,0.1986880255345045,0.044594803927027034,0.04459355489141038,-0.00032052665453363716
london_06_h090,weighted_radius_3,HIP_6686,zenith,47.63651050080775,78.44911147011308,0.09401662207189014,0.1541974833400646,1512.0,0.7541908030230325,49.33330874752298,0.05626075124993148,0.03669127213177436,0.03622249816481137,0.005856219417744057
london_06_h090,weighted_radius_3,HIP_746,azimuth_270,100.25987841945289,74.73024316109422,0.19679663753799392,0.14693406867401215,1952.0,0.6581608175383183,45.44817944993891,0.18331190483171445,0.01253989313385984,0.012538263158582004,0.00020306592045926664
london_06_h090,weighted_radius_3,HIP_8886,zenith,74.93418259023355,109.75371549893843,0.1473323878715499,0.21533928808386413,851.0,0.640946433881934,44.68893684622152,0.07521047172717403,0.017047170264915142,-0.0157654002474517,-0.006483034359092699
london_06_h090,weighted_radius_3,HIP_9640,azimuth_180,376.11330049261085,76.4862772695285,0.7355728525246306,0.15036382279204785,1809.0,0.5962214777399114,42.6194677167634,0.14138704107939964,0.010834243541248359,0.003778300831501642,0.010154161341127121
london_06_h090,weighted_radius_5,HIP_10064,azimuth_180,340.7001332741004,111.55930697467792,0.6664065103009773,0.21886583393491782,908.0,0.46201200417231253,35.49050729893767,0.14473587322173448,0.029280646231104313,-0.016817855734581784,0.023970485410803377
london_06_h090,weighted_radius_5,HIP_112724,azimuth_270,170.55337423312884,94.83926380368098,0.33408862154907976,0.1862094996165644,808.0,0.5019782139303883,37.76582855333573,0.19963320192281905,0.016461204159266198,-0.01585620280213062,-0.0044203599849339525
london_06_h090,weighted_radius_5,HIP_14328,zenith,147.49633911368016,81.33294797687861,0.28905534983140657,0.15982997651734104,1095.0,0.5660623469388208,41.14138943785136,0.08204945690655957,0.033399032505121176,0.028279830320612306,0.017777245871037906
london_06_h090,weighted_radius_5,HIP_14354,azimuth_180,315.68811881188117,46.35742574257426,0.6175549195544554,0.09151840965346535,920.0,0.6011262242881916,42.853439271394194,0.13569871556187835,0.022857571268978357,0.0020730955473148714,0.022763398505489363
london_06_h090,weighted_radius_5,HIP_14576,zenith,184.43085714285715,10.113714285714286,0.36119308035714287,0.020729910714285715,1784.0,0.7056446406296517,47.44092152837188,0.14670100205753672,0.018660353716966074,0.01849309773528202,0.0024955595093274496
london_06_h090,weighted_radius_5,HIP_15863,zenith,173.2177449168207,75.69574861367838,0.3392924705406654,0.14881982151109058,2432.0,0.5461765791178256,40.12881052944716,0.031964260033749275,0.06541160187677053,-0.03688179323685788,0.054036380969996856
london_06_h090,weighted_radius_5,HIP_17358,zenith,193.28347826086957,79.50173913043479,0.3784833559782609,0.15625339673913044,1087.0,0.5156123001397305,38.51160887244118,0.10985203744021996,0.01461357153277265,0.011003751400385283,-0.009615008350841947
london_06_h090,weighted_radius_5,HIP_17702,azimuth_180,226.07449147883452,76.23556899395273,0.44252830366959867,0.14987415819131392,1947.0,0.5017790369900579,37.754820385681164,0.35787727369304867,0.19002294547692353,0.18628254703230987,-0.03728817333201562
london_06_h090,weighted_radius_5,HIP_18532,zenith,231.52105263157895,57.01684210526316,0.45316611842105264,0.1123375822368421,824.0,0.5522237999393507,40.43998901296685,0.079323142150143,0.02020708489581673,0.017693852671077936,0.009763013655380348
london_06_h090,weighted_radius_5,HIP_23767,zenith,265.38588074023306,123.92803289924606,0.5193083608207677,0.24302350175633997,1094.0,0.3644440518026293,29.356111748422087,0.3665918995109128,0.3044930106659642,0.15628527100180323,-0.26094295938908374
london_06_h090,weighted_radius_5,HIP_3179,azimuth_270,64.17782909930716,52.92147806004619,0.1263238849595843,0.10433882433602772,1829.0,0.7696513559781399,49.90708469110806,0.16479092632624218,0.0652958229678428,0.04637932241830128,0.04597452055060103
london_06_h090,weighted_radius_5,HIP_4427,zenith,16.83213694091662,75.36443953616786,0.03385182996272777,0.14817273346907786,1965.0,0.8259255921736752,51.88558564743229,0.2296612348448106,0.08921056823541722,0.08874220405837187,0.009183553939962508
london_06_h090,weighted_radius_5,HIP_6686,zenith,47.78617248752673,78.53991446899501,0.09430893063970064,0.15437483294725587,1512.0,0.753713473223002,49.315377903105905,0.04911092091833565,0.039688161880911,0.03177555541371941,0.02378706383481699
london_06_h090,weighted_radius_5,HIP_746,azimuth_270,100.22282905516111,74.799563080284,0.19672427549836155,0.1470694591411797,1952.0,0.6580822619443455,45.44476035700947,0.19001283160923105,0.013748414243045869,0.0072444347388006015,-0.011684613044508296
london_06_h090,weighted_radius_5,HIP_8886,zenith,75.04123711340206,109.66752577319588,0.1475414787371134,0.2151709487757732,851.0,0.6408659729336765,44.68534053382946,0.05562184595744119,0.039194831740664814,-0.03908738797808374,-0.0028867219670303257
london_06_h090,weighted_radius_5,HIP_9640,azimuth_180,376.12232905982904,76.41185897435898,0.7355904864449786,0.15021847455929488,1809.0,0.5964058900497349,42.62829673088819,0.1316570280602049,0.021448481309285974,0.005221603557228003,0.020803339258058884
london_06_h090,quadratic_peak,HIP_10064,azimuth_180,340.9006849315069,111.48857142857143,0.6667982127568494,0.21872767857142858,908.0,0.4624624581102703,35.51690508618669,0.1588379204867507,0.035891242084982226,0.02066842459090054,0.029344907326095182
london_06_h090,quadratic_peak,HIP_112724,azimuth_270,170.50763358778627,94.62244897959184,0.33399928435114506,0.1857860331632653,808.0,0.5025667210454918,37.79833519362952,0.16701306653975068,0.03784467714114375,-0.02415930376470726,0.029133122585193405
london_06_h090,quadratic_peak,HIP_14328,zenith,147.5,81.12962962962963,0.2890625,0.15943287037037038,1095.0,0.5665343744035573,41.165053402357806,0.08111760198901764,0.009939201945836855,0.00800791753857303,-0.005886718635409238
london_06_h090,quadratic_peak,HIP_14354,azimuth_180,315.6069182389937,46.5,0.6173963246855346,0.091796875,920.0,0.6006857552987869,42.83249963098028,0.14579772170026095,0.013340835031428569,-0.012016249572366517,0.005796570596814377
london_06_h090,quadratic_peak,HIP_14576,zenith,184.4855072463768,10.514851485148515,0.3612998188405797,0.021513381806930694,1784.0,0.7045384078153527,47.39613532617441,0.10821987929268566,0.055084065168970915,0.02827180659972688,0.04728176170679177
london_06_h090,quadratic_peak,HIP_15863,zenith,172.5,75.5,0.337890625,0.1484375,2432.0,0.5474954627558855,40.19692222405891,0.15837015034116556,0.07107003445536349,0.0696521723451156,-0.0140753136417473
london_06_h090,quadratic_peak,HIP_17358,zenith,193.48125,79.52580645161291,0.37886962890625,0.15630040322580646,1087.0,0.5153677902703133,38.498368197105655,0.07424755395784892,0.023390781449919754,-0.02310899583477392,0.0036256669846892464
london_06_h090,quadratic_peak,HIP_17702,azimuth_180,225.43865030674846,75.61888111888112,0.4412864263803681,0.1486696896853147,1947.0,0.5037465050459426,37.863415392409514,0.2097726487283924,0.0805132638386554,0.06455032415402645,0.04814874005589331
london_06_h090,quadratic_peak,HIP_18532,zenith,231.4939024390244,56.95973154362416,0.4531130907012195,0.11222603817114093,824.0,0.5523894056479387,40.44847051716953,0.08372869771621638,0.02146875841795307,0.02143075776460682,0.0012815094526956727
london_06_h090,quadratic_peak,HIP_23767,zenith,265.99732620320856,125.48550724637681,0.5205025902406417,0.2460654438405797,1094.0,0.36028631674949135,29.076049241726924,0.05229376707293471,0.01915259146981118,0.001124912808142814,0.019119547306068796
london_06_h090,quadratic_peak,HIP_3179,azimuth_270,63.5125,53.46153846153846,0.1250244140625,0.1053936298076923,1829.0,0.7698322901067738,49.913719933878845,0.17912702200883293,0.0705458276923008,-0.034655180728792354,-0.06143998999405653
london_06_h090,quadratic_peak,HIP_4427,zenith,17.404761904761905,74.525,0.034970238095238096,0.146533203125,1965.0,0.8260647141117601,51.89027199989656,0.12865789933796667,0.06442347843058016,-0.06426829919499663,0.004497201475686552
london_06_h090,quadratic_peak,HIP_6686,zenith,47.5,78.17628205128206,0.09375,0.15366461338141027,1512.0,0.7549665721397841,49.36242259113528,0.057843680984669306,0.028970681488742482,0.01727076494660561,-0.02325762419455657
london_06_h090,quadratic_peak,HIP_746,azimuth_270,100.41904761904762,74.5,0.19710751488095238,0.146484375,1952.0,0.6583572809056388,45.4567286054387,0.16932726247670216,0.05448712829747638,0.03529003943427229,0.041521566478564864
london_06_h090,quadratic_peak,HIP_8886,zenith,74.80833333333334,109.59734513274336,0.14708658854166667,0.21503387721238937,851.0,0.64148821832324,44.713141021054405,0.08727194228663643,0.038450578844026584,-0.023161427876978273,-0.03068720919197432
london_06_h090,quadratic_peak,HIP_9640,azimuth_180,376.5045871559633,76.4954128440367,0.7363370842889908,0.15038166571100917,1809.0,0.5968051559449365,42.647403602380344,0.18587247950589042,0.06693743943318349,0.0662877537705784,-0.009277503659220088
perth_00_h075,dao,HIP_73273,azimuth_180,162.6803832398554,134.2378753783299,0.31871168601534255,0.2631599128483006,1321.0,0.42180251224814747,33.063566975560114,0.1570388869375617,0.03971805258208043,-0.02675777224075473,-0.029349086437118643
perth_00_h075,dao,HIP_74395,azimuth_180,117.41469830298585,94.55953815739802,0.23030214512301925,0.18566316046366801,1518.0,0.5857381353726845,42.11342433806132,0.17510728696787423,0.023624418881371553,-0.014536816761603252,-0.01862131836315939
perth_00_h075,dao,HIP_75264,azimuth_180,162.46956824663454,107.82672797747547,0.3182999379817081,0.21157564058100678,1158.0,0.48208614094103086,36.650147624434595,0.17131080306530563,0.019795325597592478,0.010730186703276762,0.016635430905150628
perth_00_h075,dao,HIP_76297,azimuth_180,183.98943925854434,105.39011599685074,0.3603309360518444,0.2068166328063491,1162.0,0.45926884114461997,35.32937583689004,0.1626162214030974,0.019130090815238487,-0.004587137574966672,-0.018571870291591352
perth_00_h075,dao,HIP_77952,azimuth_180,34.49185508298981,8.429567540323127,0.06834346695896447,0.017440561602193608,1802.0,0.9156319938750642,54.714991015518684,0.1255571488439024,0.02314145354052545,0.014051856305328934,-0.018385418411085652
perth_00_h075,dao,HIP_78265,azimuth_180,261.82907854338424,114.57210734879634,0.5123614815300473,0.22475020966561784,1107.0,0.3896543424748119,31.02145606248284,0.14704041156483566,0.030752726592919007,-0.027604862228024652,0.013557655548869008
perth_00_h075,dao,HIP_78401,azimuth_180,277.6865867521347,120.33198002491137,0.5433331772502631,0.23599996098615503,1581.0,0.3783484765395901,30.28157778436194,0.1733519479239289,0.028674568621371528,-0.026271015692821482,-0.0114884816332399
perth_00_h075,dao,HIP_78820,azimuth_180,292.48230995937877,120.15994594238306,0.5722310741394117,0.23566395691871692,1446.0,0.38753289342506947,30.883487209908253,0.1565547516451443,0.025421274412390688,0.006590784532805614,-0.024551825498221547
perth_00_h075,dao,HIP_80112,azimuth_180,273.6602894323451,88.39034099702467,0.535469315297549,0.1736139472598138,1443.0,0.46429716292692663,35.624244438575786,0.14927977436394563,0.047302314912759345,-0.042997842611715055,-0.019703876159518074
perth_00_h075,dao,HIP_80763,azimuth_180,273.35420420805775,75.3919538655486,0.5348714925938628,0.1482264723936496,3827.0,0.4999212652415169,37.651986627436706,0.1841331820408967,0.014171035115269355,-0.012713502043968037,0.006260880256675705
perth_00_h075,dao,HIP_81266,azimuth_180,267.54514522395385,62.4063731936575,0.5235256742655349,0.1228640101438623,1414.0,0.5343875226732316,39.51388195743006,0.15228397497645912,0.047195376264266974,0.043675310586108275,0.017898616142566937
perth_00_h075,dao,HIP_81377,azimuth_180,353.5800741065871,96.59881548302556,0.691562644739428,0.1896461239902843,1251.0,0.515782464249839,38.520820710368305,0.1532224711962095,0.025098701835711865,0.014394460559478024,0.020561876895261122
perth_00_h075,dao,HIP_82273,zenith,462.02513338346944,92.51076335511284,0.9033694011395887,0.18166164717795477,2115.0,0.726699636236545,48.278987298725625,0.09923075842688867,0.014712350930757796,0.014026914577468396,0.0044398794876059355
perth_00_h075,dao,HIP_82396,azimuth_180,240.12272143598557,27.91098144557525,0.4699662528046593,0.05549019813588916,2152.0,0.6300650600118446,44.19850314147902,0.14806304811032772,0.0007042939179800971,0.0002871661717550466,0.0006430911589063726
perth_00_h075,dao,HIP_82514,azimuth_180,219.35092531477696,16.566947988289282,0.42939633850542375,0.033333882789627504,1960.0,0.667476054954252,45.850696195881916,0.0970468774511953,0.047355479970615406,0.04089499311673523,0.02389231356446686
perth_00_h075,dao,HIP_82729,azimuth_180,193.4853028131441,2.554734854526693,0.3788775445569221,0.005966279012747447,1736.0,0.7193607810898102,47.98994486160713,0.11566933355480116,0.04910299049427311,0.031937690988774005,-0.037287998344865514
perth_00_h075,dao,HIP_83081,zenith,383.1372890497555,70.60106114954978,0.7492915801753037,0.1388692600577144,1494.0,0.6205831181680059,43.764378574619364,0.05081274814942545,0.02642354354381563,0.011246080757771382,-0.023909708861332035
perth_00_h075,dao,HIP_84143,zenith,310.54888268756423,62.47406930350382,0.6075173489991489,0.1229962291084059,1627.0,0.5544219036118366,40.552390810214796,0.058770629417562656,0.04698140916880378,-0.006895380618993395,-0.04647215724614284
perth_00_h075,dao,HIP_84970,zenith,211.5441717008665,48.546191846440784,0.4141487728532549,0.09579334345007966,1364.0,0.5843859245427926,42.04755609277065,0.08180159492397555,0.027671311753948668,0.0020325862318394798,-0.027596519347341086
perth_00_h075,dao,HIP_85258,zenith,369.02858264735545,94.67480735402383,0.7217355129831161,0.1858882956133278,1505.0,0.5437514148038344,40.003209539589875,0.04362079330890408,0.027273939967316852,0.018239149785246888,-0.02027463586774303
perth_00_h075,dao,HIP_85423,zenith,237.30323294801545,63.71918127769764,0.4644594393515927,0.1254280884330032,1340.0,0.5321038402157179,39.39348629765817,0.03971105357795668,0.029234715637124563,-0.02288494713975525,-0.01818640327257981
perth_00_h075,dao,HIP_85792,zenith,337.530337016468,93.58618108174953,0.6602155019852891,0.18376207242529205,1666.0,0.5013490478960628,37.73104445291608,0.05547597185549589,0.044463322091537257,-0.010852153658643901,-0.04311731759697324
perth_00_h075,dao,HIP_85927,zenith,274.233765523603,77.53408508099447,0.5365893857882871,0.15241032242381733,2698.0,0.4942820391433998,37.33808561399855,0.08227303009432725,0.602178217985148,-0.18072493759965738,-0.57403854678779
perth_00_h075,dao,HIP_86263,zenith,155.7522718966045,61.50931140042702,0.30518021854805566,0.12111193632895903,1208.0,0.6025129244047369,42.919269574984256,0.07419453757081222,0.0302599299931233,0.030056609865133088,-0.003493472339293646
perth_00_h075,dao,HIP_86670,zenith,280.4630122004444,93.53815865697484,0.5487558832039929,0.183668278626904,2463.0,0.4526431134875852,34.937522537741096,0.06824445826744055,0.04751784725734255,0.01992056093381929,-0.04313570211076012
perth_00_h075,dao,HIP_87073,zenith,284.50554524002393,100.50747319450807,0.5566514555469217,0.19728022108302357,2413.0,0.4355425397435432,33.908664861272634,0.10384365904967166,0.0678716498985711,0.06742781978917553,-0.007690452147819826
perth_00_h075,dao,HIP_93747,azimuth_270,201.76677898892208,56.46041418241604,0.39505230271273845,0.11125080895003132,1242.0,0.5694557975960974,41.31113239494198,0.15868356965622762,0.03717945140163807,-0.020622194548928423,-0.030932937811066097
perth_00_h075,dao,HIP_93805,zenith,114.51745589227396,186.48959515947635,0.22464346853959757,0.36521405304585225,1157.0,0.4335630771046582,33.787931494849836,0.0741914141112375,0.022722028845527945,0.01938440786376738,-0.011849858586479911
perth_00_h075,dao,HIP_95501,zenith,72.94673170169055,215.24980651462596,0.14345064785486436,0.4213863408488788,1338.0,0.5163478438422002,38.55141062189777,0.06129310600378378,0.022834104924792972,0.020421145365227687,-0.0102117520030518
perth_00_h075,dao,HIP_97365,azimuth_270,260.7856750710235,70.31782311217822,0.5103235841230928,0.13831606076597308,1321.0,0.5117066509026237,38.29952750938376,0.1568340315753583,0.03707974680763255,-0.024490212249781897,-0.027837150979195258
perth_00_h075,dao,HIP_98337,azimuth_270,275.4312243844236,72.47874548857013,0.5389281726258274,0.14253661228236353,1304.0,0.5085183894070213,38.12547675756785,0.14546151715237168,0.03607648126354804,-0.035912649848709274,0.0034430147632349417
perth_00_h075,weighted_radius_3,HIP_73273,azimuth_180,162.91877496671106,134.2103861517976,0.31917729485685753,0.2631062229527297,1321.0,0.42146295756330865,33.042473158009564,0.17841290952465572,0.024884327500729102,0.018621589963672514,-0.01650509238336184
perth_00_h075,weighted_radius_3,HIP_74395,azimuth_180,117.4064,94.3328,0.2302859375,0.1852203125,1518.0,0.5862285001138233,42.13727698100081,0.1480422780164894,0.022751683305101966,-0.01583227386896439,0.016340762022121424
perth_00_h075,weighted_radius_3,HIP_75264,azimuth_180,162.23678646934462,107.78858350951374,0.3178452860729387,0.21150113966701903,1158.0,0.4825182529589495,36.67473495201641,0.14553764552877846,0.03486075731036487,-0.031665413114729965,0.014585037100268039
perth_00_h075,weighted_radius_3,HIP_76297,azimuth_180,183.7664,105.2576,0.3598953125,0.2065578125,1162.0,0.4598644166800858,35.364414292283485,0.12576510350546583,0.0471661712580512,-0.0470803471619277,-0.0028322349859841722
perth_00_h075,weighted_radius_3,HIP_77952,azimuth_180,34.42041312272175,8.386391251518834,0.06820393188031591,0.017356232913122722,1802.0,0.915852444830968,54.72149453015265,0.11835904418412624,0.018985332157764913,0.006718333770379784,-0.017756579061682487
perth_00_h075,weighted_radius_3,HIP_78265,azimuth_180,261.7914995990377,114.65276663993585,0.5122880851543705,0.2249077473436247,1107.0,0.38942712927663387,31.006698261627093,0.15728124850867858,0.035478329291276776,-0.03546894674808852,-0.0008093297829674384
perth_00_h075,weighted_radius_3,HIP_78401,azimuth_180,277.7317317317317,120.29529529529529,0.5434213510385385,0.2359283111236236,1581.0,0.37846867926430505,30.289503658001856,0.1717391330393923,0.017586711400896137,-0.016792519972053308,-0.005223881421272836
perth_00_h075,weighted_radius_3,HIP_78820,azimuth_180,291.8897637795276,119.59645669291339,0.5710737573818898,0.23456339197834647,1446.0,0.3886079563426891,30.95345393960051,0.052945052834930735,0.145348835936374,-0.1161187032591399,0.08748993338981848
perth_00_h075,weighted_radius_3,HIP_80112,azimuth_180,273.7103896103896,88.27662337662338,0.5355671672077922,0.17339184253246753,1443.0,0.4646243900346247,35.64335863655534,0.13611061484878864,0.033129750379280516,-0.03308332866287929,-0.0017464329332952389
perth_00_h075,weighted_radius_3,HIP_80763,azimuth_180,273.3350940904589,75.38428524265434,0.5348341681454275,0.14821149461455926,3827.0,0.49993713963198644,37.652866536007025,0.18119294404790343,0.018077130962952156,-0.01639868046055578,0.007608763340016367
perth_00_h075,weighted_radius_3,HIP_81266,azimuth_180,267.3791411042945,62.47361963190184,0.5232014474693252,0.12299535084355828,1414.0,0.5341737781850463,39.502631012329466,0.14733033077398347,0.015414206981545503,0.012427200514740826,0.009120452948394586
perth_00_h075,weighted_radius_3,HIP_81377,azimuth_180,353.46884272997033,96.51533135509396,0.6913453959569733,0.1894830690529179,1251.0,0.5158174579417137,38.5227148024174,0.1293513693590823,0.03878669784799511,-0.005223883569834355,0.03843345425220335
perth_00_h075,weighted_radius_3,HIP_82273,zenith,461.9928478543563,92.55526657997399,0.9033063434655396,0.1817485675390117,2115.0,0.7265534817795792,48.27326266891929,0.0940142871592803,0.015421746032602003,0.011598891357495453,0.010164509293929314
perth_00_h075,weighted_radius_3,HIP_82396,azimuth_180,240.07722616233255,27.72970843183609,0.46987739484830576,0.055136149280929865,2152.0,0.6305730996763563,44.22158467629618,0.12453171667404205,0.024315515551923416,-0.007662348975428556,0.023077166228532064
perth_00_h075,weighted_radius_3,HIP_82514,azimuth_180,219.2662037037037,16.33449074074074,0.4292308666087963,0.03287986472800926,1960.0,0.668145928697414,45.87941947507875,0.07586611012316502,0.056818865495932576,0.026644600744725293,0.05019038196449088
perth_00_h075,weighted_radius_3,HIP_82729,azimuth_180,193.5875160875161,2.904118404118404,0.37907717985842987,0.006648668758043758,1736.0,0.7183562688098447,47.95012806232193,0.14603715428434852,0.08807606542734264,0.04808186089994769,-0.07377277408816951
perth_00_h075,weighted_radius_3,HIP_83081,zenith,383.06508875739644,70.5781910397295,0.7491505639792899,0.1388245918744717,1494.0,0.6205218432349342,43.7615524457946,0.06036505617557619,0.03195989972954948,0.024014498244628528,-0.021083580036567184
perth_00_h075,weighted_radius_3,HIP_84143,zenith,310.4339622641509,62.49460916442049,0.6072928950471698,0.12303634602425877,1627.0,0.5542803654223111,40.54516448115995,0.07158501891317882,0.041206715052568864,0.012555156990636434,-0.039245828191290855
perth_00_h075,weighted_radius_3,HIP_84970,zenith,211.82241630276565,48.90247452692868,0.41469221934133915,0.09648920806040757,1364.0,0.5832638796507515,41.99279568062774,0.04284242371605476,0.04347833558333844,-0.03395725912316709,0.027163892795563527
perth_00_h075,weighted_radius_3,HIP_85258,zenith,369.3031784841076,94.86185819070904,0.7222718329767727,0.1862536292787286,1505.0,0.5437675107536746,40.00404468782911,0.0360323161035364,0.04870864579216145,-0.043886936499913126,-0.021109784106982943
perth_00_h075,weighted_radius_3,HIP_85423,zenith,237.05597014925374,63.917910447761194,0.4639765041977612,0.12581623134328357,1340.0,0.5316223941407228,39.36805129703264,0.08000156893591547,0.028096934273345288,0.02714791316094663,0.007248597352955244
perth_00_h075,weighted_radius_3,HIP_85792,zenith,337.48448043184885,93.6450742240216,0.6601259383434548,0.18387709809379219,1666.0,0.5011466955692191,37.719850242625135,0.04980078173826967,0.032933757387301185,-0.008093229495334213,-0.03192310730603509
perth_00_h075,weighted_radius_3,HIP_86263,zenith,155.9887323943662,61.51267605633803,0.3056420554577465,0.12111850792253522,1208.0,0.6022062697208252,42.90472396794678,0.03424474958248931,0.013244078401241456,-0.007298423407150799,0.01105213469818267
perth_00_h075,weighted_radius_3,HIP_87073,zenith,284.389651531151,100.74340021119325,0.5564251006467793,0.1977410160374868,2413.0,0.43484315648070154,33.86604635993345,0.09759094403249843,0.08885793417472487,0.08174245333909146,0.03492804919137171
perth_00_h075,weighted_radius_3,HIP_93747,azimuth_270,201.8895612708018,56.4947049924357,0.3952921118570348,0.11131778318835098,1242.0,0.5692760446478975,41.302163107287846,0.17226601239043288,0.03260606004350124,0.0013278405098617618,-0.03257899878790482
perth_00_h075,weighted_radius_3,HIP_93805,zenith,115.02482037883736,185.92749836708035,0.22563441480241672,0.3641162077482038,1157.0,0.4329916381121964,33.753014222240814,0.08379095656484532,0.1305447831512245,-0.12852935530909584,0.02306741402253465
perth_00_h075,weighted_radius_3,HIP_95501,zenith,72.82798165137615,215.21330275229357,0.14321871416284404,0.4213150444380734,1338.0,0.5166898647262141,38.569903065001355,0.07121804291870909,0.03415124063944815,0.01849760177866318,-0.02870419510662714
perth_00_h075,weighted_radius_3,HIP_97365,azimuth_270,261.140206185567,70.62474226804123,0.5110160277061856,0.13891551224226803,1321.0,0.5108881681262292,38.254925026802596,0.23060782658465423,0.08669720929297445,0.04342098175194273,-0.07502716287245192
perth_00_h075,weighted_radius_3,HIP_98337,azimuth_270,275.3931484502447,72.66557911908646,0.5388538055668842,0.14290152171696574,1304.0,0.5079939790963824,38.096768828025475,0.171246037554755,0.0496870250479418,-0.04320273183475749,-0.024529644396928063
perth_00_h075,weighted_radius_5,HIP_73273,azimuth_180,163.8029761904762,134.97083333333333,0.3209042503720238,0.26459147135416666,1321.0,0.4183119957495908,32.84624680180453,0.38016789175819743,0.22708282734965843,0.18720969314572533,-0.1283799473888756
perth_00_h075,weighted_radius_5,HIP_74395,azimuth_180,117.19467401285583,93.910927456382,0.22987241018135904,0.1843963426882461,1518.0,0.5874939715261475,42.19874994308909,0.08703161876675877,0.08710787621288946,-0.04887149516076626,0.07211892385698704
perth_00_h075,weighted_radius_5,HIP_75264,azimuth_180,162.0064935064935,107.7038961038961,0.31739549512987014,0.21133573457792207,1158.0,0.48305582147518544,36.70530087114424,0.12149090498487405,0.0763676468267911,-0.07357932035901495,0.02047517981300473
perth_00_h075,weighted_radius_5,HIP_76297,azimuth_180,183.42653606411398,105.10240427426537,0.3592315157502226,0.20625469584817455,1162.0,0.4606562055790158,35.41094917276141,0.0946702182036061,0.11255127180227889,-0.1117874197061294,0.013157549508790112
perth_00_h075,weighted_radius_5,HIP_77952,azimuth_180,34.40664556962025,8.421677215189874,0.06817704212816456,0.017425150810917722,1802.0,0.9158051670688984,54.7200999665819,0.1185368240430518,0.02313427449772292,0.005305349624851514,-0.022517536242517622
perth_00_h075,weighted_radius_5,HIP_78265,azimuth_180,261.91970802919707,114.64337851929093,0.5125384922445255,0.2248894111704901,1107.0,0.38946899715865874,31.00941798001945,0.16730339638961836,0.008653788618352497,-0.008639257483613674,0.0005016781361355527
perth_00_h075,weighted_radius_5,HIP_78401,azimuth_180,277.7994269340974,120.39469914040114,0.543553568230659,0.23612245925859598,1581.0,0.3782281581621178,30.273643002375387,0.19504880675078665,0.024220124280734133,-0.0025800938830832882,-0.02408227420403719
perth_00_h075,weighted_radius_5,HIP_78820,azimuth_180,291.28476084538374,118.85706340378198,0.5698921110261401,0.23311926446051168,1446.0,0.3901544160605864,31.053920411317183,0.20901409190633455,0.3342133507927375,-0.2415047568993403,0.23131945955494615
perth_00_h075,weighted_radius_5,HIP_80112,azimuth_180,274.15647921760393,88.25264873675631,0.5364384359718827,0.17334501706397717,1443.0,0.4648252090689797,35.65508447948958,0.19042057472507004,0.05521338531616186,0.055180522497635734,-0.0018859317798245456
perth_00_h075,weighted_radius_5,HIP_80763,azimuth_180,273.26025536538987,75.35696821515893,0.5346879987605271,0.14815814104523228,3827.0,0.4999919018759344,37.6559018164681,0.17044063693908884,0.033254358760577696,-0.03083095143118903,0.012468486903294718
perth_00_h075,weighted_radius_5,HIP_81266,azimuth_180,267.3871513102282,62.62299239222316,0.5232170924027895,0.12328709451606086,1414.0,0.5337633305834917,39.48101591720557,0.16859303156624506,0.01884403644982342,0.01393506883692061,-0.012683700385906604
perth_00_h075,weighted_radius_5,HIP_81377,azimuth_180,353.45676567656767,96.5973597359736,0.6913218079620462,0.18964328073432343,1251.0,0.5156070740306422,38.51132591959265,0.14088379300507203,0.026647765397648213,-0.00735436239270164,0.025613118841040006
perth_00_h075,weighted_radius_5,HIP_82273,zenith,461.94594594594594,92.45257985257986,0.9032147381756757,0.18154800752457004,2115.0,0.7266275477762316,48.276163872573,0.11078050636396038,0.030309282613914516,0.029427791150867782,0.007263305640229589
perth_00_h075,weighted_radius_5,HIP_82396,azimuth_180,240.31542288557213,27.36268656716418,0.47034262282338307,0.05441930970149254,2152.0,0.6315405158624274,44.265486862546176,0.11867077354261613,0.07875775143939355,0.033960648756329266,0.07106928525143275
perth_00_h075,weighted_radius_5,HIP_82514,azimuth_180,219.31043256997455,16.073155216284988,0.42931725111323155,0.03236944378180662,1960.0,0.6688413684860213,45.909207606080344,0.08473453234198874,0.08906002328647444,0.03408381602502651,0.08229009829738487
perth_00_h075,weighted_radius_5,HIP_82729,azimuth_180,194.09836788707543,3.3917071018967797,0.3800749372794442,0.007600990433392148,1736.0,0.716713060144303,47.88486212972867,0.23606252480562429,0.17195808990978473,0.12882077093928615,-0.1137560167065601
perth_00_h075,weighted_radius_5,HIP_83081,zenith,383.22557172557174,70.36694386694387,0.7494640072765073,0.13841199974012475,1494.0,0.6212538496595233,43.79529666988644,0.07971199291646683,0.05903456751376347,0.021874956436784502,-0.054827804128400714
perth_00_h075,weighted_radius_5,HIP_84143,zenith,309.7911392405063,62.53616636528029,0.6060373813291139,0.12311751243218806,1627.0,0.5536864377505337,40.51482409068241,0.17774746114134488,0.12555374841244768,0.12522616497787867,-0.00890543771375718
perth_00_h075,weighted_radius_5,HIP_84970,zenith,212.03742203742203,49.87214137214137,0.4151121524168399,0.09838308861746362,1364.0,0.5805206114786104,41.85851512106036,0.15831401484867053,0.16534179672526422,-0.03574349325090017,0.16144445236295724
perth_00_h075,weighted_radius_5,HIP_85258,zenith,370.54082774049215,95.12024608501119,0.7246891166806487,0.18675829313478748,1505.0,0.5451707366955088,40.07677343925105,0.2613270278129752,0.2767729120529196,-0.2601262141313845,-0.09383853552892418
perth_00_h075,weighted_radius_5,HIP_85423,zenith,236.9292248435243,63.968223399133365,0.4637289547725084,0.12591449882643235,1340.0,0.5315177342482074,39.36251961732247,0.10484661615650252,0.053433364492043244,0.05188950845381405,0.01278027706312912
perth_00_h075,weighted_radius_5,HIP_85792,zenith,337.68755595344675,93.17188898836169,0.6605225702215757,0.18295290818039392,1666.0,0.5025661229764903,37.79830217334352,0.1181163219258766,0.11038985237563828,-0.0018061997712482951,-0.11037503802441506
perth_00_h075,weighted_radius_5,HIP_85927,zenith,273.50919377652053,80.12340876944837,0.5351742065947667,0.15746759525282886,3295.0,0.486961339556748,36.926638318922784,0.40908331858991603,0.1875401729431427,-0.09328651663708665,-0.1625912517120227
perth_00_h075,weighted_radius_5,HIP_86263,zenith,156.31329288472145,61.95697738554881,0.3062759626654716,0.12198628395615002,1208.0,0.6007052058347259,42.83342459777367,0.05707711685126726,0.08542462218192531,-0.022724312151856448,0.08235150487128351
perth_00_h075,weighted_radius_5,HIP_86670,zenith,280.765780730897,94.5141196013289,0.5493472279900332,0.1855744523463455,2463.0,0.45010792911834124,34.78658972666886,0.12257568957661698,0.12857226798522414,-0.07017051180225096,0.10779710896147066
perth_00_h075,weighted_radius_5,HIP_87073,zenith,283.9025245441795,100.47405329593268,0.5554736807503506,0.1972149478436185,2413.0,0.4353300289787841,33.89571954079003,0.20866279672752475,0.1889204649872688,0.18886044609718586,0.005254868334795049
perth_00_h075,weighted_radius_5,HIP_93747,azimuth_270,202.01780943900266,56.57880676758682,0.3955425965605521,0.111482044467943,1242.0,0.5689596662402723,41.28637050661663,0.19329949890458728,0.04776017277175386,0.02426035232287354,-0.041135381906620694
perth_00_h075,weighted_radius_5,HIP_93805,zenith,115.9186372745491,184.69098196392787,0.2273801509268537,0.3617011366482966,1157.0,0.4323150650001413,33.711636021853664,0.39153738905476415,0.4391643201717961,-0.4347781789865513,0.06444561440968499
perth_00_h075,weighted_radius_5,HIP_95501,zenith,72.72642244738893,215.48324240062354,0.1430203563425565,0.42184227031371785,1338.0,0.5168038248610575,38.576062567561735,0.11919328095815737,0.08089366619080565,0.07296740858236522,-0.03486369766701358
perth_00_h075,weighted_radius_5,HIP_97365,azimuth_270,261.3173615432483,70.76726820161792,0.5113620342641568,0.139193883206285,1321.0,0.5105098426835271,38.23428999870697,0.2681564751645099,0.12411409099803693,0.07735364095326916,-0.09701919261501502
perth_00_h075,weighted_radius_5,HIP_98337,azimuth_270,274.8039419087137,72.85892116182572,0.5377030115404564,0.14327914289419086,1304.0,0.5072894380401052,38.058164418363404,0.20937527884312368,0.16333526484255123,-0.15603837237946797,-0.048109856596653344
perth_00_h075,quadratic_peak,HIP_73273,azimuth_180,162.5167597765363,134.35792349726776,0.31839210893854747,0.2633943818306011,1321.0,0.4218142829376734,33.06429801313963,0.1666663982239498,0.08113634285686575,-0.05788627291523933,-0.056839130915150804
perth_00_h075,quadratic_peak,HIP_74395,azimuth_180,117.50694444444444,94.48620689655172,0.23048231336805555,0.18551993534482758,1518.0,0.5857260357418925,42.11283555281008,0.17272252296939783,0.002872994116346185,-0.00013347287401806497,-0.002869891992258289
perth_00_h075,quadratic_peak,HIP_75264,azimuth_180,162.47520661157026,107.89664804469274,0.31831095041322316,0.2117122032122905,1158.0,0.48191444161066166,36.640373510213976,0.18028080430217364,0.012781714802666738,0.011757437127485726,0.00501417793714154
perth_00_h075,quadratic_peak,HIP_76297,azimuth_180,184.0,105.49408284023669,0.3603515625,0.20701969304733728,1162.0,0.4589970508799983,35.31337597303053,0.17761247083662815,0.03601697388358123,-0.0025745566333302628,-0.03592480370025086
perth_00_h075,quadratic_peak,HIP_77952,azimuth_180,34.5,8.394736842105264,0.068359375,0.017372532894736843,1802.0,0.9156887038233381,54.71666421273334,0.12518114688913362,0.020441809380167843,0.014888074229263373,-0.014006114935810388
perth_00_h075,quadratic_peak,HIP_78265,azimuth_180,261.9703947368421,114.49371069182389,0.5126374897203947,0.22459709119496854,1107.0,0.389888364342168,31.036651317571565,0.15074767043711532,0.027278843909069886,0.001967536219614909,0.027207815603595975
perth_00_h075,quadratic_peak,HIP_78401,azimuth_180,277.48924731182797,120.31363636363636,0.542947748655914,0.23596413352272727,1581.0,0.37831058113940125,30.279078788859675,0.15618435448911946,0.06799229535173185,-0.06770778029901785,-0.006190688985657999
perth_00_h075,quadratic_peak,HIP_78820,azimuth_180,292.48522167487687,120.14,0.5722367610837439,0.235625,1446.0,0.38758815842816946,30.887086435759244,0.15372704165927126,0.02216647842288749,0.0071935330394975695,-0.020966522057602077
perth_00_h075,quadratic_peak,HIP_80112,azimuth_180,273.68666666666667,88.48,0.5355208333333333,0.1737890625,1443.0,0.4640588439957229,35.61031784750769,0.1649218525031442,0.05113523983988239,-0.037777911149101784,-0.03445333663952965
perth_00_h075,quadratic_peak,HIP_80763,azimuth_180,272.4942857142857,75.48113207547169,0.5331919642857142,0.14840064858490565,3827.0,0.4994473153570036,37.62570624423751,0.1841865848985444,0.1785835922819605,-0.17858369028419357,5.333222439674046e-05
perth_00_h075,quadratic_peak,HIP_81266,azimuth_180,267.38235294117646,62.4940119760479,0.5232077205882353,0.12303517964071856,1414.0,0.5341181032007939,39.49969983010816,0.1503582211626451,0.014401779353591644,0.013031808203461644,0.00613173351397478
perth_00_h075,quadratic_peak,HIP_81377,azimuth_180,353.5,96.50485436893204,0.69140625,0.1894626061893204,1251.0,0.515887246389735,38.52649192114014,0.13082438618142658,0.03891503837501504,0.00027212205036779497,0.03891408732672019
perth_00_h075,quadratic_peak,HIP_82273,zenith,462.5,92.5,0.904296875,0.181640625,2115.0,0.7277481085996119,48.32001665062177,0.1039897509013053,0.048849150177547346,-0.032355125745506794,-0.0365894724085436
perth_00_h075,quadratic_peak,HIP_82396,azimuth_180,240.0976331360947,27.5,0.46991725221893493,0.0546875,2152.0,0.6312023358168269,44.250147407291884,0.10229687858744554,0.0522639133857807,-0.004096606870212866,0.05210325550186923
perth_00_h075,quadratic_peak,HIP_82514,azimuth_180,219.2027972027972,16.458549222797927,0.4291070257867133,0.0331221664507772,1960.0,0.6678334002615045,45.86602237244863,0.0701165377338428,0.037709052403335726,0.015980480357949474,0.03415772308302678
perth_00_h075,quadratic_peak,HIP_82729,azimuth_180,193.205,2.6654676258992804,0.378330078125,0.006182553956834532,1736.0,0.7192485521788184,47.98549938448339,0.08807348436810704,0.05957776646612908,-0.012317146290035257,-0.05828925381004524
perth_00_h075,quadratic_peak,HIP_83081,zenith,383.0078369905956,70.49386503067484,0.749038744122257,0.1386598926380368,1494.0,0.6206238301295658,43.76625614830271,0.07754252262041135,0.04824480026519574,0.040765125321973114,-0.025787282544669665
perth_00_h075,quadratic_peak,HIP_84143,zenith,310.5,62.56470588235294,0.607421875,0.12317325367647058,1627.0,0.5541441256086601,40.5382071911407,0.05472967188797037,0.03240862309161101,-0.002786401351992999,-0.032288538172039694
perth_00_h075,quadratic_peak,HIP_84970,zenith,211.5381679389313,48.52985074626866,0.4141370467557252,0.09576142723880597,1364.0,0.584433521365494,42.04987692904307,0.08322152082450661,0.03002017021544808,0.002481709942305016,-0.02991735561976583
perth_00_h075,quadratic_peak,HIP_85258,zenith,369.0049504950495,94.51595744680851,0.7216893564356436,0.18557804188829788,1505.0,0.5440723086128292,40.01985545567613,0.07015545818669976,0.053693088504157466,0.038969910659904794,-0.036920551954004566
perth_00_h075,quadratic_peak,HIP_85423,zenith,237.5,63.574074074074076,0.46484375,0.12514467592592593,1340.0,0.5324518304987627,39.41185923332138,0.04542565538654008,0.0723471436435451,-0.062405905785259196,-0.03655933893578833
perth_00_h075,quadratic_peak,HIP_85792,zenith,337.5118343195266,93.85384615384615,0.6601793639053254,0.18428485576923076,1666.0,0.5006665175898426,37.69327306324984,0.016897144428956994,0.03149829886993553,-0.03103945182473936,-0.005345927930733296
perth_00_h075,quadratic_peak,HIP_85927,zenith,274.4942857142857,77.67961165048544,0.5370982142857142,0.15269455400485438,2698.0,0.4939581972618245,37.319979130035385,0.027286573414543436,0.6034965845885591,-0.23332909499949794,-0.555932062824624
perth_00_h075,quadratic_peak,HIP_86263,zenith,155.7994011976048,61.49186991869919,0.30527226796407186,0.12107787093495935,1208.0,0.6024962564515061,42.91847913738478,0.06581311812566418,0.021306236166588784,0.02113354318426224,-0.002703034739816701
perth_00_h075,quadratic_peak,HIP_86670,zenith,280.5176470588235,93.5,0.5488625919117647,0.18359375,2463.0,0.4527702903844247,34.94507945797959,0.0642677816420667,0.05172690593761,0.010285750254264248,-0.050692622349259864
perth_00_h075,quadratic_peak,HIP_87073,zenith,284.82575757575756,100.5,0.5572768702651515,0.197265625,2413.0,0.4357263858753831,33.91986087362838,0.07853620529787067,0.019294070796371875,0.003943982268094532,-0.018886464503552247
perth_00_h075,quadratic_peak,HIP_93747,azimuth_270,201.97692307692307,56.52857142857143,0.3954627403846154,0.11138392857142858,1242.0,0.5691229913128986,41.29452412797656,0.18395698661411272,0.03897394174984645,0.016948725612454904,-0.0350936346365458
perth_00_h075,quadratic_peak,HIP_93805,zenith,114.546875,186.46850393700788,0.224700927734375,0.3651728592519685,1157.0,0.43351571383884874,33.785038486109336,0.06714856804900943,0.01571795778153406,0.012914722513418943,-0.00895684984598688
perth_00_h075,quadratic_peak,HIP_95501,zenith,72.97517730496453,215.3978102189781,0.14350620567375885,0.4216754105839416,1338.0,0.516183236264632,38.54250719915314,0.08213285104461403,0.04688032309473447,0.04686139364279423,-0.0013083292584212813
perth_00_h075,quadratic_peak,HIP_97365,azimuth_270,260.6224489795918,70.41666666666667,0.5100047831632653,0.13850911458333334,1321.0,0.5114210709884167,38.28397131286787,0.16211368967448794,0.06999016038177136,-0.05575809244394139,-0.042282926229766815
perth_00_h075,quadratic_peak,HIP_98337,azimuth_270,275.5243902439024,72.53252032520325,0.5391101371951219,0.1426416412601626,1304.0,0.5083986612741059,38.11892443715962,0.15948934652959423,0.018938128556946723,-0.01807580129888456,-0.005647396700062757
perth_06_h195,dao,HIP_23685,zenith,102.62781515123329,195.63756569533044,0.20142151396725252,0.38308118299869226,791.0,0.453473531952181,34.9868413142369,0.05128146124551458,0.051226994078833674,-0.01865023258644045,-0.04770701495858276
perth_06_h195,dao,HIP_23875,zenith,85.27460359800186,94.13248620889225,0.16752852265234738,0.18482907462674267,1103.0,0.6478734374094465,44.99688058561853,0.061262038985197276,0.010207074485489225,0.0008857912178673275,0.010168573288218852
perth_06_h195,dao,HIP_24436,zenith,76.9729246740186,113.28079584384612,0.15131430600394258,0.22222811688251196,3870.0,0.6304584558052142,44.216377693949276,0.038552364475928406,0.062346879005492184,0.009308144736264477,0.06164890429849379
perth_06_h195,dao,HIP_25336,azimuth_180,450.4553680308312,50.155811615519994,0.8807722031852172,0.09893713206156249,2101.0,0.7820983247105555,50.359314972098296,0.10787370820212443,0.0062798121392671265,0.0005347477056232188,0.0062570045459082735
perth_06_h195,dao,HIP_25606,zenith,67.60365722468426,186.73578243147549,0.13301495551696144,0.36569488756147556,1099.0,0.5526588207951494,40.462264053862235,0.06029718741872571,0.04201454330385134,-0.009307517574798611,-0.040969735779057714
perth_06_h195,dao,HIP_25930,zenith,29.81902184303708,45.85864577118861,0.0592168395371818,0.09054423002185276,1550.0,0.8508158697579494,52.70869465562083,0.06225205808292466,0.01610366537273307,0.009268070614005301,-0.013168745721770847
perth_06_h195,dao,HIP_25985,zenith,56.5421952981951,169.56650261384667,0.1114105376917873,0.33216113791766927,1238.0,0.5986178310776875,42.734001756629304,0.06386831586142462,0.05027386743980081,-0.03075838735450506,-0.039757665461173985
perth_06_h195,dao,HIP_26241,azimuth_270,77.91889518783819,8.738698257936756,0.15316190466374646,0.018044332535032726,2024.0,0.8397355890732299,52.34605083989707,0.11512839552326648,0.43063723431373085,-0.3572110506103356,-0.23957968138656582
perth_06_h195,dao,HIP_26311,zenith,21.97465764289652,51.20839944474069,0.04389581570878227,0.10099296766550916,2176.0,0.8570153309951164,52.909000972569984,0.1476997192689661,0.012973777572570892,-0.00017060273701984265,-0.012972655602865757
perth_06_h195,dao,HIP_26634,zenith,67.60040033400219,259.18188961383606,0.13300859440234802,0.5071911906520236,931.0,0.519103852818555,38.70015263458029,0.06099612998306134,0.020219268636112474,0.018737562422891034,0.007601362419556779
perth_06_h195,dao,HIP_26727,zenith,12.817761326311695,55.08790476548323,0.02601125259045253,0.10857012649508443,2245.0,0.869347661805041,53.30202479089944,0.15902679720185225,0.013938926103828094,0.004878549692298303,-0.013057157814905906
perth_06_h195,dao,HIP_27366,zenith,13.62500807940051,114.07599981068033,0.027587906405079122,0.22378124963023502,1670.0,0.7739121193398779,50.062852483837176,0.17156189437488664,0.02396465168966134,0.017590387128826126,-0.01627295923182004
perth_06_h195,dao,HIP_27628,zenith,54.44534063027902,270.56113355133215,0.10731511841851371,0.5294162764674456,921.0,0.5568962803680325,40.678470131038495,0.03892874333484704,0.03570255260659524,-0.02875543013990897,0.021169618737367557
perth_06_h195,dao,HIP_27989,azimuth_180,488.9583185946006,80.67669479397188,0.9559732785050793,0.15854823201947632,4172.0,0.8056065299731575,51.1905106279128,0.18140184493811595,0.032077279425815376,-0.03077222697256328,-0.009052229486538721
perth_06_h195,dao,HIP_30122,azimuth_270,249.4092615364946,44.41166436796145,0.488104026438466,0.0877180944686747,923.0,0.5832973235246625,41.99442924345237,0.12560465054497438,0.0172473244244053,0.01458750043020905,0.00920357387753512
perth_06_h195,dao,HIP_30324,azimuth_270,189.53235685925264,73.04134767323295,0.3711569469907278,0.1436354446742831,1644.0,0.5359034028651918,39.59356940340488,0.17765739611658538,0.023228631614533535,0.022838831242161378,0.004240993106499502
perth_06_h195,dao,HIP_33579,azimuth_270,258.3726475736434,98.911257412623,0.5056106397922723,0.1941626121340293,2408.0,0.4325921568765638,33.72858737213541,0.15036535933923317,0.020237238334566292,0.005028055724635448,-0.019602517551682297
perth_06_h195,dao,HIP_33856,azimuth_270,254.80539960245088,104.58166091897043,0.49864335859853687,0.20523761898236412,1026.0,0.41686137201491363,32.75561619127776,0.14317932391328056,0.027331534399426687,-0.00789111073007329,0.026167946548028453
perth_06_h195,dao,HIP_33977,azimuth_270,237.3301978582346,115.01452261342963,0.4645121051918645,0.22561430197935475,1181.0,0.39127203313344544,31.126395134234176,0.16187733099544951,0.028956197812329453,0.028277279665839327,-0.0062293605785761486
perth_06_h195,dao,HIP_34444,azimuth_270,250.80098728990578,115.92177120463585,0.4908222408005972,0.2273862718840544,2584.0,0.38575244917225593,30.76738806506265,0.16665003741766754,0.02389109569914662,0.014486139112710185,-0.018997231693152372
perth_06_h195,dao,HIP_35264,azimuth_270,302.57242394738876,101.63268115257578,0.5919383280222437,0.19947789287612458,1442.0,0.44444615653574887,34.44751164448603,0.16350582613387663,0.05428656934267685,-0.04637505403034656,-0.028208235097508805
perth_06_h195,dao,HIP_35904,azimuth_270,269.7441812580069,126.73749591545977,0.5278206665195447,0.24851073420988237,1721.0,0.35782912204918194,28.90981439886653,0.15208342657108276,0.01372770951402804,-0.004396134450995106,0.013004861102579923
perth_06_h195,dao,HIP_36377,azimuth_270,337.5390399244744,98.55342369120683,0.6602324998524891,0.19346371814688834,1020.0,0.48916039516974025,37.05070282552813,0.14978622574423722,0.0662272602290935,0.03395458307241816,-0.056854310152942844
perth_06_h195,dao,HIP_37819,azimuth_270,316.12926237442423,127.81757276886832,0.6184165280750473,0.25062025931419596,936.0,0.39041703135459477,31.070960305842632,0.15431445091999166,0.024674457385719117,0.024473933895460452,-0.00313657894976771
perth_06_h195,dao,HIP_38414,azimuth_270,330.4721300853544,127.43559726446671,0.6464299415729579,0.24987421340716154,968.0,0.40988934337878563,32.31744384535764,0.11497051838858974,0.05088749121819962,-0.023382245507356753,0.045199904071644426
perth_06_h195,dao,HIP_39429,azimuth_270,331.70862604188096,139.53709989101205,0.6488449727380488,0.2735099607246329,1592.0,0.3832820470628589,30.605833066057528,0.15645939745082932,0.026507584634371265,-0.017037373611577755,-0.02030594850501899
perth_06_h195,dao,HIP_39953,azimuth_270,370.3030107496398,123.86852115182715,0.7242246303703902,0.2429072678746624,2435.0,0.4824383023276835,36.67018691687581,0.13703700276130934,0.016219408181894483,4.645891605240892e-05,-0.01621934164419514
perth_06_h195,weighted_radius_3,HIP_23685,zenith,102.67817896389325,195.7221350078493,0.201519880788854,0.38324635743720564,791.0,0.45325885455439413,34.97409725539834,0.051451713063558606,0.035576488559042274,-0.006575748958903436,-0.03496295612002598
perth_06_h195,weighted_radius_3,HIP_23875,zenith,85.26814268142681,93.99876998769987,0.16751590367466174,0.18456791013222631,1103.0,0.6481405366548648,45.008688837547815,0.05078821952395863,0.01519277623198453,-0.015103820002496054,-0.0016396786410695086
perth_06_h195,weighted_radius_3,HIP_24436,zenith,76.56660039761431,112.96150370504247,0.15052070390159045,0.22160449942391108,3870.0,0.6318858016167967,44.28114036923178,0.02812782530191026,0.010387325460007596,0.009909363644767489,-0.0031137709840010075
perth_06_h195,weighted_radius_3,HIP_25336,azimuth_180,450.5092807424594,50.2215777262181,0.880877501450116,0.09906558149651973,2101.0,0.7820691517399302,50.358265001225185,0.12076558428843281,0.008742287080774071,0.006995345089155891,-0.005243063657630387
perth_06_h195,weighted_radius_3,HIP_25606,zenith,67.65879574970484,186.8370720188902,0.13312264794864226,0.36589271878689494,1099.0,0.5524196852440845,40.45002105667457,0.06769824583661856,0.02913210885494564,0.004841534881144874,-0.028726738591394962
perth_06_h195,weighted_radius_3,HIP_25930,zenith,29.70458404074703,45.949915110356535,0.05899332820458404,0.09072249044991511,1550.0,0.8508759773217123,52.71064562497114,0.08286338801327617,0.03420960797283423,0.03068390828116958,-0.01511971507208898
perth_06_h195,weighted_radius_3,HIP_25985,zenith,56.6020618556701,169.66288659793815,0.11152746456185567,0.33234938788659796,1238.0,0.5983604908944752,42.72172237320286,0.06750923847402898,0.0334938738788793,-0.019146620347150353,-0.027478282034721246
perth_06_h195,weighted_radius_3,HIP_26241,azimuth_270,78.73975840336135,8.58560924369748,0.15476515313156514,0.01774533055409664,2024.0,0.8387570157019839,52.31373442460117,0.17649128745237902,0.313241161184881,-0.25973629991595204,-0.17459519582240546
perth_06_h195,weighted_radius_3,HIP_26311,zenith,21.923540036122816,51.1944611679711,0.043795976633052375,0.10096574446869355,2176.0,0.8571469512558678,52.91323368918188,0.15241181417762129,0.01750799090116218,0.003240760121784497,-0.017205372214753822
perth_06_h195,weighted_radius_3,HIP_26634,zenith,67.54031117397454,259.23055162659125,0.13289123276166903,0.507286233645686,931.0,0.5192724452230959,38.70923156198593,0.07233923881387594,0.027825493493151977,0.0277857889745599,-0.001477564986089419
perth_06_h195,weighted_radius_3,HIP_26727,zenith,12.795833333333333,55.06726190476191,0.025968424479166665,0.1085298084077381,2245.0,0.8694306706069733,53.30464598511197,0.1608070051784747,0.016337515158712342,0.004593405544704145,-0.015678352027428843
perth_06_h195,weighted_radius_3,HIP_27366,zenith,13.685325264750379,114.11800302571861,0.027705713407715583,0.22386328715960666,1670.0,0.7737097353995395,50.05547639430058,0.16632554885538514,0.020531143574103825,0.01850213610955576,-0.00889686969522785
perth_06_h195,weighted_radius_3,HIP_27628,zenith,54.39971448965025,270.68451106352603,0.10722600486259815,0.5296572481709493,921.0,0.5570475089707683,40.68616040772987,0.062363958790449904,0.01500521518273646,-0.006593611550175481,0.013479342046004206
perth_06_h195,weighted_radius_3,HIP_27989,azimuth_180,489.26252158894647,80.62328558366352,0.9565674249784111,0.1584439171555928,4172.0,0.8063676224643851,51.216930971840846,0.19863205192095845,0.01730802830260667,0.002210183686160342,-0.01716630879607095
perth_06_h195,weighted_radius_3,HIP_30122,azimuth_270,249.49666221628837,44.511348464619495,0.4882747308911882,0.08791278996995995,923.0,0.5830151809447441,41.98064538553123,0.1441795914627932,0.030710019472399017,0.030450199052252987,-0.00397904342580091
perth_06_h195,weighted_radius_3,HIP_30324,azimuth_270,189.47521636506687,73.01809598741148,0.37104534446302123,0.14359003122541306,1644.0,0.5360174792421659,39.599558815417275,0.16992726667154634,0.013851494398774785,0.012485886093481701,0.005998230202195032
perth_06_h195,weighted_radius_3,HIP_33579,azimuth_270,258.35634028892457,98.94489031567683,0.5055787896268058,0.1942283013978063,2408.0,0.4324984498464033,33.72285550757324,0.1540206087386134,0.025321167160615745,0.0017164758079678659,-0.02526290461610614
perth_06_h195,weighted_radius_3,HIP_33856,azimuth_270,255.0964467005076,104.44500846023689,0.49921180996192893,0.20497071964890018,1026.0,0.41723589852270365,32.77903317797038,0.1558140613816861,0.07195507951991949,0.051909999748390764,0.049843683258949056
perth_06_h195,weighted_radius_3,HIP_33977,azimuth_270,237.25714285714287,115.07619047619048,0.46436941964285716,0.22573474702380952,1181.0,0.39112905094528727,31.117129257767463,0.1635906945323145,0.022158120350804167,0.013049690718496949,-0.017906872642015514
perth_06_h195,weighted_radius_3,HIP_34444,azimuth_270,250.8622620380739,115.95744680851064,0.4909419180431131,0.22745595079787234,2584.0,0.3856483050766059,30.76058834860717,0.17935683079817555,0.037254347370990794,0.027340821239295907,-0.02530156955049634
perth_06_h195,weighted_radius_3,HIP_35264,azimuth_270,302.44749290444656,101.74550614947965,0.5916943220789972,0.19969825419820245,1442.0,0.4440472660272425,34.42351793767403,0.17332807900574052,0.0839237509720171,-0.07104124362055225,-0.04465206388626797
perth_06_h195,weighted_radius_3,HIP_35904,azimuth_270,269.8320855614973,126.77540106951872,0.5279923546122994,0.24858476771390375,1721.0,0.3577518439986367,28.90457769273866,0.16810604393702097,0.015328775586185117,0.014366022690023572,0.005347831515308599
perth_06_h195,weighted_radius_3,HIP_36377,azimuth_270,337.48295454545456,98.55823863636364,0.6601229580965909,0.19347312233664773,1020.0,0.48907686193408567,37.045997508576534,0.14465257526045996,0.060531451782158185,0.02364022058470508,-0.055721206058386485
perth_06_h195,weighted_radius_3,HIP_37819,azimuth_270,316.50650557620816,127.95539033457248,0.6191533312035316,0.2508894342472119,936.0,0.3905216775201414,31.07774861158993,0.22476754138119107,0.10774616128336166,0.10085222652985604,-0.03787508664045802
perth_06_h195,weighted_radius_3,HIP_38414,azimuth_270,330.5345528455285,127.47560975609755,0.6465518610264228,0.24995236280487804,968.0,0.4098811262724139,32.316924899734204,0.12825758854537905,0.037732423170741845,-0.011104856224618565,0.0360618666538457
perth_06_h195,weighted_radius_3,HIP_39429,azimuth_270,331.88347457627117,139.40466101694915,0.6491864737817796,0.2732512910487288,1592.0,0.3838530473254313,30.643222376236114,0.1545791108741751,0.01790759107488506,0.017907538316222354,4.479599353857111e-05
perth_06_h195,weighted_radius_3,HIP_39953,azimuth_270,370.35642317380353,123.83249370277078,0.724328951511335,0.24283690176322417,2435.0,0.48261027254071687,36.679968870485304,0.1360060194433843,0.01526058150443898,0.009442996201188157,-0.011987733801849032
perth_06_h195,weighted_radius_5,HIP_23685,zenith,102.67323651452283,195.7219917012448,0.2015102275674274,0.38324607754149376,791.0,0.45327171245577597,34.974860660528876,0.05215011431623668,0.03626810527087531,-0.0062424191805120766,-0.035726361250553396
perth_06_h195,weighted_radius_5,HIP_23875,zenith,85.11901081916538,93.91267387944359,0.1672246305061824,0.18439975367078826,1103.0,0.6486030558435658,45.02912494565758,0.06866439860263956,0.023539750761947455,-0.008170299555830809,-0.022075786750825444
perth_06_h195,weighted_radius_5,HIP_24436,zenith,76.56879055065713,112.96855764431875,0.1505249815442522,0.22161827664906006,3870.0,0.6318689301120676,44.280375694449766,0.027200256455290766,0.010892051129752015,0.010635495742043592,-0.002349096201989198
perth_06_h195,weighted_radius_5,HIP_25336,azimuth_180,450.5381661065771,50.22851656265002,0.8809339181769084,0.09907913391142582,2101.0,0.7821102107539881,50.35974275201306,0.12423252935147985,0.013013494821073572,0.010456204780517078,-0.007746539841512856
perth_06_h195,weighted_radius_5,HIP_25606,zenith,67.68340611353712,186.8740902474527,0.13317071506550218,0.36596502001455605,1099.0,0.5523207404131287,40.444954083668684,0.07102967319525338,0.02558376830976605,0.009731330084332367,-0.02365976558550642
perth_06_h195,weighted_radius_5,HIP_25930,zenith,29.308449074074073,46.26851851851852,0.05821962709780092,0.09134476273148148,1550.0,0.8510804907041344,52.71728240716166,0.15632376236967355,0.10732612809189387,0.10508263497209068,-0.021756497262607866
perth_06_h195,weighted_radius_5,HIP_25985,zenith,56.59375,169.69097222222223,0.11151123046875,0.3324042426215278,1238.0,0.5983508367892008,42.72126161807331,0.07213918863932674,0.030399385544411423,-0.013931141429098499,-0.027017526905176226
perth_06_h195,weighted_radius_5,HIP_26311,zenith,21.85139949109415,51.17735368956743,0.04365507713104326,0.10093233142493639,2176.0,0.8573280500837597,52.919056212773256,0.1593417414709844,0.02449116052062035,0.008337375438919428,-0.02302789580613762
perth_06_h195,weighted_radius_5,HIP_26634,zenith,67.51120689655173,259.22672413793106,0.1328343884698276,0.5072787580818966,931.0,0.519352609716251,38.71354771890095,0.07314208754122414,0.027563993342024567,0.026946519529278366,-0.005793721901106608
perth_06_h195,weighted_radius_5,HIP_26727,zenith,12.978161503301168,54.995429151853735,0.026324534186135094,0.10838951006221433,2245.0,0.8691688245022303,53.29637649731833,0.13880061290356366,0.02174041018027133,-0.02043805015094272,-0.007408864233795498
perth_06_h195,weighted_radius_5,HIP_27366,zenith,13.674292594822397,114.10897049969897,0.027684165224262494,0.22384564550722455,1670.0,0.7737486352624129,50.05689431563936,0.16721033472731717,0.020879733439534472,0.018152648943084552,-0.01031479103399846
perth_06_h195,weighted_radius_5,HIP_27628,zenith,54.31367292225201,270.7747989276139,0.10705795492627346,0.5298335916554959,921.0,0.5573033177324345,40.69916475547002,0.08139960547779579,0.008891149038000309,0.008878494947886503,0.00047499430584707625
perth_06_h195,weighted_radius_5,HIP_27989,azimuth_180,489.22382468627086,80.68196291440344,0.9564918450903728,0.15855852131719422,4172.0,0.80618495148336,51.210592548372155,0.20281239703499918,0.023238887401148912,-0.001983052385455278,-0.02315410440532162
perth_06_h195,weighted_radius_5,HIP_30122,azimuth_270,249.4243813015582,44.545371219065075,0.4881335572296059,0.08797924066223647,923.0,0.5829269569839608,41.97633404687928,0.1433502549151394,0.019438252204877784,0.0173316251926501,-0.008798803177946013
perth_06_h195,weighted_radius_5,HIP_30324,azimuth_270,189.47218934911243,73.08698224852071,0.3710394323224852,0.14372457470414202,1644.0,0.5358414069208376,39.590313963300886,0.17813301514192692,0.012748293927248478,0.011937475814098202,-0.00447295670380754
perth_06_h195,weighted_radius_5,HIP_33579,azimuth_270,258.0049710024855,99.55799502899751,0.5048925214892295,0.19542577154101076,2408.0,0.43078857321872205,33.61813142326912,0.2431886852195655,0.14621414752289574,-0.0696386779390803,-0.12853704806104815
perth_06_h195,weighted_radius_5,HIP_33856,azimuth_270,256.5214626391097,102.59141494435612,0.5019950442170111,0.20135041981319554,1026.0,0.42236371043730153,33.098407578471395,0.45245751922202027,0.5041170884751008,0.34470660924878505,0.36851643774693343
perth_06_h195,weighted_radius_5,HIP_33977,azimuth_270,237.0974930362117,115.26090993500465,0.46405760358635095,0.22609552721680595,1181.0,0.39068021723807667,31.08803109849969,0.18344659979660533,0.056185879105618036,-0.020225172168682918,-0.05241728754621988
perth_06_h195,weighted_radius_5,HIP_34444,azimuth_270,250.9112554112554,116.19134199134199,0.4910376082251082,0.22791277732683982,2584.0,0.38499813300409785,30.718115965402433,0.21972218432794302,0.07720256335579492,0.03761911879530962,-0.06740954765210105
perth_06_h195,weighted_radius_5,HIP_35264,azimuth_270,302.6041798606713,101.8239392020266,0.5920003512903736,0.1998514437539582,1442.0,0.44396671148665073,34.418670820383284,0.19688618265606703,0.07326295210811222,-0.04010602352050063,-0.06130138435572974
perth_06_h195,weighted_radius_5,HIP_35904,azimuth_270,269.95146958304855,127.07177033492823,0.5282255265293917,0.2491636139354067,1721.0,0.3569749933029122,28.85190545340229,0.22953225891332127,0.0647344921785126,0.03984579012714334,-0.05101072316696431
perth_06_h195,weighted_radius_5,HIP_36377,azimuth_270,337.5589645254075,98.64525407478428,0.6602714150886865,0.19364307436481304,1020.0,0.488961128064744,37.03947740829604,0.16570423344402335,0.08184239210315593,0.037618440086859155,-0.07267664514988326
perth_06_h195,weighted_radius_5,HIP_37819,azimuth_270,316.7315789473684,127.91052631578947,0.6195929276315789,0.2508018092105263,936.0,0.3909020507294353,31.102414925764524,0.2539968846030002,0.15056475366405156,0.14639308361773706,-0.03509838685516442
perth_06_h195,weighted_radius_5,HIP_38414,azimuth_270,330.50064020486553,127.7426376440461,0.646485625400128,0.25047390164852756,968.0,0.4091975371562622,32.27373247895538,0.1708112793213983,0.021381847269513123,-0.01777460314353141,-0.011883302196235235
perth_06_h195,weighted_radius_5,HIP_39429,azimuth_270,331.86433260393875,139.5164113785558,0.6491490871170679,0.2734695534737418,1592.0,0.3835661439471441,30.624439446832508,0.17001781736261762,0.02501789942666746,0.014082605375306584,-0.02067708504991117
perth_06_h195,weighted_radius_5,HIP_39953,azimuth_270,370.429203539823,123.99311701081612,0.7244711006637168,0.24315061916175024,2435.0,0.48240829070440466,36.66847955057207,0.16946097238036567,0.04833523520789062,0.022244102815737125,-0.042910465421250876
perth_06_h195,quadratic_peak,HIP_23685,zenith,102.5,195.96938775510205,0.201171875,0.3837292729591837,791.0,0.4534691395400918,34.98658060386243,0.10991640874263764,0.07072719767977524,0.05242068791496615,-0.047446304584113363
perth_06_h195,quadratic_peak,HIP_23875,zenith,85.40374331550802,94.20466321243524,0.1677807486631016,0.18497004533678757,1103.0,0.6474774178208147,44.979363903289034,0.05337909036622973,0.028209985947841052,-0.005417019978438765,0.027685255617711846
perth_06_h195,quadratic_peak,HIP_24436,zenith,76.5,113.15,0.150390625,0.22197265625,3870.0,0.631705499359585,44.272967418730595,0.031714378743725034,0.04324900858980804,0.04295402911768042,0.005059179517182599
perth_06_h195,quadratic_peak,HIP_25336,azimuth_180,450.53921568627453,50.5,0.8809359681372549,0.099609375,2101.0,0.7815687614132979,50.34024810828128,0.15794171579805744,0.04420276495354244,0.010581950822178776,-0.04291678358873696
perth_06_h195,quadratic_peak,HIP_25606,zenith,67.5,186.9733009708738,0.1328125,0.3661587909587379,1099.0,0.5527026857070206,40.46450931681052,0.10448388609263498,0.05803432597159574,0.03871846676582465,-0.04321499872734336
perth_06_h195,quadratic_peak,HIP_25930,zenith,29.48918918918919,45.851351351351354,0.05857263513513514,0.09052998310810811,1550.0,0.8514972850044618,52.73080179115122,0.10112555314235769,0.05459989866972341,0.041664698124565275,-0.03527588125216852
perth_06_h195,quadratic_peak,HIP_25985,zenith,56.5,169.84545454545454,0.111328125,0.3327059659090909,1238.0,0.5984197862010009,42.724552171187625,0.10355069745915545,0.035337537607908455,0.01816515044650974,-0.03030808001949481
perth_06_h195,quadratic_peak,HIP_26241,azimuth_270,77.78,8.994505494505495,0.152890625,0.018543956043956044,2024.0,0.8393864908070592,52.3345276330473,0.13672255564879385,0.46568155473539713,-0.3736719496618682,-0.2768741353994386
perth_06_h195,quadratic_peak,HIP_26311,zenith,21.489304812834224,51.50534759358289,0.04294786096256684,0.10157294451871658,2176.0,0.8574855991072723,52.924120311328124,0.2282756553898582,0.08458233371671646,0.0797662363201709,-0.028091994361005845
perth_06_h195,quadratic_peak,HIP_26634,zenith,67.5,259.1,0.1328125,0.50703125,931.0,0.5193767392419735,38.71484678080126,0.05252976999238848,0.007611572678642613,0.002761752797318484,-0.007092783801418534
perth_06_h195,quadratic_peak,HIP_26727,zenith,12.48235294117647,55.392857142857146,0.025356158088235294,0.10916573660714286,2245.0,0.8695265356578803,53.30767274462988,0.2116425369914759,0.07280122113448312,0.07034864863483409,-0.018705111545344266
perth_06_h195,quadratic_peak,HIP_27366,zenith,13.571065989847716,114.51570680628272,0.02748255076142132,0.22464005235602094,1670.0,0.7734285236548076,50.04522357881003,0.20555913782090615,0.0814111188308676,0.08140063775125707,0.001355945795324942
perth_06_h195,quadratic_peak,HIP_27628,zenith,54.10701754385965,270.5,0.10665433114035087,0.529296875,921.0,0.5578156005265725,40.725192013261626,0.06159005973171496,0.051506368851726034,-0.04470963748817585,-0.02555226348575701
perth_06_h195,quadratic_peak,HIP_27989,azimuth_180,488.4911504424779,81.50819672131148,0.9550608407079646,0.16017225922131148,4172.0,0.8031976869346511,51.10669065035685,0.266786654306718,0.12765097788968102,-0.08150705762160192,-0.09821079839132452
perth_06_h195,quadratic_peak,HIP_30122,azimuth_270,249.50653594771242,44.512903225806454,0.4882940155228758,0.08791582661290323,923.0,0.5830101131690694,41.98039774869041,0.1451435583845919,0.03251033017760453,0.03224224110974552,-0.0041583207571278535
perth_06_h195,quadratic_peak,HIP_30324,azimuth_270,189.53205128205127,73.40625,0.3711563501602564,0.14434814453125,1644.0,0.5349559391246929,39.543784174163854,0.22313028951040662,0.055663738020244935,0.0227834620358646,-0.05078406522761725
perth_06_h195,quadratic_peak,HIP_33579,azimuth_270,258.5703125,98.5,0.5059967041015625,0.193359375,2408.0,0.4337382467813331,33.798629383995745,0.12603850510963868,0.0670333725441676,0.04516813712187814,0.04954282331905091
perth_06_h195,quadratic_peak,HIP_33856,azimuth_270,255.00409836065575,104.46875,0.49903144211065575,0.20501708984375,1026.0,0.4171710809455403,32.77498138955353,0.14627552098334326,0.056346460502839105,0.032935256806321936,0.045724709744469294
perth_06_h195,quadratic_peak,HIP_33977,azimuth_270,237.48675496688742,115.00306748466258,0.464817880794702,0.2255919286809816,1181.0,0.39124818495885516,31.124849793059603,0.1804706961339883,0.06098158858192153,0.060912508787355275,-0.0028825443076954116
perth_06_h195,quadratic_peak,HIP_34444,azimuth_270,250.5,115.5,0.490234375,0.2265625,2584.0,0.38694556164372945,30.845219532223215,0.06913074387985933,0.07443815059325007,-0.048655275258315644,0.056347930963614346
perth_06_h195,quadratic_peak,HIP_35264,azimuth_270,302.74163568773236,101.5,0.5922688197026023,0.19921875,1442.0,0.44493346792722577,34.47680527043457,0.1611528623616855,0.01600498672520299,-0.012974235012311479,-0.009370757886770775
perth_06_h195,quadratic_peak,HIP_35904,azimuth_270,269.90390879478826,126.48958333333333,0.5281326343648208,0.24802652994791666,1721.0,0.3585584324106542,28.959209693906654,0.13766327917123114,0.06557401205023256,0.029695226225586867,0.0584691172682561
perth_06_h195,quadratic_peak,HIP_36377,azimuth_270,337.49342105263156,98.5,0.660143400493421,0.193359375,1020.0,0.4892328313226471,37.054782586177346,0.13687000741202304,0.05305223090353498,0.02556517662321488,-0.04648252892214089
perth_06_h195,quadratic_peak,HIP_37819,azimuth_270,316.04545454545456,127.64563106796116,0.6182528409090909,0.25028443567961167,936.0,0.39074697042183393,31.092359876323044,0.11645977387097647,0.031624019435608976,0.007497745200713906,0.03072260266884541
perth_06_h195,quadratic_peak,HIP_38414,azimuth_270,330.50970873786406,127.50961538461539,0.6465033373786407,0.2500187800480769,968.0,0.40976539188108985,32.309615143221826,0.1313199597297522,0.03448445687049841,-0.015991000413253506,0.030553829047029524
perth_06_h195,quadratic_peak,HIP_39429,azimuth_270,331.5093457943925,139.51129943502823,0.6484557535046729,0.2734595692090395,1592.0,0.3830396259699358,30.58995050677399,0.1372095911239835,0.05774032913194811,-0.0568838324038086,-0.009895066187262103
perth_06_h195,quadratic_peak,HIP_39953,azimuth_270,370.5621468926554,123.44897959183673,0.7247307556497176,0.24208785076530612,2435.0,0.4837821601873141,36.74656159804878,0.10831044560143918,0.06553576415771967,0.04561898404222156,0.0470606768929791
quito_06_h150,dao,HIP_18532,azimuth_180,197.61403532119357,135.50077485853137,0.3869414752367062,0.2656265133955691,951.0,0.36800315554291024,29.594634196534127,0.1767361751829299,0.05111883485974335,0.019541573702518935,-0.04723458039356032
quito_06_h150,dao,HIP_23015,azimuth_180,196.71297433629675,51.51463504698719,0.3851815905005796,0.10159108407614685,1105.0,0.5863666625032437,42.14399432381374,0.16172757743847316,0.030143399456837375,-0.02708967899441534,0.013225606355334207
quito_06_h150,dao,HIP_23416,azimuth_180,244.47717834470745,94.50365195020115,0.47847105145450675,0.1855540077152366,1439.0,0.44573484873728236,34.52493378034863,0.12104767232210167,0.04305257864860067,-0.021261318885843383,0.03743905890331689
quito_06_h150,dao,HIP_23453,azimuth_180,234.6082691078215,82.45001083360073,0.4591958381012139,0.16201173990937642,1028.0,0.4814582922483511,36.61439481146507,0.16901793929744913,0.0661354624548905,0.04335415651588027,0.049955169797314625
quito_06_h150,dao,HIP_23767,azimuth_180,237.43472800563623,79.87810728931937,0.46471626563600826,0.1569884907994519,1067.0,0.4876511813883084,36.96560081697451,0.16752103757642894,0.02129329620915623,-0.020061724776048735,0.0071392640733662915
quito_06_h150,dao,HIP_28360,azimuth_180,288.84360545340024,55.1610250981139,0.5651242294011724,0.10871293964475372,2112.0,0.5609754519701315,40.8852835817225,0.15022180154946543,0.005169927533561187,0.0015595359201428737,0.0049291151070178785
quito_06_h150,dao,HIP_28380,azimuth_180,264.4945937263543,6.683427691653168,0.5175675658717858,0.014030132210260093,1132.0,0.6877140856056924,46.70551565259811,0.08295844092667373,0.02469686537923315,0.017322884994561864,0.017605411064089083
quito_06_h150,dao,HIP_33977,zenith,336.3209021079624,328.8501500026147,0.6578533244296141,0.6432620117238569,1203.0,0.3014686585257164,24.951128446774927,0.05548861611883272,0.03017096992073077,0.028553254744625715,-0.009731464606701934
quito_06_h150,dao,HIP_35264,zenith,360.50526651310213,399.50466910657025,0.7050884111584026,0.78125911934877,1542.0,0.49227624075984744,37.22579797354673,0.07208639116809361,0.050336957233612215,0.04028953594387269,-0.030156873988126165
quito_06_h150,dao,HIP_35904,zenith,331.0300952289447,363.32007110113074,0.6475197172440326,0.710586076369396,1739.0,0.3636167282631985,29.300505770498248,0.08497531892634187,0.01337854284035715,0.002142168921824674,-0.013205856131058624
quito_06_h150,dao,HIP_36377,zenith,371.23638211088826,442.7554883199629,0.7260476213103286,0.8657333756249276,975.0,0.608043467436436,43.18042548476268,0.05020317373140641,0.03494357887693726,0.034415596797176186,0.006062505062267576
quito_06_h150,dao,HIP_37819,zenith,337.9454148756819,418.5367857283325,0.6610262009290662,0.8184312221256494,932.0,0.504634284626169,37.91231214409545,0.06893008390658063,0.014196106519300491,-0.013593036437588649,-0.0040916815868143885
quito_06_h150,dao,HIP_38414,zenith,340.86779796870604,437.62940219580247,0.666733980407629,0.8557214886636767,903.0,0.555586172829515,40.611774225657086,0.054711817699684834,0.018301756082717537,-0.00011638389454096229,0.01830138617523147
quito_06_h150,dao,HIP_39429,zenith,329.30416759974395,441.0132094079623,0.6441487648432499,0.8623304871249263,1701.0,0.5514748376961925,40.40160413755199,0.06798196508040821,0.00991032820191834,0.008526628474969078,-0.005050117057088244
quito_06_h150,dao,HIP_39757,zenith,279.8804592698006,364.401788186072,0.5476180845113293,0.7126988050509219,1486.0,0.3082475097794568,25.4419151831941,0.06749180563635017,0.029420116492390756,-0.020107801952471378,-0.021468601006944255
quito_06_h150,dao,HIP_39953,zenith,353.41337506200654,495.00408150476636,0.6912370606679815,0.9677814091889968,2469.0,0.714690226819666,47.80429156674162,0.113298703897065,0.0072463698649742865,-0.00288778649990459,-0.006646028000155013
quito_06_h150,dao,HIP_41037,azimuth_0,356.03277984134826,108.71799060630947,0.6963530856276333,0.21331638790294818,2249.0,0.4914102719327417,37.177216106636486,0.12729484376240288,0.008281893773654668,-0.008193072974727274,-0.0012093407893765118
quito_06_h150,dao,HIP_42913,azimuth_0,332.3347805629012,91.54121370129437,0.6500679307869164,0.17976799551034056,2005.0,0.5001378221053312,37.66398845511085,0.12889297480279152,0.010730445364263244,-0.005713928727864947,0.009082781113136207
quito_06_h150,dao,HIP_44816,azimuth_0,286.3225746194293,42.54394817652486,0.5602003410535729,0.08407021128227511,1798.0,0.5943427802299575,42.52937943815532,0.12958896090657754,0.02560696371257234,0.02432551130088083,0.008003779154492463
quito_06_h150,dao,HIP_45556,azimuth_0,321.5510464599334,128.19309655673138,0.6290059501170574,0.25135370421236597,2218.0,0.3961502633459084,31.441442328878598,0.13660293846400456,0.019080502730441685,-0.017703456434423854,-0.007115678369956413
quito_06_h150,dao,HIP_45941,azimuth_0,307.8168248360834,111.40571663132474,0.6021812985079754,0.21856585279555613,1920.0,0.42342932580884984,33.1644877261244,0.12422109300977335,0.03131597661093794,-0.02456341680778907,0.01942811207803885
quito_06_h150,dao,HIP_48774,azimuth_0,287.09689017784655,128.01579802297493,0.5617126761286065,0.2510074180136229,1570.0,0.3627830213204498,29.244409412503483,0.15218981421246136,0.0037941161950744394,0.0036509739365517316,0.0010323930744604581
quito_06_h150,weighted_radius_3,HIP_18532,azimuth_180,197.59782608695653,135.4429347826087,0.386909816576087,0.2655135444972826,951.0,0.36816650418277364,29.605554481805136,0.16639795195333545,0.040026821125580175,0.01620068314192079,-0.036600558343053535
quito_06_h150,weighted_radius_3,HIP_23015,azimuth_180,196.82418952618454,51.577306733167084,0.3853988076683292,0.10171348971321696,1105.0,0.5861153087239136,42.13177264563556,0.1763152025445009,0.010783325634853153,-0.007546767059258875,0.007702783574266903
quito_06_h150,weighted_radius_3,HIP_23416,azimuth_180,244.62771285475793,94.62882582081247,0.4787650641694491,0.18579848793127435,1439.0,0.4453616792810112,34.50252926417749,0.15298773412767117,0.01964522244209099,0.00901189490420779,0.01745673101397216
quito_06_h150,weighted_radius_3,HIP_28360,azimuth_180,288.89114614918134,55.16676773802305,0.5652170823226198,0.10872415573832626,2112.0,0.5609813796007153,40.88558317547766,0.1555559290525394,0.01077558276795459,0.010251255991666772,0.0033211572276385937
quito_06_h150,weighted_radius_3,HIP_28380,azimuth_180,264.4842105263158,6.802631578947368,0.5175472861842105,0.014262952302631578,1132.0,0.6873840073178691,46.69178655404746,0.08636170035343715,0.01607643885873614,0.015584486744583737,0.003948846974125786
quito_06_h150,weighted_radius_3,HIP_33977,zenith,336.1977671451356,328.8867623604466,0.6576128264553429,0.6433335202352473,1203.0,0.3012849185945758,24.93777072688264,0.04148222641025409,0.005561948049039946,0.004217577495552148,0.003626255285595903
quito_06_h150,weighted_radius_3,HIP_35264,zenith,360.29162995594714,399.3797356828194,0.7046711522577093,0.7810151087555066,1542.0,0.49164981829624954,37.190661195993485,0.04677269564093449,0.021602972191934692,0.021022359305766895,0.0049799035651219015
quito_06_h150,weighted_radius_3,HIP_35904,zenith,331.0143884892086,363.33299075025695,0.6474890400179856,0.7106113100590956,1739.0,0.3636210688346742,29.30079766674097,0.08119111414772434,0.013671937765687913,-0.0021749889558518158,-0.013497752373780258
quito_06_h150,weighted_radius_3,HIP_36377,zenith,371.0626003210273,442.86516853932585,0.7257082037520064,0.8659475948033708,975.0,0.6080490693740584,43.18068888599706,0.017245660500038253,0.00619780817809372,-0.002187175442354059,0.005799103827889951
quito_06_h150,weighted_radius_3,HIP_37819,zenith,337.9776357827476,419.1235356762513,0.6610891323881789,0.8195772181176784,932.0,0.5061211454057425,37.99405947074701,0.11438185815749576,0.10415698868100985,-0.05893778936535457,-0.08583900823838064
quito_06_h150,weighted_radius_3,HIP_38414,zenith,340.9113924050633,437.71231300345227,0.6668191257911392,0.8558834238348677,903.0,0.5558446403270395,40.624943033405465,0.06299822805411219,0.005177170263570916,0.0006780700899663249,0.005132578426852774
quito_06_h150,weighted_radius_3,HIP_39429,zenith,329.313320825516,441.10412757973734,0.6441666422373359,0.8625080616791745,1701.0,0.5517175282993647,40.414047010136905,0.07334175315270866,0.01791392524844631,0.0038598816295105326,-0.017492989642001078
quito_06_h150,weighted_radius_3,HIP_39757,zenith,280.00588235294117,364.39882352941174,0.5478630514705882,0.7126930147058823,1486.0,0.30831539112004397,25.44680974569371,0.08792969599424781,0.027278274189068762,0.007002883584168624,-0.026363163506545106
quito_06_h150,weighted_radius_3,HIP_39953,zenith,353.4350247524753,495.13304455445547,0.6912793452196783,0.9680332901454208,2469.0,0.7150425841752595,47.81834416276851,0.12585873935395211,0.022051397996427705,-0.007603432237513308,-0.02069862402704814
quito_06_h150,weighted_radius_3,HIP_41037,azimuth_0,356.0222412318221,108.77701739378386,0.6963325024059025,0.2134316745972341,2249.0,0.4912593136523911,37.16874076773897,0.13586101624939237,0.014747000906524933,-0.010078170016180823,-0.010765386667728194
quito_06_h150,weighted_radius_3,HIP_42913,azimuth_0,332.2775772162054,91.65543521861211,0.6499562055004011,0.17999108441135178,2005.0,0.4997850930636108,37.64443782323122,0.14108372840232755,0.017840497105667548,-0.016226510834051477,-0.0074135728994235706
quito_06_h150,weighted_radius_3,HIP_44816,azimuth_0,286.2586206896552,42.68416927899686,0.5600754310344828,0.08434408062304075,1798.0,0.5939341726607151,42.50975119415894,0.14452027379693427,0.016184543396470363,0.012910480021115125,-0.009758760517122766
quito_06_h150,weighted_radius_3,HIP_45556,azimuth_0,322.04847026469577,127.72361636301135,0.6299774809857339,0.2504367507090065,2218.0,0.39793456989830717,31.55615121991315,0.1584286307605081,0.10553650221290713,0.08201093700005951,0.06645479053193881
quito_06_h150,weighted_radius_3,HIP_45941,azimuth_0,307.86164229471314,111.52980877390326,0.6022688326068616,0.2188082202615298,1920.0,0.42314945613874677,33.14714228878293,0.14851311064452954,0.01597656459644861,-0.015618289129621597,-0.0033631954672941333
quito_06_h150,weighted_radius_3,HIP_48774,azimuth_0,287.05152671755724,128.0114503816794,0.561624075620229,0.25099892652671757,1570.0,0.36276455528867396,29.243166220015766,0.14682490535896406,0.006420335758786441,-0.005930548801538826,0.002459698205278471
quito_06_h150,weighted_radius_5,HIP_18532,azimuth_180,197.572130415364,135.41983028137562,0.3868596297175078,0.26546841851831177,951.0,0.36825481965606693,29.611457618089563,0.16007757449406634,0.03455509642252772,0.01090476000141194,-0.032788824962736385
quito_06_h150,weighted_radius_5,HIP_23015,azimuth_180,196.944817300522,51.56674123788218,0.38563440879008204,0.10169285398023863,1105.0,0.5860513134926012,42.12866022568584,0.1847214946111016,0.018566177595234844,0.013655071261312244,0.012580798892770417
quito_06_h150,weighted_radius_5,HIP_23416,azimuth_180,244.70814814814815,94.50592592592592,0.47892216435185186,0.18555844907407407,1439.0,0.44568545882564314,34.52196917833229,0.14586695696721577,0.045822590310243376,0.025188557349745445,0.03828232848908186
quito_06_h150,weighted_radius_5,HIP_28360,azimuth_180,289.0113582584004,55.42735447231424,0.5654518715984382,0.10923311420373875,2112.0,0.5603261666755296,40.852451038750736,0.20012573091990773,0.04792732419556974,0.03222707424417608,-0.03546689649486723
quito_06_h150,weighted_radius_5,HIP_28380,azimuth_180,264.43967611336035,6.913360323886639,0.5174603049089069,0.014479219382591092,1132.0,0.6870739271124324,46.678882883354675,0.08639206672596295,0.011819916658360508,0.00812828465677065,-0.008580847197855235
quito_06_h150,weighted_radius_5,HIP_33977,zenith,335.91182364729457,328.8627254509018,0.6570543430611222,0.6432865731462926,1203.0,0.30065631115401026,24.892049653914313,0.048998421336939615,0.060214827635537996,-0.034538040899075466,0.049347328253915634
quito_06_h150,weighted_radius_5,HIP_35264,zenith,360.0717852684145,399.3789013732834,0.704241768102372,0.7810134792446941,1542.0,0.4912906987818744,37.17050299795351,0.02834178802560623,0.028526458330281494,-0.013488508688380143,0.02513810160509422
quito_06_h150,weighted_radius_5,HIP_35904,zenith,330.7769440654843,363.462482946794,0.647025281377899,0.710864224505457,1739.0,0.3635385936610807,29.29525106247547,0.033792452696069966,0.05994979377675902,-0.05941283262481053,-0.00795114810827613
quito_06_h150,weighted_radius_5,HIP_36377,zenith,370.9170168067227,442.9642857142857,0.7254238609506303,0.8661411830357143,975.0,0.6080711849786693,43.18172873213652,0.023312234305388983,0.03386034870131242,-0.033525694428769466,0.004759257688419893
quito_06_h150,weighted_radius_5,HIP_37819,zenith,338.1320293398533,419.2408312958435,0.661390682304401,0.8198063111246944,932.0,0.5066024653904971,38.0204833876289,0.14337686787898038,0.12009627644345948,-0.042609686877207086,-0.11226292512026248
quito_06_h150,weighted_radius_5,HIP_38414,zenith,340.6666666666667,437.7357723577236,0.6663411458333334,0.8559292428861789,903.0,0.5556167793338764,40.61333388488408,0.029563188949966176,0.045456413466592765,-0.04226829423020001,0.016741726948239943
quito_06_h150,weighted_radius_5,HIP_39429,zenith,329.2339699863574,441.13028649386086,0.6440116601296043,0.862559153308322,1701.0,0.5517037210331864,40.41333922789176,0.0636742641447116,0.020430021726074873,-0.011644566270048916,-0.01678520739686462
quito_06_h150,weighted_radius_5,HIP_39757,zenith,280.37575075075074,364.42379879879877,0.54858545068506,0.7127417945289038,1486.0,0.30860854543466143,25.46794297458735,0.16294036902762288,0.09763429895645931,0.08522844005723286,-0.04749639240019121
quito_06_h150,weighted_radius_5,HIP_39953,zenith,353.3561507936508,495.26934523809524,0.6911252945188492,0.9682995024181548,2469.0,0.7153087475629082,47.82895415944379,0.13395238879743931,0.04202113447874146,-0.028020653854663166,-0.031308620702326095
quito_06_h150,weighted_radius_5,HIP_41037,azimuth_0,355.98148984198644,108.76162528216705,0.6962529098476298,0.2134016118792325,2249.0,0.4912307822135823,37.16713869686066,0.12996165356786735,0.018584483287934574,-0.017368164491525857,-0.006611343502211042
quito_06_h150,weighted_radius_5,HIP_42913,azimuth_0,332.1009009009009,91.74414414414414,0.6496111345720721,0.18016434403153153,2005.0,0.4993562624353942,37.62065525698292,0.14431253342903844,0.05121953110986644,-0.04870488281578406,-0.015837912899556272
quito_06_h150,weighted_radius_5,HIP_44816,azimuth_0,286.2174539170507,42.779377880184335,0.5599950271817397,0.08453003492223503,1798.0,0.5936576373100187,42.49646029258223,0.15555930752486435,0.02255887744673114,0.005562266222615223,-0.021862148218374955
quito_06_h150,weighted_radius_5,HIP_45556,azimuth_0,322.20891719745225,127.22632696390659,0.6302908539012739,0.24946548235138005,2218.0,0.39935761203149683,31.647433562399087,0.18414550668613303,0.19149349798322504,0.11415075095654162,0.15381052295964537
quito_06_h150,weighted_radius_5,HIP_45941,azimuth_0,307.7728285077951,111.6354862657758,0.6020953681792873,0.21901462161284335,1920.0,0.4227913127561583,33.124935686004186,0.15653447759050496,0.038822377751584855,-0.03334536124512197,-0.019875434174799977
quito_06_h150,weighted_radius_5,HIP_48774,azimuth_0,286.9845261121857,128.27466150870407,0.5614932150628626,0.25151301075918764,1570.0,0.3620143624795322,29.192635295261663,0.18841373006588008,0.05024007673563971,-0.020083094414437792,-0.046049539993852306
quito_06_h150,quadratic_peak,HIP_18532,azimuth_180,197.50613496932516,135.3709677419355,0.3867307323619632,0.26537298387096775,951.0,0.36845559756603063,29.624875337167445,0.14551022780962086,0.025139153837158826,-0.002695779968935386,-0.02499416429364487
quito_06_h150,quadratic_peak,HIP_23015,azimuth_180,196.91504178272982,51.49530516431925,0.38557625348189417,0.10155333039906103,1105.0,0.5862636647163452,42.13898679053837,0.17439992425048842,0.023209472120558853,0.008421175391890303,0.021628360415228087
quito_06_h150,quadratic_peak,HIP_23416,azimuth_180,244.50520833333334,94.55970149253731,0.4785257975260417,0.18566347947761194,1439.0,0.4455751104045517,34.515344813146676,0.13172048018912152,0.032312124248528334,-0.015624490674691684,0.02828482262204801
quito_06_h150,quadratic_peak,HIP_23767,azimuth_180,237.48561151079136,79.93881856540085,0.46481564748201437,0.15710706751054854,1067.0,0.48747000279673697,36.95537164814403,0.17963693791099164,0.010336333466743584,-0.010159887833221871,-0.0019010295907904151
quito_06_h150,quadratic_peak,HIP_28360,azimuth_180,288.8888888888889,55.07142857142857,0.5652126736111112,0.10853794642857142,2112.0,0.5612401129389619,40.898657408945574,0.14357861722950527,0.01946845486454242,0.00983857910239641,0.016800211091371864
quito_06_h150,quadratic_peak,HIP_28380,azimuth_180,264.50515463917526,6.8949044585987265,0.5175881926546392,0.014443172770700638,1132.0,0.6871313949891102,46.68127481567763,0.09456087082728885,0.020254461103931552,0.01909103060857769,-0.006762409719058837
quito_06_h150,quadratic_peak,HIP_33977,zenith,336.487012987013,328.8018867924528,0.6581777597402597,0.6431677476415094,1203.0,0.3017190999628305,24.96933063744859,0.08577142384040219,0.06725768920310204,0.06115054804538322,-0.027933655280349967
quito_06_h150,quadratic_peak,HIP_35264,zenith,360.4403669724771,399.4951690821256,0.7049616542431193,0.7812405646135265,1542.0,0.4921494384721193,37.21868812432898,0.06091922159050728,0.03878263851137857,0.031183527555776983,-0.02304702477037779
quito_06_h150,quadratic_peak,HIP_35904,zenith,331.0115511551155,363.50531914893617,0.647483498349835,0.710947888962766,1739.0,0.36400657725748087,29.326715812562597,0.08012201241111977,0.045996513843664905,-0.023693413109698264,-0.039415898195407806
quito_06_h150,quadratic_peak,HIP_36377,zenith,371.38028169014086,442.61347517730496,0.7263286751760564,0.8654560062056738,975.0,0.6079190105248401,43.17457297621673,0.08407737961732985,0.07053207360666239,0.06952609275174455,0.011915013608216896
quito_06_h150,quadratic_peak,HIP_37819,zenith,337.97727272727275,418.5388349514563,0.6610884232954546,0.8184352245145631,932.0,0.5046790511433097,37.91477605593142,0.07477028468669213,0.010572294865437783,-0.00829382343593439,-0.006555593422788775
quito_06_h150,quadratic_peak,HIP_38414,zenith,341.0,437.5,0.6669921875,0.85546875,903.0,0.5554177219221541,40.60318892966591,0.08186744547830987,0.04200689012575797,0.03228397866823476,0.026886682166413323
quito_06_h150,quadratic_peak,HIP_39429,zenith,329.19322709163345,441.5057471264368,0.6439320841633466,0.8632924748563219,1701.0,0.5526262156988861,40.460595036932474,0.10203717079646783,0.07794110805346205,-0.04439568276474181,-0.06404101643757087
quito_06_h150,quadratic_peak,HIP_39757,zenith,280.0023923444976,364.5093023255814,0.5478562350478469,0.7129087936046512,1486.0,0.30861099665158637,25.468119649305148,0.1008558214249381,0.04768184752321208,0.0009142162979284517,-0.0476730671179979
quito_06_h150,quadratic_peak,HIP_39953,zenith,353.5537634408602,495.521164021164,0.6915112567204301,0.9687913359788359,2469.0,0.7161590300198137,47.86281968768568,0.1688483392851695,0.06658898947012007,-0.013646677614420746,-0.06517414894421591
quito_06_h150,quadratic_peak,HIP_41037,azimuth_0,356.07142857142856,108.94444444444444,0.6964285714285714,0.21375868055555555,2249.0,0.4909547364691899,37.15163492425815,0.16725673225298202,0.04092258481271804,-0.0012802942736093136,-0.04090254420126627
quito_06_h150,quadratic_peak,HIP_42913,azimuth_0,332.484,91.49415204678363,0.650359375,0.17967607821637427,2005.0,0.5004305276803823,37.680204364987006,0.13937752011428342,0.024648120081339178,0.021701830643958763,0.011688634455175873
quito_06_h150,quadratic_peak,HIP_44816,azimuth_0,286.49029126213594,42.517857142857146,0.5605279126213593,0.08401925223214286,1798.0,0.5944806316774407,42.53599861389235,0.13980199108554808,0.054971462807473545,0.05425715532221791,0.008856210673194198
quito_06_h150,quadratic_peak,HIP_45556,azimuth_0,321.5063694267516,128.5,0.6289186902866242,0.251953125,2218.0,0.3953410702228751,31.389328423420423,0.18732549258218623,0.06810467757737526,-0.026664899153014093,-0.062664377417466
quito_06_h150,quadratic_peak,HIP_45941,azimuth_0,307.83142857142855,111.50552486187846,0.6022098214285714,0.21876079074585636,1920.0,0.42318397989138584,33.14928233279528,0.14134279708056266,0.021706591979065475,-0.02164857386273336,0.0015884487416428783
quito_06_h150,quadratic_peak,HIP_48774,azimuth_0,287.16379310344826,128.02727272727273,0.5618433459051724,0.25102982954545455,1570.0,0.3627967618623744,29.245334450257772,0.16165800825577484,0.017896098568979737,0.017781097717156306,-0.0020240783779783555
reykjavik_00_h120,dao,HIP_100453,zenith,376.00391940398185,88.58654402657164,0.7353592175859021,0.17399715630189774,2245.0,0.5686331249617758,41.27006258697721,0.04831873464075108,0.021693750426011894,0.012853025113051478,-0.017474584747873223
reykjavik_00_h120,dao,HIP_102098,zenith,351.43082626068724,121.33789218039676,0.6873648950404048,0.23796463316483743,3500.0,0.4555614939082102,35.11058379565028,0.05414047249424833,0.016485525738962323,0.013336021934654965,0.009693599061137093
reykjavik_00_h120,dao,HIP_102488,zenith,420.38059554397313,100.41228449767966,0.8220324131718225,0.1970943056595306,1847.0,0.6252307330852336,43.977959950559544,0.08694912153529193,0.03684485994393498,0.036518426494585685,-0.004881650531821435
reykjavik_00_h120,dao,HIP_104732,zenith,447.98536706915127,128.12623121756698,0.8759479825569361,0.2512231078468105,1010.0,0.637537179555875,44.53616347544979,0.08522362602752381,0.008120969178666735,-0.006226160373959631,0.005214273925538748
reykjavik_00_h120,dao,HIP_104887,zenith,395.6865543759042,142.58386761910467,0.7738018640154379,0.2794606789435638,1023.0,0.49720227849510545,37.500966780134476,0.07526512724323148,0.04184730151402195,0.03987456914376557,0.012715153611502217
reykjavik_00_h120,dao,HIP_87833,azimuth_180,266.7334035734775,39.74071460435321,0.5219402413544483,0.07859514571162736,1497.0,0.5967636473655143,42.6454177555786,0.16372688566317048,0.010612061316962398,-0.006502909645966716,0.008386518713464852
reykjavik_00_h120,dao,HIP_92420,azimuth_180,168.44152194572453,93.39845091270108,0.3299639100502432,0.1833954119388693,926.0,0.5082336806366929,38.109893671573595,0.15998820163249383,0.025128698276988274,-0.01060183744205784,0.02278335920301089
reykjavik_00_h120,dao,HIP_93194,azimuth_180,157.5953405607164,88.58419741042431,0.30877996203264924,0.17399257306723498,1170.0,0.5345015347696528,39.519881763022404,0.1888500937140993,0.010564954307966456,0.0074071076025377805,-0.00753314545346484
reykjavik_00_h120,dao,HIP_95947,azimuth_180,105.59268636468397,76.64634616772582,0.20721227805602338,0.1506764573588395,1663.0,0.644595357669467,44.85156204562307,0.1700442627144085,0.02642098565380829,-0.010354250520620799,0.024308171081770524
reykjavik_00_h120,dao,HIP_97165,zenith,336.557647774472,65.48465856833401,0.6583157183095156,0.12887628626627737,1335.0,0.5706078821035826,41.36856038843123,0.08606693965098901,0.04312274197417832,0.013609173861617908,0.04092079279924832
reykjavik_00_h120,dao,HIP_97365,azimuth_180,47.57123966695215,101.3435127908143,0.09388913997451592,0.19891311091955918,1384.0,0.7149536284358251,47.814797177870865,0.18902199871191044,0.023280468153639863,0.016622332443022563,-0.016298453590831485
reykjavik_00_h120,dao,HIP_98110,azimuth_180,98.45467705453869,4.571083392325476,0.19327085362214588,0.009904459750635695,1175.0,0.8176507907536118,51.60508068406219,0.07595253917161215,0.038860995599978056,0.025669835133503564,0.029181066028037606
reykjavik_00_h120,dao,HIP_98337,azimuth_90,500.44381906616076,73.33884945192769,0.9784058966135952,0.14421650283579626,1294.0,0.8431537211790611,52.458561613919194,0.21143588574421412,0.03666603973422745,0.017112484260593083,-0.032426412843456376
reykjavik_00_h120,dao,HIP_99675,zenith,337.541620304614,98.57816826971565,0.6602375396574492,0.19351204740178837,1106.0,0.4891031265557729,37.04747702294155,0.04882931134802188,0.039090541557045395,0.033836090654143995,-0.0195619864371821
reykjavik_00_h120,weighted_radius_3,HIP_100453,zenith,376.0436193222783,88.5407354001442,0.7354367564888248,0.17390768632840664,2245.0,0.5687999003897082,41.27839259895415,0.051161729952375175,0.028403832277138864,0.01186710448433875,-0.025804596724810835
reykjavik_00_h120,weighted_radius_3,HIP_102098,zenith,351.3884057971014,121.38659420289855,0.6872820425724637,0.23805975430253623,3500.0,0.45538391668165396,35.100074315844644,0.044872959067441924,0.024907560174129664,0.01457150016847312,0.0202030788667642
reykjavik_00_h120,weighted_radius_3,HIP_102488,zenith,420.1696344892221,100.6194939081537,0.821620379861762,0.1974990115393627,1847.0,0.6244141522452653,43.940544706672476,0.07804445892711985,0.048066386521653924,0.03539322327949761,0.03253359335525374
reykjavik_00_h120,weighted_radius_3,HIP_104732,zenith,447.8995433789954,128.0593607305936,0.8757803581621004,0.2510925014269406,1010.0,0.637441480335778,44.53186345362745,0.10117647171344081,0.015104974926790214,0.011732931214379294,0.009514295747862889
reykjavik_00_h120,weighted_radius_3,HIP_104887,zenith,395.5573394495413,142.63761467889907,0.7735494911123854,0.27956565366972475,1023.0,0.496831209023549,37.480309051111476,0.07470007460264855,0.05801883642376264,0.04747785592123057,0.03337288263450944
reykjavik_00_h120,weighted_radius_3,HIP_87833,azimuth_180,266.75629569455725,39.77985377741673,0.5219849525284321,0.07867158940901706,1497.0,0.5966589774884834,42.64040959310937,0.17028816442867786,0.003896951772098407,-0.0023943130478034113,0.0030746999500053107
reykjavik_00_h120,weighted_radius_3,HIP_92420,azimuth_180,168.59147424511545,93.49911190053285,0.3302567856349911,0.18359201543072823,926.0,0.507792815077476,38.08575046457932,0.18569642569133782,0.020338338541177087,0.01642813576682011,0.011991702871192444
reykjavik_00_h120,weighted_radius_3,HIP_93194,azimuth_180,157.55444887118193,88.57901726427623,0.3087000954515272,0.17398245559428951,1170.0,0.5345710294069147,39.52353836055677,0.18517116653052165,0.00835170188015338,0.00029802528702837074,-0.008346382316872791
reykjavik_00_h120,weighted_radius_3,HIP_95947,azimuth_180,105.75338753387534,76.45121951219512,0.20752614752710027,0.1502953506097561,1663.0,0.6447236558177355,44.85726338673948,0.16263469824770752,0.062222134976757985,0.013106958333899282,0.06082695826827944
reykjavik_00_h120,weighted_radius_3,HIP_97165,zenith,336.6376089663761,65.4184308841843,0.6584718925124533,0.12874693532067247,1335.0,0.5708628184603924,41.381254529005226,0.08259208426657506,0.028646468924389455,0.004887702297918319,0.028226652225249893
reykjavik_00_h120,weighted_radius_3,HIP_97365,azimuth_180,47.54616895874263,100.89587426326129,0.0938401737475442,0.1980388169204322,1384.0,0.7157462686570393,47.84638551883121,0.15083990200595646,0.05020494686880362,0.013545694298174763,0.04834384232522382
reykjavik_00_h120,weighted_radius_3,HIP_98110,azimuth_180,98.46728971962617,4.747663551401869,0.19329548773364486,0.010249342873831776,1175.0,0.8172188984599614,51.59034418785021,0.08461670562704174,0.02898733908955422,0.027260495581288003,0.009861277847917904
reykjavik_00_h120,weighted_radius_3,HIP_98337,azimuth_90,500.4630738522954,73.04590818363273,0.9784435036177644,0.14364435192115768,1294.0,0.8436794818789106,52.47581663005857,0.18857721991605386,0.019734253197779817,0.01909387576566914,0.0049881590144806864
reykjavik_00_h120,weighted_radius_3,HIP_99675,zenith,337.3891129032258,98.76209677419355,0.6599396736391129,0.19387128276209678,1106.0,0.4884577580948224,37.01110601768076,0.04574499766370388,0.04670021994896465,0.04357873625497277,0.016809018823614963
reykjavik_00_h120,weighted_radius_5,HIP_100453,zenith,376.125,88.21982758620689,0.735595703125,0.17328091325431033,2245.0,0.569650238260111,41.32083179024711,0.09548411152786644,0.07634059964605304,0.03419189205428535,-0.06824378801777442
reykjavik_00_h120,weighted_radius_5,HIP_102098,zenith,351.19401544401546,121.39221364221365,0.6869023739140927,0.23807072976994853,3500.0,0.4550592048909035,35.08085002231645,0.0160636465210935,0.06023096121143994,0.045555262768132584,0.03942737239496097
reykjavik_00_h120,weighted_radius_5,HIP_102488,zenith,420.05508233957977,100.57183418512209,0.8213966451944917,0.19740592614281657,1847.0,0.624273941592568,43.934115597283046,0.09825771720910603,0.06764631156088163,0.05531807027877509,0.0389627027446835
reykjavik_00_h120,weighted_radius_5,HIP_104732,zenith,447.7155172413793,127.98180076628353,0.875420932112069,0.2509410171216475,1010.0,0.637136175743136,44.51814105682513,0.12757555673074109,0.04686253179202747,0.04070424982283796,0.023236692550192117
reykjavik_00_h120,weighted_radius_5,HIP_104887,zenith,395.3636363636364,142.57409713574097,0.7731711647727273,0.2794415959682441,1023.0,0.4965249134783144,37.46324872756006,0.10587207254437107,0.09509615000400799,0.080667427942907,0.05043320618592162
reykjavik_00_h120,weighted_radius_5,HIP_87833,azimuth_180,266.7505896226415,39.8060141509434,0.5219738078567216,0.07872268388856132,1497.0,0.5965859959834477,42.636917153980214,0.1729514260461256,0.003436693352411783,-0.003418414983252466,-0.0003538849706927749
reykjavik_00_h120,weighted_radius_5,HIP_92420,azimuth_180,168.37813211845102,93.56719817767653,0.32984010179384965,0.18372499644077447,926.0,0.507906032320774,38.09195212505642,0.17832909402062827,0.02303588549702285,-0.0220249181407405,-0.00674670534894517
reykjavik_00_h120,weighted_radius_5,HIP_93194,azimuth_180,157.4707818930041,88.64526748971194,0.30853668338477364,0.17411185056584363,1170.0,0.5345302377806543,39.521392075284425,0.18862969912706745,0.026306817424172155,-0.014244859829506244,-0.022115179783909866
reykjavik_00_h120,weighted_radius_5,HIP_95947,azimuth_180,105.83612527312455,75.87399854333576,0.2076877446740714,0.14916796590495265,1663.0,0.6458011625275992,44.90510133776118,0.14526315577391977,0.15108237363398425,0.02519175692529299,0.14897086808781523
reykjavik_00_h120,weighted_radius_5,HIP_97165,zenith,336.7407108239095,65.28675282714055,0.6586732633279483,0.12848975161550888,1335.0,0.571309144246522,41.403466667146624,0.08861039104811384,0.006727661847414843,-0.0030146536790283947,0.006014514083858558
reykjavik_00_h120,weighted_radius_5,HIP_97365,azimuth_180,47.506186726659166,100.35658042744657,0.09376208345050618,0.1969855086473566,1384.0,0.7167245312003415,47.88531831488919,0.13381386088477415,0.12594230553120525,0.008639812615323744,0.12564592568160649
reykjavik_00_h120,weighted_radius_5,HIP_98337,azimuth_90,500.7621173469388,73.03954081632654,0.9790275729432398,0.14363191565688777,1294.0,0.8443525651980581,52.49788691403042,0.22198103265647537,0.050725990889622104,0.04984575241038611,-0.009397234471048677
reykjavik_00_h120,quadratic_peak,HIP_100453,zenith,375.9961832061069,88.5,0.7353441078244275,0.173828125,2245.0,0.5688144532775014,41.279119378147364,0.06156011598065671,0.03531240465586283,0.02329732812747884,-0.026531375918033007
reykjavik_00_h120,quadratic_peak,HIP_102098,zenith,350.5,121.48373983739837,0.685546875,0.2382494918699187,3500.0,0.45374215437541476,35.0027821662808,0.12239264294882997,0.18899119259861014,0.1482453152793172,0.11749522843060589
reykjavik_00_h120,quadratic_peak,HIP_102488,zenith,420.5,100.5,0.822265625,0.197265625,1847.0,0.6253051013118016,43.98136511743204,0.06646876647901562,0.013704850155636139,0.01091483932969896,-0.00828681740431847
reykjavik_00_h120,quadratic_peak,HIP_104732,zenith,447.99032258064517,128.21333333333334,0.8759576612903226,0.2513932291666667,1010.0,0.6374158604664092,44.53071217663843,0.07103264016143919,0.02209525744643775,-0.019352436761324265,0.010665572736890283
reykjavik_00_h120,quadratic_peak,HIP_104887,zenith,395.70661157024796,142.5096153846154,0.7738410382231405,0.2793156550480769,1023.0,0.4973740932577548,37.510527973210245,0.08772843083204235,0.04874168843950856,0.04864128510182361,0.0031539605357409073
reykjavik_00_h120,quadratic_peak,HIP_87833,azimuth_180,266.70472440944883,39.5,0.5218842273622047,0.078125,1497.0,0.5974235265408295,42.676972580115006,0.1328847677337601,0.04202950469394164,-0.011650198217722148,0.04038366044719055
reykjavik_00_h120,quadratic_peak,HIP_92420,azimuth_180,168.50884955752213,93.5,0.3300954092920354,0.18359375,926.0,0.5078985823620764,38.0915440736729,0.17844105272999305,0.008979685803277598,0.0015330520742656655,0.008847866594173581
reykjavik_00_h120,quadratic_peak,HIP_93194,azimuth_180,157.48561151079136,88.48571428571428,0.30856564748201437,0.1738002232142857,1170.0,0.5348895319578244,39.540292075546084,0.1684671148930157,0.012210336617992782,-0.011667464023603465,0.003601142074103336
reykjavik_00_h120,quadratic_peak,HIP_95947,azimuth_180,105.51063829787235,76.6889400921659,0.20705202792553193,0.1507596486175115,1663.0,0.6446508161420528,44.854026659855606,0.17095752331456165,0.02633460285916672,-0.022327052262852375,0.013967535917323914
reykjavik_00_h120,quadratic_peak,HIP_97165,zenith,336.88461538461536,65.52127659574468,0.6589543269230769,0.12894780585106383,1335.0,0.5708698780463166,41.38160597908939,0.044796240221605096,0.05222186573524045,-0.04417208422234411,0.027875202141075306
reykjavik_00_h120,quadratic_peak,HIP_97365,azimuth_180,47.50952380952381,101.1875,0.0937686011904762,0.1986083984375,1384.0,0.7153472539559387,47.83048876992565,0.17032978609134938,0.00977434052476215,0.009049246090027604,0.003694790520061275
reykjavik_00_h120,quadratic_peak,HIP_98110,azimuth_180,98.51149425287356,4.9,0.19338182471264367,0.010546875,1175.0,0.8167974865152482,51.575956067590916,0.09703921816755724,0.03320801230064264,0.03283602424221348,-0.004948225279520102
reykjavik_00_h120,quadratic_peak,HIP_98337,azimuth_90,500.4918032786885,73.39922480620154,0.9784996157786885,0.1443344234496124,1294.0,0.8431605833330589,52.45878691108539,0.22226994247296883,0.048132914205558604,0.022049942105051637,-0.04278296760462652
reykjavik_00_h120,quadratic_peak,HIP_99675,zenith,337.43518518518516,98.74324324324324,0.6600296585648148,0.19383445945945946,1106.0,0.48856285129930327,37.017031125794304,0.03945877698411983,0.03886644918091747,0.03731611091894469,0.010883910710070666
tokyo_00_h015,dao,HIP_101769,zenith,101.0960954898632,138.20109000957007,0.19842987400363907,0.27090056642494154,761.0,0.535595166815149,39.5773807427918,0.060741540085301825,0.021471970728697786,0.01979950278174167,0.00831228053893085
tokyo_00_h015,dao,HIP_102488,zenith,126.78090361563066,238.19616481925956,0.24859551487427864,0.46620344691261634,1944.0,0.35873784897029576,28.97135414083899,0.06451489219586862,0.03261090754932928,0.03153097943263936,-0.008307121807327178
tokyo_00_h015,dao,HIP_104060,zenith,149.7396316987078,281.73920263268985,0.29343678066153867,0.5512484426419724,842.0,0.30098095108061845,24.915666215253296,0.054029439910892096,0.05089766511382707,-0.04448113261057082,-0.024701484517379413
tokyo_00_h015,dao,HIP_104732,zenith,154.2508035110046,220.01808663084637,0.30224766310743084,0.4306993879508718,974.0,0.29633954031433585,24.577159867283033,0.07971692209747,0.022036008744003154,-0.006641815563443102,0.021012075287814014
tokyo_00_h015,dao,HIP_104887,zenith,157.42404052224563,255.04675125630172,0.308445391645011,0.4991147485474643,971.0,0.2709020179037706,22.689551625062172,0.08369486153375852,0.019774963543284698,0.003838483241623,-0.01939853826699789
tokyo_00_h015,dao,HIP_92420,azimuth_270,265.4994623585104,73.5709129399601,0.5195301999189657,0.14466975183585956,892.0,0.5032713263623597,37.837217009445105,0.14486971023298345,0.05313976418994144,-0.03697754402267606,-0.038154809670615464
tokyo_00_h015,dao,HIP_93194,azimuth_270,258.6248945837695,63.5328667143121,0.5061033097339248,0.1250641928013908,1102.0,0.5303095509405442,39.29859898542589,0.15864232965960093,0.03792358896523175,-0.03757963734329278,0.005106119857330782
tokyo_00_h015,dao,HIP_93747,azimuth_270,167.63070611446554,100.24874104379016,0.3283802853798155,0.19677488485115266,1243.0,0.4927449581748052,37.25206749207732,0.17059213710975765,0.04719844542830118,0.042133494876991986,-0.021261546334830683
tokyo_00_h015,dao,HIP_95501,azimuth_270,96.92484387958521,95.98354488630076,0.19028289820231487,0.18844442360605618,1371.0,0.6212753983993252,43.796289452343146,0.15604149188131544,0.005142924526550822,0.001910062252538092,-0.004775056287314783
tokyo_00_h015,dao,HIP_95947,zenith,13.53614025409799,219.4683057043483,0.027414336433785137,0.42962559707880527,1690.0,0.6757066907983585,46.20156517597239,0.18339795237435713,0.053726773459337636,0.052508913346192926,-0.011351493229724952
tokyo_00_h015,dao,HIP_97165,zenith,71.32215694173354,305.4068737189631,0.14027765027682332,0.5974743627323498,1244.0,0.5270700528021699,39.1266311969686,0.0768695003921022,0.04356522979265585,0.039517670134908825,0.018354774388441797
tokyo_00_h015,dao,HIP_97278,azimuth_270,115.51230348964212,41.471981363025364,0.22658653025320727,0.08197652609965891,1517.0,0.7063972680732697,47.47134837939194,0.1951977397939659,0.02945660791719325,0.021543651312153623,-0.020085698654831674
tokyo_00_h015,dao,HIP_97365,azimuth_270,158.47544347950063,20.496448222018667,0.31049891304589966,0.04100868793363021,1466.0,0.7022587649993315,47.30360257436623,0.13596031493008356,0.022487480290860208,0.0004073336891179914,-0.02248378947804497
tokyo_00_h015,dao,HIP_98110,zenith,67.53834756087925,251.45980180930104,0.13288739757984228,0.4921089879087911,1135.0,0.5192955438428571,38.710475274113854,0.08073327138694554,0.05197433049969893,0.031335200797463214,-0.04145538182592645
tokyo_00_h015,dao,HIP_98337,zenith,44.432245529409755,164.50462360081661,0.08775829204962843,0.32227465547034495,1301.0,0.6348693154689775,44.416050990926216,0.0698242250010919,0.03099195804121791,-0.021271939380431613,-0.022534957466056937
tokyo_00_h015,dao,HIP_99675,zenith,103.79992900630391,304.06827106416455,0.20371079884043733,0.5948599044221964,1064.0,0.43996748105004313,34.17732253028692,0.07081838997372535,0.03070877813176112,0.01496180884143346,-0.02681452789175154
tokyo_00_h015,weighted_radius_3,HIP_101769,zenith,100.68131868131869,138.3003663003663,0.19761976304945056,0.27109446543040294,761.0,0.5363423374205385,39.61660934133689,0.13312283015193055,0.08751127693533335,0.08184153068160031,-0.030916318006148913
tokyo_00_h015,weighted_radius_3,HIP_102488,zenith,126.83610867659948,238.3085013146363,0.24870333725898336,0.466422854130149,1944.0,0.35854549900825,28.958334140525793,0.07813927452732963,0.05395801462015738,0.05375580226543114,0.004712878505863216
tokyo_00_h015,weighted_radius_3,HIP_104060,zenith,149.57065217391303,282.0978260869565,0.2931067425271739,0.5519488790760869,842.0,0.3016736847157173,24.96603023747496,0.13349603475870633,0.07863472495082328,0.0233890009457898,-0.07506550673903689
tokyo_00_h015,weighted_radius_3,HIP_104732,zenith,154.15727002967358,220.12017804154303,0.3020649805267062,0.4308987852373887,974.0,0.2964903027606863,24.588184189837794,0.10945919440421634,0.023827974447867894,0.021637825026913627,0.009987752733039201
tokyo_00_h015,weighted_radius_3,HIP_104887,zenith,157.47030878859857,255.31116389548694,0.3085357593527316,0.49963117948337293,971.0,0.2707718282067342,22.6797515886296,0.11944665397694867,0.06408967782312804,0.06335414869587133,-0.009598501834418016
tokyo_00_h015,weighted_radius_3,HIP_92420,azimuth_270,265.507299270073,73.58576642335767,0.5195455063868614,0.14469876254562045,892.0,0.5032315494015299,37.83502311186555,0.14749322694062938,0.053810892195903945,-0.0354679873918788,-0.04045917654278952
tokyo_00_h015,weighted_radius_3,HIP_93194,azimuth_270,258.6809160305344,63.65496183206107,0.5062127266221375,0.1253026598282443,1102.0,0.5299748950730965,39.28087287211207,0.1793878617092074,0.029895546360936665,-0.0269910930598391,-0.012848772330400493
tokyo_00_h015,weighted_radius_3,HIP_93747,azimuth_270,167.6578947368421,100.1812030075188,0.32843338815789475,0.19664297462406016,1243.0,0.49287034226846765,37.25909160696912,0.16504678291720074,0.04796100696626794,0.04708257797794226,-0.00912524583447194
tokyo_00_h015,weighted_radius_3,HIP_95501,azimuth_270,97.11504424778761,95.95870206489676,0.19065438329646017,0.18839590247050148,1371.0,0.6209538214245349,43.78147049572848,0.16685752935969536,0.030824958820575787,0.0296994830778754,0.00825775007047369
tokyo_00_h015,weighted_radius_3,HIP_95947,zenith,13.842458100558659,219.61899441340782,0.02801261347765363,0.42991991096368715,1690.0,0.6748085831041754,46.16349529815523,0.16505952507571844,0.07500258967353432,0.0700978987584418,0.02671838458743281
tokyo_00_h015,weighted_radius_3,HIP_97165,zenith,71.27012987012986,305.3,0.1401760349025974,0.597265625,1244.0,0.5271316489550925,39.12990887039288,0.05600421383266234,0.023012390453237105,0.01738818262940733,0.015077100964163037
tokyo_00_h015,weighted_radius_3,HIP_97278,azimuth_270,115.437106918239,41.386792452830186,0.22643966194968554,0.08181014150943396,1517.0,0.7067078834972226,47.483895525237195,0.18308538600400762,0.016911672020660847,0.010887042587021986,-0.012940477873286227
tokyo_00_h015,weighted_radius_3,HIP_97365,azimuth_270,158.75395430579965,20.09138840070299,0.31104287950351495,0.040217555470123026,1466.0,0.7030002698209902,47.33373653439897,0.13460272791515496,0.05785147339794496,0.04303652135864345,0.038675696001369886
tokyo_00_h015,weighted_radius_3,HIP_98110,zenith,67.46285714285715,251.4257142857143,0.13273995535714286,0.4920424107142857,1135.0,0.5195060415785624,38.721807229636184,0.08011765430419852,0.05848177214766943,0.025157230894934875,-0.05278733734825636
tokyo_00_h015,weighted_radius_3,HIP_98337,zenith,44.46907216494845,164.840206185567,0.08783021907216494,0.32293009020618557,1301.0,0.6344094596780364,44.39529737291577,0.10955143253014882,0.03001686142350453,0.029963482952505324,-0.0017813394556114304
tokyo_00_h015,weighted_radius_3,HIP_99675,zenith,103.98940677966101,304.28601694915255,0.2040808726165254,0.5952851893538136,1064.0,0.4396530387967065,34.15828751675294,0.11832870471528995,0.06898831247698517,0.06854142769470703,-0.0077795143577716885
tokyo_00_h015,weighted_radius_5,HIP_101769,zenith,100.67299107142857,138.39732142857142,0.19760349818638392,0.27128383091517855,761.0,0.5361990867391494,39.609091712504224,0.14441762809576073,0.10012246523780341,0.09732592068502771,-0.023398689173490084
tokyo_00_h015,weighted_radius_5,HIP_102488,zenith,126.90779363336992,238.49176728869375,0.24884334694017562,0.46678079548573,1944.0,0.35828251401589184,28.9405276167418,0.11083685979397782,0.09330618154887396,0.0905800891216214,0.02251940228985916
tokyo_00_h015,weighted_radius_5,HIP_104060,zenith,148.94144144144144,283.1096096096096,0.2918778153153153,0.5539250187687688,842.0,0.30404852049348324,25.138375823444672,0.3840657689185684,0.3217881385816085,0.20480591449476002,-0.24741109270874517
tokyo_00_h015,weighted_radius_5,HIP_104732,zenith,154.0231884057971,220.24927536231883,0.30180310235507246,0.43115092844202896,974.0,0.29672278271298447,24.60518020253202,0.14987752308918767,0.058934597449453,0.058508613539695824,-0.007008259961168051
tokyo_00_h015,weighted_radius_5,HIP_104887,zenith,157.54407713498622,255.80578512396696,0.30867983815426997,0.500597236570248,971.0,0.2705688859429228,22.66447230447895,0.2183271746470866,0.17490072213413238,0.17482958156687012,0.005680782316233035
tokyo_00_h015,weighted_radius_5,HIP_92420,azimuth_270,265.37021276595743,73.38723404255319,0.5192777593085106,0.1443110039893617,892.0,0.5037584617393791,37.86407436965381,0.11188851069197848,0.062605181907548,-0.061874394003364926,-0.009511849390626992
tokyo_00_h015,weighted_radius_5,HIP_93194,azimuth_270,258.52371916508537,63.61290322580645,0.5059057014943074,0.12522051411290322,1102.0,0.530084031738245,39.28665462910334,0.16270859580390726,0.05707054034764963,-0.056702847802281915,-0.006444992481597467
tokyo_00_h015,weighted_radius_5,HIP_93747,azimuth_270,167.86851851851853,100.05555555555556,0.3288447627314815,0.19639756944444445,1243.0,0.4928865002892325,37.259996696641984,0.1783369316847194,0.08755514939078604,0.08543470654260787,0.01919198911780029
tokyo_00_h015,weighted_radius_5,HIP_95501,azimuth_270,97.22946655376799,95.6723116003387,0.1908778643628281,0.18783654609441153,1371.0,0.621293033431331,43.79710189992256,0.15634455081428233,0.07411563482057157,0.0464273434880422,0.05778282407361246
tokyo_00_h015,weighted_radius_5,HIP_95947,zenith,14.32427536231884,219.9463768115942,0.028953662817028984,0.43055932971014493,1690.0,0.6733597232739682,46.101968346467004,0.16966061815541067,0.1433243170188221,0.11301994047593521,0.08824533627566922
tokyo_00_h015,weighted_radius_5,HIP_97165,zenith,71.06122448979592,305.2374768089054,0.13976801658163265,0.5971435093923934,1244.0,0.5276437117877951,39.15714510807118,0.0536410271304564,0.012918040570212395,-0.004361903948174631,-0.012159136714132046
tokyo_00_h015,weighted_radius_5,HIP_97278,azimuth_270,115.33107599699022,41.347629796839726,0.22623257030662153,0.08173365194695259,1517.0,0.7069587590157602,47.49402513565884,0.17500398676982423,0.01401219694719519,-0.004134198980864458,-0.013388313214335312
tokyo_00_h015,weighted_radius_5,HIP_97365,azimuth_270,159.05668934240362,19.520408163265305,0.31163415887188206,0.03910235969387755,1466.0,0.7041424926016824,47.38008804399422,0.1766352919210622,0.15029619418517573,0.08941397845716993,0.1208706972844098
tokyo_00_h015,weighted_radius_5,HIP_98110,zenith,67.49738219895288,251.7801047120419,0.13280738710732984,0.4927345795157068,1135.0,0.5193904144239858,38.71558299096609,0.14068258581035037,0.10357285242879662,0.0924691039830342,-0.046563098678170434
tokyo_00_h015,weighted_radius_5,HIP_98337,zenith,44.04465334900117,165.22914218566393,0.08700127607226792,0.32368973083137487,1301.0,0.6350641809774002,44.42484096823838,0.20534515135340445,0.12547663111267876,0.12146975423399024,-0.03132493477823317
tokyo_00_h015,quadratic_peak,HIP_101769,zenith,101.19902912621359,138.25238095238095,0.19863091626213591,0.27100074404761904,761.0,0.535283072513495,39.56098173747178,0.05379939317144689,0.029308527486079587,0.01576298693463808,0.024711285858963095
tokyo_00_h015,quadratic_peak,HIP_102488,zenith,126.5,238.0531914893617,0.248046875,0.46592420212765956,1944.0,0.3595595561180434,29.026937893134562,0.09880865206808158,0.064566445122532,0.009306319608288394,-0.06389087410290983
tokyo_00_h015,quadratic_peak,HIP_104060,zenith,149.61494252873564,281.60227272727275,0.2931932471264368,0.5509810014204546,842.0,0.301224486189086,24.933376714865897,0.0699339986282157,0.09105392279344783,-0.08050904323935723,-0.04241198412998415
tokyo_00_h015,quadratic_peak,HIP_104732,zenith,154.3993288590604,220.00625,0.30253775167785235,0.43067626953125,974.0,0.2959632379824947,24.549634745642265,0.055146036555728827,0.052512613396909935,-0.020061403990730736,0.04853719692859215
tokyo_00_h015,quadratic_peak,HIP_104887,zenith,157.5095238095238,255.00595238095238,0.3086123511904762,0.4990350632440476,971.0,0.2706664486772626,22.671818112796633,0.06370760656427103,0.005693887500539479,-0.005444812297451736,-0.001665026001461456
tokyo_00_h015,quadratic_peak,HIP_92420,azimuth_270,265.6985815602837,73.50862068965517,0.5199191046099291,0.14454808728448276,892.0,0.5034736000657452,37.84837139315334,0.151949915969358,0.029701570275128125,0.0013757292749752047,-0.02966967955513411
tokyo_00_h015,quadratic_peak,HIP_93194,azimuth_270,258.84615384615387,63.49270072992701,0.5065354567307693,0.12498574361313869,1102.0,0.5304307771765705,39.305017904980254,0.1757047733312612,0.011431147247429375,0.004239897921213516,0.010615889880547513
tokyo_00_h015,quadratic_peak,HIP_93747,azimuth_270,167.53954802259886,100.12132352941177,0.3282022422316384,0.19652602251838236,1243.0,0.4931752722567302,37.27616855739302,0.1462988745535177,0.025780434035408712,0.025542944861314344,-0.0034877092422931355
tokyo_00_h015,quadratic_peak,HIP_95501,azimuth_270,96.80827067669173,95.98905109489051,0.19005521616541354,0.18845517791970803,1371.0,0.6214916655777603,43.80625137586565,0.15087938789611696,0.018852377066292492,-0.015111654784372883,-0.011270523567489477
tokyo_00_h015,quadratic_peak,HIP_95947,zenith,13.505347593582888,219.39099526066352,0.02735419451871658,0.42947460011848343,1690.0,0.6758222983410639,46.20646183390132,0.1812873590417985,0.04350668414286581,0.04035326836607748,-0.0162481511586563
tokyo_00_h015,quadratic_peak,HIP_97165,zenith,71.04069767441861,305.5157068062827,0.13972792514534885,0.5976869273560209,1244.0,0.5278990503805361,39.17071850254476,0.09950847484375161,0.05225407681136132,0.045466307409842574,-0.025732531187713903
tokyo_00_h015,quadratic_peak,HIP_97278,azimuth_270,115.5,41.480582524271846,0.2265625,0.08199332524271845,1517.0,0.7063959888729405,47.4712966943797,0.19554708417119826,0.029485221332396845,0.01979983582332665,-0.02184553971009251
tokyo_00_h015,quadratic_peak,HIP_97365,azimuth_270,158.52857142857144,20.443396226415093,0.3106026785714286,0.04090507075471698,1466.0,0.702338236782035,47.30683386711135,0.13463345531603665,0.016186587254964392,0.008536401747231824,-0.013752063443860152
tokyo_00_h015,quadratic_peak,HIP_98110,zenith,67.5561797752809,251.5,0.1329222261235955,0.4921875,1135.0,0.5192439257811433,38.70769591374585,0.0869561794598453,0.05487751887633833,0.03891568242550752,-0.03867602145792404
tokyo_00_h015,quadratic_peak,HIP_98337,zenith,44.516260162601625,164.556,0.0879223831300813,0.322375,1301.0,0.6346000361648138,44.40390001180217,0.06559410276569169,0.02151699513408834,-0.01884378807391029,-0.010383978342012767
tokyo_00_h015,quadratic_peak,HIP_99675,zenith,103.71,303.9673913043478,0.20353515625,0.5946628736413043,1064.0,0.44011921845277663,34.18650500465227,0.05533508240158579,0.03735258518572185,-0.009966918097515709,-0.03599700225709768
