run_index,record_type,sample_id,sample_index,repetition_index,is_outlier,timestamp_utc,request_timestamp_utc,request_yaw_degrees,ground_truth_latitude,ground_truth_longitude,estimated_latitude,estimated_longitude,estimated_heading_degrees,identified_objects_used,identified_star_ids,cluster_id,inlier_count,outlier_count,latitude_error_degrees,longitude_error_degrees,latitude_error_meters,longitude_error_meters,error_distance_meters,cumulative_mean_error_meters
1,step,sample-000001,1,1,True,2026-09-22T17:50:15.582223Z,2026-09-22T18:37:22.117566Z,0.0,-0.02352797253776026,137.10211107561986,0.012460573355647969,137.24177997098698,0.12799754907623317,33,"[""HIP_14328"",""HIP_14576"",""HIP_15863"",""HIP_17358"",""HIP_17702"",""HIP_18246"",""HIP_18532"",""HIP_23015"",""HIP_23416"",""HIP_23453"",""HIP_23767"",""HIP_24608"",""HIP_25428"",""HIP_26451"",""HIP_26634"",""HIP_27989"",""HIP_28360"",""HIP_28380"",""HIP_29655"",""HIP_30324"",""HIP_30343"",""HIP_31681"",""HIP_32349"",""HIP_32362"",""HIP_33579"",""HIP_33977"",""HIP_34444"",""HIP_35264"",""HIP_35904"",""HIP_36188"",""HIP_37279"",""HIP_38170""]",1,3,2,0.03598854589340823,0.139668895367123,4001.743720661864,15530.47250244011,16037.752991767115,
1,step,sample-000001,1,2,False,2026-09-22T17:50:15.584300Z,2026-09-22T17:10:01.731549Z,0.0,-0.022995394838884978,137.10093597732333,0.31989336413351355,136.54401530238172,0.9822290127160852,37,"[""HIP_10064"",""HIP_14328"",""HIP_14354"",""HIP_14576"",""HIP_15863"",""HIP_17358"",""HIP_17702"",""HIP_18246"",""HIP_20889"",""HIP_20894"",""HIP_21421"",""HIP_22449"",""HIP_23416"",""HIP_23875"",""HIP_24436"",""HIP_24608"",""HIP_25336"",""HIP_25606"",""HIP_25930"",""HIP_25985"",""HIP_26241"",""HIP_26311"",""HIP_26727"",""HIP_27366"",""HIP_27989"",""HIP_29655"",""HIP_30324"",""HIP_30343"",""HIP_31681"",""HIP_3179"",""HIP_4427"",""HIP_5447"",""HIP_6686"",""HIP_746"",""HIP_8886"",""HIP_9640""]",2,3,2,0.3428887589723985,-0.5569206749416082,38127.49040117963,-61926.545743503244,72722.70034923412,
1,step,sample-000001,1,3,True,2026-09-22T17:50:15.585493Z,2026-09-22T18:41:10.267183Z,0.0,-0.024368354865452763,137.09920378740162,0.041502746863410614,137.22576044550578,0.09227201543584006,39,"[""HIP_10064"",""HIP_14328"",""HIP_14354"",""HIP_14576"",""HIP_15863"",""HIP_17358"",""HIP_18246"",""HIP_18532"",""HIP_23015"",""HIP_23416"",""HIP_23453"",""HIP_23767"",""HIP_24608"",""HIP_26207"",""HIP_26451"",""HIP_26634"",""HIP_27072"",""HIP_27288"",""HIP_27989"",""HIP_28360"",""HIP_28380"",""HIP_29655"",""HIP_30324"",""HIP_30343"",""HIP_31681"",""HIP_32246"",""HIP_32349"",""HIP_32362"",""HIP_33579"",""HIP_33977"",""HIP_34444"",""HIP_35264"",""HIP_35904"",""HIP_36188"",""HIP_36850"",""HIP_37826"",""HIP_38170"",""HIP_9640""]",1,3,2,0.06587110172886337,0.12655665810416394,7324.532324737229,14072.458156957293,15864.514822175868,
1,step,sample-000001,1,4,False,2026-09-22T17:50:15.586667Z,2026-09-22T17:12:13.059736Z,0.0,-0.023453560488763094,137.1004079112206,0.30906613055954396,136.6403147220218,0.8465727795145246,36,"[""HIP_14328"",""HIP_14354"",""HIP_15863"",""HIP_18246"",""HIP_20889"",""HIP_22449"",""HIP_23015"",""HIP_23416"",""HIP_23767"",""HIP_23875"",""HIP_24436"",""HIP_24608"",""HIP_25428"",""HIP_25606"",""HIP_25930"",""HIP_25985"",""HIP_26241"",""HIP_26311"",""HIP_26451"",""HIP_26727"",""HIP_27366"",""HIP_27989"",""HIP_29655"",""HIP_30122"",""HIP_30324"",""HIP_30343"",""HIP_31681"",""HIP_3179"",""HIP_4427"",""HIP_6686"",""HIP_746"",""HIP_7607"",""HIP_8886"",""HIP_9640""]",2,3,2,0.33251969104830703,-0.46009318919880116,36974.50265398783,-51159.8695130948,63122.41082687687,
1,step,sample-000001,1,5,False,2026-09-22T17:50:15.587795Z,2026-09-22T17:18:25.720846Z,0.0,-0.024659110891854293,137.10012812851323,0.4021791331452353,136.65750778431183,0.9053823612969485,41,"[""HIP_10064"",""HIP_14328"",""HIP_14354"",""HIP_14576"",""HIP_15863"",""HIP_17358"",""HIP_18246"",""HIP_20205"",""HIP_20894"",""HIP_21421"",""HIP_22449"",""HIP_23015"",""HIP_23416"",""HIP_23453"",""HIP_23767"",""HIP_23875"",""HIP_24436"",""HIP_24608"",""HIP_24674"",""HIP_25281"",""HIP_25336"",""HIP_25428"",""HIP_25606"",""HIP_25985"",""HIP_26207"",""HIP_26241"",""HIP_26311"",""HIP_26451"",""HIP_26727"",""HIP_27366"",""HIP_27989"",""HIP_28360"",""HIP_29655"",""HIP_30324"",""HIP_30343"",""HIP_31681"",""HIP_32362"",""HIP_5447"",""HIP_6686"",""HIP_9640""]",2,3,2,0.4268382440370896,-0.4426203442014014,47462.247234796436,-49216.86961298756,68373.63500445364,
1,summary,sample-000001,1,,,2026-09-22T17:50:15.588986Z,,,-0.023547810453484277,137.10048466511518,0.3437128759460976,136.61394593623845,0.9113947164409522,38,"[""HIP_10064"",""HIP_14328"",""HIP_14354"",""HIP_14576"",""HIP_15863"",""HIP_17358"",""HIP_17702"",""HIP_18246"",""HIP_20205"",""HIP_20889"",""HIP_20894"",""HIP_21421"",""HIP_22449"",""HIP_23015"",""HIP_23416"",""HIP_23453"",""HIP_23767"",""HIP_23875"",""HIP_24436"",""HIP_24608"",""HIP_24674"",""HIP_25281"",""HIP_25336"",""HIP_25428"",""HIP_25606"",""HIP_25930"",""HIP_25985"",""HIP_26207"",""HIP_26241"",""HIP_26311"",""HIP_26451"",""HIP_26727"",""HIP_27366"",""HIP_27989"",""HIP_28360"",""HIP_29655"",""HIP_30122"",""HIP_30324"",""HIP_30343"",""HIP_31681"",""HIP_3179"",""HIP_32362"",""HIP_4427"",""HIP_5447"",""HIP_6686"",""HIP_746"",""HIP_7607"",""HIP_8886"",""HIP_9640""]",2,3,2,0.36726068639958187,-0.4865387288767238,40837.525083631794,-54100.42710568356,67783.10738148374,67783.10738148374
2,step,sample-000002,2,1,False,2026-09-22T17:51:22.776594Z,2026-09-22T19:08:20.463929Z,0.0,6.339391636430726,23.534370548864416,6.324527175512864,23.4680752627613,0.03887489071866445,23,"[""HIP_81377"",""HIP_84012"",""HIP_84970"",""HIP_85927"",""HIP_86263"",""HIP_86670"",""HIP_87073"",""HIP_87261"",""HIP_88635"",""HIP_89341"",""HIP_89642"",""HIP_89931"",""HIP_89962"",""HIP_90185"",""HIP_90496"",""HIP_91117"",""HIP_92041"",""HIP_92855"",""HIP_93085"",""HIP_93506"",""HIP_93805"",""HIP_93864"",""HIP_94141""]",1,5,0,-0.01486446091786231,-0.06629528610312718,-1652.85264137261,-7326.729096057488,7510.850864985253,
2,step,sample-000002,2,2,False,2026-09-22T17:51:22.778128Z,2026-09-22T18:59:00.205425Z,0.0,6.339153162775117,23.5342972065111,6.316404468849747,23.481477311928895,0.0552821807846054,32,"[""HIP_102098"",""HIP_102488"",""HIP_104887"",""HIP_81377"",""HIP_84012"",""HIP_84970"",""HIP_85927"",""HIP_86228"",""HIP_86263"",""HIP_86670"",""HIP_87073"",""HIP_87261"",""HIP_87833"",""HIP_88635"",""HIP_89341"",""HIP_89642"",""HIP_89931"",""HIP_89962"",""HIP_90185"",""HIP_90422"",""HIP_90496"",""HIP_91117"",""HIP_91262"",""HIP_92041"",""HIP_92420"",""HIP_93085"",""HIP_93194"",""HIP_93506"",""HIP_93683"",""HIP_93864"",""HIP_94141"",""HIP_97165""]",1,5,0,-0.02274869392537049,-0.05281989458219982,-2529.5393522910904,-5837.521995464077,6362.014766473749,
2,step,sample-000002,2,3,False,2026-09-22T17:51:22.779398Z,2026-09-22T18:33:00.624970Z,0.0,6.340270175447796,23.53566011076134,6.319499238940522,23.500978664315223,0.08331980386579353,41,"[""HIP_100453"",""HIP_102098"",""HIP_104060"",""HIP_104732"",""HIP_104887"",""HIP_79882"",""HIP_80112"",""HIP_80763"",""HIP_81266"",""HIP_81377"",""HIP_82396"",""HIP_82514"",""HIP_84012"",""HIP_84143"",""HIP_84970"",""HIP_85927"",""HIP_86228"",""HIP_86263"",""HIP_86670"",""HIP_86742"",""HIP_87073"",""HIP_87261"",""HIP_87833"",""HIP_88048"",""HIP_88635"",""HIP_89341"",""HIP_89642"",""HIP_89931"",""HIP_89962"",""HIP_90185"",""HIP_90422"",""HIP_90496"",""HIP_91262"",""HIP_92041"",""HIP_92420"",""HIP_92855"",""HIP_93194"",""HIP_93506"",""HIP_93864"",""HIP_97165"",""HIP_99675""]",1,5,0,-0.02077093650727413,-0.034681446446114705,-2309.622761265134,-3832.890670603214,4474.975756343896,
2,step,sample-000002,2,4,False,2026-09-22T17:51:22.780624Z,2026-09-22T19:01:47.034312Z,0.0,6.339781237963793,23.53556602824969,6.333128851466407,23.45033782793495,0.014856976544898152,26,"[""HIP_81377"",""HIP_84012"",""HIP_84970"",""HIP_85927"",""HIP_86170"",""HIP_86228"",""HIP_86263"",""HIP_86670"",""HIP_87073"",""HIP_87261"",""HIP_88635"",""HIP_89341"",""HIP_89642"",""HIP_89931"",""HIP_89962"",""HIP_90185"",""HIP_90496"",""HIP_91117"",""HIP_92041"",""HIP_92855"",""HIP_93085"",""HIP_93429"",""HIP_93506"",""HIP_93683"",""HIP_93864"",""HIP_94141""]",1,5,0,-0.006652386497385976,-0.08522820031473088,-739.7116285880866,-9419.048215035804,9448.049654189004,
2,step,sample-000002,2,5,False,2026-09-22T17:51:22.781840Z,2026-09-22T18:09:22.741085Z,0.0,6.340300854240161,23.5330355957056,6.278652598380897,23.47661339590032,0.07325774654555375,29,"[""HIP_78265"",""HIP_78401"",""HIP_78820"",""HIP_79593"",""HIP_80112"",""HIP_81266"",""HIP_81377"",""HIP_82514"",""HIP_82729"",""HIP_84012"",""HIP_84143"",""HIP_84970"",""HIP_85792"",""HIP_85927"",""HIP_86228"",""HIP_86263"",""HIP_86670"",""HIP_87073"",""HIP_87261"",""HIP_88635"",""HIP_89642"",""HIP_89931"",""HIP_90185"",""HIP_90496"",""HIP_92041"",""HIP_92855"",""HIP_93085"",""HIP_93506"",""HIP_93864""]",1,5,0,-0.06164825585926437,-0.05642219980526875,-6854.973288035889,-6235.860277861381,9266.963270544733,
2,summary,sample-000002,2,,,2026-09-22T17:51:22.782970Z,,,6.339342666097659,23.534344345735178,6.314442466630087,23.47549649256814,0.05311831992722308,30,"[""HIP_100453"",""HIP_102098"",""HIP_102488"",""HIP_104060"",""HIP_104732"",""HIP_104887"",""HIP_78265"",""HIP_78401"",""HIP_78820"",""HIP_79593"",""HIP_79882"",""HIP_80112"",""HIP_80763"",""HIP_81266"",""HIP_81377"",""HIP_82396"",""HIP_82514"",""HIP_82729"",""HIP_84012"",""HIP_84143"",""HIP_84970"",""HIP_85792"",""HIP_85927"",""HIP_86170"",""HIP_86228"",""HIP_86263"",""HIP_86670"",""HIP_86742"",""HIP_87073"",""HIP_87261"",""HIP_87833"",""HIP_88048"",""HIP_88635"",""HIP_89341"",""HIP_89642"",""HIP_89931"",""HIP_89962"",""HIP_90185"",""HIP_90422"",""HIP_90496"",""HIP_91117"",""HIP_91262"",""HIP_92041"",""HIP_92420"",""HIP_92855"",""HIP_93085"",""HIP_93194"",""HIP_93429"",""HIP_93506"",""HIP_93683"",""HIP_93805"",""HIP_93864"",""HIP_94141"",""HIP_97165"",""HIP_99675""]",1,5,0,-0.024900199467571937,-0.058847853167037556,-2768.775853231542,-6503.727982877828,7068.56397475872,37425.835678121235
3,step,sample-000003,3,1,False,2026-09-22T17:52:38.102324Z,2026-09-22T18:29:45.283222Z,0.0,21.7822023337638,158.62228214771835,21.70687233974854,158.62568640813365,0.10014231358178023,22,"[""HIP_10064"",""HIP_14576"",""HIP_24305"",""HIP_25606"",""HIP_25985"",""HIP_27628"",""HIP_30122"",""HIP_30324"",""HIP_33579"",""HIP_33856"",""HIP_33977"",""HIP_34444"",""HIP_35904"",""HIP_37229"",""HIP_37677"",""HIP_38170"",""HIP_39757"",""HIP_5447"",""HIP_8796"",""HIP_8903"",""HIP_9640"",""HIP_9884""]",1,5,0,-0.07532999401525942,0.0034042604152944023,-8376.31315866182,351.60167728448147,8383.689274128166,
3,step,sample-000003,3,2,False,2026-09-22T17:52:38.103620Z,2026-09-22T19:34:29.202062Z,0.0,21.7821387598536,158.62425845215154,21.69582050740452,158.5431925336732,0.04364264591751674,31,"[""HIP_10064"",""HIP_14576"",""HIP_15863"",""HIP_17358"",""HIP_17702"",""HIP_18246"",""HIP_18532"",""HIP_24608"",""HIP_25606"",""HIP_25985"",""HIP_26634"",""HIP_27288"",""HIP_27628"",""HIP_28103"",""HIP_30122"",""HIP_32349"",""HIP_33579"",""HIP_33856"",""HIP_33977"",""HIP_34444"",""HIP_35264"",""HIP_35904"",""HIP_37229"",""HIP_37447"",""HIP_37677"",""HIP_37819"",""HIP_38170"",""HIP_39757"",""HIP_8796"",""HIP_9640""]",1,5,0,-0.08631825244907887,-0.08106591847834466,-9598.151749161829,-8373.042020748288,12737.045516603432,
3,step,sample-000003,3,3,False,2026-09-22T17:52:38.104870Z,2026-09-22T18:12:23.881835Z,0.0,21.781328681732678,158.62198437657713,21.781988119522303,158.79009606388308,0.25044605368733164,10,"[""HIP_27288"",""HIP_30122"",""HIP_30867"",""HIP_32349"",""HIP_33579"",""HIP_33856"",""HIP_33977"",""HIP_34444"",""HIP_35904"",""HIP_37229""]",1,5,0,0.0006594377896256276,0.16811168730595227,73.32613664407161,17358.561781613356,17358.715795766428,
3,step,sample-000003,3,4,False,2026-09-22T17:52:38.106040Z,2026-09-22T19:58:48.947027Z,0.0,21.783296360040485,158.62214234758738,21.66567917601587,158.7099629868964,0.17110584470664492,24,"[""HIP_25606"",""HIP_25985"",""HIP_26634"",""HIP_27628"",""HIP_30122"",""HIP_30867"",""HIP_32349"",""HIP_33160"",""HIP_33579"",""HIP_33856"",""HIP_33977"",""HIP_34444"",""HIP_35037"",""HIP_35264"",""HIP_35904"",""HIP_37229"",""HIP_37447"",""HIP_37677"",""HIP_37819"",""HIP_38170"",""HIP_38414"",""HIP_39429"",""HIP_39757""]",1,5,0,-0.11761718402461341,0.08782063930900108,-13078.434149756453,9071.630262753193,15916.653874579313,
3,step,sample-000003,3,5,False,2026-09-22T17:52:38.107165Z,2026-09-22T18:32:39.206186Z,0.0,21.782072352509925,158.62447851644583,21.745281482152826,158.62653505892635,0.13818380864042076,23,"[""HIP_14328"",""HIP_25985"",""HIP_27288"",""HIP_29651"",""HIP_30122"",""HIP_31592"",""HIP_3179"",""HIP_32349"",""HIP_33160"",""HIP_33579"",""HIP_33856"",""HIP_33977"",""HIP_35037"",""HIP_35904"",""HIP_37229"",""HIP_37677"",""HIP_38170"",""HIP_39757"",""HIP_4427"",""HIP_6686"",""HIP_746"",""HIP_8886"",""HIP_9640""]",1,5,0,-0.03679087035709827,0.0020565424805170096,-4090.9581305470124,212.37723233443967,4096.467076934882,
3,summary,sample-000003,3,,,2026-09-22T17:52:38.108255Z,,,21.782253254277826,158.62296890122434,21.71912832496881,158.65909461030253,0.14070412956408196,22,"[""HIP_10064"",""HIP_14328"",""HIP_14576"",""HIP_15863"",""HIP_17358"",""HIP_17702"",""HIP_18246"",""HIP_18532"",""HIP_24305"",""HIP_24608"",""HIP_25606"",""HIP_25985"",""HIP_26634"",""HIP_27288"",""HIP_27628"",""HIP_28103"",""HIP_29651"",""HIP_30122"",""HIP_30324"",""HIP_30867"",""HIP_31592"",""HIP_3179"",""HIP_32349"",""HIP_33160"",""HIP_33579"",""HIP_33856"",""HIP_33977"",""HIP_34444"",""HIP_35037"",""HIP_35264"",""HIP_35904"",""HIP_37229"",""HIP_37447"",""HIP_37677"",""HIP_37819"",""HIP_38170"",""HIP_38414"",""HIP_39429"",""HIP_39757"",""HIP_4427"",""HIP_5447"",""HIP_6686"",""HIP_746"",""HIP_8796"",""HIP_8886"",""HIP_8903"",""HIP_9640"",""HIP_9884""]",1,5,0,-0.0631249293090157,0.0361257090781919,-7019.171883958957,3731.005913342615,7949.162026159561,27600.277794134014
4,step,sample-000004,4,1,False,2026-09-22T17:54:16.211007Z,2026-09-22T19:54:45.737104Z,0.0,-33.1064996326364,171.4899293042546,-33.10697449448432,171.53954166291197,0.09725976232161769,32,"[""HIP_26451"",""HIP_29655"",""HIP_30343"",""HIP_31681"",""HIP_32246"",""HIP_32362"",""HIP_36188"",""HIP_37279"",""HIP_45556"",""HIP_45941"",""HIP_47854"",""HIP_48002"",""HIP_50099"",""HIP_50371"",""HIP_51232"",""HIP_51576"",""HIP_52419"",""HIP_52727"",""HIP_53253"",""HIP_55425"",""HIP_56561"",""HIP_57363"",""HIP_59196"",""HIP_59747"",""HIP_60260"",""HIP_60718"",""HIP_61084"",""HIP_61585"",""HIP_61932"",""HIP_62322"",""HIP_63613""]",1,5,0,-0.00047486184791978303,0.04961235865738445,-52.80222834573988,4621.04047235937,4621.342091229995,
4,step,sample-000004,4,2,False,2026-09-22T17:54:16.212694Z,2026-09-22T19:46:16.299156Z,0.0,-33.10805577839625,171.48916823709368,-33.113351875984854,171.5091849670571,0.07834693108896827,44,"[""HIP_23875"",""HIP_24305"",""HIP_24436"",""HIP_25336"",""HIP_25930"",""HIP_25985"",""HIP_26241"",""HIP_26311"",""HIP_27989"",""HIP_29655"",""HIP_30343"",""HIP_31681"",""HIP_32246"",""HIP_32362"",""HIP_32607"",""HIP_35550"",""HIP_36188"",""HIP_36850"",""HIP_37279"",""HIP_37826"",""HIP_45238"",""HIP_45941"",""HIP_46701"",""HIP_48002"",""HIP_48774"",""HIP_50099"",""HIP_50371"",""HIP_51232"",""HIP_51576"",""HIP_52419"",""HIP_52727"",""HIP_53253"",""HIP_56561"",""HIP_57363"",""HIP_59196"",""HIP_59747"",""HIP_60260"",""HIP_61084"",""HIP_61585"",""HIP_61932"",""HIP_62322"",""HIP_62434"",""HIP_63613""]",1,5,0,-0.005296097588605164,0.02001672996343018,-588.8991828673757,1864.3327151543854,1955.131377732784,
4,step,sample-000004,4,3,False,2026-09-22T17:54:16.213790Z,2026-09-22T20:33:26.389394Z,0.0,-33.10657192261718,171.48926758396505,-33.14834545261189,171.4782362849518,0.0931136101797072,32,"[""HIP_24436"",""HIP_25336"",""HIP_25606"",""HIP_25930"",""HIP_25985"",""HIP_26241"",""HIP_26311"",""HIP_26727"",""HIP_27366"",""HIP_45238"",""HIP_47854"",""HIP_48774"",""HIP_50099"",""HIP_51232"",""HIP_51576"",""HIP_52419"",""HIP_52727"",""HIP_53253"",""HIP_56561"",""HIP_57363"",""HIP_59196"",""HIP_59747"",""HIP_60260"",""HIP_60718"",""HIP_61084"",""HIP_61585"",""HIP_62322"",""HIP_62434"",""HIP_66657"",""HIP_68702"",""HIP_71908""]",1,5,0,-0.041773529994713954,-0.011031299013239959,-4645.004603446492,-1027.245143297845,4757.236618356908,
4,step,sample-000004,4,4,False,2026-09-22T17:54:16.214910Z,2026-09-22T20:44:26.139673Z,0.0,-33.10927398060893,171.48879156571428,-33.14710861189264,171.546913250943,0.08084409346044016,29,"[""HIP_47854"",""HIP_48002"",""HIP_50099"",""HIP_50371"",""HIP_51576"",""HIP_51986"",""HIP_52419"",""HIP_52727"",""HIP_53253"",""HIP_56561"",""HIP_57363"",""HIP_59196"",""HIP_59747"",""HIP_60260"",""HIP_60718"",""HIP_61084"",""HIP_61585"",""HIP_61932"",""HIP_62322"",""HIP_62434"",""HIP_63613"",""HIP_65109"",""HIP_66657"",""HIP_68002"",""HIP_68702"",""HIP_71683"",""HIP_71908"",""HIP_74946""]",1,5,0,-0.03783463128370812,0.05812168522871275,-4207.019050215851,5412.301906448684,6855.072431475876,
4,step,sample-000004,4,5,False,2026-09-22T17:54:16.216077Z,2026-09-22T20:18:23.133668Z,0.0,-33.10925733334511,171.4900350517936,-33.120029821892516,171.48444786807246,0.09697491931923961,38,"[""HIP_24436"",""HIP_25336"",""HIP_25930"",""HIP_26241"",""HIP_26311"",""HIP_26727"",""HIP_27989"",""HIP_29655"",""HIP_30343"",""HIP_31681"",""HIP_32246"",""HIP_32362"",""HIP_36188"",""HIP_36850"",""HIP_37279"",""HIP_37826"",""HIP_45941"",""HIP_47854"",""HIP_48774"",""HIP_50099"",""HIP_50371"",""HIP_51576"",""HIP_52419"",""HIP_56561"",""HIP_57363"",""HIP_59196"",""HIP_59747"",""HIP_60260"",""HIP_60718"",""HIP_61084"",""HIP_61585"",""HIP_61932"",""HIP_62322"",""HIP_62434"",""HIP_63613"",""HIP_66657"",""HIP_68702""]",2,5,0,-0.010772488547402759,-0.00558718372113276,-1197.846073807799,-520.3598332716399,1305.9898815608378,
4,summary,sample-000004,4,,,2026-09-22T17:54:16.217576Z,,,-33.10816141700926,171.4901469924717,-33.12716205137325,171.51166480678728,0.08930786328328068,35,"[""HIP_23875"",""HIP_24305"",""HIP_24436"",""HIP_25336"",""HIP_25606"",""HIP_25930"",""HIP_25985"",""HIP_26241"",""HIP_26311"",""HIP_26451"",""HIP_26727"",""HIP_27366"",""HIP_27989"",""HIP_29655"",""HIP_30343"",""HIP_31681"",""HIP_32246"",""HIP_32362"",""HIP_32607"",""HIP_35550"",""HIP_36188"",""HIP_36850"",""HIP_37279"",""HIP_37826"",""HIP_45238"",""HIP_45556"",""HIP_45941"",""HIP_46701"",""HIP_47854"",""HIP_48002"",""HIP_48774"",""HIP_50099"",""HIP_50371"",""HIP_51232"",""HIP_51576"",""HIP_51986"",""HIP_52419"",""HIP_52727"",""HIP_53253"",""HIP_55425"",""HIP_56561"",""HIP_57363"",""HIP_59196"",""HIP_59747"",""HIP_60260"",""HIP_60718"",""HIP_61084"",""HIP_61585"",""HIP_61932"",""HIP_62322"",""HIP_62434"",""HIP_63613"",""HIP_65109"",""HIP_66657"",""HIP_68002"",""HIP_68702"",""HIP_71683"",""HIP_71908"",""HIP_74946""]",1,5,0,-0.019000634363983693,0.021517814315586747,-2112.7741443032487,2003.9830615734527,2912.003193341629,21428.209143935917
5,step,sample-000005,5,1,False,2026-09-22T17:55:24.470527Z,2026-09-22T20:47:20.662029Z,0.0,39.33068341458871,109.5457810494321,39.2649526247462,109.5964520459787,0.1302740779864997,19,"[""HIP_18543"",""HIP_23685"",""HIP_23875"",""HIP_24305"",""HIP_24436"",""HIP_25336"",""HIP_25606"",""HIP_25930"",""HIP_25985"",""HIP_26207"",""HIP_26241"",""HIP_26311"",""HIP_26727"",""HIP_27366"",""HIP_27989"",""HIP_29655"",""HIP_30324"",""HIP_30343"",""HIP_32362""]",1,5,0,-0.06573078984251168,0.05067099654661433,-7308.930354826993,4360.228480800701,8510.702001854304,
5,step,sample-000005,5,2,False,2026-09-22T17:55:24.472163Z,2026-09-22T20:46:12.547877Z,0.0,39.33114420642991,109.5470498937866,39.25704984501748,109.5740133860892,0.09023256819555606,18,"[""HIP_18543"",""HIP_22449"",""HIP_22549"",""HIP_23685"",""HIP_23875"",""HIP_24436"",""HIP_25281"",""HIP_25606"",""HIP_25930"",""HIP_25985"",""HIP_26207"",""HIP_26241"",""HIP_26311"",""HIP_26727"",""HIP_27366"",""HIP_27989"",""HIP_31681"",""HIP_32362""]",1,5,0,-0.07409436141243475,0.02696349230259898,-8238.917082031105,2320.3260980967175,8559.419699290336,
5,step,sample-000005,5,3,False,2026-09-22T17:55:24.473372Z,2026-09-22T20:24:57.073854Z,0.0,39.330110731466974,109.54784438054782,39.259757437657456,109.63762431240053,0.14940135400595947,25,"[""HIP_18543"",""HIP_22449"",""HIP_23685"",""HIP_24436"",""HIP_25606"",""HIP_25930"",""HIP_25985"",""HIP_26207"",""HIP_26241"",""HIP_26311"",""HIP_26727"",""HIP_27366"",""HIP_27989"",""HIP_28380"",""HIP_29655"",""HIP_30343"",""HIP_31681"",""HIP_32246"",""HIP_32362"",""HIP_33018"",""HIP_35550"",""HIP_36188"",""HIP_36850"",""HIP_37279"",""HIP_37826""]",1,5,0,-0.07035329380951794,0.08977993185271771,-7822.929344352435,7725.862292527669,10994.868995341747,
5,step,sample-000005,5,4,False,2026-09-22T17:55:24.474706Z,2026-09-22T20:51:34.110029Z,0.0,39.33049422727537,109.54912276878179,39.323612973530224,109.57437526947321,0.10492918911285748,35,"[""HIP_105199"",""HIP_106032"",""HIP_109492"",""HIP_111169"",""HIP_112724"",""HIP_116727"",""HIP_18543"",""HIP_22549"",""HIP_23685"",""HIP_23875"",""HIP_24436"",""HIP_25606"",""HIP_25930"",""HIP_25985"",""HIP_26241"",""HIP_26311"",""HIP_26727"",""HIP_27366"",""HIP_27989"",""HIP_28614"",""HIP_2920"",""HIP_29655"",""HIP_30324"",""HIP_30343"",""HIP_31681"",""HIP_3179"",""HIP_32246"",""HIP_32362"",""HIP_35550"",""HIP_36188"",""HIP_37279"",""HIP_4427"",""HIP_6686"",""HIP_746"",""HIP_8886""]",1,5,0,-0.006881253745149252,0.025252500691408386,-765.1605054144661,2172.0645822609563,2302.8971103362996,
5,step,sample-000005,5,5,False,2026-09-22T17:55:24.475855Z,2026-09-22T20:31:41.911723Z,0.0,39.33089289612811,109.54782701220756,39.27427691963042,109.63464118917554,0.16606758966835602,25,"[""HIP_18543"",""HIP_22449"",""HIP_23685"",""HIP_24436"",""HIP_25606"",""HIP_25930"",""HIP_25985"",""HIP_26207"",""HIP_26241"",""HIP_26311"",""HIP_26727"",""HIP_27366"",""HIP_27989"",""HIP_28380"",""HIP_29655"",""HIP_30343"",""HIP_31681"",""HIP_32246"",""HIP_32362"",""HIP_36188"",""HIP_36850"",""HIP_37279"",""HIP_37740"",""HIP_37826""]",1,5,0,-0.0566159764976959,0.08681417696797666,-6295.409353571356,7469.832780621609,9768.856778036694,
5,summary,sample-000005,5,,,2026-09-22T17:55:24.476936Z,,,39.329867111182665,109.54781635376565,39.27592996011636,109.60342124062345,0.12818095582707417,24,"[""HIP_105199"",""HIP_106032"",""HIP_109492"",""HIP_111169"",""HIP_112724"",""HIP_116727"",""HIP_18543"",""HIP_22449"",""HIP_22549"",""HIP_23685"",""HIP_23875"",""HIP_24305"",""HIP_24436"",""HIP_25281"",""HIP_25336"",""HIP_25606"",""HIP_25930"",""HIP_25985"",""HIP_26207"",""HIP_26241"",""HIP_26311"",""HIP_26727"",""HIP_27366"",""HIP_27989"",""HIP_28380"",""HIP_28614"",""HIP_2920"",""HIP_29655"",""HIP_30324"",""HIP_30343"",""HIP_31681"",""HIP_3179"",""HIP_32246"",""HIP_32362"",""HIP_33018"",""HIP_35550"",""HIP_36188"",""HIP_36850"",""HIP_37279"",""HIP_37740"",""HIP_37826"",""HIP_4427"",""HIP_6686"",""HIP_746"",""HIP_8886""]",1,5,0,-0.053937151066307365,0.05560488685779319,-5997.53755623453,4784.441435891837,7672.113840550999,18676.990083258934
6,step,sample-000006,6,1,False,2026-09-22T17:56:42.309593Z,2026-09-22T20:31:07.990102Z,0.0,8.906976480141848,147.6770377720544,8.865377664113918,147.7423336355526,0.164198708963424,22,"[""HIP_30122"",""HIP_30438"",""HIP_32768"",""HIP_33152"",""HIP_33579"",""HIP_33856"",""HIP_33977"",""HIP_34444"",""HIP_35264"",""HIP_35904"",""HIP_36377"",""HIP_37229"",""HIP_37677"",""HIP_37819"",""HIP_38170"",""HIP_38414"",""HIP_38827"",""HIP_39429"",""HIP_39757"",""HIP_39953"",""HIP_44816""]",1,5,0,-0.04159881602793014,0.06529586349819283,-4625.577296726186,7173.421319651264,8535.451727831629,
6,step,sample-000006,6,2,False,2026-09-22T17:56:42.311096Z,2026-09-22T20:54:46.171320Z,0.0,8.907765353554199,147.67624528085395,8.824409714653573,147.74033083670227,0.1736840764373223,21,"[""HIP_30122"",""HIP_30438"",""HIP_31685"",""HIP_32759"",""HIP_32768"",""HIP_33579"",""HIP_33856"",""HIP_35264"",""HIP_35904"",""HIP_36377"",""HIP_37229"",""HIP_37819"",""HIP_38170"",""HIP_38414"",""HIP_38827"",""HIP_39429"",""HIP_39757"",""HIP_39953"",""HIP_42570"",""HIP_44816""]",1,5,0,-0.0833556389006258,0.06408555584832243,-9268.724152965413,7040.842119338398,11639.70341840911,
6,step,sample-000006,6,3,False,2026-09-22T17:56:42.313643Z,2026-09-22T20:19:59.300479Z,0.0,8.905962639471582,147.6746625568755,8.805872362310767,147.5975502902297,0.007815013894550376,23,"[""HIP_26634"",""HIP_27654"",""HIP_28103"",""HIP_30122"",""HIP_30438"",""HIP_31685"",""HIP_32349"",""HIP_32768"",""HIP_33152"",""HIP_33856"",""HIP_33977"",""HIP_35264"",""HIP_35904"",""HIP_36377"",""HIP_37229"",""HIP_37677"",""HIP_37819"",""HIP_38170"",""HIP_38414"",""HIP_39429"",""HIP_39757"",""HIP_39953""]",1,5,0,-0.10009027716081498,-0.0771122666457984,-11129.531026730374,-8472.27291843361,13987.346047024814,
6,step,sample-000006,6,4,False,2026-09-22T17:56:42.315639Z,2026-09-22T21:47:46.927818Z,0.0,8.908096078337994,147.6751250910297,8.829875413246583,147.7522972959667,0.16883799799258278,25,"[""HIP_30122"",""HIP_30438"",""HIP_31592"",""HIP_32768"",""HIP_33152"",""HIP_33579"",""HIP_33856"",""HIP_33977"",""HIP_35264"",""HIP_35904"",""HIP_36377"",""HIP_37229"",""HIP_37677"",""HIP_37819"",""HIP_38170"",""HIP_38414"",""HIP_38827"",""HIP_39429"",""HIP_39757"",""HIP_39953"",""HIP_42536"",""HIP_42570"",""HIP_42913"",""HIP_44816""]",1,5,0,-0.07822066509141123,0.07717220493699983,-8697.741116928068,8478.556762617369,12146.465044410523,
6,step,sample-000006,6,5,False,2026-09-22T17:56:42.318548Z,2026-09-22T19:52:51.094424Z,0.0,8.907801185060057,147.6764518902213,8.886962776491062,147.6836311087465,0.10262845268859726,34,"[""HIP_14328"",""HIP_14576"",""HIP_15863"",""HIP_17358"",""HIP_17702"",""HIP_18246"",""HIP_18532"",""HIP_23416"",""HIP_23767"",""HIP_24608"",""HIP_26634"",""HIP_27072"",""HIP_30122"",""HIP_30438"",""HIP_31685"",""HIP_32768"",""HIP_33152"",""HIP_33579"",""HIP_33856"",""HIP_33977"",""HIP_34444"",""HIP_35037"",""HIP_35264"",""HIP_35904"",""HIP_36377"",""HIP_37229"",""HIP_37677"",""HIP_37819"",""HIP_38170"",""HIP_38414"",""HIP_39429"",""HIP_39757"",""HIP_39953"",""HIP_9640""]",1,5,0,-0.020838408568994993,0.007179218525209308,-2317.1253122187422,788.6867687456685,2447.671653702606,
6,summary,sample-000006,6,,,2026-09-22T17:56:42.319848Z,,,8.907413136542898,147.67560430774984,8.84249958616318,147.70322863343955,0.12343286285294813,25,"[""HIP_14328"",""HIP_14576"",""HIP_15863"",""HIP_17358"",""HIP_17702"",""HIP_18246"",""HIP_18532"",""HIP_23416"",""HIP_23767"",""HIP_24608"",""HIP_26634"",""HIP_27072"",""HIP_27654"",""HIP_28103"",""HIP_30122"",""HIP_30438"",""HIP_31592"",""HIP_31685"",""HIP_32349"",""HIP_32759"",""HIP_32768"",""HIP_33152"",""HIP_33579"",""HIP_33856"",""HIP_33977"",""HIP_34444"",""HIP_35037"",""HIP_35264"",""HIP_35904"",""HIP_36377"",""HIP_37229"",""HIP_37677"",""HIP_37819"",""HIP_38170"",""HIP_38414"",""HIP_38827"",""HIP_39429"",""HIP_39757"",""HIP_39953"",""HIP_42536"",""HIP_42570"",""HIP_42913"",""HIP_44816"",""HIP_9640""]",1,5,0,-0.06491355037971758,0.027624325689714624,-7218.057472710564,3034.9087971081635,7830.135632578796,16869.181008145577
7,step,sample-000007,7,1,False,2026-09-22T17:57:41.711209Z,2026-09-22T22:01:06.868972Z,0.0,-38.321199805728945,3.9109710875427197,-38.31319249903502,3.7209544401942534,0.21201745685678924,11,"[""HIP_82396"",""HIP_82514"",""HIP_82729"",""HIP_84143"",""HIP_85927"",""HIP_86228"",""HIP_86670"",""HIP_87073"",""HIP_87261"",""HIP_89642"",""HIP_90185""]",1,4,1,0.008007306693926353,-0.19001664734847168,890.3718804516249,-16577.520366644985,16601.41094844092,
7,step,sample-000007,7,2,False,2026-09-22T17:57:41.712534Z,2026-09-22T21:05:41.306335Z,0.0,-38.319835390918904,3.9082869454315414,-38.35277649656986,3.8322908936027424,0.16675996316983405,32,"[""HIP_77952"",""HIP_80000"",""HIP_80112"",""HIP_80763"",""HIP_81266"",""HIP_82396"",""HIP_82514"",""HIP_82729"",""HIP_84012"",""HIP_84143"",""HIP_84970"",""HIP_85258"",""HIP_85423"",""HIP_85792"",""HIP_85927"",""HIP_86170"",""HIP_86228"",""HIP_86263"",""HIP_86670"",""HIP_87073"",""HIP_87261"",""HIP_88635"",""HIP_89341"",""HIP_89642"",""HIP_89678"",""HIP_89931"",""HIP_90496"",""HIP_92041"",""HIP_92855"",""HIP_93085"",""HIP_93864"",""HIP_94141""]",1,4,1,-0.03294110565095565,-0.07599605182880964,-3662.883826448672,-6628.334911589027,7573.079668635711,
7,step,sample-000007,7,3,False,2026-09-22T17:57:41.714433Z,2026-09-22T22:03:57.515323Z,0.0,-38.32097834107805,3.9107157015426424,-38.35610613747307,3.796765167623821,0.23267383573496217,11,"[""HIP_80000"",""HIP_82514"",""HIP_82729"",""HIP_85927"",""HIP_86228"",""HIP_86670"",""HIP_87073"",""HIP_87261"",""HIP_88635"",""HIP_89642"",""HIP_90185""]",1,4,1,-0.03512779639501673,-0.1139505339188247,-3906.03274332888,-9938.397734826736,10678.427782280236,
7,step,sample-000007,7,4,False,2026-09-22T17:57:41.715738Z,2026-09-22T22:07:26.898268Z,0.0,-38.31923274658219,3.9106220880744047,-38.32559251260374,3.7465488117641117,0.20383218559097277,16,"[""HIP_82514"",""HIP_82729"",""HIP_84143"",""HIP_85927"",""HIP_86170"",""HIP_86228"",""HIP_86670"",""HIP_87073"",""HIP_87261"",""HIP_88635"",""HIP_89341"",""HIP_89642"",""HIP_89931"",""HIP_90185"",""HIP_90496"",""HIP_92855""]",1,4,1,-0.006359766021553526,-0.16407327631029034,-707.1737162432014,-14313.126851017025,14330.584094305692,
7,step,sample-000007,7,5,True,2026-09-22T17:57:41.716875Z,2026-09-22T22:27:34.020989Z,0.0,-38.3212023896134,3.9107740433665015,-38.13546748258824,3.67890568409944,0.12068288372424245,14,"[""HIP_85927"",""HIP_86228"",""HIP_86670"",""HIP_87073"",""HIP_87261"",""HIP_88635"",""HIP_88839"",""HIP_89341"",""HIP_89642"",""HIP_89931"",""HIP_90185"",""HIP_90496"",""HIP_92855""]",1,4,1,0.18573490702515727,-0.23186835926705385,20652.779361996298,-20253.53483050836,28926.488314669026,
7,summary,sample-000007,7,,,2026-09-22T17:57:41.718004Z,,,-38.32002861552868,3.9098053821127223,-38.336916911420424,3.774139828296228,0.20382086067236707,18,"[""HIP_77952"",""HIP_80000"",""HIP_80112"",""HIP_80763"",""HIP_81266"",""HIP_82396"",""HIP_82514"",""HIP_82729"",""HIP_84012"",""HIP_84143"",""HIP_84970"",""HIP_85258"",""HIP_85423"",""HIP_85792"",""HIP_85927"",""HIP_86170"",""HIP_86228"",""HIP_86263"",""HIP_86670"",""HIP_87073"",""HIP_87261"",""HIP_88635"",""HIP_89341"",""HIP_89642"",""HIP_89678"",""HIP_89931"",""HIP_90185"",""HIP_90496"",""HIP_92041"",""HIP_92855"",""HIP_93085"",""HIP_93864"",""HIP_94141""]",1,4,1,-0.016888295891746452,-0.13566555381649437,-1877.8928228343493,-11833.95603463817,11982.026907166523,16171.01613657714
8,step,sample-000008,8,1,False,2026-09-22T17:59:00.936415Z,2026-09-22T22:47:42.907237Z,0.0,-24.139038875190444,-176.18932148152095,-24.201483743049636,-176.16220809310573,0.12021339596346815,31,"[""HIP_30438"",""HIP_39953"",""HIP_41037"",""HIP_42570"",""HIP_42913"",""HIP_45238"",""HIP_45556"",""HIP_46701"",""HIP_48002"",""HIP_48774"",""HIP_50371"",""HIP_51232"",""HIP_51576"",""HIP_52419"",""HIP_52727"",""HIP_53253"",""HIP_54463"",""HIP_56561"",""HIP_59747"",""HIP_60009"",""HIP_60260"",""HIP_60718"",""HIP_61084"",""HIP_61585"",""HIP_62322"",""HIP_66657"",""HIP_68002"",""HIP_71683"",""HIP_71908"",""HIP_74946"",""HIP_77952""]",1,4,1,-0.06244486785919179,0.027113388415216377,-6943.5525009319945,2750.5657925739224,7468.502680418616,
8,step,sample-000008,8,2,True,2026-09-22T17:59:00.937996Z,2026-09-22T22:10:41.743962Z,0.0,-24.141045742180555,-176.1907662429739,-24.158186939353918,-175.9857551639287,0.11530785327678028,25,"[""HIP_45238"",""HIP_45556"",""HIP_48002"",""HIP_48774"",""HIP_51232"",""HIP_51576"",""HIP_52419"",""HIP_54463"",""HIP_56561"",""HIP_57363"",""HIP_57439"",""HIP_59747"",""HIP_60009"",""HIP_60260"",""HIP_60718"",""HIP_61084"",""HIP_61585"",""HIP_62322"",""HIP_62434"",""HIP_66657"",""HIP_68702"",""HIP_71683"",""HIP_71908"",""HIP_74946"",""HIP_77952""]",1,4,1,-0.0171411971733626,0.20501107904519245,-1906.0141622919716,20801.07450826394,20888.214577677118,
8,step,sample-000008,8,3,False,2026-09-22T17:59:00.939384Z,2026-09-22T23:26:21.331152Z,0.0,-24.139610674088367,-176.18998572028477,-24.18910371278879,-176.1667655021861,0.08587767718589162,29,"[""HIP_39953"",""HIP_41037"",""HIP_42913"",""HIP_45238"",""HIP_45556"",""HIP_45941"",""HIP_46701"",""HIP_48774"",""HIP_50371"",""HIP_51232"",""HIP_51576"",""HIP_52419"",""HIP_52727"",""HIP_53253"",""HIP_54463"",""HIP_56561"",""HIP_60260"",""HIP_60718"",""HIP_61585"",""HIP_62322"",""HIP_62434"",""HIP_68002"",""HIP_68702"",""HIP_71683"",""HIP_71860"",""HIP_71908"",""HIP_74946"",""HIP_77952"",""HIP_82273""]",1,4,1,-0.04949303870042243,0.023220218098657597,-5503.374807709779,2355.7251491377524,5986.365732748281,
8,step,sample-000008,8,4,False,2026-09-22T17:59:00.940819Z,2026-09-22T21:59:10.790850Z,0.0,-24.13903018882329,-176.18837133403093,-24.199445365112684,-176.21467481185118,0.07074187514228145,37,"[""HIP_30324"",""HIP_30438"",""HIP_32349"",""HIP_33579"",""HIP_34444"",""HIP_35264"",""HIP_35904"",""HIP_39429"",""HIP_39757"",""HIP_41037"",""HIP_42536"",""HIP_42570"",""HIP_42913"",""HIP_45238"",""HIP_45556"",""HIP_45941"",""HIP_48002"",""HIP_48774"",""HIP_51232"",""HIP_51576"",""HIP_52419"",""HIP_52727"",""HIP_53253"",""HIP_54463"",""HIP_56561"",""HIP_59196"",""HIP_59747"",""HIP_60260"",""HIP_61585"",""HIP_61932"",""HIP_62322"",""HIP_62434"",""HIP_66657"",""HIP_68702"",""HIP_71683"",""HIP_71908"",""HIP_74946""]",1,4,1,-0.06041517628939275,-0.026303477820249554,-6717.86109571711,-2668.4243681733474,7228.426193210459,
8,step,sample-000008,8,5,False,2026-09-22T17:59:00.942125Z,2026-09-22T23:06:11.441391Z,0.0,-24.138742216606133,-176.19122602077027,-24.19063237426142,-176.14843969967913,0.100573802397424,30,"[""HIP_39953"",""HIP_41037"",""HIP_42913"",""HIP_45238"",""HIP_45556"",""HIP_45941"",""HIP_46651"",""HIP_46701"",""HIP_48774"",""HIP_50371"",""HIP_51232"",""HIP_51576"",""HIP_52419"",""HIP_53253"",""HIP_54463"",""HIP_56561"",""HIP_59196"",""HIP_59747"",""HIP_60260"",""HIP_60718"",""HIP_61084"",""HIP_62322"",""HIP_65109"",""HIP_66657"",""HIP_68002"",""HIP_71683"",""HIP_71860"",""HIP_71908"",""HIP_77952"",""HIP_82273""]",1,4,1,-0.05189015765528637,0.042786321091142554,-5769.922274054156,4340.723745951675,7220.379732044941,
8,summary,sample-000008,8,,,2026-09-22T17:59:00.943321Z,,,-24.139912573039357,-176.18990159020822,-24.19516629880313,-176.17302202670555,0.0943516876244318,32,"[""HIP_30324"",""HIP_30438"",""HIP_32349"",""HIP_33579"",""HIP_34444"",""HIP_35264"",""HIP_35904"",""HIP_39429"",""HIP_39757"",""HIP_39953"",""HIP_41037"",""HIP_42536"",""HIP_42570"",""HIP_42913"",""HIP_45238"",""HIP_45556"",""HIP_45941"",""HIP_46651"",""HIP_46701"",""HIP_48002"",""HIP_48774"",""HIP_50371"",""HIP_51232"",""HIP_51576"",""HIP_52419"",""HIP_52727"",""HIP_53253"",""HIP_54463"",""HIP_56561"",""HIP_59196"",""HIP_59747"",""HIP_60009"",""HIP_60260"",""HIP_60718"",""HIP_61084"",""HIP_61585"",""HIP_61932"",""HIP_62322"",""HIP_62434"",""HIP_65109"",""HIP_66657"",""HIP_68002"",""HIP_68702"",""HIP_71683"",""HIP_71860"",""HIP_71908"",""HIP_74946"",""HIP_77952"",""HIP_82273""]",1,4,1,-0.055253725763773076,0.016879563502669725,-6143.933983141312,1712.4137737732804,6378.109857450702,14946.902851686336
9,step,sample-000009,9,1,False,2026-09-22T18:00:01.589164Z,2026-09-23T00:09:08.010474Z,0.0,41.17386041712838,-48.17987427520728,41.13529079417627,-48.20455355460315,0.07317274336447875,19,"[""HIP_10064"",""HIP_3092"",""HIP_5447"",""HIP_80816"",""HIP_81693"",""HIP_83000"",""HIP_84345"",""HIP_84379"",""HIP_84380"",""HIP_86032"",""HIP_86742"",""HIP_86974"",""HIP_87933"",""HIP_8796"",""HIP_8903"",""HIP_90139"",""HIP_91262"",""HIP_9640"",""HIP_9884""]",1,5,0,-0.038569622952110194,-0.024679279395854792,-4288.7463948681825,-2066.217427228373,4760.525132460571,
9,step,sample-000009,9,2,False,2026-09-22T18:00:01.591885Z,2026-09-22T23:52:22.687314Z,0.0,41.174822897272485,-48.1808399537112,41.17284016190765,-48.227549819436014,0.03510751601678811,29,"[""HIP_100064"",""HIP_100345"",""HIP_106032"",""HIP_116727"",""HIP_14328"",""HIP_2920"",""HIP_3179"",""HIP_4427"",""HIP_6686"",""HIP_746"",""HIP_74666"",""HIP_76267"",""HIP_80816"",""HIP_81693"",""HIP_83000"",""HIP_84345"",""HIP_84379"",""HIP_84380"",""HIP_86974"",""HIP_87933"",""HIP_8886"",""HIP_93747"",""HIP_93805"",""HIP_95501"",""HIP_9640"",""HIP_97278"",""HIP_97649"",""HIP_97804"",""HIP_99473""]",1,5,0,-0.001982735364833843,-0.04670986572480729,-220.47011344827158,-3909.529993446441,3915.741496658792,
9,step,sample-000009,9,3,False,2026-09-22T18:00:01.593110Z,2026-09-22T23:05:39.804759Z,0.0,41.175684409653144,-48.18053122132022,41.14662870921386,-48.19832552567883,0.06338706748501546,23,"[""HIP_109176"",""HIP_112158"",""HIP_112748"",""HIP_113726"",""HIP_113881"",""HIP_113963"",""HIP_677"",""HIP_76267"",""HIP_80816"",""HIP_81693"",""HIP_81833"",""HIP_84345"",""HIP_84379"",""HIP_84380"",""HIP_86974"",""HIP_87933"",""HIP_91117"",""HIP_93747"",""HIP_93805"",""HIP_95501"",""HIP_97649"",""HIP_98036"",""HIP_99473""]",1,5,0,-0.029055700439286625,-0.01779430435860263,-3230.8464789527493,-1489.6387318822717,3557.7229175083858,
9,step,sample-000009,9,4,False,2026-09-22T18:00:01.594291Z,2026-09-23T00:04:59.606756Z,0.0,41.17626427683828,-48.17978762197964,41.17047875923912,-48.224005769280076,0.04628286282603209,30,"[""HIP_100064"",""HIP_100345"",""HIP_112724"",""HIP_116727"",""HIP_14328"",""HIP_2920"",""HIP_3179"",""HIP_4427"",""HIP_6686"",""HIP_80816"",""HIP_81693"",""HIP_83000"",""HIP_84345"",""HIP_84379"",""HIP_84380"",""HIP_86032"",""HIP_86742"",""HIP_86974"",""HIP_87933"",""HIP_8886"",""HIP_91262"",""HIP_92420"",""HIP_93805"",""HIP_95501"",""HIP_9640"",""HIP_97278"",""HIP_97649"",""HIP_98036"",""HIP_99473""]",1,5,0,-0.005785517599164791,-0.044218147300426835,-643.3202050399325,-3701.0037252155785,3756.499584356519,
9,step,sample-000009,9,5,False,2026-09-22T18:00:01.595420Z,2026-09-22T23:24:29.290134Z,0.0,41.1747876634906,-48.17804614108803,41.14866544941417,-48.15916811616039,0.08571358644050611,23,"[""HIP_1067"",""HIP_112724"",""HIP_112748"",""HIP_113881"",""HIP_116584"",""HIP_2920"",""HIP_3092"",""HIP_3179"",""HIP_4427"",""HIP_5447"",""HIP_6686"",""HIP_677"",""HIP_746"",""HIP_80816"",""HIP_81693"",""HIP_83000"",""HIP_84345"",""HIP_84379"",""HIP_84380"",""HIP_86032"",""HIP_86742"",""HIP_86974"",""HIP_91262""]",1,5,0,-0.02612221407643034,0.018878024927630577,-2904.657678022131,1580.3479567361596,3306.7409542642854,
9,summary,sample-000009,9,,,2026-09-22T18:00:01.596550Z,,,41.17543947619964,-48.17934612426225,41.15478077479021,-48.20272055703168,0.06073275525003082,25,"[""HIP_100064"",""HIP_100345"",""HIP_10064"",""HIP_106032"",""HIP_1067"",""HIP_109176"",""HIP_112158"",""HIP_112724"",""HIP_112748"",""HIP_113726"",""HIP_113881"",""HIP_113963"",""HIP_116584"",""HIP_116727"",""HIP_14328"",""HIP_2920"",""HIP_3092"",""HIP_3179"",""HIP_4427"",""HIP_5447"",""HIP_6686"",""HIP_677"",""HIP_746"",""HIP_74666"",""HIP_76267"",""HIP_80816"",""HIP_81693"",""HIP_81833"",""HIP_83000"",""HIP_84345"",""HIP_84379"",""HIP_84380"",""HIP_86032"",""HIP_86742"",""HIP_86974"",""HIP_87933"",""HIP_8796"",""HIP_8886"",""HIP_8903"",""HIP_90139"",""HIP_91117"",""HIP_91262"",""HIP_92420"",""HIP_93747"",""HIP_93805"",""HIP_95501"",""HIP_9640"",""HIP_97278"",""HIP_97649"",""HIP_97804"",""HIP_98036"",""HIP_9884"",""HIP_99473""]",1,5,0,-0.020658701409431046,-0.02337443276942963,-2297.142787793527,-1956.6575421650973,3017.5111541158,13621.41488528961
10,step,sample-000010,10,1,False,2026-09-22T18:01:48.909647Z,2026-09-23T00:46:30.665781Z,0.0,-43.70951833343729,-162.78915329657596,-43.72810588044388,-162.74066237884654,0.07377371780240564,44,"[""HIP_39429"",""HIP_39953"",""HIP_41037"",""HIP_42913"",""HIP_44816"",""HIP_45238"",""HIP_45556"",""HIP_45941"",""HIP_46701"",""HIP_47854"",""HIP_48002"",""HIP_48774"",""HIP_50371"",""HIP_51576"",""HIP_52419"",""HIP_52727"",""HIP_56561"",""HIP_60718"",""HIP_61585"",""HIP_63613"",""HIP_68702"",""HIP_80112"",""HIP_80763"",""HIP_82396"",""HIP_82514"",""HIP_83081"",""HIP_84012"",""HIP_84143"",""HIP_85258"",""HIP_85792"",""HIP_85927"",""HIP_86228"",""HIP_86670"",""HIP_87073"",""HIP_87261"",""HIP_88635"",""HIP_89642"",""HIP_89931"",""HIP_90185"",""HIP_90496"",""HIP_92041"",""HIP_92855"",""HIP_93085"",""HIP_93506""]",1,4,1,-0.01858754700658949,0.048490917729424154,-2066.8409259000055,3896.9750766724733,4411.150102824855,
10,step,sample-000010,10,2,False,2026-09-22T18:01:48.911216Z,2026-09-23T00:51:15.085771Z,0.0,-43.709909715289726,-162.78617116661,-43.730542078699045,-162.74542829629823,0.0879510428433987,41,"[""HIP_39429"",""HIP_39953"",""HIP_41037"",""HIP_42913"",""HIP_44816"",""HIP_45238"",""HIP_45556"",""HIP_45941"",""HIP_46701"",""HIP_48002"",""HIP_48774"",""HIP_50099"",""HIP_50371"",""HIP_51576"",""HIP_52419"",""HIP_52727"",""HIP_57363"",""HIP_60260"",""HIP_60718"",""HIP_78820"",""HIP_80112"",""HIP_81266"",""HIP_82396"",""HIP_84012"",""HIP_84143"",""HIP_84970"",""HIP_85792"",""HIP_85927"",""HIP_86670"",""HIP_87073"",""HIP_87261"",""HIP_88635"",""HIP_89341"",""HIP_89642"",""HIP_89931"",""HIP_90185"",""HIP_90496"",""HIP_92041"",""HIP_92855"",""HIP_93085"",""HIP_93506""]",1,4,1,-0.02063236340931951,0.04074287031176027,-2294.2141358031604,3274.225590202915,3997.9958813131234,
10,step,sample-000010,10,3,False,2026-09-22T18:01:48.912442Z,2026-09-23T00:20:10.290190Z,0.0,-43.71053467753657,-162.78751444380745,-43.73155133983175,-162.71407576470781,0.04535965653684509,41,"[""HIP_39429"",""HIP_39953"",""HIP_41037"",""HIP_42913"",""HIP_44816"",""HIP_45238"",""HIP_45556"",""HIP_45941"",""HIP_46701"",""HIP_48002"",""HIP_52727"",""HIP_71908"",""HIP_77952"",""HIP_78265"",""HIP_78401"",""HIP_78820"",""HIP_80112"",""HIP_80763"",""HIP_81266"",""HIP_82273"",""HIP_82514"",""HIP_83081"",""HIP_84012"",""HIP_84143"",""HIP_84970"",""HIP_85258"",""HIP_85792"",""HIP_85927"",""HIP_86228"",""HIP_86263"",""HIP_86670"",""HIP_87073"",""HIP_87261"",""HIP_88635"",""HIP_89341"",""HIP_89642"",""HIP_89931"",""HIP_90185"",""HIP_90496"",""HIP_92041"",""HIP_93506""]",1,4,1,-0.02101666229518173,0.0734386790996382,-2336.946222226196,5901.68344122965,6347.533485240389,
10,step,sample-000010,10,4,True,2026-09-22T18:01:48.913553Z,2026-09-23T00:18:01.143962Z,0.0,-43.70919583271809,-162.78819714216363,-43.72582473429671,-162.68818635660472,0.015004127315541876,27,"[""HIP_78401"",""HIP_78820"",""HIP_80112"",""HIP_80763"",""HIP_81266"",""HIP_82396"",""HIP_82514"",""HIP_82729"",""HIP_83081"",""HIP_83153"",""HIP_84143"",""HIP_84970"",""HIP_85258"",""HIP_85792"",""HIP_85927"",""HIP_86263"",""HIP_86670"",""HIP_87073"",""HIP_87261"",""HIP_88635"",""HIP_89341"",""HIP_89642"",""HIP_89931"",""HIP_90185"",""HIP_90496"",""HIP_92041"",""HIP_93506""]",1,4,1,-0.016628901578620514,0.10001078555890786,-1849.049491214295,8037.546508833281,8247.492247404063,
10,step,sample-000010,10,5,False,2026-09-22T18:01:48.914669Z,2026-09-23T00:57:49.941390Z,0.0,-43.708890000472465,-162.78952174419652,-43.7427652432939,-162.73196134759974,0.06554629329044662,42,"[""HIP_39953"",""HIP_41037"",""HIP_42913"",""HIP_44816"",""HIP_45238"",""HIP_45556"",""HIP_45941"",""HIP_46701"",""HIP_47854"",""HIP_48002"",""HIP_48774"",""HIP_50099"",""HIP_50371"",""HIP_51576"",""HIP_52419"",""HIP_53253"",""HIP_56561"",""HIP_57363"",""HIP_60718"",""HIP_61585"",""HIP_63613"",""HIP_83081"",""HIP_84012"",""HIP_84970"",""HIP_85792"",""HIP_85927"",""HIP_86228"",""HIP_86263"",""HIP_86670"",""HIP_87073"",""HIP_87261"",""HIP_88635"",""HIP_89341"",""HIP_89642"",""HIP_89931"",""HIP_90185"",""HIP_90496"",""HIP_92041"",""HIP_92855"",""HIP_93085"",""HIP_93506"",""HIP_94141""]",1,4,1,-0.03387524282143772,0.05756039659678436,-3766.7551405963823,4625.302548434506,5965.053625957186,
10,summary,sample-000010,10,,,2026-09-22T18:01:48.917073Z,,,-43.71019000852826,-162.7882321816151,-43.73324113556715,-162.7330319468631,0.06815767766822306,42,"[""HIP_39429"",""HIP_39953"",""HIP_41037"",""HIP_42913"",""HIP_44816"",""HIP_45238"",""HIP_45556"",""HIP_45941"",""HIP_46701"",""HIP_47854"",""HIP_48002"",""HIP_48774"",""HIP_50099"",""HIP_50371"",""HIP_51576"",""HIP_52419"",""HIP_52727"",""HIP_53253"",""HIP_56561"",""HIP_57363"",""HIP_60260"",""HIP_60718"",""HIP_61585"",""HIP_63613"",""HIP_68702"",""HIP_71908"",""HIP_77952"",""HIP_78265"",""HIP_78401"",""HIP_78820"",""HIP_80112"",""HIP_80763"",""HIP_81266"",""HIP_82273"",""HIP_82396"",""HIP_82514"",""HIP_83081"",""HIP_84012"",""HIP_84143"",""HIP_84970"",""HIP_85258"",""HIP_85792"",""HIP_85927"",""HIP_86228"",""HIP_86263"",""HIP_86670"",""HIP_87073"",""HIP_87261"",""HIP_88635"",""HIP_89341"",""HIP_89642"",""HIP_89931"",""HIP_90185"",""HIP_90496"",""HIP_92041"",""HIP_92855"",""HIP_93085"",""HIP_93506"",""HIP_94141""]",1,4,1,-0.02305112703889023,0.055200234751993094,-2563.1683801638032,4435.954708028892,5123.233802589874,12771.596777019637
11,step,sample-000011,11,1,False,2026-09-22T18:03:18.157036Z,2026-09-23T00:16:58.493864Z,0.0,61.38807719360959,110.31490808084214,80.28619092802316,-179.17976759140527,60.1456619846113,25,"[""HIP_109492"",""HIP_111169"",""HIP_116727"",""HIP_20894"",""HIP_21421"",""HIP_23015"",""HIP_25336"",""HIP_26451"",""HIP_27989"",""HIP_28380"",""HIP_29655"",""HIP_30343"",""HIP_31681"",""HIP_3179"",""HIP_32246"",""HIP_32362"",""HIP_36188"",""HIP_37279"",""HIP_37740"",""HIP_37826"",""HIP_4427"",""HIP_6686"",""HIP_746"",""HIP_8886""]",3,5,0,18.89811373441357,70.50532432775259,2101374.3704186445,2573461.0387414303,2984607.9975374024,
11,step,sample-000011,11,2,False,2026-09-22T18:03:18.158737Z,2026-09-23T00:26:24.269998Z,0.0,61.38722298550205,110.31959291875972,84.43195778423448,-179.72292359218312,53.985486769193486,30,"[""HIP_10064"",""HIP_109492"",""HIP_116727"",""HIP_14328"",""HIP_14576"",""HIP_15863"",""HIP_17358"",""HIP_17702"",""HIP_18246"",""HIP_18532"",""HIP_21421"",""HIP_23015"",""HIP_23453"",""HIP_24608"",""HIP_25336"",""HIP_26451"",""HIP_27989"",""HIP_29655"",""HIP_30343"",""HIP_31681"",""HIP_3179"",""HIP_32362"",""HIP_36188"",""HIP_37279"",""HIP_4427"",""HIP_6686"",""HIP_746"",""HIP_8886"",""HIP_9640""]",3,5,0,23.044734798732435,69.95748348905715,2562457.595488363,2286070.8202645457,3021124.1430752394,
11,step,sample-000011,11,3,False,2026-09-22T18:03:18.159860Z,2026-09-23T01:40:14.032458Z,0.0,61.38672946721163,110.31992751091735,88.71236137058126,-179.65160716034708,51.648222388544504,26,"[""HIP_14328"",""HIP_14354"",""HIP_14576"",""HIP_15863"",""HIP_17358"",""HIP_17702"",""HIP_18246"",""HIP_18532"",""HIP_20889"",""HIP_23015"",""HIP_23416"",""HIP_23767"",""HIP_24608"",""HIP_26451"",""HIP_27989"",""HIP_28360"",""HIP_28380"",""HIP_30343"",""HIP_31681"",""HIP_32246"",""HIP_32362"",""HIP_36188"",""HIP_6686"",""HIP_8886"",""HIP_9640""]",3,5,0,27.325631903369633,70.02846532873559,3038471.6350114,2008869.937387103,3135392.2948759333,
11,step,sample-000011,11,4,False,2026-09-22T18:03:18.160945Z,2026-09-23T01:38:59.972200Z,0.0,61.38696467270102,110.31724548720854,85.22803200489803,-179.7908608405724,53.66769342456683,35,"[""HIP_102422"",""HIP_105199"",""HIP_109492"",""HIP_112724"",""HIP_116727"",""HIP_14328"",""HIP_14354"",""HIP_14576"",""HIP_15863"",""HIP_17358"",""HIP_17702"",""HIP_18246"",""HIP_18532"",""HIP_21421"",""HIP_23015"",""HIP_23416"",""HIP_23453"",""HIP_23767"",""HIP_24608"",""HIP_25428"",""HIP_26207"",""HIP_26451"",""HIP_27989"",""HIP_28358"",""HIP_28380"",""HIP_30343"",""HIP_31681"",""HIP_32246"",""HIP_32362"",""HIP_36188"",""HIP_37740"",""HIP_4427"",""HIP_746"",""HIP_9640""]",3,5,0,23.841067332197007,69.89189367221906,2651005.7331316317,2232283.7106332784,3036868.399417412,
11,step,sample-000011,11,5,False,2026-09-22T18:03:18.162247Z,2026-09-23T00:54:10.213965Z,0.0,61.38642888532215,110.3211843028867,89.96889242916554,-179.14712749649325,55.09630774784523,31,"[""HIP_10064"",""HIP_14328"",""HIP_14576"",""HIP_15863"",""HIP_17358"",""HIP_17702"",""HIP_18246"",""HIP_18532"",""HIP_20894"",""HIP_21421"",""HIP_23015"",""HIP_23416"",""HIP_23453"",""HIP_23767"",""HIP_24608"",""HIP_25336"",""HIP_25428"",""HIP_26451"",""HIP_27989"",""HIP_28380"",""HIP_29655"",""HIP_30343"",""HIP_31681"",""HIP_32246"",""HIP_32362"",""HIP_35550"",""HIP_36188"",""HIP_37279"",""HIP_37826"",""HIP_9640""]",3,5,0,28.58246354384339,70.53168820062001,3178224.9370784396,1940118.3963473712,3180532.6359841526,
11,summary,sample-000011,11,,,2026-09-22T18:03:18.164908Z,,,61.38733277330556,110.31803932806815,85.7254869033805,-179.4984573362002,54.9075945450558,29,"[""HIP_10064"",""HIP_102422"",""HIP_105199"",""HIP_109492"",""HIP_111169"",""HIP_112724"",""HIP_116727"",""HIP_14328"",""HIP_14354"",""HIP_14576"",""HIP_15863"",""HIP_17358"",""HIP_17702"",""HIP_18246"",""HIP_18532"",""HIP_20889"",""HIP_20894"",""HIP_21421"",""HIP_23015"",""HIP_23416"",""HIP_23453"",""HIP_23767"",""HIP_24608"",""HIP_25336"",""HIP_25428"",""HIP_26207"",""HIP_26451"",""HIP_27989"",""HIP_28358"",""HIP_28360"",""HIP_28380"",""HIP_29655"",""HIP_30343"",""HIP_31681"",""HIP_3179"",""HIP_32246"",""HIP_32362"",""HIP_35550"",""HIP_36188"",""HIP_37279"",""HIP_37740"",""HIP_37826"",""HIP_4427"",""HIP_6686"",""HIP_746"",""HIP_8886"",""HIP_9640""]",3,5,0,24.33815413007494,70.18350333573164,2706279.263157647,2209101.7621202073,3050610.2367572663,288938.74586613296
12,step,sample-000012,12,1,False,2026-09-22T18:04:12.424573Z,2026-09-23T00:42:39.367479Z,0.0,-22.262781730440278,-39.8276575800208,-22.33116062552262,-39.90993836654212,0.15303639924576665,16,"[""HIP_84143"",""HIP_85258"",""HIP_85423"",""HIP_85792"",""HIP_85927"",""HIP_86228"",""HIP_87073"",""HIP_87261"",""HIP_88635"",""HIP_88839"",""HIP_89341"",""HIP_89642"",""HIP_89931"",""HIP_90185"",""HIP_90496"",""HIP_92855""]",1,5,0,-0.0683788950823434,-0.08228078652132353,-7603.386222717153,-8465.117840154848,11378.474745368552,
12,step,sample-000012,12,2,False,2026-09-22T18:04:12.426235Z,2026-09-23T02:17:14.506786Z,0.0,-22.262638946952432,-39.829743532760375,-22.325249434818062,-39.84634352499873,0.02131270437408293,8,"[""HIP_10602"",""HIP_13847"",""HIP_5165"",""HIP_6867"",""HIP_7588"",""HIP_765"",""HIP_9007"",""HIP_9236""]",1,5,0,-0.06261048786562995,-0.016599992238354844,-6961.968605398757,-1707.858425643859,7168.3880213779,
12,step,sample-000012,12,3,False,2026-09-22T18:04:12.428533Z,2026-09-23T01:02:42.651202Z,0.0,-22.26219658474856,-39.82927928865891,-22.354645905370386,-39.88679705597266,0.18590697432048972,12,"[""HIP_85927"",""HIP_86228"",""HIP_86670"",""HIP_87073"",""HIP_87261"",""HIP_88635"",""HIP_88839"",""HIP_89341"",""HIP_89931"",""HIP_90185"",""HIP_90496"",""HIP_92855""]",1,5,0,-0.09244932062182798,-0.057517767313754575,-10279.895424883454,-5916.992152701466,11861.156529856873,
12,step,sample-000012,12,4,False,2026-09-22T18:04:12.430088Z,2026-09-23T01:41:47.002508Z,0.0,-22.26237802246147,-39.83016038674867,-22.338114571647086,-39.94544615622572,0.19128056240577546,15,"[""HIP_100064"",""HIP_89642"",""HIP_89931"",""HIP_90185"",""HIP_90496"",""HIP_92041"",""HIP_92855"",""HIP_93026"",""HIP_93085"",""HIP_93429"",""HIP_93506"",""HIP_93683"",""HIP_93805"",""HIP_93864"",""HIP_94141""]",1,5,0,-0.07573654918561701,-0.1152857694770546,-8421.520031006698,-11860.420739203955,14546.186513691859,
12,step,sample-000012,12,5,False,2026-09-22T18:04:12.431599Z,2026-09-23T01:54:23.469423Z,0.0,-22.260971545918604,-39.829212992846635,-22.281138547935218,-39.97563067066472,0.1591511914429579,20,"[""HIP_100064"",""HIP_100345"",""HIP_90185"",""HIP_92041"",""HIP_92855"",""HIP_93085"",""HIP_93429"",""HIP_93506"",""HIP_93683"",""HIP_93805"",""HIP_93864"",""HIP_94141"",""HIP_95168"",""HIP_95501"",""HIP_97278"",""HIP_97649"",""HIP_97804"",""HIP_98036"",""HIP_98337"",""HIP_99473""]",1,5,0,-0.020167002016613367,-0.14641767781807857,-2242.4683098779915,-15066.368681164751,15232.337578050996,
12,summary,sample-000012,12,,,2026-09-22T18:04:12.433325Z,,,-22.2627151293973,-39.82917731261222,-22.326061817058676,-39.91283115488079,0.14213758214843933,14,"[""HIP_100064"",""HIP_100345"",""HIP_10602"",""HIP_13847"",""HIP_5165"",""HIP_6867"",""HIP_7588"",""HIP_765"",""HIP_84143"",""HIP_85258"",""HIP_85423"",""HIP_85792"",""HIP_85927"",""HIP_86228"",""HIP_86670"",""HIP_87073"",""HIP_87261"",""HIP_88635"",""HIP_88839"",""HIP_89341"",""HIP_89642"",""HIP_89931"",""HIP_9007"",""HIP_90185"",""HIP_90496"",""HIP_92041"",""HIP_9236"",""HIP_92855"",""HIP_93026"",""HIP_93085"",""HIP_93429"",""HIP_93506"",""HIP_93683"",""HIP_93805"",""HIP_93864"",""HIP_94141"",""HIP_95168"",""HIP_95501"",""HIP_97278"",""HIP_97649"",""HIP_97804"",""HIP_98036"",""HIP_98337"",""HIP_99473""]",1,5,0,-0.06334668766137597,-0.08365384226857486,-7043.830287682475,-8606.538068309912,11121.512010445269,265787.30971149233
13,step,sample-000013,13,1,False,2026-09-22T18:05:16.648848Z,2026-09-23T03:04:11.021694Z,0.0,-22.088687144100724,22.02611872720007,-22.09627958493153,22.102930000864113,0.06657624468660503,25,"[""HIP_26207"",""HIP_27989"",""HIP_30343"",""HIP_30438"",""HIP_31681"",""HIP_32362"",""HIP_32768"",""HIP_35264"",""HIP_36188"",""HIP_36377"",""HIP_37279"",""HIP_37819"",""HIP_38170"",""HIP_38414"",""HIP_39429"",""HIP_39953"",""HIP_41037"",""HIP_42913"",""HIP_44816"",""HIP_45238"",""HIP_45556"",""HIP_45941"",""HIP_46701"",""HIP_47854"",""HIP_48002""]",1,4,1,-0.007592440830805458,0.07681127366404894,-844.2409012345655,7913.924708034123,7958.8281499199675,
13,step,sample-000013,13,2,False,2026-09-22T18:05:16.650102Z,2026-09-23T01:41:42.149563Z,0.0,-22.089165316754126,22.02736542594488,-22.159160388880082,22.115016247351154,0.017636695132377044,27,"[""HIP_22449"",""HIP_23875"",""HIP_24305"",""HIP_24436"",""HIP_25336"",""HIP_26241"",""HIP_26311"",""HIP_26634"",""HIP_26727"",""HIP_27366"",""HIP_27628"",""HIP_30122"",""HIP_30324"",""HIP_30438"",""HIP_33579"",""HIP_33856"",""HIP_33977"",""HIP_34444"",""HIP_35264"",""HIP_35904"",""HIP_37229"",""HIP_37677"",""HIP_37819"",""HIP_38170"",""HIP_38414"",""HIP_39429"",""HIP_39953""]",1,4,1,-0.06999507212595546,0.087650821406271,-7783.096910526216,9028.7035204819,11920.321613083437,
13,step,sample-000013,13,3,True,2026-09-22T18:05:16.651170Z,2026-09-23T01:42:06.200007Z,0.0,-22.08864208029152,22.02672099848911,-22.26562697472147,21.73767954524234,0.20248829923049927,26,"[""HIP_22449"",""HIP_24305"",""HIP_24436"",""HIP_25281"",""HIP_25606"",""HIP_25930"",""HIP_26241"",""HIP_26311"",""HIP_26727"",""HIP_27366"",""HIP_30122"",""HIP_30324"",""HIP_33579"",""HIP_33856"",""HIP_33977"",""HIP_34444"",""HIP_35037"",""HIP_35264"",""HIP_35904"",""HIP_37229"",""HIP_37677"",""HIP_37819"",""HIP_38170"",""HIP_39429"",""HIP_39953""]",2,4,1,-0.1769848944299497,-0.28904145324676733,-19679.822353333228,-29762.271941594736,35680.34355058729,
13,step,sample-000013,13,4,False,2026-09-22T18:05:16.652238Z,2026-09-23T03:07:33.535989Z,0.0,-22.088719803933394,22.026149815953204,-22.085938056896893,22.07508992038693,0.10633119473370398,32,"[""HIP_23015"",""HIP_23767"",""HIP_25428"",""HIP_26451"",""HIP_27989"",""HIP_28380"",""HIP_29655"",""HIP_30343"",""HIP_30438"",""HIP_31681"",""HIP_32768"",""HIP_33856"",""HIP_35264"",""HIP_35904"",""HIP_36377"",""HIP_37229"",""HIP_37677"",""HIP_37819"",""HIP_38170"",""HIP_38414"",""HIP_39429"",""HIP_39757"",""HIP_39953"",""HIP_41037"",""HIP_42913"",""HIP_44816"",""HIP_45238"",""HIP_45556"",""HIP_45941"",""HIP_46701"",""HIP_47854"",""HIP_48002""]",1,4,1,0.0027817470365008035,0.04894010443371144,309.3161576674255,5042.520773147413,5051.99881304133,
13,step,sample-000013,13,5,False,2026-09-22T18:05:16.653308Z,2026-09-23T02:57:24.431461Z,0.0,-22.089286815004435,22.028581458646556,-22.08522599538411,22.11283345417832,0.08772745576245757,33,"[""HIP_17702"",""HIP_20894"",""HIP_21421"",""HIP_22449"",""HIP_25336"",""HIP_25428"",""HIP_26207"",""HIP_30122"",""HIP_30277"",""HIP_30438"",""HIP_31685"",""HIP_32759"",""HIP_32768"",""HIP_33856"",""HIP_33977"",""HIP_34444"",""HIP_35264"",""HIP_35904"",""HIP_36377"",""HIP_37229"",""HIP_37677"",""HIP_37819"",""HIP_38170"",""HIP_39429"",""HIP_39757"",""HIP_39953"",""HIP_41037"",""HIP_42913"",""HIP_44816"",""HIP_45238"",""HIP_45556"",""HIP_45941"",""HIP_46701""]",1,4,1,0.004060819620324452,0.08425199553175844,451.54253979876233,8680.86941762073,8692.605049351116,
13,summary,sample-000013,13,,,2026-09-22T18:05:16.654362Z,,,-22.089298559899202,22.027401661642045,-22.106651006523155,22.101467405695132,0.06956789865004795,29,"[""HIP_17702"",""HIP_20894"",""HIP_21421"",""HIP_22449"",""HIP_23015"",""HIP_23767"",""HIP_23875"",""HIP_24305"",""HIP_24436"",""HIP_25336"",""HIP_25428"",""HIP_26207"",""HIP_26241"",""HIP_26311"",""HIP_26451"",""HIP_26634"",""HIP_26727"",""HIP_27366"",""HIP_27628"",""HIP_27989"",""HIP_28380"",""HIP_29655"",""HIP_30122"",""HIP_30277"",""HIP_30324"",""HIP_30343"",""HIP_30438"",""HIP_31681"",""HIP_31685"",""HIP_32362"",""HIP_32759"",""HIP_32768"",""HIP_33579"",""HIP_33856"",""HIP_33977"",""HIP_34444"",""HIP_35264"",""HIP_35904"",""HIP_36188"",""HIP_36377"",""HIP_37229"",""HIP_37279"",""HIP_37677"",""HIP_37819"",""HIP_38170"",""HIP_38414"",""HIP_39429"",""HIP_39757"",""HIP_39953"",""HIP_41037"",""HIP_42913"",""HIP_44816"",""HIP_45238"",""HIP_45556"",""HIP_45941"",""HIP_46701"",""HIP_47854"",""HIP_48002""]",1,4,1,-0.017352446623952744,0.07406574405308675,-1929.5040294540463,7630.753768728044,7870.920344275745,245947.5874524757
14,step,sample-000014,14,1,True,2026-09-22T18:06:19.150370Z,2026-09-23T02:35:32.936441Z,0.0,23.09352415365031,-75.13704612761163,23.05856169450536,-75.20162813278468,0.0971296396886021,22,"[""HIP_86974"",""HIP_88048"",""HIP_88771"",""HIP_89962"",""HIP_91117"",""HIP_91262"",""HIP_92175"",""HIP_92420"",""HIP_93085"",""HIP_93194"",""HIP_93244"",""HIP_93429"",""HIP_93747"",""HIP_93805"",""HIP_94141"",""HIP_95501"",""HIP_95947"",""HIP_97165"",""HIP_97278"",""HIP_97365"",""HIP_97804"",""HIP_98036""]",1,4,1,-0.034962459144949776,-0.06458200517306523,-3887.648079936072,-6606.591641293849,7665.563117375113,
14,step,sample-000014,14,2,False,2026-09-22T18:06:19.152025Z,2026-09-23T03:42:25.818475Z,0.0,23.093508335845765,-75.13368854156234,23.128808711605533,-75.1863217947621,0.061283825444811334,36,"[""HIP_100453"",""HIP_101769"",""HIP_102422"",""HIP_102453"",""HIP_105199"",""HIP_106032"",""HIP_109492"",""HIP_110991"",""HIP_116584"",""HIP_116727"",""HIP_3179"",""HIP_4427"",""HIP_6686"",""HIP_746"",""HIP_8886"",""HIP_89937"",""HIP_90139"",""HIP_91262"",""HIP_92420"",""HIP_93194"",""HIP_93244"",""HIP_93429"",""HIP_93747"",""HIP_93805"",""HIP_94376"",""HIP_95501"",""HIP_95947"",""HIP_96837"",""HIP_97165"",""HIP_97278"",""HIP_97365"",""HIP_97649"",""HIP_98036"",""HIP_98110"",""HIP_98337"",""HIP_99675""]",1,4,1,0.03530037575976763,-0.0526332531997582,3925.2226931327214,-5382.854685747418,6662.018915259731,
14,step,sample-000014,14,3,False,2026-09-22T18:06:19.153196Z,2026-09-23T03:19:56.338897Z,0.0,23.092948924613218,-75.13495413116465,23.142166155651015,-75.18610657685099,0.04836648648730807,31,"[""HIP_101769"",""HIP_101958"",""HIP_109492"",""HIP_111169"",""HIP_116727"",""HIP_14328"",""HIP_15863"",""HIP_3179"",""HIP_4427"",""HIP_6686"",""HIP_746"",""HIP_86974"",""HIP_87833"",""HIP_88771"",""HIP_8886"",""HIP_91262"",""HIP_92175"",""HIP_92420"",""HIP_93194"",""HIP_93429"",""HIP_93747"",""HIP_93805"",""HIP_95501"",""HIP_95947"",""HIP_97165"",""HIP_97278"",""HIP_97365"",""HIP_98036"",""HIP_98110"",""HIP_98337"",""HIP_99473""]",1,4,1,0.049217231037797404,-0.05115244568634125,5472.706394896182,-5231.161664688941,7570.70437700489,
14,step,sample-000014,14,4,False,2026-09-22T18:06:19.154480Z,2026-09-23T03:42:17.179671Z,0.0,23.094217672179518,-75.13694620248349,23.11852680334316,-75.19067525943372,0.05107871254211713,33,"[""HIP_100453"",""HIP_101769"",""HIP_102098"",""HIP_102422"",""HIP_102453"",""HIP_103413"",""HIP_104060"",""HIP_105199"",""HIP_106032"",""HIP_109492"",""HIP_110991"",""HIP_111169"",""HIP_116727"",""HIP_89937"",""HIP_91262"",""HIP_93194"",""HIP_93244"",""HIP_93429"",""HIP_93747"",""HIP_93805"",""HIP_94376"",""HIP_95501"",""HIP_95947"",""HIP_96837"",""HIP_97165"",""HIP_97278"",""HIP_97365"",""HIP_97649"",""HIP_98036"",""HIP_98110"",""HIP_98337"",""HIP_99675""]",1,4,1,0.02430913116364053,-0.05372905695023178,2703.0520565339652,-5495.119493301867,6123.955227208659,
14,step,sample-000014,14,5,False,2026-09-22T18:06:19.156183Z,2026-09-23T02:52:29.132630Z,0.0,23.093077967085183,-75.1371821613997,23.135735613840684,-75.1727443125719,0.05572356736916568,27,"[""HIP_100064"",""HIP_100345"",""HIP_102422"",""HIP_105199"",""HIP_106032"",""HIP_112724"",""HIP_116727"",""HIP_14328"",""HIP_3179"",""HIP_4427"",""HIP_6686"",""HIP_746"",""HIP_88771"",""HIP_8886"",""HIP_89937"",""HIP_89962"",""HIP_93429"",""HIP_93747"",""HIP_93805"",""HIP_94376"",""HIP_95501"",""HIP_97278"",""HIP_97365"",""HIP_97649"",""HIP_97804"",""HIP_98036"",""HIP_99473""]",1,4,1,0.04265764675550088,-0.03556215117220063,4743.313901807419,-3636.8882530833002,5977.1215418574775,
14,summary,sample-000014,14,,,2026-09-22T18:06:19.157539Z,,,23.093959149226816,-75.13549376057732,23.1313093211101,-75.18396198590467,0.05411314795888115,32,"[""HIP_100064"",""HIP_100345"",""HIP_100453"",""HIP_101769"",""HIP_101958"",""HIP_102098"",""HIP_102422"",""HIP_102453"",""HIP_103413"",""HIP_104060"",""HIP_105199"",""HIP_106032"",""HIP_109492"",""HIP_110991"",""HIP_111169"",""HIP_112724"",""HIP_116584"",""HIP_116727"",""HIP_14328"",""HIP_15863"",""HIP_3179"",""HIP_4427"",""HIP_6686"",""HIP_746"",""HIP_86974"",""HIP_87833"",""HIP_88771"",""HIP_8886"",""HIP_89937"",""HIP_89962"",""HIP_90139"",""HIP_91262"",""HIP_92175"",""HIP_92420"",""HIP_93194"",""HIP_93244"",""HIP_93429"",""HIP_93747"",""HIP_93805"",""HIP_94376"",""HIP_95501"",""HIP_95947"",""HIP_96837"",""HIP_97165"",""HIP_97278"",""HIP_97365"",""HIP_97649"",""HIP_97804"",""HIP_98036"",""HIP_98110"",""HIP_98337"",""HIP_99473"",""HIP_99675""]",1,4,1,0.03735017188328271,-0.04846822532735473,4153.149622723282,-4956.838692893158,6466.753439303259,228841.81359439198
15,step,sample-000015,15,1,False,2026-09-22T18:07:17.622512Z,2026-09-23T03:35:49.823745Z,0.0,26.413584449507873,104.12896709205143,26.415164617330625,103.98697895955483,359.9962953462442,16,"[""HIP_28380"",""HIP_29655"",""HIP_30343"",""HIP_30883"",""HIP_31216"",""HIP_31681"",""HIP_32246"",""HIP_32362"",""HIP_32578"",""HIP_34769"",""HIP_35350"",""HIP_36188"",""HIP_37279"",""HIP_37447"",""HIP_37740"",""HIP_40526""]",1,5,0,0.0015801678227518323,-0.1419881324965786,175.7066451369821,-14140.058048234547,14141.148968894237,
15,step,sample-000015,15,2,False,2026-09-22T18:07:17.624129Z,2026-09-23T04:32:17.647566Z,0.0,26.41550595242256,104.13001502674967,26.42270921177594,104.06087128627892,359.99658942093896,16,"[""HIP_32246"",""HIP_33018"",""HIP_35350"",""HIP_35550"",""HIP_36046"",""HIP_36188"",""HIP_36850"",""HIP_37740"",""HIP_37826"",""HIP_67927"",""HIP_69673"",""HIP_71053"",""HIP_71075"",""HIP_72105"",""HIP_73555"",""HIP_76267""]",1,5,0,0.0072032593533783995,-0.06914374047073579,800.9658954006427,-6885.479554684766,6931.909824561509,
15,step,sample-000015,15,3,False,2026-09-22T18:07:17.625753Z,2026-09-23T03:28:16.316252Z,0.0,26.415384213271697,104.1294577985625,26.466325103340413,104.03125893175483,359.9933347445301,12,"[""HIP_28380"",""HIP_29655"",""HIP_30343"",""HIP_31681"",""HIP_32246"",""HIP_32362"",""HIP_35550"",""HIP_36046"",""HIP_36188"",""HIP_37279"",""HIP_37740"",""HIP_37826""]",1,5,0,0.05094089006871627,-0.09819886680764967,5664.368534399437,-9777.005613115542,11299.331575129487,
15,step,sample-000015,15,4,False,2026-09-22T18:07:17.626834Z,2026-09-23T02:45:29.289947Z,0.0,26.41375322906492,104.13021154155541,26.499555560390846,104.04089341778823,359.9583530207781,24,"[""HIP_23015"",""HIP_23416"",""HIP_23453"",""HIP_23767"",""HIP_24608"",""HIP_25428"",""HIP_26207"",""HIP_26451"",""HIP_27989"",""HIP_28360"",""HIP_28380"",""HIP_29655"",""HIP_30343"",""HIP_32246"",""HIP_32362"",""HIP_33018"",""HIP_35350"",""HIP_35550"",""HIP_36046"",""HIP_36188"",""HIP_37279"",""HIP_37740"",""HIP_37826"",""HIP_40526""]",1,5,0,0.08580233132592596,-0.0893181237671854,9540.783937718463,-8891.589484689111,13041.736570739178,
15,step,sample-000015,15,5,False,2026-09-22T18:07:17.627900Z,2026-09-23T03:45:54.475406Z,0.0,26.414445628973386,104.13006511553334,26.4420342059546,103.99578660701893,359.98440359402935,18,"[""HIP_27673"",""HIP_28360"",""HIP_28380"",""HIP_29655"",""HIP_30343"",""HIP_30883"",""HIP_31681"",""HIP_32246"",""HIP_32362"",""HIP_33018"",""HIP_34769"",""HIP_35350"",""HIP_35550"",""HIP_36188"",""HIP_36850"",""HIP_37279"",""HIP_37740"",""HIP_40526""]",1,5,0,0.027588576981212753,-0.1342785085143987,3067.709793653714,-13370.678128570727,13718.084952818026,
15,summary,sample-000015,15,,,2026-09-22T18:07:17.628969Z,,,26.4142910922131,104.13075034994637,26.449157739758483,104.02315784047914,-0.014204774514880449,17,"[""HIP_23015"",""HIP_23416"",""HIP_23453"",""HIP_23767"",""HIP_24608"",""HIP_25428"",""HIP_26207"",""HIP_26451"",""HIP_27673"",""HIP_27989"",""HIP_28360"",""HIP_28380"",""HIP_29655"",""HIP_30343"",""HIP_30883"",""HIP_31216"",""HIP_31681"",""HIP_32246"",""HIP_32362"",""HIP_32578"",""HIP_33018"",""HIP_34769"",""HIP_35350"",""HIP_35550"",""HIP_36046"",""HIP_36188"",""HIP_36850"",""HIP_37279"",""HIP_37447"",""HIP_37740"",""HIP_37826"",""HIP_40526"",""HIP_67927"",""HIP_69673"",""HIP_71053"",""HIP_71075"",""HIP_72105"",""HIP_73555"",""HIP_76267""]",1,5,0,0.034866647545381824,-0.10759250946722432,3876.994316150416,-10713.116661349191,11393.065464445997,214345.2303857289
16,step,sample-000016,16,1,False,2026-09-22T18:08:53.817635Z,2026-09-23T05:00:14.226255Z,0.0,-62.8754325895363,124.5438200050205,-62.88738465287507,124.6470903779814,359.9871058792705,40,"[""HIP_30438"",""HIP_35264"",""HIP_35904"",""HIP_36377"",""HIP_38827"",""HIP_39429"",""HIP_39757"",""HIP_39953"",""HIP_44816"",""HIP_46651"",""HIP_74785"",""HIP_75141"",""HIP_78265"",""HIP_78401"",""HIP_78820"",""HIP_80112"",""HIP_81266"",""HIP_81377"",""HIP_82396"",""HIP_82514"",""HIP_83081"",""HIP_84012"",""HIP_84143"",""HIP_84970"",""HIP_85792"",""HIP_85927"",""HIP_86263"",""HIP_86670"",""HIP_87073"",""HIP_87261"",""HIP_88635"",""HIP_89642"",""HIP_89931"",""HIP_90185"",""HIP_90496"",""HIP_92041"",""HIP_92855"",""HIP_93506"",""HIP_93864""]",1,3,2,-0.011952063338767971,0.10327037296087838,-1329.0088062054242,5234.403359963244,5400.484777285324,
16,step,sample-000016,16,2,True,2026-09-22T18:08:53.819734Z,2026-09-23T05:02:05.683747Z,0.0,-62.87490818192778,124.54777256339048,-62.90180087602982,124.75972108065726,359.8716985493838,29,"[""HIP_78265"",""HIP_78401"",""HIP_78820"",""HIP_80112"",""HIP_81266"",""HIP_81377"",""HIP_82396"",""HIP_82514"",""HIP_82729"",""HIP_84012"",""HIP_84143"",""HIP_84970"",""HIP_85258"",""HIP_85927"",""HIP_86228"",""HIP_86263"",""HIP_86670"",""HIP_87073"",""HIP_87261"",""HIP_88635"",""HIP_89642"",""HIP_89931"",""HIP_90185"",""HIP_90496"",""HIP_92041"",""HIP_92855"",""HIP_93506"",""HIP_93864""]",1,3,2,-0.026892694102038206,0.21194851726676234,-2990.3311479506956,10740.364115870592,11148.87308816433,
16,step,sample-000016,16,3,True,2026-09-22T18:08:53.821349Z,2026-09-23T04:47:30.388307Z,0.0,-62.875636020500664,124.54363997635085,-62.89787636642125,124.7709640482596,359.86665280172156,30,"[""HIP_73714"",""HIP_76297"",""HIP_78265"",""HIP_78384"",""HIP_78401"",""HIP_78820"",""HIP_80112"",""HIP_81266"",""HIP_81377"",""HIP_82396"",""HIP_82514"",""HIP_82729"",""HIP_84012"",""HIP_84143"",""HIP_84970"",""HIP_85792"",""HIP_85927"",""HIP_86670"",""HIP_87073"",""HIP_88635"",""HIP_88714"",""HIP_89642"",""HIP_89931"",""HIP_90185"",""HIP_90496"",""HIP_92041"",""HIP_92855"",""HIP_93506"",""HIP_93864""]",1,3,2,-0.022240345920586435,0.22732407190875392,-2473.0136331892195,11520.138789935218,11782.581869109841,
16,step,sample-000016,16,4,False,2026-09-22T18:08:53.822575Z,2026-09-23T03:34:56.200157Z,0.0,-62.87468016350181,124.54770059506757,-62.87896220740898,124.65497999704075,359.9873927321692,41,"[""HIP_30122"",""HIP_32768"",""HIP_33579"",""HIP_33856"",""HIP_33977"",""HIP_34444"",""HIP_35264"",""HIP_35904"",""HIP_36377"",""HIP_38170"",""HIP_39429"",""HIP_39757"",""HIP_74395"",""HIP_75141"",""HIP_76297"",""HIP_78265"",""HIP_78384"",""HIP_78401"",""HIP_78820"",""HIP_80112"",""HIP_80763"",""HIP_81266"",""HIP_82363"",""HIP_82396"",""HIP_82514"",""HIP_82729"",""HIP_83081"",""HIP_84143"",""HIP_84970"",""HIP_85258"",""HIP_85727"",""HIP_85792"",""HIP_85927"",""HIP_86228"",""HIP_86670"",""HIP_87073"",""HIP_87261"",""HIP_88635"",""HIP_89642"",""HIP_90185""]",1,3,2,-0.004282043907174682,0.1072794019731873,-476.1415581470684,5438.456688565626,5459.259557921746,
16,step,sample-000016,16,5,False,2026-09-22T18:08:53.823688Z,2026-09-23T04:31:00.563379Z,0.0,-62.874293673958654,124.54757109671164,-62.87824459904883,124.66838641191934,359.98755419348936,38,"[""HIP_30438"",""HIP_35264"",""HIP_35904"",""HIP_36377"",""HIP_38170"",""HIP_38827"",""HIP_39429"",""HIP_39757"",""HIP_39953"",""HIP_46651"",""HIP_75177"",""HIP_76297"",""HIP_78384"",""HIP_80112"",""HIP_81266"",""HIP_82396"",""HIP_82514"",""HIP_82729"",""HIP_84012"",""HIP_84143"",""HIP_84970"",""HIP_85258"",""HIP_85792"",""HIP_85927"",""HIP_86228"",""HIP_86670"",""HIP_86929"",""HIP_87073"",""HIP_87261"",""HIP_88635"",""HIP_88714"",""HIP_89642"",""HIP_89931"",""HIP_90185"",""HIP_90496"",""HIP_92041"",""HIP_93506""]",1,3,2,-0.00395092509017303,0.1208153152077216,-439.32282557993665,6124.7658536789095,6140.500803056486,
16,summary,sample-000016,16,,,2026-09-22T18:08:53.824810Z,,,-62.87522391311341,124.5458149289687,-62.88153048644429,124.6568189289805,-0.01264906502366289,40,"[""HIP_30122"",""HIP_30438"",""HIP_32768"",""HIP_33579"",""HIP_33856"",""HIP_33977"",""HIP_34444"",""HIP_35264"",""HIP_35904"",""HIP_36377"",""HIP_38170"",""HIP_38827"",""HIP_39429"",""HIP_39757"",""HIP_39953"",""HIP_44816"",""HIP_46651"",""HIP_74395"",""HIP_74785"",""HIP_75141"",""HIP_75177"",""HIP_76297"",""HIP_78265"",""HIP_78384"",""HIP_78401"",""HIP_78820"",""HIP_80112"",""HIP_80763"",""HIP_81266"",""HIP_81377"",""HIP_82363"",""HIP_82396"",""HIP_82514"",""HIP_82729"",""HIP_83081"",""HIP_84012"",""HIP_84143"",""HIP_84970"",""HIP_85258"",""HIP_85727"",""HIP_85792"",""HIP_85927"",""HIP_86228"",""HIP_86263"",""HIP_86670"",""HIP_86929"",""HIP_87073"",""HIP_87261"",""HIP_88635"",""HIP_88714"",""HIP_89642"",""HIP_89931"",""HIP_90185"",""HIP_90496"",""HIP_92041"",""HIP_92855"",""HIP_93506"",""HIP_93864""]",1,3,2,-0.006306573330881804,0.11100400001180333,-701.2589589059326,5626.9743188939065,5670.502259052658,201303.05987781164
17,step,sample-000017,17,1,False,2026-09-22T18:10:43.051912Z,2026-09-23T04:58:36.032575Z,0.0,-43.45513609026327,137.05637866157008,-43.50270828774025,137.13978634786312,359.99487391755724,45,"[""HIP_39953"",""HIP_41037"",""HIP_42913"",""HIP_44816"",""HIP_45238"",""HIP_45556"",""HIP_45941"",""HIP_46701"",""HIP_48002"",""HIP_48774"",""HIP_50371"",""HIP_51576"",""HIP_52419"",""HIP_52727"",""HIP_57363"",""HIP_60718"",""HIP_61585"",""HIP_63613"",""HIP_78401"",""HIP_80112"",""HIP_80763"",""HIP_81266"",""HIP_82514"",""HIP_84012"",""HIP_84143"",""HIP_84970"",""HIP_85258"",""HIP_85792"",""HIP_85927"",""HIP_86228"",""HIP_86670"",""HIP_87073"",""HIP_87261"",""HIP_88635"",""HIP_89341"",""HIP_89642"",""HIP_89931"",""HIP_90185"",""HIP_90496"",""HIP_92041"",""HIP_92855"",""HIP_93085"",""HIP_93506"",""HIP_93864"",""HIP_94141""]",1,5,0,-0.04757219747698116,0.08340768629304307,-5289.787008773383,6729.841117377807,8559.941276411822,
17,step,sample-000017,17,2,False,2026-09-22T18:10:43.053394Z,2026-09-23T04:59:19.622340Z,0.0,-43.45557920868707,137.05604446990486,-43.49951863018699,137.14866230009488,359.99519099358486,40,"[""HIP_39953"",""HIP_41037"",""HIP_42913"",""HIP_44816"",""HIP_45238"",""HIP_45556"",""HIP_45941"",""HIP_46701"",""HIP_47854"",""HIP_48002"",""HIP_48774"",""HIP_50099"",""HIP_50371"",""HIP_51576"",""HIP_52419"",""HIP_56561"",""HIP_57363"",""HIP_60718"",""HIP_62322"",""HIP_78401"",""HIP_78820"",""HIP_80112"",""HIP_80763"",""HIP_81266"",""HIP_84012"",""HIP_84970"",""HIP_85927"",""HIP_86670"",""HIP_87073"",""HIP_87261"",""HIP_88635"",""HIP_89642"",""HIP_89931"",""HIP_90185"",""HIP_90496"",""HIP_92041"",""HIP_92855"",""HIP_93085"",""HIP_93506"",""HIP_94141""]",1,5,0,-0.04393942149992114,0.09261783019002223,-4885.840750488078,7473.14157531065,8928.564776393338,
17,step,sample-000017,17,3,False,2026-09-22T18:10:43.054544Z,2026-09-23T05:25:59.868940Z,0.0,-43.45650412252825,137.0593528655604,-43.493274626573815,137.13347677639965,359.9999941546317,41,"[""HIP_39953"",""HIP_41037"",""HIP_42913"",""HIP_44816"",""HIP_45238"",""HIP_45556"",""HIP_45941"",""HIP_46701"",""HIP_47854"",""HIP_48002"",""HIP_48774"",""HIP_50099"",""HIP_50371"",""HIP_51576"",""HIP_52419"",""HIP_52727"",""HIP_60718"",""HIP_61585"",""HIP_62322"",""HIP_63613"",""HIP_81266"",""HIP_82514"",""HIP_84012"",""HIP_84970"",""HIP_85927"",""HIP_86263"",""HIP_87073"",""HIP_87261"",""HIP_88635"",""HIP_89341"",""HIP_89642"",""HIP_89931"",""HIP_90185"",""HIP_90496"",""HIP_92041"",""HIP_92855"",""HIP_93085"",""HIP_93506"",""HIP_93864"",""HIP_94141""]",1,5,0,-0.03677050404556326,0.07412391083923353,-4088.6935000298568,5981.168629214592,7245.121517757045,
17,step,sample-000017,17,4,False,2026-09-22T18:10:43.055705Z,2026-09-23T05:43:29.766210Z,0.0,-43.456061784729314,137.05625252304912,-43.495328597794376,137.14426969333212,359.99999459519205,37,"[""HIP_41037"",""HIP_42913"",""HIP_44816"",""HIP_45238"",""HIP_45556"",""HIP_45941"",""HIP_46701"",""HIP_47854"",""HIP_48002"",""HIP_48774"",""HIP_50099"",""HIP_50371"",""HIP_51232"",""HIP_51576"",""HIP_52419"",""HIP_52727"",""HIP_53253"",""HIP_56561"",""HIP_57363"",""HIP_59196"",""HIP_60260"",""HIP_60718"",""HIP_62434"",""HIP_74946"",""HIP_85792"",""HIP_85927"",""HIP_87073"",""HIP_88635"",""HIP_89642"",""HIP_89931"",""HIP_90185"",""HIP_90496"",""HIP_92041"",""HIP_92855"",""HIP_93506"",""HIP_94141""]",1,5,0,-0.03926681306506197,0.0880171702829955,-4366.270398335166,7102.141694041416,8336.949192529637,
17,step,sample-000017,17,5,False,2026-09-22T18:10:43.056716Z,2026-09-23T05:25:19.226999Z,0.0,-43.456591426898875,137.05807747402582,-43.50443395737394,137.15319175589394,359.99999523193225,40,"[""HIP_39953"",""HIP_41037"",""HIP_42913"",""HIP_44816"",""HIP_45238"",""HIP_45556"",""HIP_45941"",""HIP_46701"",""HIP_48002"",""HIP_48774"",""HIP_50371"",""HIP_51232"",""HIP_51576"",""HIP_52419"",""HIP_52727"",""HIP_53253"",""HIP_56561"",""HIP_57363"",""HIP_59747"",""HIP_60260"",""HIP_60718"",""HIP_81266"",""HIP_82514"",""HIP_84012"",""HIP_84970"",""HIP_85792"",""HIP_85927"",""HIP_86228"",""HIP_87261"",""HIP_88635"",""HIP_89642"",""HIP_89931"",""HIP_90185"",""HIP_90496"",""HIP_92041"",""HIP_92855"",""HIP_93085"",""HIP_93506"",""HIP_94141""]",1,5,0,-0.047842530475065814,0.09511428186812054,-5319.846666665009,7674.198667486471,9337.776752902486,
17,summary,sample-000017,17,,,2026-09-22T18:10:43.057800Z,,,-43.45664609852768,137.0575820299664,-43.49905281993387,137.14387737471674,-0.001990221420097952,41,"[""HIP_39953"",""HIP_41037"",""HIP_42913"",""HIP_44816"",""HIP_45238"",""HIP_45556"",""HIP_45941"",""HIP_46701"",""HIP_47854"",""HIP_48002"",""HIP_48774"",""HIP_50099"",""HIP_50371"",""HIP_51232"",""HIP_51576"",""HIP_52419"",""HIP_52727"",""HIP_53253"",""HIP_56561"",""HIP_57363"",""HIP_59196"",""HIP_59747"",""HIP_60260"",""HIP_60718"",""HIP_61585"",""HIP_62322"",""HIP_62434"",""HIP_63613"",""HIP_74946"",""HIP_78401"",""HIP_78820"",""HIP_80112"",""HIP_80763"",""HIP_81266"",""HIP_82514"",""HIP_84012"",""HIP_84143"",""HIP_84970"",""HIP_85258"",""HIP_85792"",""HIP_85927"",""HIP_86228"",""HIP_86263"",""HIP_86670"",""HIP_87073"",""HIP_87261"",""HIP_88635"",""HIP_89341"",""HIP_89642"",""HIP_89931"",""HIP_90185"",""HIP_90496"",""HIP_92041"",""HIP_92855"",""HIP_93085"",""HIP_93506"",""HIP_93864"",""HIP_94141""]",1,5,0,-0.04240672140619495,0.08629534475034006,-4715.4122759980855,6962.958640746667,8409.393167339933,189956.37360072506
18,step,sample-000018,18,1,False,2026-09-22T18:11:17.476555Z,2026-09-23T06:09:08.225773Z,0.0,36.11550596516226,-11.94032525471809,-89.99999999999979,179.99999999999997,359.99999999999994,27,"[""HIP_10064"",""HIP_112724"",""HIP_116727"",""HIP_13268"",""HIP_13531"",""HIP_14328"",""HIP_23685"",""HIP_23875"",""HIP_24436"",""HIP_25281"",""HIP_25606"",""HIP_25985"",""HIP_26207"",""HIP_26241"",""HIP_26727"",""HIP_27366"",""HIP_27989"",""HIP_30324"",""HIP_3179"",""HIP_32349"",""HIP_33977"",""HIP_4427"",""HIP_5447"",""HIP_6686"",""HIP_746"",""HIP_7607"",""HIP_8886""]",3,4,1,-126.11550596516204,-168.05967474528194,-14023404.434537603,-16659123.489079168,14023404.434537651,
18,step,sample-000018,18,2,False,2026-09-22T18:11:17.478023Z,2026-09-23T05:44:15.666678Z,0.0,36.11352953771221,-11.937984758801406,-89.999999991,179.999999982,359.999999964,29,"[""HIP_10064"",""HIP_112724"",""HIP_116727"",""HIP_13209"",""HIP_23685"",""HIP_23875"",""HIP_24436"",""HIP_24674"",""HIP_25281"",""HIP_25606"",""HIP_25985"",""HIP_26241"",""HIP_26727"",""HIP_27366"",""HIP_30324"",""HIP_3092"",""HIP_3179"",""HIP_32349"",""HIP_4427"",""HIP_5447"",""HIP_6686"",""HIP_677"",""HIP_746"",""HIP_7607"",""HIP_8796"",""HIP_8886"",""HIP_8903"",""HIP_9640"",""HIP_9884""]",3,4,1,-126.1135295287122,-168.06201525919857,-14023184.664831545,-16659209.454447258,14023184.66681141,
18,step,sample-000018,18,3,True,2026-09-22T18:11:17.479548Z,2026-09-23T06:27:46.946113Z,0.0,36.11447313926321,-11.937812765382262,-89.99999999998053,168.27464045884895,336.54927423464,20,"[""HIP_10064"",""HIP_14354"",""HIP_22449"",""HIP_23685"",""HIP_23875"",""HIP_24305"",""HIP_24436"",""HIP_25606"",""HIP_25985"",""HIP_26241"",""HIP_26727"",""HIP_27366"",""HIP_27989"",""HIP_30324"",""HIP_3092"",""HIP_5447"",""HIP_8796"",""HIP_8903"",""HIP_9640"",""HIP_9884""]",3,4,1,-126.11447313924374,-179.78754677576876,-14023289.58953538,-17821581.694000885,14023289.589539709,
18,step,sample-000018,18,4,False,2026-09-22T18:11:17.480799Z,2026-09-23T05:01:12.777588Z,0.0,36.116429483075535,-11.93864706988927,-89.99999999999999,179.99999999930304,359.9999999986061,22,"[""HIP_116727"",""HIP_13268"",""HIP_22449"",""HIP_23685"",""HIP_23875"",""HIP_24674"",""HIP_25281"",""HIP_25606"",""HIP_25930"",""HIP_25985"",""HIP_26207"",""HIP_26241"",""HIP_26727"",""HIP_27366"",""HIP_27989"",""HIP_2920"",""HIP_30324"",""HIP_3179"",""HIP_4427"",""HIP_6686"",""HIP_746"",""HIP_8886""]",3,4,1,-126.11642948307552,-168.0613529308077,-14023507.125044245,-16659358.07966505,14023507.12504425,
18,step,sample-000018,18,5,False,2026-09-22T18:11:17.482285Z,2026-09-23T05:48:23.932023Z,0.0,36.11534767349096,-11.937854183397121,-89.999999991,179.999999982,359.999999964,31,"[""HIP_10064"",""HIP_112724"",""HIP_116727"",""HIP_13209"",""HIP_13268"",""HIP_14328"",""HIP_23685"",""HIP_23875"",""HIP_24436"",""HIP_25281"",""HIP_25606"",""HIP_25930"",""HIP_25985"",""HIP_26241"",""HIP_26727"",""HIP_27366"",""HIP_27989"",""HIP_30324"",""HIP_3092"",""HIP_3179"",""HIP_32349"",""HIP_4427"",""HIP_5447"",""HIP_6686"",""HIP_677"",""HIP_7607"",""HIP_8796"",""HIP_8886"",""HIP_8903"",""HIP_9640"",""HIP_9884""]",3,4,1,-126.11534766449095,-168.06214583460292,-14023386.832306094,-16659356.743263256,14023386.83428596,
18,summary,sample-000018,18,,,2026-09-22T18:11:17.483514Z,,,36.11496399871286,-11.939105210035507,-89.99999999549996,179.99999999082576,-1.834850676859437e-08,27,"[""HIP_10064"",""HIP_112724"",""HIP_116727"",""HIP_13209"",""HIP_13268"",""HIP_13531"",""HIP_14328"",""HIP_22449"",""HIP_23685"",""HIP_23875"",""HIP_24436"",""HIP_24674"",""HIP_25281"",""HIP_25606"",""HIP_25930"",""HIP_25985"",""HIP_26207"",""HIP_26241"",""HIP_26727"",""HIP_27366"",""HIP_27989"",""HIP_2920"",""HIP_30324"",""HIP_3092"",""HIP_3179"",""HIP_32349"",""HIP_33977"",""HIP_4427"",""HIP_5447"",""HIP_6686"",""HIP_677"",""HIP_746"",""HIP_7607"",""HIP_8796"",""HIP_8886"",""HIP_8903"",""HIP_9640"",""HIP_9884""]",3,4,1,-126.11496399421281,-168.06089479913874,-14023344.17011766,-16659204.382684756,14023344.171107601,958477.9179066627
19,step,sample-000019,19,1,False,2026-09-22T18:12:17.237580Z,2026-09-23T06:33:30.496051Z,0.0,51.266955042009094,-161.4054815499573,53.785581777946554,179.9999999999352,341.74584134337636,36,"[""HIP_100064"",""HIP_101769"",""HIP_101958"",""HIP_112724"",""HIP_116727"",""HIP_14328"",""HIP_2920"",""HIP_3179"",""HIP_4427"",""HIP_5447"",""HIP_6686"",""HIP_746"",""HIP_76267"",""HIP_80816"",""HIP_81693"",""HIP_81833"",""HIP_84345"",""HIP_84379"",""HIP_84380"",""HIP_86032"",""HIP_86974"",""HIP_87933"",""HIP_8886"",""HIP_89962"",""HIP_91117"",""HIP_93244"",""HIP_93429"",""HIP_93747"",""HIP_93805"",""HIP_95501"",""HIP_9640"",""HIP_97278"",""HIP_97649"",""HIP_97804"",""HIP_98036"",""HIP_99473""]",2,3,2,2.5186267359374597,-18.594518450107444,280058.51514759025,-1257932.756848291,1284723.1675235957,
19,step,sample-000019,19,2,False,2026-09-22T18:12:17.238809Z,2026-09-23T07:18:44.287941Z,0.0,51.2670437036569,-161.40679382045806,54.080790607716395,179.99999999901587,341.43114331183517,22,"[""HIP_10064"",""HIP_101769"",""HIP_101958"",""HIP_15863"",""HIP_5447"",""HIP_6686"",""HIP_7607"",""HIP_8796"",""HIP_8886"",""HIP_90139"",""HIP_93244"",""HIP_93429"",""HIP_93747"",""HIP_93805"",""HIP_95501"",""HIP_95947"",""HIP_9640"",""HIP_97278"",""HIP_97649"",""HIP_98036"",""HIP_98337"",""HIP_99473""]",2,3,2,2.8137469040594922,-18.593206180526067,312874.3805932495,-1253611.5094407243,1287927.2530433948,
19,step,sample-000019,19,3,True,2026-09-22T18:12:17.240023Z,2026-09-23T06:05:14.832342Z,0.0,51.26776289457552,-161.4051986976675,51.731781076219434,179.99999737815872,336.0317931151638,25,"[""HIP_101769"",""HIP_107315"",""HIP_80816"",""HIP_81693"",""HIP_84345"",""HIP_84379"",""HIP_86032"",""HIP_86742"",""HIP_88048"",""HIP_88771"",""HIP_89962"",""HIP_90139"",""HIP_91117"",""HIP_92175"",""HIP_93244"",""HIP_93429"",""HIP_93747"",""HIP_93805"",""HIP_95501"",""HIP_97278"",""HIP_97365"",""HIP_97649"",""HIP_98036"",""HIP_98337"",""HIP_99473""]",2,3,2,0.4640181816439153,-18.59480392417379,51596.46766963669,-1287147.4948363588,1284692.782460677,
19,step,sample-000019,19,4,False,2026-09-22T18:12:17.243301Z,2026-09-23T06:44:21.022571Z,0.0,51.26512874981121,-161.40797288007548,54.217174739529284,179.99999930505825,341.0622227481461,30,"[""HIP_101769"",""HIP_101958"",""HIP_116727"",""HIP_14328"",""HIP_2920"",""HIP_3179"",""HIP_4427"",""HIP_6686"",""HIP_76267"",""HIP_80816"",""HIP_81693"",""HIP_81833"",""HIP_84345"",""HIP_84379"",""HIP_84380"",""HIP_86032"",""HIP_86974"",""HIP_87933"",""HIP_8886"",""HIP_91117"",""HIP_93429"",""HIP_93747"",""HIP_93805"",""HIP_95501"",""HIP_9640"",""HIP_97278"",""HIP_97365"",""HIP_97649"",""HIP_98036"",""HIP_99473""]",2,3,2,2.952045989718073,-18.592027814866242,328252.5372780649,-1251602.0882562108,1289727.986209729,
19,step,sample-000019,19,5,True,2026-09-22T18:12:17.245053Z,2026-09-23T07:16:33.268010Z,0.0,51.26645027367421,-161.4079796608065,56.713460717794355,179.99999999993446,335.605221028034,27,"[""HIP_101769"",""HIP_101958"",""HIP_74666"",""HIP_76267"",""HIP_80816"",""HIP_81693"",""HIP_81833"",""HIP_83000"",""HIP_84345"",""HIP_84379"",""HIP_84380"",""HIP_85670"",""HIP_86032"",""HIP_86742"",""HIP_86974"",""HIP_91262"",""HIP_93244"",""HIP_93429"",""HIP_93747"",""HIP_93805"",""HIP_95501"",""HIP_95947"",""HIP_97278"",""HIP_97365"",""HIP_98036"",""HIP_98337"",""HIP_99473""]",2,3,2,5.447010444120146,-18.59202033925908,605679.926766085,-1215444.1752842884,1352126.4936589354,
19,summary,sample-000019,19,,,2026-09-22T18:12:17.246310Z,,,51.2667166560829,-161.40750780174767,54.02784904173075,179.99999976800314,-18.58693075841282,29,"[""HIP_100064"",""HIP_10064"",""HIP_101769"",""HIP_101958"",""HIP_112724"",""HIP_116727"",""HIP_14328"",""HIP_15863"",""HIP_2920"",""HIP_3179"",""HIP_4427"",""HIP_5447"",""HIP_6686"",""HIP_746"",""HIP_7607"",""HIP_76267"",""HIP_80816"",""HIP_81693"",""HIP_81833"",""HIP_84345"",""HIP_84379"",""HIP_84380"",""HIP_86032"",""HIP_86974"",""HIP_87933"",""HIP_8796"",""HIP_8886"",""HIP_89962"",""HIP_90139"",""HIP_91117"",""HIP_93244"",""HIP_93429"",""HIP_93747"",""HIP_93805"",""HIP_95501"",""HIP_95947"",""HIP_9640"",""HIP_97278"",""HIP_97365"",""HIP_97649"",""HIP_97804"",""HIP_98036"",""HIP_98337"",""HIP_99473""]",2,3,2,2.761132385647848,-18.592492430249195,307023.9130780279,-1254327.4671573893,1287243.2178272402,975781.3547445879
20,step,sample-000020,20,1,False,2026-09-22T18:13:45.661491Z,2026-09-23T06:50:53.447727Z,0.0,-24.5262987413109,30.051240363496873,-24.532577871714093,30.008722396494118,358.5913863656579,31,"[""HIP_23875"",""HIP_24436"",""HIP_25336"",""HIP_25930"",""HIP_25985"",""HIP_26241"",""HIP_26311"",""HIP_26727"",""HIP_27366"",""HIP_27989"",""HIP_41037"",""HIP_45238"",""HIP_45941"",""HIP_46701"",""HIP_47854"",""HIP_48002"",""HIP_50371"",""HIP_51232"",""HIP_51576"",""HIP_52419"",""HIP_53253"",""HIP_56561"",""HIP_59196"",""HIP_59747"",""HIP_60718"",""HIP_61084"",""HIP_61585"",""HIP_61932"",""HIP_62322"",""HIP_66657""]",1,5,0,-0.006279130403193278,-0.042517967002766,-698.2074445746952,-4301.0908147126975,4357.393217929859,
20,step,sample-000020,20,2,False,2026-09-22T18:13:45.662838Z,2026-09-23T08:02:24.759915Z,0.0,-24.525950141896725,30.053406290463784,-24.622610737638905,29.942976760785424,359.94406060589245,23,"[""HIP_41037"",""HIP_42536"",""HIP_42913"",""HIP_45238"",""HIP_47854"",""HIP_48002"",""HIP_48774"",""HIP_52419"",""HIP_52727"",""HIP_53253"",""HIP_56561"",""HIP_59196"",""HIP_59747"",""HIP_60718"",""HIP_61084"",""HIP_61585"",""HIP_62322"",""HIP_66657"",""HIP_68702"",""HIP_71683"",""HIP_71908"",""HIP_74946""]",1,5,0,-0.09666059574217911,-0.11042952967835618,-10748.167852970953,-11166.988593661188,15499.183579762788,
20,step,sample-000020,20,3,False,2026-09-22T18:13:45.664061Z,2026-09-23T06:28:30.526505Z,0.0,-24.526424030023684,30.054245292265534,-24.600221426034835,30.027981650764968,359.95064309827603,36,"[""HIP_24436"",""HIP_25336"",""HIP_25930"",""HIP_25985"",""HIP_26241"",""HIP_26311"",""HIP_26727"",""HIP_27366"",""HIP_27989"",""HIP_31681"",""HIP_42536"",""HIP_45238"",""HIP_45556"",""HIP_45941"",""HIP_46651"",""HIP_46701"",""HIP_47854"",""HIP_48002"",""HIP_48774"",""HIP_50371"",""HIP_51232"",""HIP_51576"",""HIP_52419"",""HIP_52727"",""HIP_53253"",""HIP_56561"",""HIP_59196"",""HIP_59747"",""HIP_60260"",""HIP_60718"",""HIP_61084"",""HIP_61585"",""HIP_62322"",""HIP_66657"",""HIP_68702""]",1,5,0,-0.07379739601115176,-0.02626364150057725,-8205.89603601947,-2656.095976129827,8625.055013185383,
20,step,sample-000020,20,4,False,2026-09-22T18:13:45.665103Z,2026-09-23T07:00:24.130283Z,0.0,-24.524570623569794,30.051878381836474,-24.582223557853688,29.995237657814794,359.98251433956113,31,"[""HIP_24436"",""HIP_25336"",""HIP_25930"",""HIP_26241"",""HIP_26311"",""HIP_26727"",""HIP_27366"",""HIP_27989"",""HIP_31681"",""HIP_42536"",""HIP_45238"",""HIP_45556"",""HIP_47854"",""HIP_48002"",""HIP_48774"",""HIP_50371"",""HIP_51576"",""HIP_52419"",""HIP_52727"",""HIP_53253"",""HIP_56561"",""HIP_59196"",""HIP_59747"",""HIP_60718"",""HIP_61084"",""HIP_61585"",""HIP_61932"",""HIP_62322"",""HIP_66657"",""HIP_68702""]",1,5,0,-0.05765293428389384,-0.0566407240216904,-6410.713798541141,-5728.646153475193,8597.361990417634,
20,step,sample-000020,20,5,False,2026-09-22T18:13:45.666234Z,2026-09-23T06:38:22.663858Z,0.0,-24.525964896284716,30.0514235419825,-24.605884411626015,29.996943097207616,359.9985107194828,27,"[""HIP_25336"",""HIP_26241"",""HIP_26311"",""HIP_26727"",""HIP_27366"",""HIP_27989"",""HIP_31681"",""HIP_41037"",""HIP_42536"",""HIP_45238"",""HIP_46701"",""HIP_47854"",""HIP_48002"",""HIP_50371"",""HIP_51232"",""HIP_51576"",""HIP_52419"",""HIP_53253"",""HIP_56561"",""HIP_59747"",""HIP_60260"",""HIP_60718"",""HIP_61084"",""HIP_61585"",""HIP_62322"",""HIP_66657""]",1,5,0,-0.07991951534129882,-0.054480444774895886,-8886.644645844408,-5509.604845364949,10456.01215623006,
20,summary,sample-000020,20,,,2026-09-22T18:13:45.667313Z,,,-24.5255856021425,30.052605269130765,-24.588703600973506,29.994372312613365,-0.3065642501583803,30,"[""HIP_23875"",""HIP_24436"",""HIP_25336"",""HIP_25930"",""HIP_25985"",""HIP_26241"",""HIP_26311"",""HIP_26727"",""HIP_27366"",""HIP_27989"",""HIP_31681"",""HIP_41037"",""HIP_42536"",""HIP_42913"",""HIP_45238"",""HIP_45556"",""HIP_45941"",""HIP_46651"",""HIP_46701"",""HIP_47854"",""HIP_48002"",""HIP_48774"",""HIP_50371"",""HIP_51232"",""HIP_51576"",""HIP_52419"",""HIP_52727"",""HIP_53253"",""HIP_56561"",""HIP_59196"",""HIP_59747"",""HIP_60260"",""HIP_60718"",""HIP_61084"",""HIP_61585"",""HIP_61932"",""HIP_62322"",""HIP_66657"",""HIP_68702"",""HIP_71683"",""HIP_71908"",""HIP_74946""]",1,5,0,-0.06311799883100733,-0.05823295651740068,-7018.401249965204,-5889.508638956993,9162.110122299768,927450.3925134735
21,step,sample-000021,21,1,False,2026-09-22T18:15:04.781779Z,2026-09-23T07:19:39.397242Z,0.0,-53.19424918798648,169.9257605859255,-56.91392076870583,-179.98754239739313,357.5466399750068,26,"[""HIP_45238"",""HIP_45556"",""HIP_46701"",""HIP_48002"",""HIP_50371"",""HIP_51576"",""HIP_52419"",""HIP_56561"",""HIP_59747"",""HIP_60260"",""HIP_61084"",""HIP_61585"",""HIP_61932"",""HIP_62322"",""HIP_63613"",""HIP_66657"",""HIP_68002"",""HIP_68702"",""HIP_68933"",""HIP_71860"",""HIP_73273"",""HIP_73334"",""HIP_75141"",""HIP_76297"",""HIP_77952""]",2,4,1,-3.71967158071935,10.086697016681342,-413608.608559938,642449.775613076,762930.1979123432,
21,step,sample-000021,21,2,True,2026-09-22T18:15:04.783123Z,2026-09-23T07:55:36.610501Z,0.0,-53.19450604611636,169.92049390478627,-77.6942380734824,-154.7712216207767,359.99999999999994,13,"[""HIP_66657"",""HIP_68702"",""HIP_68933"",""HIP_71352"",""HIP_71683"",""HIP_71860"",""HIP_71908"",""HIP_73273"",""HIP_74395"",""HIP_75264"",""HIP_76297"",""HIP_77952""]",3,4,1,-24.499732027366036,35.308284474437016,-2724245.9055943126,1631595.848799358,3065231.8685304355,
21,step,sample-000021,21,3,False,2026-09-22T18:15:04.785495Z,2026-09-23T08:29:03.033259Z,0.0,-53.19489740190066,169.92249943910673,-55.77772050116842,-179.99882647497856,356.65053687358255,32,"[""HIP_45238"",""HIP_47854"",""HIP_48002"",""HIP_50371"",""HIP_51232"",""HIP_51576"",""HIP_52419"",""HIP_53253"",""HIP_54463"",""HIP_56561"",""HIP_59747"",""HIP_60718"",""HIP_61084"",""HIP_61585"",""HIP_62322"",""HIP_62434"",""HIP_68702"",""HIP_71683"",""HIP_71860"",""HIP_71908"",""HIP_74395"",""HIP_74946"",""HIP_77952"",""HIP_80112"",""HIP_80763"",""HIP_82396"",""HIP_82514"",""HIP_84970"",""HIP_85927"",""HIP_87073"",""HIP_87261""]",2,4,1,-2.582823099267756,10.078674085914713,-287196.82505894994,651010.3050132779,710688.3815667492,
21,step,sample-000021,21,4,False,2026-09-22T18:15:04.786870Z,2026-09-23T08:56:06.802126Z,0.0,-53.196002927744246,169.9246879645156,-56.71096222660724,-175.7048601336265,355.97363046863654,22,"[""HIP_45238"",""HIP_48002"",""HIP_50371"",""HIP_51576"",""HIP_52419"",""HIP_53253"",""HIP_56561"",""HIP_59747"",""HIP_60718"",""HIP_61084"",""HIP_61585"",""HIP_62322"",""HIP_62434"",""HIP_68702"",""HIP_71683"",""HIP_71860"",""HIP_71908"",""HIP_74946"",""HIP_77952"",""HIP_83081"",""HIP_85792""]",2,4,1,-3.5149592988629976,14.370451901857905,-390845.64139568066,917592.4340012104,994939.6069329736,
21,step,sample-000021,21,5,False,2026-09-22T18:15:04.788234Z,2026-09-23T08:40:32.268987Z,0.0,-53.194259730879445,169.92599688757934,-58.38535382084031,-168.75331623520273,353.18123157952243,21,"[""HIP_45238"",""HIP_47854"",""HIP_48002"",""HIP_50371"",""HIP_51576"",""HIP_52419"",""HIP_56561"",""HIP_59747"",""HIP_60260"",""HIP_60718"",""HIP_61084"",""HIP_62322"",""HIP_62434"",""HIP_68702"",""HIP_71683"",""HIP_71860"",""HIP_71908"",""HIP_74395"",""HIP_74946"",""HIP_77952""]",3,4,1,-5.191094089960863,21.320686877217895,-577223.3265382006,1332909.2283341768,1444551.8460029382,
21,summary,sample-000021,21,,,2026-09-22T18:15:04.789739Z,,,-53.1945409663858,169.92310265055636,-56.94698932933045,-176.11113631030025,-4.161822365136144,25,"[""HIP_45238"",""HIP_45556"",""HIP_46701"",""HIP_47854"",""HIP_48002"",""HIP_50371"",""HIP_51232"",""HIP_51576"",""HIP_52419"",""HIP_53253"",""HIP_54463"",""HIP_56561"",""HIP_59747"",""HIP_60260"",""HIP_60718"",""HIP_61084"",""HIP_61585"",""HIP_61932"",""HIP_62322"",""HIP_62434"",""HIP_63613"",""HIP_66657"",""HIP_68002"",""HIP_68702"",""HIP_68933"",""HIP_71683"",""HIP_71860"",""HIP_71908"",""HIP_73273"",""HIP_73334"",""HIP_74395"",""HIP_74946"",""HIP_75141"",""HIP_76297"",""HIP_77952"",""HIP_80112"",""HIP_80763"",""HIP_82396"",""HIP_82514"",""HIP_83081"",""HIP_84970"",""HIP_85792"",""HIP_85927"",""HIP_87073"",""HIP_87261""]",2,4,1,-3.752448362944648,13.965761039143388,-417253.2204551246,889147.5327307465,979812.8995041715,929943.8452273163
22,step,sample-000022,22,1,True,2026-09-22T18:16:25.288594Z,2026-09-23T09:51:55.854010Z,0.0,52.898346465308975,-120.3810585833753,53.656429839886584,-119.33819528994414,359.72134206408305,29,"[""HIP_100453"",""HIP_101076"",""HIP_102098"",""HIP_102422"",""HIP_102488"",""HIP_104060"",""HIP_104732"",""HIP_104887"",""HIP_105199"",""HIP_106032"",""HIP_106481"",""HIP_109492"",""HIP_109857"",""HIP_111169"",""HIP_112724"",""HIP_113726"",""HIP_116584"",""HIP_23416"",""HIP_23453"",""HIP_23767"",""HIP_24608"",""HIP_28358"",""HIP_28360"",""HIP_28380"",""HIP_94376"",""HIP_97165"",""HIP_98110"",""HIP_99675""]",2,3,2,0.758083374577609,1.042863293431168,84295.02522661677,69337.96107547182,109146.09756027059,
22,step,sample-000022,22,2,False,2026-09-22T18:16:25.289917Z,2026-09-23T08:57:55.652390Z,0.0,52.89794494319943,-120.38146104046805,52.950428683516044,-120.47175783161394,359.9487021832583,28,"[""HIP_100453"",""HIP_101076"",""HIP_101769"",""HIP_102098"",""HIP_102422"",""HIP_102488"",""HIP_104060"",""HIP_104732"",""HIP_104887"",""HIP_105102"",""HIP_105199"",""HIP_106481"",""HIP_112158"",""HIP_18246"",""HIP_23015"",""HIP_23416"",""HIP_23453"",""HIP_23767"",""HIP_24608"",""HIP_25428"",""HIP_26451"",""HIP_28380"",""HIP_29655"",""HIP_91262"",""HIP_95947"",""HIP_97165"",""HIP_98110""]",1,3,2,0.0524837403166174,-0.09029679114587452,5835.925654538342,-6053.155878387739,8408.25210626839,
22,step,sample-000022,22,3,False,2026-09-22T18:16:25.291020Z,2026-09-23T08:02:47.147820Z,0.0,52.89693673248417,-120.383359150886,52.960077707379924,-120.44175662716832,359.9920188142044,25,"[""HIP_100453"",""HIP_102098"",""HIP_102488"",""HIP_104732"",""HIP_17529"",""HIP_18246"",""HIP_18532"",""HIP_23015"",""HIP_23416"",""HIP_23453"",""HIP_23767"",""HIP_24608"",""HIP_25428"",""HIP_28360"",""HIP_28380"",""HIP_91262"",""HIP_92420"",""HIP_93194"",""HIP_95947"",""HIP_97165"",""HIP_97365"",""HIP_98110"",""HIP_98337"",""HIP_99675""]",1,3,2,0.06314097489575232,-0.05839747628232317,7020.956071799104,-3914.355607147229,8038.407394272461,
22,step,sample-000022,22,4,False,2026-09-22T18:16:25.291994Z,2026-09-23T08:29:33.832671Z,0.0,52.89820026344221,-120.38443894971648,52.893041722803666,-120.43088829511646,359.9935635968904,37,"[""HIP_100453"",""HIP_101076"",""HIP_101769"",""HIP_102488"",""HIP_103413"",""HIP_104060"",""HIP_104732"",""HIP_104887"",""HIP_105102"",""HIP_106481"",""HIP_13209"",""HIP_17358"",""HIP_17529"",""HIP_17702"",""HIP_18246"",""HIP_18532"",""HIP_20889"",""HIP_20894"",""HIP_21421"",""HIP_23015"",""HIP_23416"",""HIP_23453"",""HIP_23767"",""HIP_24608"",""HIP_25428"",""HIP_26451"",""HIP_28360"",""HIP_28380"",""HIP_91262"",""HIP_92420"",""HIP_93194"",""HIP_95947"",""HIP_97165"",""HIP_97365"",""HIP_98110"",""HIP_98337"",""HIP_99675""]",1,3,2,-0.005158540638547038,-0.046449345399992126,-573.6035478962131,-3115.8428036367213,3168.2009134491605,
22,step,sample-000022,22,5,True,2026-09-22T18:16:25.293121Z,2026-09-23T09:52:46.015766Z,0.0,52.89715891634638,-120.3837275545921,53.310733419605505,-119.776795336194,359.9999932502789,30,"[""HIP_100453"",""HIP_101076"",""HIP_102098"",""HIP_102422"",""HIP_102453"",""HIP_102488"",""HIP_104060"",""HIP_104732"",""HIP_104887"",""HIP_105199"",""HIP_106481"",""HIP_111169"",""HIP_23015"",""HIP_23453"",""HIP_24608"",""HIP_25336"",""HIP_25428"",""HIP_26451"",""HIP_28360"",""HIP_28380"",""HIP_29655"",""HIP_30343"",""HIP_31681"",""HIP_32246"",""HIP_33018"",""HIP_36850"",""HIP_97165"",""HIP_98110"",""HIP_99675""]",2,3,2,0.41357450325912737,0.6069322183981001,45987.38655195849,40517.313044675415,61289.78290961026,
22,summary,sample-000022,22,,,2026-09-22T18:16:25.294229Z,,,52.89738254613712,-120.38315524549151,52.934516037899876,-120.44813425129956,-0.021905134894219903,30,"[""HIP_100453"",""HIP_101076"",""HIP_101769"",""HIP_102098"",""HIP_102422"",""HIP_102488"",""HIP_103413"",""HIP_104060"",""HIP_104732"",""HIP_104887"",""HIP_105102"",""HIP_105199"",""HIP_106481"",""HIP_112158"",""HIP_13209"",""HIP_17358"",""HIP_17529"",""HIP_17702"",""HIP_18246"",""HIP_18532"",""HIP_20889"",""HIP_20894"",""HIP_21421"",""HIP_23015"",""HIP_23416"",""HIP_23453"",""HIP_23767"",""HIP_24608"",""HIP_25428"",""HIP_26451"",""HIP_28360"",""HIP_28380"",""HIP_29655"",""HIP_91262"",""HIP_92420"",""HIP_93194"",""HIP_95947"",""HIP_97165"",""HIP_97365"",""HIP_98110"",""HIP_98337"",""HIP_99675""]",1,3,2,0.03713349176275216,-0.06497900580805549,4129.055892615552,-4356.775909964544,6002.548912421723,887946.5135766391
23,step,sample-000023,23,1,False,2026-09-22T18:17:50.687588Z,2026-09-23T10:09:17.276833Z,0.0,60.563637015128606,-12.74603820215279,60.59715848540927,-12.914204386896953,359.90250430580926,33,"[""HIP_102422"",""HIP_105199"",""HIP_109492"",""HIP_112724"",""HIP_116727"",""HIP_14328"",""HIP_14576"",""HIP_15863"",""HIP_17358"",""HIP_18246"",""HIP_18532"",""HIP_23015"",""HIP_23416"",""HIP_23453"",""HIP_23767"",""HIP_24608"",""HIP_25428"",""HIP_26451"",""HIP_28380"",""HIP_29655"",""HIP_30343"",""HIP_31681"",""HIP_32246"",""HIP_32362"",""HIP_33018"",""HIP_35550"",""HIP_36188"",""HIP_36850"",""HIP_37740"",""HIP_4427"",""HIP_746"",""HIP_9640""]",1,5,0,0.03352147028066099,-0.168166184744166,3727.417428875855,-9185.0935260474,9912.593641977974,
23,step,sample-000023,23,2,False,2026-09-22T18:17:50.688914Z,2026-09-23T09:36:28.596428Z,0.0,60.56338852552251,-12.749765594729922,60.541459976274716,-12.940673795426095,359.8909989325597,31,"[""HIP_14328"",""HIP_14576"",""HIP_15863"",""HIP_17358"",""HIP_17702"",""HIP_18246"",""HIP_18532"",""HIP_20894"",""HIP_21421"",""HIP_23015"",""HIP_23416"",""HIP_23453"",""HIP_23767"",""HIP_24608"",""HIP_25428"",""HIP_26207"",""HIP_26451"",""HIP_27989"",""HIP_28380"",""HIP_29655"",""HIP_30343"",""HIP_31681"",""HIP_32246"",""HIP_33018"",""HIP_35550"",""HIP_36046"",""HIP_36188"",""HIP_37279"",""HIP_37740"",""HIP_9640""]",1,5,0,-0.021928549247796525,-0.1909082006961853,-2438.3434250303285,-10436.269440144737,10717.329342320869,
23,step,sample-000023,23,3,False,2026-09-22T18:17:50.689918Z,2026-09-23T09:23:06.825539Z,0.0,60.5612810751117,-12.749168810145704,60.50956970968641,-12.863045115748424,359.9969534444107,22,"[""HIP_14328"",""HIP_14576"",""HIP_15863"",""HIP_17358"",""HIP_23416"",""HIP_24608"",""HIP_25428"",""HIP_27989"",""HIP_28380"",""HIP_29655"",""HIP_30343"",""HIP_31681"",""HIP_32246"",""HIP_32362"",""HIP_35550"",""HIP_36188"",""HIP_36850"",""HIP_37279"",""HIP_37740"",""HIP_37826"",""HIP_9640""]",1,5,0,-0.05171136542529098,-0.1138763056027301,-5750.041485155201,-6228.482030223152,8476.846608051272,
23,step,sample-000023,23,4,False,2026-09-22T18:17:50.690986Z,2026-09-23T08:53:34.889419Z,0.0,60.56294788815736,-12.7474125009023,60.530575880285554,-12.845267935082655,359.9999999958994,19,"[""HIP_17358"",""HIP_18246"",""HIP_23015"",""HIP_23416"",""HIP_23767"",""HIP_24608"",""HIP_25428"",""HIP_27989"",""HIP_28380"",""HIP_29655"",""HIP_30343"",""HIP_31681"",""HIP_32246"",""HIP_32362"",""HIP_35550"",""HIP_36188"",""HIP_37279"",""HIP_37826""]",1,5,0,-0.03237200787180683,-0.09785543418036013,-3599.6030406426385,-5350.343448673468,6448.511756002255,
23,step,sample-000023,23,5,False,2026-09-22T18:17:50.692107Z,2026-09-23T10:21:51.927931Z,0.0,60.56099769605374,-12.74864891465836,60.61762161360038,-12.913919535710429,359.92626850575857,28,"[""HIP_102422"",""HIP_105199"",""HIP_106032"",""HIP_109492"",""HIP_112724"",""HIP_116727"",""HIP_14328"",""HIP_14354"",""HIP_14576"",""HIP_15863"",""HIP_18246"",""HIP_18532"",""HIP_23015"",""HIP_23416"",""HIP_23767"",""HIP_24608"",""HIP_25428"",""HIP_26451"",""HIP_28380"",""HIP_29655"",""HIP_30343"",""HIP_31681"",""HIP_32246"",""HIP_32362"",""HIP_4427"",""HIP_94376"",""HIP_9640""]",1,5,0,0.05662391754663787,-0.16527062105205914,6296.2923579259395,-9024.450369577538,11003.812515338586,
23,summary,sample-000023,23,,,2026-09-22T18:17:50.693376Z,,,60.56245580729611,-12.747290682704374,60.55927713305127,-12.895422153772927,-0.05665496432465541,27,"[""HIP_102422"",""HIP_105199"",""HIP_106032"",""HIP_109492"",""HIP_112724"",""HIP_116727"",""HIP_14328"",""HIP_14354"",""HIP_14576"",""HIP_15863"",""HIP_17358"",""HIP_17702"",""HIP_18246"",""HIP_18532"",""HIP_20894"",""HIP_21421"",""HIP_23015"",""HIP_23416"",""HIP_23453"",""HIP_23767"",""HIP_24608"",""HIP_25428"",""HIP_26207"",""HIP_26451"",""HIP_27989"",""HIP_28380"",""HIP_29655"",""HIP_30343"",""HIP_31681"",""HIP_32246"",""HIP_32362"",""HIP_33018"",""HIP_35550"",""HIP_36046"",""HIP_36188"",""HIP_36850"",""HIP_37279"",""HIP_37740"",""HIP_37826"",""HIP_4427"",""HIP_746"",""HIP_94376"",""HIP_9640""]",1,5,0,-0.0031786742448431937,-0.1481314710685524,-353.4524494822871,-8095.704905783016,8103.415248669392,849692.4658232492
24,step,sample-000024,24,1,True,2026-09-22T18:19:32.486423Z,2026-09-23T09:27:56.985879Z,0.0,-51.540287084181465,-12.445358471274545,-51.39261786342843,-11.070585887736275,357.9851449523723,34,"[""HIP_24436"",""HIP_25606"",""HIP_25985"",""HIP_26241"",""HIP_26311"",""HIP_26634"",""HIP_26727"",""HIP_27366"",""HIP_27628"",""HIP_30122"",""HIP_30324"",""HIP_59196"",""HIP_59747"",""HIP_60718"",""HIP_61932"",""HIP_62322"",""HIP_63613"",""HIP_66657"",""HIP_68002"",""HIP_68702"",""HIP_68933"",""HIP_71352"",""HIP_71683"",""HIP_71860"",""HIP_71908"",""HIP_73273"",""HIP_74395"",""HIP_74946"",""HIP_75264"",""HIP_77952"",""HIP_82273"",""HIP_82363"",""HIP_83081""]",2,3,2,0.14766922075303768,1.3747725835382596,16420.068169293176,95232.43555066123,96636.12368740453,
24,step,sample-000024,24,2,True,2026-09-22T18:19:32.487666Z,2026-09-23T11:03:36.206937Z,0.0,-51.53797130103134,-12.44397620709509,-51.547186748912054,-11.889216861794104,359.15310429053307,35,"[""HIP_27072"",""HIP_30122"",""HIP_30324"",""HIP_31685"",""HIP_32349"",""HIP_33579"",""HIP_33856"",""HIP_33977"",""HIP_36377"",""HIP_38170"",""HIP_39757"",""HIP_65109"",""HIP_67464"",""HIP_68002"",""HIP_68702"",""HIP_71352"",""HIP_71683"",""HIP_71860"",""HIP_71908"",""HIP_73273"",""HIP_73714"",""HIP_74395"",""HIP_74946"",""HIP_75141"",""HIP_75264"",""HIP_76297"",""HIP_77952"",""HIP_82273"",""HIP_82363"",""HIP_82729"",""HIP_83081"",""HIP_84143"",""HIP_85258"",""HIP_85792""]",2,3,2,-0.009215447880713157,0.5547593453009938,-1024.7110510926539,38364.81541041779,38378.40571124859,
24,step,sample-000024,24,3,False,2026-09-22T18:19:32.488712Z,2026-09-23T10:42:51.217849Z,0.0,-51.537593375564214,-12.447834529947642,-51.57605286691028,-12.339124702902778,359.89273113004236,36,"[""HIP_25606"",""HIP_25985"",""HIP_30324"",""HIP_31685"",""HIP_32349"",""HIP_33579"",""HIP_33856"",""HIP_33977"",""HIP_34444"",""HIP_35264"",""HIP_35904"",""HIP_36377"",""HIP_37819"",""HIP_38170"",""HIP_39757"",""HIP_65109"",""HIP_68002"",""HIP_68702"",""HIP_68933"",""HIP_71352"",""HIP_71683"",""HIP_71860"",""HIP_71908"",""HIP_73273"",""HIP_73334"",""HIP_73714"",""HIP_74395"",""HIP_74946"",""HIP_75264"",""HIP_76297"",""HIP_77952"",""HIP_82273"",""HIP_83081"",""HIP_85258"",""HIP_85792""]",1,3,2,-0.03845949134606741,0.1087098270448621,-4276.500319013006,7515.559440821117,8647.084252790773,
24,step,sample-000024,24,4,False,2026-09-22T18:19:32.490316Z,2026-09-23T10:56:04.802145Z,0.0,-51.539244527659,-12.448231525714846,-51.588797824123326,-12.337408101733761,359.95524499083854,26,"[""HIP_33856"",""HIP_33977"",""HIP_34444"",""HIP_35904"",""HIP_37819"",""HIP_38170"",""HIP_39757"",""HIP_65109"",""HIP_68702"",""HIP_68933"",""HIP_71352"",""HIP_71683"",""HIP_71860"",""HIP_73273"",""HIP_73334"",""HIP_73714"",""HIP_74395"",""HIP_74946"",""HIP_75264"",""HIP_76297"",""HIP_77952"",""HIP_82273"",""HIP_83081"",""HIP_84143"",""HIP_85258""]",1,3,2,-0.0495532964643246,0.11082342398108835,-5510.075165346646,7660.468529292757,9436.295571316106,
24,step,sample-000024,24,5,False,2026-09-22T18:19:32.493180Z,2026-09-23T09:27:14.609590Z,0.0,-51.53737797945186,-12.446426613143672,-51.55901217352157,-12.337805079995592,359.9686651071942,35,"[""HIP_23875"",""HIP_24436"",""HIP_25985"",""HIP_26241"",""HIP_26311"",""HIP_26727"",""HIP_27366"",""HIP_30324"",""HIP_32349"",""HIP_59747"",""HIP_61585"",""HIP_61932"",""HIP_62322"",""HIP_64962"",""HIP_65109"",""HIP_66657"",""HIP_68002"",""HIP_68702"",""HIP_68933"",""HIP_71352"",""HIP_71683"",""HIP_71860"",""HIP_71908"",""HIP_73273"",""HIP_73334"",""HIP_74376"",""HIP_74395"",""HIP_74946"",""HIP_75264"",""HIP_77952"",""HIP_79664"",""HIP_82273"",""HIP_82363"",""HIP_83081""]",1,3,2,-0.02163419406971201,0.10862153314806733,-2405.6126225957746,7510.8797824708945,7886.714967286498,
24,summary,sample-000024,24,,,2026-09-22T18:19:32.495027Z,,,-51.53859117656133,-12.445651692133453,-51.574620954851724,-12.338112628210723,-0.0611195894996226,32,"[""HIP_23875"",""HIP_24436"",""HIP_25606"",""HIP_25985"",""HIP_26241"",""HIP_26311"",""HIP_26727"",""HIP_27366"",""HIP_30324"",""HIP_31685"",""HIP_32349"",""HIP_33579"",""HIP_33856"",""HIP_33977"",""HIP_34444"",""HIP_35264"",""HIP_35904"",""HIP_36377"",""HIP_37819"",""HIP_38170"",""HIP_39757"",""HIP_59747"",""HIP_61585"",""HIP_61932"",""HIP_62322"",""HIP_64962"",""HIP_65109"",""HIP_66657"",""HIP_68002"",""HIP_68702"",""HIP_68933"",""HIP_71352"",""HIP_71683"",""HIP_71860"",""HIP_71908"",""HIP_73273"",""HIP_73334"",""HIP_73714"",""HIP_74376"",""HIP_74395"",""HIP_74946"",""HIP_75264"",""HIP_76297"",""HIP_77952"",""HIP_79664"",""HIP_82273"",""HIP_82363"",""HIP_83081"",""HIP_84143"",""HIP_85258"",""HIP_85792""]",1,3,2,-0.036029778290391334,0.10753906392272938,-4006.328554019779,7434.655229731294,8445.397943307576,814640.5046615849
25,step,sample-000025,25,1,False,2026-09-22T18:20:34.543188Z,2026-09-23T11:32:53.614553Z,0.0,52.16675360091818,-54.91334150946355,52.1332200617308,-54.987673538049606,359.99449091407223,17,"[""HIP_21421"",""HIP_23015"",""HIP_25336"",""HIP_25428"",""HIP_26451"",""HIP_29655"",""HIP_30343"",""HIP_31681"",""HIP_32246"",""HIP_32362"",""HIP_35350"",""HIP_35550"",""HIP_36188"",""HIP_37279"",""HIP_37740"",""HIP_37826""]",1,4,1,-0.03353353918737412,-0.07433202858607046,-3728.7594300725004,-5071.586782755649,6294.809985315025,
25,step,sample-000025,25,2,False,2026-09-22T18:20:34.544934Z,2026-09-23T10:22:09.696469Z,0.0,52.168966428859314,-54.91279203662225,52.0926048044074,-55.00727491461575,359.9629117452044,19,"[""HIP_23875"",""HIP_24436"",""HIP_25336"",""HIP_25930"",""HIP_26207"",""HIP_26241"",""HIP_26311"",""HIP_26451"",""HIP_26727"",""HIP_27366"",""HIP_27989"",""HIP_29655"",""HIP_30343"",""HIP_31681"",""HIP_32246"",""HIP_32362"",""HIP_36188"",""HIP_37279""]",1,4,1,-0.07636162445191275,-0.09448287799349941,-8491.025229389781,-6449.23525869353,10662.55608630262,
25,step,sample-000025,25,3,True,2026-09-22T18:20:34.545928Z,2026-09-23T11:22:25.358499Z,0.0,52.1665804106785,-54.91121022022125,52.16362339350443,-55.0390881224589,359.9570477425563,24,"[""HIP_10064"",""HIP_14328"",""HIP_14354"",""HIP_14576"",""HIP_15863"",""HIP_17358"",""HIP_17702"",""HIP_18246"",""HIP_18532"",""HIP_23015"",""HIP_23416"",""HIP_23453"",""HIP_29655"",""HIP_30343"",""HIP_31681"",""HIP_32362"",""HIP_35550"",""HIP_36188"",""HIP_37279"",""HIP_37740"",""HIP_6686"",""HIP_8886"",""HIP_9640""]",1,4,1,-0.00295701717406871,-0.12787790223765683,-328.8053077572706,-8721.996380432136,8728.190762830012,
25,step,sample-000025,25,4,False,2026-09-22T18:20:34.547023Z,2026-09-23T10:15:40.085873Z,0.0,52.16942681057759,-54.912261773647884,52.08244274170622,-55.00976608195779,359.94631949574693,18,"[""HIP_21421"",""HIP_23875"",""HIP_25336"",""HIP_25930"",""HIP_26241"",""HIP_26311"",""HIP_26451"",""HIP_26727"",""HIP_27989"",""HIP_29655"",""HIP_30343"",""HIP_31681"",""HIP_32246"",""HIP_32362"",""HIP_35550"",""HIP_37279"",""HIP_37740""]",1,4,1,-0.08698406887137367,-0.09750430830990808,-9672.18715739764,-6656.197376114617,11741.21418519333,
25,step,sample-000025,25,5,False,2026-09-22T18:20:34.548113Z,2026-09-23T10:24:33.534981Z,0.0,52.168692277413896,-54.914284447597595,52.08686908645771,-55.02464885784795,359.94658244929417,13,"[""HIP_23875"",""HIP_24436"",""HIP_25336"",""HIP_25930"",""HIP_26207"",""HIP_26241"",""HIP_26311"",""HIP_26451"",""HIP_26727"",""HIP_27366"",""HIP_27989"",""HIP_32362""]",1,4,1,-0.08182319095618595,-0.11036441025035515,-9098.323716196819,-7533.78881759161,11812.594971674329,
25,summary,sample-000025,25,,,2026-09-22T18:20:34.549264Z,,,52.16810728749902,-54.91190582110207,52.09878417357553,-55.00734084811778,-0.03742384922671097,17,"[""HIP_21421"",""HIP_23015"",""HIP_23875"",""HIP_24436"",""HIP_25336"",""HIP_25428"",""HIP_25930"",""HIP_26207"",""HIP_26241"",""HIP_26311"",""HIP_26451"",""HIP_26727"",""HIP_27366"",""HIP_27989"",""HIP_29655"",""HIP_30343"",""HIP_31681"",""HIP_32246"",""HIP_32362"",""HIP_35350"",""HIP_35550"",""HIP_36188"",""HIP_37279"",""HIP_37740"",""HIP_37826""]",1,4,1,-0.06932311392348822,-0.0954350270156965,-7708.37856749466,-6513.838337757232,10092.034138644345,782458.5658406673
26,step,sample-000026,26,1,False,2026-09-22T18:22:21.706511Z,2026-09-23T11:44:32.845883Z,0.0,-48.85411965455624,-2.8036847782926486,-48.934497846674525,-2.664397426732808,359.8035913365358,39,"[""HIP_33579"",""HIP_33856"",""HIP_33977"",""HIP_34444"",""HIP_35264"",""HIP_35904"",""HIP_38170"",""HIP_39429"",""HIP_39757"",""HIP_71352"",""HIP_71683"",""HIP_73273"",""HIP_74395"",""HIP_74946"",""HIP_75141"",""HIP_75264"",""HIP_76297"",""HIP_77952"",""HIP_78265"",""HIP_78401"",""HIP_78820"",""HIP_79664"",""HIP_80112"",""HIP_80763"",""HIP_81266"",""HIP_82273"",""HIP_82396"",""HIP_82514"",""HIP_82729"",""HIP_83081"",""HIP_84143"",""HIP_85258"",""HIP_85792"",""HIP_85927"",""HIP_86228"",""HIP_86670"",""HIP_87073"",""HIP_87261""]",1,5,0,-0.08037819211828179,0.13928735155982963,-8937.647176414592,10182.617862498377,13548.694792436008,
26,step,sample-000026,26,2,False,2026-09-22T18:22:21.707807Z,2026-09-23T11:48:58.357085Z,0.0,-48.85622722349629,-2.8053203682674734,-48.90169169724355,-2.7434552096724825,359.94212916249023,34,"[""HIP_33579"",""HIP_33856"",""HIP_33977"",""HIP_34444"",""HIP_35264"",""HIP_35904"",""HIP_36377"",""HIP_38170"",""HIP_39429"",""HIP_39757"",""HIP_73334"",""HIP_74395"",""HIP_75141"",""HIP_75264"",""HIP_76297"",""HIP_77952"",""HIP_79664"",""HIP_80000"",""HIP_81266"",""HIP_82273"",""HIP_82396"",""HIP_82514"",""HIP_82729"",""HIP_83081"",""HIP_83153"",""HIP_84143"",""HIP_85258"",""HIP_85792"",""HIP_85927"",""HIP_86228"",""HIP_86670"",""HIP_87073"",""HIP_87261""]",1,5,0,-0.04546447374725915,0.06186515859499764,-5055.418823259947,4524.04798076628,6784.118452767636,
26,step,sample-000026,26,3,False,2026-09-22T18:22:21.708778Z,2026-09-23T12:07:25.794863Z,0.0,-48.855156598765184,-2.8044728802445036,-48.871265158422204,-2.681221240904028,359.95109171580776,38,"[""HIP_33579"",""HIP_33856"",""HIP_33977"",""HIP_34444"",""HIP_35264"",""HIP_35904"",""HIP_38170"",""HIP_39429"",""HIP_39757"",""HIP_71683"",""HIP_73273"",""HIP_73334"",""HIP_74395"",""HIP_74946"",""HIP_75141"",""HIP_77952"",""HIP_78401"",""HIP_78820"",""HIP_79664"",""HIP_80112"",""HIP_80763"",""HIP_81266"",""HIP_82273"",""HIP_82363"",""HIP_82396"",""HIP_82514"",""HIP_82729"",""HIP_83081"",""HIP_84143"",""HIP_84970"",""HIP_85258"",""HIP_85792"",""HIP_85927"",""HIP_86228"",""HIP_86670"",""HIP_87073"",""HIP_87261""]",1,5,0,-0.016108559657020294,0.12325163934048078,-1791.1901094118696,9015.928848209129,9192.133298818138,
26,step,sample-000026,26,4,False,2026-09-22T18:22:21.709928Z,2026-09-23T10:41:15.608340Z,0.0,-48.85565953864194,-2.8038015597605863,-48.84557897543892,-2.7399610359179993,359.9993043423362,38,"[""HIP_32349"",""HIP_33579"",""HIP_33856"",""HIP_33977"",""HIP_34444"",""HIP_35264"",""HIP_35904"",""HIP_36377"",""HIP_37819"",""HIP_38170"",""HIP_39757"",""HIP_67464"",""HIP_68002"",""HIP_68702"",""HIP_68933"",""HIP_71352"",""HIP_71683"",""HIP_71860"",""HIP_71908"",""HIP_73273"",""HIP_74376"",""HIP_74395"",""HIP_74946"",""HIP_75264"",""HIP_76297"",""HIP_77952"",""HIP_78265"",""HIP_79664"",""HIP_80000"",""HIP_82273"",""HIP_82363"",""HIP_82514"",""HIP_82729"",""HIP_83081"",""HIP_84143"",""HIP_85258"",""HIP_85792""]",1,5,0,0.010080563203018755,0.0638405238426003,1120.9074858955087,4671.14614811331,4803.752530221099,
26,step,sample-000026,26,5,False,2026-09-22T18:22:21.711072Z,2026-09-23T11:16:56.210511Z,0.0,-48.85558997533576,-2.804680475676321,-48.89183063566704,-2.7591794585094407,359.9995594892077,37,"[""HIP_32349"",""HIP_33579"",""HIP_33977"",""HIP_34444"",""HIP_35264"",""HIP_35904"",""HIP_36377"",""HIP_38170"",""HIP_39757"",""HIP_63613"",""HIP_67464"",""HIP_71683"",""HIP_71860"",""HIP_71908"",""HIP_73273"",""HIP_73334"",""HIP_74395"",""HIP_74946"",""HIP_75264"",""HIP_76297"",""HIP_77952"",""HIP_78265"",""HIP_78401"",""HIP_78820"",""HIP_79664"",""HIP_80112"",""HIP_80763"",""HIP_81266"",""HIP_82273"",""HIP_82396"",""HIP_82514"",""HIP_82729"",""HIP_83081"",""HIP_84143"",""HIP_85792"",""HIP_86228""]",1,5,0,-0.036240660331280594,0.045501017166884594,-4029.7775670871156,3327.727446715982,5226.17212189363,
26,summary,sample-000026,26,,,2026-09-22T18:22:21.712179Z,,,-48.85579941034776,-2.8037323956801288,-48.88897286268925,-2.717642874347348,-0.060864769908447795,37,"[""HIP_32349"",""HIP_33579"",""HIP_33856"",""HIP_33977"",""HIP_34444"",""HIP_35264"",""HIP_35904"",""HIP_36377"",""HIP_37819"",""HIP_38170"",""HIP_39429"",""HIP_39757"",""HIP_63613"",""HIP_67464"",""HIP_68002"",""HIP_68702"",""HIP_68933"",""HIP_71352"",""HIP_71683"",""HIP_71860"",""HIP_71908"",""HIP_73273"",""HIP_73334"",""HIP_74376"",""HIP_74395"",""HIP_74946"",""HIP_75141"",""HIP_75264"",""HIP_76297"",""HIP_77952"",""HIP_78265"",""HIP_78401"",""HIP_78820"",""HIP_79664"",""HIP_80000"",""HIP_80112"",""HIP_80763"",""HIP_81266"",""HIP_82273"",""HIP_82363"",""HIP_82396"",""HIP_82514"",""HIP_82729"",""HIP_83081"",""HIP_83153"",""HIP_84143"",""HIP_84970"",""HIP_85258"",""HIP_85792"",""HIP_85927"",""HIP_86228"",""HIP_86670"",""HIP_87073"",""HIP_87261""]",1,5,0,-0.033173452341493714,0.0860895213327808,-3688.7195996591586,6296.343762418362,7297.300004991369,752644.6710008337
27,step,sample-000027,27,1,False,2026-09-22T18:23:23.385128Z,2026-09-23T12:01:04.906934Z,0.0,43.98556291070597,-84.82719057661205,43.935366107113225,-84.9403938534249,359.98106095849573,27,"[""HIP_10064"",""HIP_112724"",""HIP_14328"",""HIP_14354"",""HIP_22449"",""HIP_23875"",""HIP_24436"",""HIP_25930"",""HIP_25985"",""HIP_26207"",""HIP_26241"",""HIP_26311"",""HIP_26727"",""HIP_27366"",""HIP_30324"",""HIP_3179"",""HIP_32349"",""HIP_4427"",""HIP_5447"",""HIP_6686"",""HIP_746"",""HIP_8796"",""HIP_8886"",""HIP_8903"",""HIP_9640"",""HIP_9884""]",1,4,1,-0.050196803592747585,-0.1132032768128397,-5581.62989328689,-9060.81478372088,10642.035709374259,
27,step,sample-000027,27,2,False,2026-09-22T18:23:23.386656Z,2026-09-23T13:02:48.327845Z,0.0,43.98564882546342,-84.82767570352574,43.94304967574127,-84.92656208094627,359.97859641952715,23,"[""HIP_10064"",""HIP_14328"",""HIP_14354"",""HIP_14576"",""HIP_17358"",""HIP_17702"",""HIP_18246"",""HIP_18532"",""HIP_23015"",""HIP_23416"",""HIP_24436"",""HIP_25336"",""HIP_25930"",""HIP_26207"",""HIP_26241"",""HIP_26311"",""HIP_26451"",""HIP_26727"",""HIP_27366"",""HIP_27989"",""HIP_30324"",""HIP_9640""]",1,4,1,-0.04259914972215029,-0.09888637742051287,-4736.809328475076,-7914.369525160509,9223.588735642123,
27,step,sample-000027,27,3,False,2026-09-22T18:23:23.387842Z,2026-09-23T11:26:10.731191Z,0.0,43.9853741909513,-84.82779171260395,43.86593089821814,-85.24911844101102,359.66828976064767,8,"[""HIP_23875"",""HIP_24305"",""HIP_24436"",""HIP_25606"",""HIP_25985"",""HIP_26241"",""HIP_27366"",""HIP_30324""]",1,4,1,-0.11944329273315901,-0.42132672840705254,-13281.488173648173,-33742.83558724559,36262.5544114575,
27,step,sample-000027,27,4,True,2026-09-22T18:23:23.388930Z,2026-09-23T11:34:05.799821Z,0.0,43.9839249375981,-84.82672839396264,37.1856360088178,72.29023832078357,19.711736609188257,1,[],4,4,1,-6.798288928780295,157.11696671474624,-755935.2387442407,13267952.183487711,10699501.453144541,
27,step,sample-000027,27,5,False,2026-09-22T18:23:23.389998Z,2026-09-23T12:01:28.098473Z,0.0,43.98385373818611,-84.8249175877928,43.8629828667523,-84.78777713333504,0.16434651206637693,17,"[""HIP_20889"",""HIP_20894"",""HIP_21421"",""HIP_22449"",""HIP_23875"",""HIP_24436"",""HIP_25336"",""HIP_25930"",""HIP_25985"",""HIP_26207"",""HIP_26241"",""HIP_26311"",""HIP_26451"",""HIP_26727"",""HIP_27366"",""HIP_27989""]",1,4,1,-0.12087087143381581,0.03714045445775582,-13440.22768254704,2974.5829854113285,13765.458638699434,
27,summary,sample-000027,27,,,2026-09-22T18:23:23.391051Z,,,43.98407234427778,-84.82705989609005,43.90183238695623,-84.9759628771793,-0.05192643854964393,19,"[""HIP_10064"",""HIP_112724"",""HIP_14328"",""HIP_14354"",""HIP_14576"",""HIP_17358"",""HIP_17702"",""HIP_18246"",""HIP_18532"",""HIP_20889"",""HIP_20894"",""HIP_21421"",""HIP_22449"",""HIP_23015"",""HIP_23416"",""HIP_23875"",""HIP_24305"",""HIP_24436"",""HIP_25336"",""HIP_25606"",""HIP_25930"",""HIP_25985"",""HIP_26207"",""HIP_26241"",""HIP_26311"",""HIP_26451"",""HIP_26727"",""HIP_27366"",""HIP_27989"",""HIP_30324"",""HIP_3179"",""HIP_32349"",""HIP_4427"",""HIP_5447"",""HIP_6686"",""HIP_746"",""HIP_8796"",""HIP_8886"",""HIP_8903"",""HIP_9640"",""HIP_9884""]",1,4,1,-0.08223995732154776,-0.14890298108923616,-9144.666021621144,-11921.739185844792,15025.06741891608,725325.4264237256
28,step,sample-000028,28,1,False,2026-09-22T18:24:28.561183Z,2026-09-23T14:01:01.484170Z,0.0,-47.680671502638496,176.12168250605282,-46.77113149015281,-179.35463005164647,-1.789878882750204,28,"[""HIP_23875"",""HIP_24436"",""HIP_25606"",""HIP_25985"",""HIP_26241"",""HIP_26634"",""HIP_27366"",""HIP_30324"",""HIP_30438"",""HIP_39953"",""HIP_41037"",""HIP_42570"",""HIP_42913"",""HIP_45238"",""HIP_45556"",""HIP_45941"",""HIP_46701"",""HIP_47854"",""HIP_48002"",""HIP_50099"",""HIP_50371"",""HIP_51576"",""HIP_52419"",""HIP_57363"",""HIP_61585"",""HIP_62322"",""HIP_63613"",""HIP_74946""]",2,3,2,0.9095400124856852,4.523687442300684,101136.2349686368,341599.6323093543,356195.369990597,
28,step,sample-000028,28,2,False,2026-09-22T18:24:28.563367Z,2026-09-23T13:36:05.939842Z,0.0,-47.68070987605511,176.12109125649317,-47.91343001658958,-179.94622374939982,-2.263992510452773,19,"[""HIP_30438"",""HIP_39953"",""HIP_41037"",""HIP_42913"",""HIP_45238"",""HIP_45556"",""HIP_45941"",""HIP_46701"",""HIP_47854"",""HIP_48002"",""HIP_50099"",""HIP_50371"",""HIP_51576"",""HIP_52419"",""HIP_57363"",""HIP_61585"",""HIP_62322"",""HIP_63613""]",2,3,2,-0.2327201405344681,3.932684994107035,-25877.29895544158,293756.365590432,294861.4803346949,
28,step,sample-000028,28,3,False,2026-09-22T18:24:28.565698Z,2026-09-23T13:24:06.790143Z,0.0,-47.68199900296827,176.12268580722986,-48.45872868091898,-179.95840674499124,-2.61439423259599,17,"[""HIP_30438"",""HIP_39953"",""HIP_41037"",""HIP_42536"",""HIP_42913"",""HIP_45238"",""HIP_45556"",""HIP_47854"",""HIP_48002"",""HIP_50099"",""HIP_50371"",""HIP_52419"",""HIP_57363"",""HIP_61585"",""HIP_62322"",""HIP_63613""]",2,3,2,-0.776729677950712,3.9189074477789063,-86368.39956238116,291184.19530618313,303682.9123870608,
28,step,sample-000028,28,4,True,2026-09-22T18:24:28.566978Z,2026-09-23T12:14:18.169913Z,0.0,-47.68161179220754,176.11943710100468,-47.692968301543516,-125.57207829290546,-212.39391618037027,1,[],4,3,2,-0.011356509335975318,58.30848460608985,-1262.7862225520219,4364612.769626828,4257469.554730482,
28,step,sample-000028,28,5,True,2026-09-22T18:24:28.568367Z,2026-09-23T14:01:54.368531Z,0.0,-47.68166186957488,176.11964066005908,-89.99996922383603,9.20845288394486,-218.8072020204548,26,"[""HIP_25606"",""HIP_25985"",""HIP_27366"",""HIP_30324"",""HIP_33579"",""HIP_33977"",""HIP_34444"",""HIP_35264"",""HIP_35904"",""HIP_39429"",""HIP_39953"",""HIP_41037"",""HIP_42913"",""HIP_45238"",""HIP_45941"",""HIP_46701"",""HIP_47854"",""HIP_48002"",""HIP_50371"",""HIP_51576"",""HIP_52419"",""HIP_57363"",""HIP_61585"",""HIP_62322"",""HIP_63613""]",3,3,2,-42.31830735426115,-166.91118777611422,-4705581.081978959,-6699307.104379817,4705587.837378762,
28,summary,sample-000028,28,,,2026-09-22T18:24:28.569479Z,,,-47.68157617615155,176.1210361176673,-47.71443006255379,-179.75308684867917,-2.222755563534948,21,"[""HIP_23875"",""HIP_24436"",""HIP_25606"",""HIP_25985"",""HIP_26241"",""HIP_26634"",""HIP_27366"",""HIP_30324"",""HIP_30438"",""HIP_39953"",""HIP_41037"",""HIP_42536"",""HIP_42570"",""HIP_42913"",""HIP_45238"",""HIP_45556"",""HIP_45941"",""HIP_46701"",""HIP_47854"",""HIP_48002"",""HIP_50099"",""HIP_50371"",""HIP_51576"",""HIP_52419"",""HIP_57363"",""HIP_61585"",""HIP_62322"",""HIP_63613"",""HIP_74946""]",2,3,2,-0.0328538864022363,4.1258770336535235,-3653.1854884853315,308774.21476648253,308759.30674584454,710448.0650066584
29,step,sample-000029,29,1,False,2026-09-22T18:25:39.968395Z,2026-09-23T13:16:45.979667Z,0.0,-22.23028461302582,-15.393477362848927,-89.99999999999986,8.191082293136022,-219.6544417508648,34,"[""HIP_39953"",""HIP_41037"",""HIP_42913"",""HIP_44816"",""HIP_45238"",""HIP_45556"",""HIP_45941"",""HIP_48774"",""HIP_50371"",""HIP_51232"",""HIP_51576"",""HIP_52419"",""HIP_52727"",""HIP_53253"",""HIP_54463"",""HIP_56561"",""HIP_59196"",""HIP_59747"",""HIP_60260"",""HIP_60718"",""HIP_61585"",""HIP_62322"",""HIP_62434"",""HIP_68002"",""HIP_68702"",""HIP_71352"",""HIP_71683"",""HIP_71860"",""HIP_71908"",""HIP_73273"",""HIP_74395"",""HIP_74946"",""HIP_77952"",""HIP_82273""]",3,4,1,-67.76971538697404,23.584559655984947,-7535648.531177202,1462101.9647020658,7535648.531177205,
29,step,sample-000029,29,2,False,2026-09-22T18:25:39.969936Z,2026-09-23T13:30:21.964994Z,0.0,-22.230620470980266,-15.393416427591632,-89.99999999999999,-27.46861731507877,-225.6205999493905,25,"[""HIP_39429"",""HIP_39953"",""HIP_41037"",""HIP_42913"",""HIP_44816"",""HIP_45238"",""HIP_45556"",""HIP_45941"",""HIP_48002"",""HIP_48774"",""HIP_50371"",""HIP_51576"",""HIP_52419"",""HIP_52727"",""HIP_53253"",""HIP_56561"",""HIP_59196"",""HIP_59747"",""HIP_60260"",""HIP_61585"",""HIP_62322"",""HIP_68702"",""HIP_71683"",""HIP_71908"",""HIP_77952""]",3,4,1,-67.76937952901972,-12.075200887487142,-7535611.185476609,-748587.1328265527,7535611.185476609,
29,step,sample-000029,29,3,False,2026-09-22T18:25:39.971048Z,2026-09-23T14:03:01.228688Z,0.0,-22.229440164436678,-15.392557666091136,-89.99999999999999,0.8095641460439389,-146.18469940242858,43,"[""HIP_39953"",""HIP_41037"",""HIP_42913"",""HIP_44816"",""HIP_45238"",""HIP_45556"",""HIP_45941"",""HIP_48774"",""HIP_50371"",""HIP_51232"",""HIP_51576"",""HIP_52419"",""HIP_52727"",""HIP_53253"",""HIP_54463"",""HIP_56561"",""HIP_59196"",""HIP_59747"",""HIP_60260"",""HIP_61585"",""HIP_62322"",""HIP_62434"",""HIP_66657"",""HIP_68002"",""HIP_68702"",""HIP_71683"",""HIP_71908"",""HIP_74395"",""HIP_74946"",""HIP_75141"",""HIP_75264"",""HIP_76297"",""HIP_77952"",""HIP_78401"",""HIP_80112"",""HIP_82273"",""HIP_82396"",""HIP_82514"",""HIP_85927"",""HIP_86228"",""HIP_86670"",""HIP_87073"",""HIP_87261""]",3,4,1,-67.7705598355633,16.20212181213509,-7535742.429576141,1004445.8923556827,7535742.429576141,
29,step,sample-000029,29,4,False,2026-09-22T18:25:39.972021Z,2026-09-23T13:40:31.068956Z,0.0,-22.22968564725226,-15.393168788428227,-89.99999999999999,12.488741329414928,-113.3032225089463,33,"[""HIP_39953"",""HIP_41037"",""HIP_42913"",""HIP_45238"",""HIP_45556"",""HIP_45941"",""HIP_48002"",""HIP_48774"",""HIP_50371"",""HIP_51232"",""HIP_51576"",""HIP_52419"",""HIP_52727"",""HIP_53253"",""HIP_56561"",""HIP_60260"",""HIP_61585"",""HIP_62322"",""HIP_68702"",""HIP_71683"",""HIP_71908"",""HIP_74395"",""HIP_74946"",""HIP_77952"",""HIP_80763"",""HIP_82273"",""HIP_82396"",""HIP_82514"",""HIP_85792"",""HIP_85927"",""HIP_86228"",""HIP_86670"",""HIP_87073""]",3,4,1,-67.77031435274773,27.881910117843148,-7535715.13313247,1728525.5031104197,7535715.13313247,
29,step,sample-000029,29,5,True,2026-09-22T18:25:39.973175Z,2026-09-23T13:32:07.984446Z,0.0,-22.231076416469506,-15.39229714742521,-89.9999999999999,-122.86580006261244,-110.54537602850456,33,"[""HIP_39429"",""HIP_39953"",""HIP_41037"",""HIP_42913"",""HIP_44816"",""HIP_45238"",""HIP_45556"",""HIP_45941"",""HIP_48002"",""HIP_48774"",""HIP_50371"",""HIP_51232"",""HIP_51576"",""HIP_52419"",""HIP_52727"",""HIP_53253"",""HIP_56561"",""HIP_59196"",""HIP_59747"",""HIP_60260"",""HIP_61585"",""HIP_62322"",""HIP_66657"",""HIP_68702"",""HIP_71352"",""HIP_71683"",""HIP_71908"",""HIP_73273"",""HIP_73334"",""HIP_74395"",""HIP_74946"",""HIP_77952"",""HIP_82273""]",3,4,1,-67.7689235835304,-107.47350291518723,-7535560.486651369,-6662647.313017903,7535560.486651383,
29,summary,sample-000029,29,,,2026-09-22T18:25:39.974396Z,,,-22.230438354398487,-15.392003882373189,-89.99999999999994,-1.4948073866209768,-177.407455993749,34,"[""HIP_39429"",""HIP_39953"",""HIP_41037"",""HIP_42913"",""HIP_44816"",""HIP_45238"",""HIP_45556"",""HIP_45941"",""HIP_48002"",""HIP_48774"",""HIP_50371"",""HIP_51232"",""HIP_51576"",""HIP_52419"",""HIP_52727"",""HIP_53253"",""HIP_54463"",""HIP_56561"",""HIP_59196"",""HIP_59747"",""HIP_60260"",""HIP_60718"",""HIP_61585"",""HIP_62322"",""HIP_62434"",""HIP_66657"",""HIP_68002"",""HIP_68702"",""HIP_71352"",""HIP_71683"",""HIP_71860"",""HIP_71908"",""HIP_73273"",""HIP_74395"",""HIP_74946"",""HIP_75141"",""HIP_75264"",""HIP_76297"",""HIP_77952"",""HIP_78401"",""HIP_80112"",""HIP_80763"",""HIP_82273"",""HIP_82396"",""HIP_82514"",""HIP_85792"",""HIP_85927"",""HIP_86228"",""HIP_86670"",""HIP_87073"",""HIP_87261""]",3,4,1,-67.76956164560146,13.897196495752212,-7535631.435916555,861541.5341530878,7535631.435916555,945799.2157276893
30,step,sample-000030,30,1,False,2026-09-22T18:26:28.815588Z,2026-09-23T14:52:51.913788Z,0.0,47.8873653883504,-135.3111883139981,47.762921214880535,-135.22020332565918,-359.78812112002674,17,"[""HIP_20889"",""HIP_20894"",""HIP_22449"",""HIP_23875"",""HIP_24436"",""HIP_24674"",""HIP_25336"",""HIP_25930"",""HIP_26207"",""HIP_26241"",""HIP_26311"",""HIP_26727"",""HIP_27288"",""HIP_27366"",""HIP_27989"",""HIP_31681"",""HIP_32362""]",1,5,0,-0.12444417346986825,0.0909849883389029,-13837.560740324741,6792.554010625374,15414.823627516012,
30,step,sample-000030,30,2,False,2026-09-22T18:26:28.816715Z,2026-09-23T13:36:24.583153Z,0.0,47.885696011940084,-135.3111083155113,47.801883489222135,-135.21416201473045,-359.779503105929,18,"[""HIP_18724"",""HIP_22449"",""HIP_23875"",""HIP_24436"",""HIP_24674"",""HIP_25281"",""HIP_25336"",""HIP_25930"",""HIP_26207"",""HIP_26241"",""HIP_26311"",""HIP_26451"",""HIP_26727"",""HIP_27288"",""HIP_27366"",""HIP_27989"",""HIP_31681"",""HIP_32362""]",1,5,0,-0.08381252271794892,0.09694630078084288,-9319.527315517744,7235.000018142126,11798.25259465291,
30,step,sample-000030,30,3,False,2026-09-22T18:26:28.817805Z,2026-09-23T14:13:12.519503Z,0.0,47.88487188474012,-135.30804854252563,47.82856282510786,-135.40392105434128,-359.89828818661243,7,"[""HIP_10064"",""HIP_14354"",""HIP_5447"",""HIP_7607"",""HIP_8903"",""HIP_9640"",""HIP_9884""]",1,5,0,-0.056309059632262404,-0.09587251181565648,-6261.281755233502,-7153.080986711604,9506.323740140338,
30,step,sample-000030,30,4,False,2026-09-22T18:26:28.818770Z,2026-09-23T14:05:17.882640Z,0.0,47.88703832033552,-135.30894061501115,47.82856282510786,-135.40392105434128,-359.89828818661243,0,[],1,5,0,-0.058475495227661156,-0.09498043933012923,-6502.178402344026,-7086.37510238392,9617.432579284203,
30,step,sample-000030,30,5,False,2026-09-22T18:26:28.819853Z,2026-09-23T15:00:35.658231Z,0.0,47.88714904447098,-135.3093582109185,47.79261116111838,-135.3073562160098,-359.8755727663639,20,"[""HIP_109492"",""HIP_14328"",""HIP_22449"",""HIP_23875"",""HIP_24436"",""HIP_24674"",""HIP_25930"",""HIP_26207"",""HIP_26241"",""HIP_26311"",""HIP_26727"",""HIP_27366"",""HIP_27989"",""HIP_3179"",""HIP_4427"",""HIP_6686"",""HIP_746"",""HIP_7607"",""HIP_8886""]",1,5,0,-0.09453788335260072,0.002001994908710003,-10512.133004524287,149.4180256345777,10513.194853497138,
30,summary,sample-000030,30,,,2026-09-22T18:26:28.820904Z,,,47.88656880820285,-135.30878709051598,47.80290830308736,-135.3099127330164,0.15204532426282283,12,"[""HIP_10064"",""HIP_109492"",""HIP_14328"",""HIP_14354"",""HIP_18724"",""HIP_20889"",""HIP_20894"",""HIP_22449"",""HIP_23875"",""HIP_24436"",""HIP_24674"",""HIP_25281"",""HIP_25336"",""HIP_25930"",""HIP_26207"",""HIP_26241"",""HIP_26311"",""HIP_26451"",""HIP_26727"",""HIP_27288"",""HIP_27366"",""HIP_27989"",""HIP_31681"",""HIP_3179"",""HIP_32362"",""HIP_4427"",""HIP_5447"",""HIP_6686"",""HIP_746"",""HIP_7607"",""HIP_8886"",""HIP_8903"",""HIP_9640"",""HIP_9884""]",1,5,0,-0.08366050511549616,-0.0011256425004262383,-9302.623729364328,-84.00397418267298,9303.003005049577,914582.6753036013
31,step,sample-000031,31,1,True,2026-09-22T18:27:14.303271Z,2026-09-23T15:27:03.162850Z,0.0,-38.056767432540155,112.73574815337281,-88.21318550050655,-111.49393600244338,259.5125402023445,13,"[""HIP_85927"",""HIP_86228"",""HIP_86670"",""HIP_87073"",""HIP_87261"",""HIP_88635"",""HIP_88839"",""HIP_89341"",""HIP_89642"",""HIP_89931"",""HIP_90185"",""HIP_90496"",""HIP_92855""]",3,3,2,-50.1564180679664,135.7703158441838,-5577139.227821344,6822173.283818428,5919340.173737552,
31,step,sample-000031,31,2,True,2026-09-22T18:27:14.305065Z,2026-09-23T15:14:56.489799Z,0.0,-38.05884280918094,112.7360380694135,-88.81796801920375,-108.54703788365842,258.7559889312507,11,"[""HIP_85927"",""HIP_86228"",""HIP_86670"",""HIP_87073"",""HIP_87261"",""HIP_88635"",""HIP_88839"",""HIP_89931"",""HIP_90185"",""HIP_90496"",""HIP_92855""]",3,3,2,-50.75912521002281,138.71692404692806,-5644157.204270459,6897266.639666487,5874815.447610683,
31,step,sample-000031,31,3,False,2026-09-22T18:27:14.306849Z,2026-09-23T15:55:54.835687Z,0.0,-38.057638580970014,112.73779976981001,-89.92060702328884,-110.3445011687059,254.79924469286343,15,"[""HIP_100345"",""HIP_85792"",""HIP_86228"",""HIP_87073"",""HIP_89642"",""HIP_89931"",""HIP_90185"",""HIP_90496"",""HIP_92041"",""HIP_92855"",""HIP_93085"",""HIP_93506"",""HIP_93683"",""HIP_93864"",""HIP_94141""]",3,3,2,-51.862968442318824,136.9176990614841,-5766898.971512706,6676602.619127147,5782177.104994619,
31,step,sample-000031,31,4,False,2026-09-22T18:27:14.308104Z,2026-09-23T15:03:24.082396Z,0.0,-38.05668404439202,112.73756905611697,-89.92060702328884,-110.3445011687059,254.79924469286343,0,[],4,3,2,-51.86392297889682,136.91792977517713,-5767005.111137476,6676727.843177628,5782283.268804697,
31,step,sample-000031,31,5,False,2026-09-22T18:27:14.309995Z,2026-09-23T14:29:48.595524Z,0.0,-38.057564794475475,112.7365609245611,-89.92060702328884,-110.3445011687059,254.79924469286343,0,[],4,3,2,-51.86304222881336,136.918937906733,-5766907.176196554,6676671.840045281,5782185.439948363,
31,summary,sample-000031,31,,,2026-09-22T18:27:14.311184Z,,,-38.05767038723077,112.73576086149382,-89.92060702328885,-110.34450116870596,-105.20075530713659,5,"[""HIP_100345"",""HIP_85792"",""HIP_86228"",""HIP_87073"",""HIP_89642"",""HIP_89931"",""HIP_90185"",""HIP_90496"",""HIP_92041"",""HIP_92855"",""HIP_93085"",""HIP_93506"",""HIP_93683"",""HIP_93864"",""HIP_94141""]",3,3,2,-51.86293663605808,136.91973796980022,-5766895.434817876,6676698.245886472,5782173.782710439,1071601.743284467
32,step,sample-000032,32,1,True,2026-09-22T18:27:52.027924Z,2026-09-23T15:36:01.146128Z,0.0,7.662906604981785,119.95135887900392,-89.99991849409449,-140.66175341904054,-102.5590987084208,8,"[""HIP_100453"",""HIP_102098"",""HIP_102488"",""HIP_104732"",""HIP_104887"",""HIP_105199"",""HIP_109492"",""HIP_97165""]",3,4,1,-97.66282509907627,99.38688770195552,-10859610.672792155,8319176.231084135,10859621.214018457,
32,step,sample-000032,32,2,False,2026-09-22T18:27:52.029469Z,2026-09-23T15:54:33.829570Z,0.0,7.66092335900878,119.95130754749658,12.502762850586322,-179.9997959072039,-37.07772044188129,7,"[""HIP_14328"",""HIP_3179"",""HIP_4427"",""HIP_6686"",""HIP_746"",""HIP_8886"",""HIP_9640""]",3,4,1,4.841839491577542,60.0488965452995,538387.9870906923,6574029.063713062,6583573.671677834,
32,step,sample-000032,32,3,False,2026-09-22T18:27:52.030652Z,2026-09-23T16:15:17.406319Z,0.0,7.66376266340719,119.95067678164332,20.49548493500031,-179.99999999282704,-32.40910779015653,10,"[""HIP_109492"",""HIP_112724"",""HIP_14328"",""HIP_2920"",""HIP_3179"",""HIP_4427"",""HIP_6686"",""HIP_746"",""HIP_8886"",""HIP_9640""]",3,4,1,12.831722271593119,60.04932322552963,1426822.4167131474,6476588.194333387,6596638.12100457,
32,step,sample-000032,32,4,False,2026-09-22T18:27:52.031732Z,2026-09-23T15:54:00.796475Z,0.0,7.662343512792584,119.95248000438772,20.49548493500031,-179.999999982,-32.40910779015653,0,[],4,4,1,12.833141422207724,60.04752001361226,1426980.2190616361,6476413.825501149,6596502.827718493,
32,step,sample-000032,32,5,False,2026-09-22T18:27:52.032858Z,2026-09-23T16:17:48.106937Z,0.0,7.661905704375033,119.95275794067356,33.810489726668756,-179.99999999999997,-22.533627687033338,8,"[""HIP_105199"",""HIP_109492"",""HIP_110991"",""HIP_111169"",""HIP_112724"",""HIP_3179"",""HIP_4427"",""HIP_746""]",3,4,1,26.148584022293722,60.047242059326436,2907589.882218031,6244419.47688166,6779071.682285694,
32,summary,sample-000032,32,,,2026-09-22T18:27:52.034003Z,,,7.662394389883018,119.95167545990768,21.826055611813924,-179.99994897050772,-31.11264827123021,6,"[""HIP_105199"",""HIP_109492"",""HIP_110991"",""HIP_111169"",""HIP_112724"",""HIP_14328"",""HIP_2920"",""HIP_3179"",""HIP_4427"",""HIP_6686"",""HIP_746"",""HIP_8886"",""HIP_9640""]",3,4,1,14.163661221930905,60.04837556958461,1574927.2705909882,6457209.302993248,6605922.208511974,1244549.2578228265
33,step,sample-000033,33,1,False,2026-09-22T18:28:50.743976Z,2026-09-23T17:09:01.510804Z,0.0,-14.316464397659217,170.92180033557645,-13.446079279278985,-179.99999999872722,-2.1081916887691396,27,"[""HIP_20889"",""HIP_21421"",""HIP_23015"",""HIP_23416"",""HIP_23453"",""HIP_23767"",""HIP_25428"",""HIP_26451"",""HIP_28380"",""HIP_29655"",""HIP_30343"",""HIP_30438"",""HIP_32349"",""HIP_32768"",""HIP_33152"",""HIP_33856"",""HIP_33977"",""HIP_35264"",""HIP_35904"",""HIP_37229"",""HIP_38170"",""HIP_39429"",""HIP_39757"",""HIP_39953"",""HIP_41037"",""HIP_42913"",""HIP_44816""]",2,3,2,0.8703851183802325,9.078199665696332,96782.40939080552,979968.7182142353,984666.3164049389,
33,step,sample-000033,33,2,False,2026-09-22T18:28:50.745313Z,2026-09-23T16:11:56.635421Z,0.0,-14.31592196880208,170.91969719588826,-13.244771082177863,-179.99999998934416,-2.0399826140990247,26,"[""HIP_14576"",""HIP_17702"",""HIP_18246"",""HIP_18532"",""HIP_23015"",""HIP_23416"",""HIP_23767"",""HIP_24608"",""HIP_25428"",""HIP_26451"",""HIP_27628"",""HIP_28380"",""HIP_30324"",""HIP_33579"",""HIP_33977"",""HIP_34444"",""HIP_35264"",""HIP_35904"",""HIP_37229"",""HIP_37677"",""HIP_37819"",""HIP_38170"",""HIP_39429"",""HIP_39757"",""HIP_39953""]",2,3,2,1.071150886624217,9.080302814767606,119106.54426343385,980620.9169337258,987753.1107904806,
33,step,sample-000033,33,3,True,2026-09-22T18:28:50.746408Z,2026-09-23T15:51:04.710145Z,0.0,-14.316423511918046,170.91921927378223,-16.031954624378116,-179.99999999350476,-6.198384240981583,31,"[""HIP_14576"",""HIP_15863"",""HIP_15900"",""HIP_17358"",""HIP_17702"",""HIP_18246"",""HIP_18532"",""HIP_18724"",""HIP_20889"",""HIP_20894"",""HIP_21421"",""HIP_23015"",""HIP_23416"",""HIP_23767"",""HIP_25428"",""HIP_25606"",""HIP_25985"",""HIP_26241"",""HIP_27366"",""HIP_27628"",""HIP_28380"",""HIP_30324"",""HIP_30343"",""HIP_32246"",""HIP_33579"",""HIP_33856"",""HIP_33977"",""HIP_34444"",""HIP_35264"",""HIP_35904"",""HIP_38170""]",2,3,2,-1.71553111246007,9.080780732713038,-190758.35620645573,974531.7800056485,992913.7755478253,
33,step,sample-000033,33,4,True,2026-09-22T18:28:50.747417Z,2026-09-23T16:35:42.872695Z,0.0,-14.315710809743946,170.9207185451328,-15.48259773500737,-179.9999999997405,-5.220783552249776,38,"[""HIP_14576"",""HIP_15863"",""HIP_17358"",""HIP_18532"",""HIP_21421"",""HIP_23015"",""HIP_23416"",""HIP_23453"",""HIP_23767"",""HIP_24608"",""HIP_25428"",""HIP_26451"",""HIP_27288"",""HIP_27628"",""HIP_27654"",""HIP_27989"",""HIP_28360"",""HIP_28380"",""HIP_29655"",""HIP_30122"",""HIP_30343"",""HIP_31681"",""HIP_32349"",""HIP_32362"",""HIP_33579"",""HIP_33856"",""HIP_33977"",""HIP_34444"",""HIP_35264"",""HIP_35904"",""HIP_36188"",""HIP_37229"",""HIP_37279"",""HIP_38170"",""HIP_39429"",""HIP_39757"",""HIP_39953""]",2,3,2,-1.1668869252634249,9.079281455126704,-129751.9060571612,975628.1642832943,984131.0804502893,
33,step,sample-000033,33,5,False,2026-09-22T18:28:50.748479Z,2026-09-23T16:42:57.337703Z,0.0,-14.315480610082092,170.9222004450171,-13.446752340875133,-179.9999999969066,-1.8822887976298612,21,"[""HIP_23015"",""HIP_23416"",""HIP_23767"",""HIP_25428"",""HIP_26451"",""HIP_28380"",""HIP_30122"",""HIP_30343"",""HIP_32349"",""HIP_33856"",""HIP_33977"",""HIP_34444"",""HIP_35264"",""HIP_35904"",""HIP_37229"",""HIP_37677"",""HIP_38170"",""HIP_39429"",""HIP_39757"",""HIP_39953""]",2,3,2,0.8687282692069598,9.077799558076322,96598.17616852238,979926.1842633297,984605.94830201,
33,summary,sample-000033,33,,,2026-09-22T18:28:50.749553Z,,,-14.31559107393633,170.92066945516086,-13.379200900777327,-179.99999999499266,-2.0101543858161937,25,"[""HIP_14576"",""HIP_17702"",""HIP_18246"",""HIP_18532"",""HIP_20889"",""HIP_21421"",""HIP_23015"",""HIP_23416"",""HIP_23453"",""HIP_23767"",""HIP_24608"",""HIP_25428"",""HIP_26451"",""HIP_27628"",""HIP_28380"",""HIP_29655"",""HIP_30122"",""HIP_30324"",""HIP_30343"",""HIP_30438"",""HIP_32349"",""HIP_32768"",""HIP_33152"",""HIP_33579"",""HIP_33856"",""HIP_33977"",""HIP_34444"",""HIP_35264"",""HIP_35904"",""HIP_37229"",""HIP_37677"",""HIP_37819"",""HIP_38170"",""HIP_39429"",""HIP_39757"",""HIP_39953"",""HIP_41037"",""HIP_42913"",""HIP_44816""]",2,3,2,0.936390173159003,9.079330549846475,104121.836615101,980233.8272882022,985676.9102188665,1236704.641228767
34,step,sample-000034,34,1,True,2026-09-22T18:29:32.665599Z,2026-09-23T18:03:35.107617Z,0.0,57.15658777237583,38.95826790899369,-89.999999920244,-156.06891042357623,-92.84732425375043,28,"[""HIP_101769"",""HIP_14328"",""HIP_14354"",""HIP_14576"",""HIP_5447"",""HIP_76267"",""HIP_80816"",""HIP_81693"",""HIP_81833"",""HIP_84345"",""HIP_84379"",""HIP_84380"",""HIP_85670"",""HIP_86032"",""HIP_86974"",""HIP_8796"",""HIP_91262"",""HIP_93747"",""HIP_95501"",""HIP_95947"",""HIP_9640"",""HIP_97278"",""HIP_97365"",""HIP_97649"",""HIP_98036"",""HIP_98337"",""HIP_9884"",""HIP_99473""]",3,4,1,-147.15658769261984,164.97282166743008,-16363065.973744439,17595827.218017362,16363065.991178092,
34,step,sample-000034,34,2,False,2026-09-22T18:29:32.667947Z,2026-09-23T17:19:51.173462Z,0.0,57.158736644082936,38.95900152263229,-89.99999998393476,-126.16813088397353,-52.93115667258329,24,"[""HIP_101076"",""HIP_101769"",""HIP_76267"",""HIP_80816"",""HIP_81693"",""HIP_81833"",""HIP_84345"",""HIP_84379"",""HIP_84380"",""HIP_86032"",""HIP_86974"",""HIP_92175"",""HIP_93429"",""HIP_93747"",""HIP_93805"",""HIP_95501"",""HIP_95947"",""HIP_97278"",""HIP_97365"",""HIP_97649"",""HIP_97804"",""HIP_98036"",""HIP_98337"",""HIP_99473""]",3,4,1,-147.1587366280177,-165.12713240660582,-16363304.924458366,-17612383.173496883,16363304.927971262,
34,step,sample-000034,34,3,False,2026-09-22T18:29:32.669612Z,2026-09-23T17:43:24.673081Z,0.0,57.15758798769933,38.95808378951921,-89.99999999091119,-122.68044770040801,-48.32114451068745,13,"[""HIP_101769"",""HIP_90139"",""HIP_93194"",""HIP_93747"",""HIP_93805"",""HIP_95501"",""HIP_95947"",""HIP_97278"",""HIP_97365"",""HIP_97649"",""HIP_98036"",""HIP_98337"",""HIP_99473""]",3,4,1,-147.15758797861054,-161.63853148992723,-16363177.200471796,-17240239.690505136,16363177.2024416,
34,step,sample-000034,34,4,False,2026-09-22T18:29:32.671293Z,2026-09-23T17:35:53.887574Z,0.0,57.15713851195073,38.96006821414528,-89.99999999683081,-119.1042604356318,-47.04516806064208,14,"[""HIP_101076"",""HIP_101769"",""HIP_92175"",""HIP_93429"",""HIP_93747"",""HIP_93805"",""HIP_95501"",""HIP_95947"",""HIP_97278"",""HIP_97649"",""HIP_97804"",""HIP_98036"",""HIP_98337"",""HIP_99473""]",3,4,1,-147.15713850878154,-158.06432864977708,-16363127.221707132,-16858998.51391986,16363127.22238642,
34,step,sample-000034,34,5,False,2026-09-22T18:29:32.672713Z,2026-09-23T17:50:45.194699Z,0.0,57.15910339365354,38.960321872007,-89.99999999769588,-119.11930514479168,-67.40147232603763,21,"[""HIP_101076"",""HIP_101769"",""HIP_102453"",""HIP_80816"",""HIP_81693"",""HIP_84380"",""HIP_86032"",""HIP_86974"",""HIP_92420"",""HIP_93194"",""HIP_93244"",""HIP_93747"",""HIP_93805"",""HIP_95501"",""HIP_97278"",""HIP_97365"",""HIP_97649"",""HIP_97804"",""HIP_98036"",""HIP_98337"",""HIP_99473""]",3,4,1,-147.15910339134942,-158.07962701679867,-16363345.706680132,-16860715.42754452,16363345.707174022,
34,summary,sample-000034,34,,,2026-09-22T18:29:32.673818Z,,,57.15760791645089,38.95997381569171,-89.99999999234313,-121.76803604120124,-53.89988220089074,18,"[""HIP_101076"",""HIP_101769"",""HIP_102453"",""HIP_76267"",""HIP_80816"",""HIP_81693"",""HIP_81833"",""HIP_84345"",""HIP_84379"",""HIP_84380"",""HIP_86032"",""HIP_86974"",""HIP_90139"",""HIP_92175"",""HIP_92420"",""HIP_93194"",""HIP_93244"",""HIP_93429"",""HIP_93747"",""HIP_93805"",""HIP_95501"",""HIP_95947"",""HIP_97278"",""HIP_97365"",""HIP_97649"",""HIP_97804"",""HIP_98036"",""HIP_98337"",""HIP_99473""]",3,4,1,-147.15760790879403,-160.72800985689295,-16363179.41660709,-17143125.04193728,16363179.41826219,1681600.9582003383
35,step,sample-000035,35,1,False,2026-09-22T18:30:45.048760Z,2026-09-23T17:32:13.786913Z,0.0,35.81159661766297,-121.47779923441449,35.86355147187638,-121.59084643923636,-0.016343845578162895,23,"[""HIP_15863"",""HIP_17358"",""HIP_18532"",""HIP_23015"",""HIP_23416"",""HIP_23453"",""HIP_23767"",""HIP_24608"",""HIP_25336"",""HIP_25428"",""HIP_26207"",""HIP_26451"",""HIP_27989"",""HIP_28380"",""HIP_29655"",""HIP_30343"",""HIP_31681"",""HIP_32246"",""HIP_32362"",""HIP_33018"",""HIP_36188"",""HIP_36850"",""HIP_37279""]",1,5,0,0.051954854213406065,-0.11304720482186781,5777.116203088431,-10190.47149882387,11714.126138714957,
35,step,sample-000035,35,2,False,2026-09-22T18:30:45.050926Z,2026-09-23T17:53:07.178454Z,0.0,35.810124612194855,-121.47970090426287,35.79874118613081,-121.58568837634071,0.015117691085541628,25,"[""HIP_23015"",""HIP_23416"",""HIP_23453"",""HIP_23767"",""HIP_24608"",""HIP_25428"",""HIP_26207"",""HIP_26451"",""HIP_27989"",""HIP_28360"",""HIP_28380"",""HIP_28614"",""HIP_29655"",""HIP_30343"",""HIP_32246"",""HIP_32362"",""HIP_33018"",""HIP_34769"",""HIP_35350"",""HIP_35550"",""HIP_36188"",""HIP_37279"",""HIP_37740"",""HIP_37826"",""HIP_40526""]",1,5,0,-0.011383426064043078,-0.10598747207785664,-1265.779226155028,-9558.072032005299,9641.521059089087,
35,step,sample-000035,35,3,False,2026-09-22T18:30:45.052229Z,2026-09-23T17:21:43.812568Z,0.0,35.81129608858038,-121.48008683863374,35.82245581611464,-121.592815752254,-0.005863079557559611,28,"[""HIP_15863"",""HIP_17358"",""HIP_18532"",""HIP_23015"",""HIP_23416"",""HIP_23453"",""HIP_23767"",""HIP_24608"",""HIP_25336"",""HIP_25428"",""HIP_25930"",""HIP_26311"",""HIP_26451"",""HIP_26727"",""HIP_27989"",""HIP_28358"",""HIP_28360"",""HIP_28380"",""HIP_29655"",""HIP_30343"",""HIP_31681"",""HIP_32246"",""HIP_32362"",""HIP_35350"",""HIP_36188"",""HIP_37279"",""HIP_40526""]",1,5,0,0.011159727534263197,-0.11272891362025916,1240.9050845456586,-10164.430178363627,10239.89619231399,
35,step,sample-000035,35,4,False,2026-09-22T18:30:45.053416Z,2026-09-23T18:54:21.826444Z,0.0,35.812491150467935,-121.47753953632613,35.829453144543066,-121.62324302649142,-0.02169876026988299,23,"[""HIP_27673"",""HIP_28360"",""HIP_28380"",""HIP_28734"",""HIP_29655"",""HIP_30343"",""HIP_30883"",""HIP_31681"",""HIP_32246"",""HIP_32362"",""HIP_33018"",""HIP_34088"",""HIP_34769"",""HIP_35350"",""HIP_35550"",""HIP_36188"",""HIP_36850"",""HIP_37279"",""HIP_37740"",""HIP_37826"",""HIP_40526"",""HIP_43103"",""HIP_43109""]",1,5,0,0.01696199407513177,-0.14570349016528894,1886.087686929717,-13136.9716181846,13271.673405160962,
35,step,sample-000035,35,5,False,2026-09-22T18:30:45.054554Z,2026-09-23T18:30:09.408299Z,0.0,35.8110811493614,-121.48008399654778,35.86339856156893,-121.56253233726649,-0.011478268226424329,33,"[""HIP_23416"",""HIP_23453"",""HIP_23767"",""HIP_24608"",""HIP_25428"",""HIP_28360"",""HIP_28380"",""HIP_28734"",""HIP_29655"",""HIP_30343"",""HIP_30883"",""HIP_31216"",""HIP_31681"",""HIP_32246"",""HIP_32362"",""HIP_34769"",""HIP_35350"",""HIP_35550"",""HIP_36046"",""HIP_36188"",""HIP_36850"",""HIP_37279"",""HIP_37740"",""HIP_37826"",""HIP_40526"",""HIP_43109"",""HIP_67927"",""HIP_69673"",""HIP_71075"",""HIP_72105"",""HIP_73555"",""HIP_74666"",""HIP_76267""]",1,5,0,0.052317412207528946,-0.0824483407187131,5817.430812649322,-7432.213886361258,9438.235608504752,
35,summary,sample-000035,35,,,2026-09-22T18:30:45.055658Z,,,35.811656987474905,-121.47865686452464,35.835520036046766,-121.5910251863178,-0.008053252603729038,26,"[""HIP_15863"",""HIP_17358"",""HIP_18532"",""HIP_23015"",""HIP_23416"",""HIP_23453"",""HIP_23767"",""HIP_24608"",""HIP_25336"",""HIP_25428"",""HIP_25930"",""HIP_26207"",""HIP_26311"",""HIP_26451"",""HIP_26727"",""HIP_27673"",""HIP_27989"",""HIP_28358"",""HIP_28360"",""HIP_28380"",""HIP_28614"",""HIP_28734"",""HIP_29655"",""HIP_30343"",""HIP_30883"",""HIP_31216"",""HIP_31681"",""HIP_32246"",""HIP_32362"",""HIP_33018"",""HIP_34088"",""HIP_34769"",""HIP_35350"",""HIP_35550"",""HIP_36046"",""HIP_36188"",""HIP_36850"",""HIP_37279"",""HIP_37740"",""HIP_37826"",""HIP_40526"",""HIP_43103"",""HIP_43109"",""HIP_67927"",""HIP_69673"",""HIP_71075"",""HIP_72105"",""HIP_73555"",""HIP_74666"",""HIP_76267""]",1,5,0,0.02386304857186161,-0.1123683217931557,2653.4499354636937,-10131.05998282539,10472.781763357478,1633854.4388735676
36,step,sample-000036,36,1,False,2026-09-22T18:31:51.033184Z,2026-09-23T18:16:57.300494Z,0.0,32.694419574552,30.443199803152396,32.67222219235575,30.416343444094064,0.05774732299859025,43,"[""HIP_100064"",""HIP_100345"",""HIP_102422"",""HIP_105199"",""HIP_106032"",""HIP_112158"",""HIP_112724"",""HIP_113726"",""HIP_116584"",""HIP_116727"",""HIP_2920"",""HIP_3179"",""HIP_4427"",""HIP_6686"",""HIP_746"",""HIP_76267"",""HIP_80816"",""HIP_81693"",""HIP_83000"",""HIP_84345"",""HIP_84379"",""HIP_84380"",""HIP_86032"",""HIP_86742"",""HIP_86974"",""HIP_87933"",""HIP_88771"",""HIP_8886"",""HIP_89341"",""HIP_89962"",""HIP_90496"",""HIP_91117"",""HIP_92041"",""HIP_92855"",""HIP_93085"",""HIP_93683"",""HIP_93805"",""HIP_93864"",""HIP_94141"",""HIP_95168"",""HIP_9640"",""HIP_97804"",""HIP_99473""]",1,5,0,-0.022197382196253557,-0.026856359058342605,-2468.2362850136483,-2513.465508009906,3522.740269774689,
36,step,sample-000036,36,2,False,2026-09-22T18:31:51.034698Z,2026-09-23T19:22:42.825522Z,0.0,32.69552256062235,30.441133937776243,32.71311036216953,30.420356887186777,0.08550485525168855,23,"[""HIP_10064"",""HIP_14328"",""HIP_14576"",""HIP_15863"",""HIP_3179"",""HIP_5447"",""HIP_81693"",""HIP_84345"",""HIP_84379"",""HIP_86032"",""HIP_86974"",""HIP_91262"",""HIP_92420"",""HIP_93747"",""HIP_95501"",""HIP_9640"",""HIP_97278"",""HIP_97365"",""HIP_97649"",""HIP_97804"",""HIP_98036"",""HIP_98337"",""HIP_99473""]",1,5,0,0.017587801547179538,-0.020777050589458668,1955.6743028776852,-1944.0505267160959,2757.534106930951,
36,step,sample-000036,36,3,False,2026-09-22T18:31:51.035688Z,2026-09-23T19:15:48.447034Z,0.0,32.69271564530774,30.4412431881359,32.68650877442661,30.3925731972786,0.04691167926440931,33,"[""HIP_100064"",""HIP_100345"",""HIP_116727"",""HIP_14328"",""HIP_2920"",""HIP_3179"",""HIP_4427"",""HIP_6686"",""HIP_746"",""HIP_84345"",""HIP_86032"",""HIP_86742"",""HIP_87108"",""HIP_88771"",""HIP_8886"",""HIP_89962"",""HIP_91117"",""HIP_92175"",""HIP_93085"",""HIP_93244"",""HIP_93429"",""HIP_93683"",""HIP_93747"",""HIP_93805"",""HIP_94141"",""HIP_95501"",""HIP_95947"",""HIP_9640"",""HIP_97278"",""HIP_97649"",""HIP_97804"",""HIP_98036"",""HIP_99473""]",1,5,0,-0.006206870881129589,-0.04866999085729162,-690.1725523194524,-4554.665223301429,4606.659640033264,
36,step,sample-000036,36,4,False,2026-09-22T18:31:51.036734Z,2026-09-23T18:45:49.416507Z,0.0,32.69360234925884,30.441625948988133,32.673442665521335,30.382884658373634,0.055197804766002945,30,"[""HIP_100064"",""HIP_100345"",""HIP_109492"",""HIP_112724"",""HIP_2920"",""HIP_3179"",""HIP_4427"",""HIP_746"",""HIP_80816"",""HIP_81693"",""HIP_83000"",""HIP_84345"",""HIP_84379"",""HIP_86032"",""HIP_86742"",""HIP_86974"",""HIP_87933"",""HIP_88048"",""HIP_8886"",""HIP_91117"",""HIP_93085"",""HIP_93683"",""HIP_93805"",""HIP_94141"",""HIP_95501"",""HIP_9640"",""HIP_97278"",""HIP_97649"",""HIP_98036"",""HIP_99473""]",1,5,0,-0.020159683737503542,-0.05874129061450617,-2241.65455436921,-5497.538746623057,5936.9980581916825,
36,step,sample-000036,36,5,False,2026-09-22T18:31:51.037859Z,2026-09-23T19:02:48.740062Z,0.0,32.694513310576944,30.443421157537188,32.67562451954779,30.33473278228037,-0.0007219319276207359,26,"[""HIP_100064"",""HIP_100345"",""HIP_104987"",""HIP_80816"",""HIP_81693"",""HIP_83000"",""HIP_84345"",""HIP_84379"",""HIP_86032"",""HIP_86742"",""HIP_86974"",""HIP_88048"",""HIP_91117"",""HIP_93085"",""HIP_93244"",""HIP_93429"",""HIP_93683"",""HIP_93747"",""HIP_93805"",""HIP_94141"",""HIP_95501"",""HIP_97278"",""HIP_97649"",""HIP_97804"",""HIP_98036"",""HIP_99473""]",1,5,0,-0.018888791029155527,-0.10868837525680419,-2100.337732891348,-10171.86039038987,10386.440740271166,
36,summary,sample-000036,36,,,2026-09-22T18:31:51.038906Z,,,32.69419850381167,30.442257057654587,32.6841817028042,30.389378193842703,0.04892794680710803,31,"[""HIP_100064"",""HIP_100345"",""HIP_10064"",""HIP_102422"",""HIP_104987"",""HIP_105199"",""HIP_106032"",""HIP_109492"",""HIP_112158"",""HIP_112724"",""HIP_113726"",""HIP_116584"",""HIP_116727"",""HIP_14328"",""HIP_14576"",""HIP_15863"",""HIP_2920"",""HIP_3179"",""HIP_4427"",""HIP_5447"",""HIP_6686"",""HIP_746"",""HIP_76267"",""HIP_80816"",""HIP_81693"",""HIP_83000"",""HIP_84345"",""HIP_84379"",""HIP_84380"",""HIP_86032"",""HIP_86742"",""HIP_86974"",""HIP_87108"",""HIP_87933"",""HIP_88048"",""HIP_88771"",""HIP_8886"",""HIP_89341"",""HIP_89962"",""HIP_90496"",""HIP_91117"",""HIP_91262"",""HIP_92041"",""HIP_92175"",""HIP_92420"",""HIP_92855"",""HIP_93085"",""HIP_93244"",""HIP_93429"",""HIP_93683"",""HIP_93747"",""HIP_93805"",""HIP_93864"",""HIP_94141"",""HIP_95168"",""HIP_95501"",""HIP_95947"",""HIP_9640"",""HIP_97278"",""HIP_97365"",""HIP_97649"",""HIP_97804"",""HIP_98036"",""HIP_98337"",""HIP_99473""]",1,5,0,-0.010016801007466825,-0.052878863811884,-1113.8174532384155,-4948.56597377036,5072.365707385462,1588610.492396729
37,step,sample-000037,37,1,False,2026-09-22T18:33:01.428931Z,2026-09-23T19:05:58.615135Z,0.0,0.6022958419464854,105.0678256522283,1.0464220800508233,104.29911404659137,0.9901642025099393,39,"[""HIP_10064"",""HIP_14328"",""HIP_14354"",""HIP_14576"",""HIP_15863"",""HIP_17358"",""HIP_17702"",""HIP_18246"",""HIP_22449"",""HIP_23015"",""HIP_23416"",""HIP_23767"",""HIP_23875"",""HIP_24608"",""HIP_25336"",""HIP_25428"",""HIP_25606"",""HIP_25930"",""HIP_25985"",""HIP_26241"",""HIP_26311"",""HIP_26451"",""HIP_26727"",""HIP_27366"",""HIP_27989"",""HIP_28380"",""HIP_2920"",""HIP_29655"",""HIP_30324"",""HIP_30343"",""HIP_3179"",""HIP_4427"",""HIP_5447"",""HIP_6686"",""HIP_746"",""HIP_8796"",""HIP_8886"",""HIP_9640""]",2,4,1,0.4441262381043378,-0.7687116056369234,49384.584466935674,-85467.98355159786,98709.55766312634,
37,step,sample-000037,37,2,True,2026-09-22T18:33:01.430444Z,2026-09-23T18:48:17.805434Z,0.0,0.6029940823750557,105.06651192911954,0.6464968520141131,105.15916831911225,0.08085881431211435,34,"[""HIP_10064"",""HIP_14328"",""HIP_14354"",""HIP_14576"",""HIP_15863"",""HIP_17358"",""HIP_17702"",""HIP_18246"",""HIP_20894"",""HIP_21421"",""HIP_22449"",""HIP_23875"",""HIP_24436"",""HIP_24674"",""HIP_25336"",""HIP_25428"",""HIP_25606"",""HIP_25930"",""HIP_25985"",""HIP_26207"",""HIP_26241"",""HIP_26311"",""HIP_26451"",""HIP_26727"",""HIP_27366"",""HIP_27989"",""HIP_3179"",""HIP_4427"",""HIP_5447"",""HIP_6686"",""HIP_746"",""HIP_7607"",""HIP_8886""]",1,4,1,0.043502769639057415,0.09265638999272596,4837.287278850126,10302.308015300217,11381.427571125547,
37,step,sample-000037,37,3,False,2026-09-22T18:33:01.431571Z,2026-09-23T20:08:51.683450Z,0.0,0.6050562349764836,105.06721478876943,0.9884183521872951,104.23696646833238,1.083327279670652,34,"[""HIP_10064"",""HIP_14328"",""HIP_14354"",""HIP_14576"",""HIP_15863"",""HIP_17358"",""HIP_18532"",""HIP_23015"",""HIP_23416"",""HIP_23453"",""HIP_23767"",""HIP_24436"",""HIP_24608"",""HIP_25281"",""HIP_25336"",""HIP_25428"",""HIP_25930"",""HIP_26451"",""HIP_27989"",""HIP_28360"",""HIP_28380"",""HIP_29655"",""HIP_30343"",""HIP_31681"",""HIP_32246"",""HIP_32362"",""HIP_35550"",""HIP_36188"",""HIP_5447"",""HIP_6686"",""HIP_8796"",""HIP_9640""]",2,4,1,0.3833621172108115,-0.8302483204370503,42627.92250155891,-92310.47541394959,101677.58755150852,
37,step,sample-000037,37,4,False,2026-09-22T18:33:01.432675Z,2026-09-23T19:14:23.243243Z,0.0,0.6022490460744657,105.0671141368993,0.9913429978360543,104.44828036981227,0.8927748644959839,41,"[""HIP_10064"",""HIP_14328"",""HIP_14354"",""HIP_14576"",""HIP_15863"",""HIP_17358"",""HIP_17702"",""HIP_18246"",""HIP_18724"",""HIP_20894"",""HIP_23015"",""HIP_23416"",""HIP_23875"",""HIP_24436"",""HIP_24608"",""HIP_25336"",""HIP_25428"",""HIP_25606"",""HIP_25930"",""HIP_25985"",""HIP_26207"",""HIP_26241"",""HIP_26311"",""HIP_26451"",""HIP_26727"",""HIP_27366"",""HIP_27989"",""HIP_29655"",""HIP_30324"",""HIP_30343"",""HIP_31681"",""HIP_3179"",""HIP_4427"",""HIP_5447"",""HIP_6686"",""HIP_746"",""HIP_7607"",""HIP_8796"",""HIP_8886"",""HIP_9640""]",2,4,1,0.38909395176158856,-0.6188337670870396,43265.27342397132,-68804.52151668844,81276.85926866718,
37,step,sample-000037,37,5,False,2026-09-22T18:33:01.433800Z,2026-09-23T19:58:53.653949Z,0.0,0.6028167190372579,105.06910371139071,0.836660583492422,104.71398976415823,0.6441843737333368,40,"[""HIP_10064"",""HIP_14328"",""HIP_14354"",""HIP_15863"",""HIP_17358"",""HIP_18246"",""HIP_18532"",""HIP_22449"",""HIP_23015"",""HIP_23416"",""HIP_23685"",""HIP_23767"",""HIP_23875"",""HIP_24305"",""HIP_24436"",""HIP_24608"",""HIP_25428"",""HIP_25606"",""HIP_25930"",""HIP_25985"",""HIP_26207"",""HIP_26241"",""HIP_26311"",""HIP_26451"",""HIP_27366"",""HIP_27989"",""HIP_28360"",""HIP_29655"",""HIP_30324"",""HIP_30343"",""HIP_31681"",""HIP_32246"",""HIP_32362"",""HIP_33579"",""HIP_33977"",""HIP_34444"",""HIP_36188"",""HIP_6686"",""HIP_9640""]",2,4,1,0.23384386445516414,-0.35511394723249623,26002.25135437211,-39483.7538586963,47276.650985775515,
37,summary,sample-000037,37,,,2026-09-22T18:33:01.434933Z,,,0.60355752082137,105.06816142590361,0.9657110033916486,104.42458766222353,0.9026128157501822,38,"[""HIP_10064"",""HIP_14328"",""HIP_14354"",""HIP_14576"",""HIP_15863"",""HIP_17358"",""HIP_17702"",""HIP_18246"",""HIP_18532"",""HIP_18724"",""HIP_20894"",""HIP_22449"",""HIP_23015"",""HIP_23416"",""HIP_23453"",""HIP_23685"",""HIP_23767"",""HIP_23875"",""HIP_24305"",""HIP_24436"",""HIP_24608"",""HIP_25281"",""HIP_25336"",""HIP_25428"",""HIP_25606"",""HIP_25930"",""HIP_25985"",""HIP_26207"",""HIP_26241"",""HIP_26311"",""HIP_26451"",""HIP_26727"",""HIP_27366"",""HIP_27989"",""HIP_28360"",""HIP_28380"",""HIP_2920"",""HIP_29655"",""HIP_30324"",""HIP_30343"",""HIP_31681"",""HIP_3179"",""HIP_32246"",""HIP_32362"",""HIP_33579"",""HIP_33977"",""HIP_34444"",""HIP_35550"",""HIP_36188"",""HIP_4427"",""HIP_5447"",""HIP_6686"",""HIP_746"",""HIP_7607"",""HIP_8796"",""HIP_8886"",""HIP_9640""]",2,4,1,0.3621534825702786,-0.6435737636800809,40269.62992847361,-71555.42723770326,82108.49648585766,1547894.2222369758
38,step,sample-000038,38,1,False,2026-09-22T18:34:10.422280Z,2026-09-23T19:09:22.369711Z,0.0,31.522421442624026,83.40158872393454,31.56329997390759,83.40963754942283,0.09452615323292188,31,"[""HIP_100453"",""HIP_101076"",""HIP_102098"",""HIP_102488"",""HIP_104060"",""HIP_104732"",""HIP_104887"",""HIP_105199"",""HIP_107533"",""HIP_109492"",""HIP_109857"",""HIP_110991"",""HIP_111169"",""HIP_14328"",""HIP_14354"",""HIP_17358"",""HIP_17702"",""HIP_18246"",""HIP_18532"",""HIP_23015"",""HIP_23416"",""HIP_23453"",""HIP_23767"",""HIP_24608"",""HIP_25428"",""HIP_26451"",""HIP_28360"",""HIP_28380"",""HIP_97165"",""HIP_98110"",""HIP_99675""]",1,4,1,0.040878531283564,0.008048825488288003,4545.485287413198,762.7531634947612,4609.037734025874,
38,step,sample-000038,38,2,False,2026-09-22T18:34:10.424205Z,2026-09-23T21:03:27.790740Z,0.0,31.522443411312246,83.39983647860754,32.1221384852413,84.5810380636872,0.6407467252634423,33,"[""HIP_102422"",""HIP_105199"",""HIP_106032"",""HIP_106481"",""HIP_109492"",""HIP_110991"",""HIP_111169"",""HIP_116584"",""HIP_21421"",""HIP_22449"",""HIP_23685"",""HIP_23875"",""HIP_24436"",""HIP_25930"",""HIP_26207"",""HIP_26241"",""HIP_26311"",""HIP_26451"",""HIP_26727"",""HIP_27366"",""HIP_27989"",""HIP_28380"",""HIP_29655"",""HIP_30343"",""HIP_31681"",""HIP_32246"",""HIP_32362"",""HIP_35350"",""HIP_35550"",""HIP_36046"",""HIP_36850"",""HIP_37826""]",2,4,1,0.5996950739290554,1.1812015850796627,66683.04975464454,111601.05045581196,130004.06098244769,
38,step,sample-000038,38,3,False,2026-09-22T18:34:10.425732Z,2026-09-23T19:42:07.221950Z,0.0,31.52221329057639,83.39807341590108,31.566635925624283,83.36509761134488,0.06828242441014064,27,"[""HIP_100453"",""HIP_101076"",""HIP_102098"",""HIP_102453"",""HIP_102488"",""HIP_104732"",""HIP_104887"",""HIP_105199"",""HIP_106481"",""HIP_107533"",""HIP_109492"",""HIP_109857"",""HIP_110991"",""HIP_112724"",""HIP_113726"",""HIP_17358"",""HIP_18532"",""HIP_23015"",""HIP_23416"",""HIP_23453"",""HIP_23767"",""HIP_24608"",""HIP_2599"",""HIP_28360"",""HIP_28380"",""HIP_99675""]",1,4,1,0.04442263504789423,-0.03297580455620164,4939.571645508603,-3124.925226962589,5845.042737163182,
38,step,sample-000038,38,4,False,2026-09-22T18:34:10.427629Z,2026-09-23T19:53:17.640028Z,0.0,31.521286998410904,83.40103329702146,31.799061814746253,82.87853951750932,0.8325670536429037,33,"[""HIP_100453"",""HIP_101076"",""HIP_102098"",""HIP_102453"",""HIP_102488"",""HIP_104060"",""HIP_104732"",""HIP_104887"",""HIP_105199"",""HIP_106481"",""HIP_109492"",""HIP_110991"",""HIP_111169"",""HIP_17358"",""HIP_18532"",""HIP_20894"",""HIP_21421"",""HIP_23015"",""HIP_23416"",""HIP_23453"",""HIP_23767"",""HIP_24608"",""HIP_25336"",""HIP_25428"",""HIP_26207"",""HIP_26451"",""HIP_27989"",""HIP_28360"",""HIP_28380"",""HIP_29655"",""HIP_30343"",""HIP_99675""]",2,4,1,0.2777748163353486,-0.522493779512132,30887.150326114865,-49452.19175863902,58305.40628187027,
38,step,sample-000038,38,5,True,2026-09-22T18:34:10.429108Z,2026-09-23T20:20:08.724884Z,0.0,31.520705470337894,83.4010878271821,34.251704592653084,83.41896177512876,3.1746240650558626,27,"[""HIP_20889"",""HIP_20894"",""HIP_21421"",""HIP_23015"",""HIP_23416"",""HIP_23453"",""HIP_23767"",""HIP_23875"",""HIP_24436"",""HIP_24608"",""HIP_24674"",""HIP_25336"",""HIP_25428"",""HIP_25930"",""HIP_26207"",""HIP_26241"",""HIP_26311"",""HIP_26451"",""HIP_26727"",""HIP_27989"",""HIP_28360"",""HIP_28380"",""HIP_29655"",""HIP_30343"",""HIP_31681"",""HIP_32246""]",2,4,1,2.7309991223151897,0.017873947946668522,303673.24707219185,1668.9979150628778,303677.8315129553,
38,summary,sample-000038,38,,,2026-09-22T18:34:10.430511Z,,,31.52209643928398,83.39984594602129,31.762784049879855,83.55857818549106,0.4090303639201818,31,"[""HIP_100453"",""HIP_101076"",""HIP_102098"",""HIP_102422"",""HIP_102453"",""HIP_102488"",""HIP_104060"",""HIP_104732"",""HIP_104887"",""HIP_105199"",""HIP_106032"",""HIP_106481"",""HIP_107533"",""HIP_109492"",""HIP_109857"",""HIP_110991"",""HIP_111169"",""HIP_112724"",""HIP_113726"",""HIP_116584"",""HIP_14328"",""HIP_14354"",""HIP_17358"",""HIP_17702"",""HIP_18246"",""HIP_18532"",""HIP_20894"",""HIP_21421"",""HIP_22449"",""HIP_23015"",""HIP_23416"",""HIP_23453"",""HIP_23685"",""HIP_23767"",""HIP_23875"",""HIP_24436"",""HIP_24608"",""HIP_25336"",""HIP_25428"",""HIP_25930"",""HIP_2599"",""HIP_26207"",""HIP_26241"",""HIP_26311"",""HIP_26451"",""HIP_26727"",""HIP_27366"",""HIP_27989"",""HIP_28360"",""HIP_28380"",""HIP_29655"",""HIP_30343"",""HIP_31681"",""HIP_32246"",""HIP_32362"",""HIP_35350"",""HIP_35550"",""HIP_36046"",""HIP_36850"",""HIP_37826"",""HIP_97165"",""HIP_98110"",""HIP_99675""]",2,4,1,0.24068761059587374,0.15873223946977078,26763.241204462294,15026.312866416592,30693.002591597684,1507967.874351571
39,step,sample-000039,39,1,False,2026-09-22T18:35:07.431591Z,2026-09-23T20:31:24.229623Z,0.0,-15.097778636715672,16.85969954549435,-15.130052376017577,16.78153109324755,0.1315016447285443,36,"[""HIP_101769"",""HIP_84143"",""HIP_84970"",""HIP_85258"",""HIP_85423"",""HIP_85792"",""HIP_85927"",""HIP_86170"",""HIP_86228"",""HIP_86263"",""HIP_86670"",""HIP_87073"",""HIP_87261"",""HIP_88048"",""HIP_88635"",""HIP_88839"",""HIP_89642"",""HIP_89931"",""HIP_90185"",""HIP_90496"",""HIP_91117"",""HIP_92041"",""HIP_92855"",""HIP_93085"",""HIP_93506"",""HIP_93747"",""HIP_93864"",""HIP_94141"",""HIP_95501"",""HIP_95947"",""HIP_97278"",""HIP_97365"",""HIP_97804"",""HIP_98036"",""HIP_98110"",""HIP_98337""]",1,5,0,-0.032273739301905024,-0.07816845224681401,-3588.6760742209412,-8391.275476177218,9126.450409171739,
39,step,sample-000039,39,2,False,2026-09-22T18:35:07.433328Z,2026-09-23T20:12:06.051457Z,0.0,-15.099809739583938,16.858726790072666,-15.138019725771725,16.795720326986842,0.14642396247249814,21,"[""HIP_82396"",""HIP_82514"",""HIP_82729"",""HIP_84143"",""HIP_85258"",""HIP_85792"",""HIP_85927"",""HIP_86228"",""HIP_86670"",""HIP_87073"",""HIP_87261"",""HIP_88635"",""HIP_89642"",""HIP_90185"",""HIP_93747"",""HIP_95501"",""HIP_95947"",""HIP_97278"",""HIP_97365"",""HIP_97649"",""HIP_98337""]",1,5,0,-0.03820998618778759,-0.06300646308582714,-4248.756611240644,-6763.497449338113,7987.29166291721,
39,step,sample-000039,39,3,False,2026-09-22T18:35:07.434481Z,2026-09-23T20:05:25.388229Z,0.0,-15.098755432023326,16.860188596123038,-15.205519971459474,16.851541152053056,0.1853438740157817,17,"[""HIP_82514"",""HIP_83081"",""HIP_85792"",""HIP_85927"",""HIP_86228"",""HIP_86670"",""HIP_87073"",""HIP_87261"",""HIP_88635"",""HIP_89341"",""HIP_89642"",""HIP_89931"",""HIP_90185"",""HIP_90496"",""HIP_93506"",""HIP_93864"",""HIP_94141""]",1,5,0,-0.10676453943614739,-0.008647444069993071,-11871.675130842508,-928.1237287424591,11907.900056849738,
39,step,sample-000039,39,4,False,2026-09-22T18:35:07.436377Z,2026-09-23T21:54:36.256205Z,0.0,-15.09889514332772,16.856992383580177,-15.09756783454788,16.722025215542505,0.12953367949113073,20,"[""HIP_100064"",""HIP_100345"",""HIP_92041"",""HIP_92855"",""HIP_93085"",""HIP_93429"",""HIP_93506"",""HIP_93683"",""HIP_93805"",""HIP_93864"",""HIP_94141"",""HIP_95501"",""HIP_96229"",""HIP_96837"",""HIP_97278"",""HIP_97365"",""HIP_97649"",""HIP_98036"",""HIP_98337"",""HIP_99473""]",1,5,0,0.0013273087798406635,-0.13496716803766162,147.59000240906136,-14489.609849780038,14490.36127256371,
39,step,sample-000039,39,5,False,2026-09-22T18:35:07.437672Z,2026-09-23T21:29:58.202363Z,0.0,-15.098899835245636,16.858306984644997,-15.09756783454788,16.722025215542505,0.12953367949113073,0,[],1,5,0,0.001332000697756186,-0.13628176910248158,148.11171987750018,-14630.740726283939,14631.490164107041,
39,summary,sample-000039,39,,,2026-09-22T18:35:07.438952Z,,,-15.099087866773562,16.85882589642253,-15.133745548468907,16.774568600674485,0.14446736743599387,19,"[""HIP_100064"",""HIP_100345"",""HIP_101769"",""HIP_82396"",""HIP_82514"",""HIP_82729"",""HIP_83081"",""HIP_84143"",""HIP_84970"",""HIP_85258"",""HIP_85423"",""HIP_85792"",""HIP_85927"",""HIP_86170"",""HIP_86228"",""HIP_86263"",""HIP_86670"",""HIP_87073"",""HIP_87261"",""HIP_88048"",""HIP_88635"",""HIP_88839"",""HIP_89341"",""HIP_89642"",""HIP_89931"",""HIP_90185"",""HIP_90496"",""HIP_91117"",""HIP_92041"",""HIP_92855"",""HIP_93085"",""HIP_93429"",""HIP_93506"",""HIP_93683"",""HIP_93747"",""HIP_93805"",""HIP_93864"",""HIP_94141"",""HIP_95501"",""HIP_95947"",""HIP_96229"",""HIP_96837"",""HIP_97278"",""HIP_97365"",""HIP_97649"",""HIP_97804"",""HIP_98036"",""HIP_98110"",""HIP_98337"",""HIP_99473""]",1,5,0,-0.03465768169534478,-0.08425729574804564,-3853.758373784329,-9044.797773744283,9831.572423999398,1469554.123020095
40,step,sample-000040,40,1,True,2026-09-22T18:35:48.618725Z,2026-09-23T22:46:36.730775Z,0.0,-25.17485469889534,36.02309046976774,9.356166917798271,-85.91294446171361,4.235090381552732,1,[],4,3,2,34.531021616693614,-121.93603493148134,3839674.4156299187,-13429685.326221948,13653260.597257107,
40,step,sample-000040,40,2,True,2026-09-22T18:35:48.621755Z,2026-09-23T22:53:22.350448Z,0.0,-25.177476689867962,36.02131074567123,9.298470276030569,-86.06884665494918,5.225050330414522,1,[],4,3,2,34.47594696589853,-122.09015740062041,3833550.393874784,-13445674.733944062,13666068.789569015,
40,step,sample-000040,40,3,False,2026-09-22T18:35:48.623016Z,2026-09-23T20:56:10.333262Z,0.0,-25.17656818469272,36.02165897103109,-25.005877941989628,35.85436672661259,0.07550571360648402,11,"[""HIP_100064"",""HIP_100345"",""HIP_92041"",""HIP_92855"",""HIP_93085"",""HIP_93506"",""HIP_93683"",""HIP_93864"",""HIP_94141"",""HIP_95168""]",1,3,2,0.17069024270309185,-0.16729224441849055,18979.889016312227,-16846.64362616318,25378.045714956796,
40,step,sample-000040,40,4,False,2026-09-22T18:35:48.624221Z,2026-09-23T21:31:50.539242Z,0.0,-25.176433993664233,36.02141680494552,-25.085614076101564,36.019627344576215,0.07719817691602593,17,"[""HIP_101769"",""HIP_105881"",""HIP_106278"",""HIP_106985"",""HIP_107315"",""HIP_107556"",""HIP_109074"",""HIP_109176"",""HIP_109427"",""HIP_110395"",""HIP_110960"",""HIP_112029"",""HIP_112748"",""HIP_113881"",""HIP_113963"",""HIP_114971""]",1,3,2,0.09081991756266916,-0.0017894603693093813,10098.71407124587,-180.14336636920905,10100.320663917033,
40,step,sample-000040,40,5,False,2026-09-22T18:35:48.625414Z,2026-09-23T21:56:15.306296Z,0.0,-25.17454086218172,36.02285542391141,-26.580854580495885,32.70646501346633,4.464992789464636,15,"[""HIP_105881"",""HIP_106278"",""HIP_106985"",""HIP_107315"",""HIP_107556"",""HIP_109074"",""HIP_109427"",""HIP_110960"",""HIP_112029"",""HIP_112748"",""HIP_113136"",""HIP_113881"",""HIP_113963"",""HIP_114971""]",2,3,2,-1.4063137183141663,-3.3163904104450808,-156374.95074718035,-331788.8075959196,366771.9358499486,
40,summary,sample-000040,40,,,2026-09-22T18:35:48.626597Z,,,-25.176141778433806,36.02255666894533,-25.557448866195692,34.86015302821838,1.538914193746379,14,"[""HIP_100064"",""HIP_100345"",""HIP_101769"",""HIP_105881"",""HIP_106278"",""HIP_106985"",""HIP_107315"",""HIP_107556"",""HIP_109074"",""HIP_109176"",""HIP_109427"",""HIP_110395"",""HIP_110960"",""HIP_112029"",""HIP_112748"",""HIP_113136"",""HIP_113881"",""HIP_113963"",""HIP_114971"",""HIP_92041"",""HIP_92855"",""HIP_93085"",""HIP_93506"",""HIP_93683"",""HIP_93864"",""HIP_94141"",""HIP_95168""]",2,3,2,-0.38130708776188627,-1.16240364072695,-42399.41365273327,-116791.25705839753,124248.69350464888,1435921.4872822086
41,step,sample-000041,41,1,False,2026-09-22T18:37:02.057644Z,2026-09-23T23:23:33.674784Z,0.0,-11.653431771562863,-148.69638455272857,-11.750198579140683,-148.6459525161199,0.1275181487311895,25,"[""HIP_50371"",""HIP_51232"",""HIP_51576"",""HIP_52419"",""HIP_53253"",""HIP_54463"",""HIP_56561"",""HIP_59196"",""HIP_59747"",""HIP_61084"",""HIP_61585"",""HIP_61932"",""HIP_62322"",""HIP_62434"",""HIP_66657"",""HIP_68002"",""HIP_68702"",""HIP_71683"",""HIP_71860"",""HIP_71908"",""HIP_73273"",""HIP_74946"",""HIP_77952"",""HIP_82273""]",1,5,0,-0.0967668075778203,0.050432036608668795,-10759.978070243858,5491.236537060219,12080.182060219659,
41,step,sample-000041,41,2,False,2026-09-22T18:37:02.059097Z,2026-09-23T23:52:07.503330Z,0.0,-11.654298235626001,-148.69596939200756,-11.768364077090235,-148.65733158515002,0.044505679304384205,35,"[""HIP_50371"",""HIP_51232"",""HIP_51576"",""HIP_52419"",""HIP_53253"",""HIP_54463"",""HIP_56561"",""HIP_59747"",""HIP_60718"",""HIP_61084"",""HIP_61585"",""HIP_61932"",""HIP_62322"",""HIP_62434"",""HIP_66657"",""HIP_68702"",""HIP_71683"",""HIP_71860"",""HIP_71908"",""HIP_73273"",""HIP_74946"",""HIP_77952"",""HIP_82273"",""HIP_82396"",""HIP_82514"",""HIP_85927"",""HIP_86228"",""HIP_86670"",""HIP_87073"",""HIP_87261"",""HIP_88635"",""HIP_89341"",""HIP_89931"",""HIP_90185"",""HIP_90496""]",1,5,0,-0.11406584146423349,0.038637806857536816,-12683.54287426531,4206.890092623358,13363.01528354478,
41,step,sample-000041,41,3,False,2026-09-22T18:37:02.060171Z,2026-09-23T23:19:29.276811Z,0.0,-11.652744303925074,-148.6956647347201,-11.752176746514502,-148.74406325638202,0.06514560912160576,28,"[""HIP_48774"",""HIP_50371"",""HIP_51232"",""HIP_51576"",""HIP_52419"",""HIP_53253"",""HIP_54463"",""HIP_56561"",""HIP_59196"",""HIP_59747"",""HIP_60009"",""HIP_60718"",""HIP_61084"",""HIP_61585"",""HIP_61932"",""HIP_62322"",""HIP_65109"",""HIP_66657"",""HIP_68002"",""HIP_68702"",""HIP_71352"",""HIP_71683"",""HIP_71860"",""HIP_71908"",""HIP_73273"",""HIP_74946"",""HIP_77952""]",1,5,0,-0.0994324425894284,-0.048398521661908944,-11056.383159820789,-5269.807216359644,12248.039383490555,
41,step,sample-000041,41,4,False,2026-09-22T18:37:02.061257Z,2026-09-23T22:37:29.966974Z,0.0,-11.65261360154585,-148.69784036813257,-11.747868189915653,-148.72323751898233,0.07583475798690187,36,"[""HIP_42913"",""HIP_45556"",""HIP_45941"",""HIP_46701"",""HIP_48002"",""HIP_48774"",""HIP_50371"",""HIP_51232"",""HIP_51576"",""HIP_52419"",""HIP_52727"",""HIP_53253"",""HIP_54463"",""HIP_56561"",""HIP_57363"",""HIP_57439"",""HIP_59196"",""HIP_59747"",""HIP_60009"",""HIP_60260"",""HIP_60718"",""HIP_61084"",""HIP_61585"",""HIP_62322"",""HIP_62434"",""HIP_65109"",""HIP_66657"",""HIP_68002"",""HIP_68702"",""HIP_71352"",""HIP_71683"",""HIP_71860"",""HIP_71908"",""HIP_74946"",""HIP_77952""]",1,5,0,-0.09525458836980327,-0.02539715084975569,-10591.826966337912,-2765.356421916709,10946.871362720443,
41,step,sample-000041,41,5,False,2026-09-22T18:37:02.062340Z,2026-09-23T22:11:13.465836Z,0.0,-11.65467556946966,-148.69625525518725,-11.772477137789599,-148.71221794875044,0.07404230592582331,37,"[""HIP_39429"",""HIP_39953"",""HIP_42913"",""HIP_44816"",""HIP_45556"",""HIP_45941"",""HIP_46701"",""HIP_47854"",""HIP_48002"",""HIP_48774"",""HIP_50371"",""HIP_51232"",""HIP_51576"",""HIP_52419"",""HIP_52727"",""HIP_53253"",""HIP_56561"",""HIP_57363"",""HIP_59196"",""HIP_59747"",""HIP_60260"",""HIP_60718"",""HIP_61084"",""HIP_61585"",""HIP_61932"",""HIP_62322"",""HIP_66657"",""HIP_68002"",""HIP_68702"",""HIP_71352"",""HIP_71683"",""HIP_71860"",""HIP_71908"",""HIP_74395"",""HIP_74946"",""HIP_77952""]",1,5,0,-0.11780156831993871,-0.01596269356318203,-13098.93674794956,-1738.0063030902757,13213.73560482564,
41,summary,sample-000041,41,,,2026-09-22T18:37:02.063454Z,,,-11.654024568420365,-148.69693510852545,-11.758216946090135,-148.69656056507694,0.07740929931730309,32,"[""HIP_39429"",""HIP_39953"",""HIP_42913"",""HIP_44816"",""HIP_45556"",""HIP_45941"",""HIP_46701"",""HIP_47854"",""HIP_48002"",""HIP_48774"",""HIP_50371"",""HIP_51232"",""HIP_51576"",""HIP_52419"",""HIP_52727"",""HIP_53253"",""HIP_54463"",""HIP_56561"",""HIP_57363"",""HIP_57439"",""HIP_59196"",""HIP_59747"",""HIP_60009"",""HIP_60260"",""HIP_60718"",""HIP_61084"",""HIP_61585"",""HIP_61932"",""HIP_62322"",""HIP_62434"",""HIP_65109"",""HIP_66657"",""HIP_68002"",""HIP_68702"",""HIP_71352"",""HIP_71683"",""HIP_71860"",""HIP_71908"",""HIP_73273"",""HIP_74395"",""HIP_74946"",""HIP_77952"",""HIP_82273"",""HIP_82396"",""HIP_82514"",""HIP_85927"",""HIP_86228"",""HIP_86670"",""HIP_87073"",""HIP_87261"",""HIP_88635"",""HIP_89341"",""HIP_89931"",""HIP_90185"",""HIP_90496""]",1,5,0,-0.10419237766977041,0.00037454344851539645,-11585.66379191228,40.78111434517255,11585.735565685776,1401181.5908988789
42,step,sample-000042,42,1,False,2026-09-22T18:37:49.820086Z,2026-09-23T23:24:23.473492Z,0.0,-14.297474782721808,53.57467087339768,89.99999999999999,-179.09664004180397,-137.50448887590207,31,"[""HIP_14354"",""HIP_14576"",""HIP_15863"",""HIP_17358"",""HIP_17702"",""HIP_18246"",""HIP_18532"",""HIP_22449"",""HIP_23015"",""HIP_23416"",""HIP_23767"",""HIP_24436"",""HIP_25336"",""HIP_25606"",""HIP_26207"",""HIP_26241"",""HIP_26311"",""HIP_26727"",""HIP_27288"",""HIP_27989"",""HIP_30324"",""HIP_30343"",""HIP_31681"",""HIP_33579"",""HIP_33856"",""HIP_33977"",""HIP_34444"",""HIP_35904"",""HIP_9640"",""HIP_9884""]",3,5,0,104.29747478272179,127.32868908479838,11597350.057677465,11179486.615908347,11597350.057677468,
42,step,sample-000042,42,2,False,2026-09-22T18:37:49.821530Z,2026-09-23T23:12:17.791081Z,0.0,-14.29658312050133,53.57612423039018,89.9999999994706,-169.54813662324503,-137.22974069518253,24,"[""HIP_10064"",""HIP_14354"",""HIP_14576"",""HIP_15863"",""HIP_17358"",""HIP_17702"",""HIP_18532"",""HIP_24305"",""HIP_24436"",""HIP_25281"",""HIP_25606"",""HIP_25930"",""HIP_25985"",""HIP_26241"",""HIP_26311"",""HIP_26634"",""HIP_26727"",""HIP_27366"",""HIP_27989"",""HIP_30324"",""HIP_30343"",""HIP_31681"",""HIP_9640""]",3,5,0,104.29658311997193,136.87573914636482,11597250.909303403,12017647.019144166,11597250.909405235,
42,step,sample-000042,42,3,False,2026-09-22T18:37:49.822679Z,2026-09-23T23:05:49.310305Z,0.0,-14.298010981473832,53.57625298773189,89.99999999564837,-129.5356972657826,-162.52566834282948,12,"[""HIP_25606"",""HIP_25985"",""HIP_26241"",""HIP_26634"",""HIP_27366"",""HIP_30324"",""HIP_33579"",""HIP_33856"",""HIP_33977"",""HIP_34444"",""HIP_35904""]",3,5,0,104.2980109771222,176.88804974648554,11597409.679774486,15530865.743757814,11597409.68074153,
42,step,sample-000042,42,4,False,2026-09-22T18:37:49.823826Z,2026-09-24T00:51:47.849190Z,0.0,-14.29568683226739,53.57709937561242,89.99999999999999,-138.78157514982888,-66.77535729030787,29,"[""HIP_17358"",""HIP_18246"",""HIP_18532"",""HIP_21421"",""HIP_23416"",""HIP_23453"",""HIP_23767"",""HIP_24608"",""HIP_25428"",""HIP_26451"",""HIP_28360"",""HIP_28380"",""HIP_29655"",""HIP_30122"",""HIP_30343"",""HIP_32349"",""HIP_32759"",""HIP_33856"",""HIP_33977"",""HIP_35264"",""HIP_35904"",""HIP_37229"",""HIP_38170"",""HIP_39429"",""HIP_39757"",""HIP_39953"",""HIP_42536"",""HIP_42913"",""HIP_44816""]",3,5,0,104.29568683226738,167.6413254745587,11597151.24665784,14718766.39405701,11597151.246657845,
42,step,sample-000042,42,5,False,2026-09-22T18:37:49.824934Z,2026-09-24T00:43:02.668396Z,0.0,-14.297488299523064,53.57822895837475,89.99999999999999,-138.72221292940338,-66.24344147795101,32,"[""HIP_14576"",""HIP_17358"",""HIP_17702"",""HIP_18246"",""HIP_18532"",""HIP_20889"",""HIP_23015"",""HIP_23416"",""HIP_23453"",""HIP_23767"",""HIP_24608"",""HIP_25428"",""HIP_26451"",""HIP_27628"",""HIP_27989"",""HIP_28360"",""HIP_28380"",""HIP_29655"",""HIP_30343"",""HIP_31681"",""HIP_32349"",""HIP_32362"",""HIP_33856"",""HIP_33977"",""HIP_35264"",""HIP_35904"",""HIP_36188"",""HIP_37229"",""HIP_37279"",""HIP_38170"",""HIP_39429"",""HIP_39757""]",3,5,0,104.29748829952305,167.6995581122219,11597351.56067719,14724059.053295532,11597351.560677191,
42,summary,sample-000042,42,,,2026-09-22T18:37:49.826007Z,,,-14.297342297978783,53.576465287826295,89.99999999902379,-151.13685240201278,-115.0145713356363,26,"[""HIP_10064"",""HIP_14354"",""HIP_14576"",""HIP_15863"",""HIP_17358"",""HIP_17702"",""HIP_18246"",""HIP_18532"",""HIP_20889"",""HIP_21421"",""HIP_22449"",""HIP_23015"",""HIP_23416"",""HIP_23453"",""HIP_23767"",""HIP_24305"",""HIP_24436"",""HIP_24608"",""HIP_25281"",""HIP_25336"",""HIP_25428"",""HIP_25606"",""HIP_25930"",""HIP_25985"",""HIP_26207"",""HIP_26241"",""HIP_26311"",""HIP_26451"",""HIP_26634"",""HIP_26727"",""HIP_27288"",""HIP_27366"",""HIP_27628"",""HIP_27989"",""HIP_28360"",""HIP_28380"",""HIP_29655"",""HIP_30122"",""HIP_30324"",""HIP_30343"",""HIP_31681"",""HIP_32349"",""HIP_32362"",""HIP_32759"",""HIP_33579"",""HIP_33856"",""HIP_33977"",""HIP_34444"",""HIP_35264"",""HIP_35904"",""HIP_36188"",""HIP_37229"",""HIP_37279"",""HIP_38170"",""HIP_39429"",""HIP_39757"",""HIP_39953"",""HIP_42536"",""HIP_42913"",""HIP_44816"",""HIP_9640"",""HIP_9884""]",3,5,0,104.29734229700257,155.28668231016093,11597335.325937634,13634192.256733155,11597335.326144794,1643947.1560237815
43,step,sample-000043,43,1,True,2026-09-22T18:38:31.890959Z,2026-09-24T00:56:21.034476Z,0.0,18.140107474815306,155.58910439697536,89.99999999663312,-119.34187671678757,40.36340186382684,8,"[""HIP_33018"",""HIP_35350"",""HIP_35550"",""HIP_36188"",""HIP_36850"",""HIP_37740"",""HIP_37826"",""HIP_40526""]",3,4,1,71.85989252181781,85.06901888623707,7990455.477649407,5550642.864656199,7990455.477991607,
43,step,sample-000043,43,2,False,2026-09-22T18:38:31.892236Z,2026-09-24T01:13:40.631630Z,0.0,18.139286753939853,155.59029241366466,27.82861151146061,-179.9999999179028,-18.01720154330095,8,"[""HIP_41704"",""HIP_46853"",""HIP_50372"",""HIP_50801"",""HIP_53910"",""HIP_54061"",""HIP_58001"",""HIP_59774""]",3,4,1,9.689324757520758,24.40970766843253,1077403.7556478276,2498764.0936835613,2714219.0371453753,
43,step,sample-000043,43,3,False,2026-09-22T18:38:31.893442Z,2026-09-24T00:30:21.323910Z,0.0,18.141319735719012,155.58940830507095,41.837177657542405,-179.9999999938218,0.6397337826540981,10,"[""HIP_31681"",""HIP_32246"",""HIP_32362"",""HIP_34769"",""HIP_35350"",""HIP_35550"",""HIP_36188"",""HIP_36850"",""HIP_37279"",""HIP_40526""]",3,4,1,23.695857921823393,24.41059170110725,2634859.1833970384,2350936.783216468,3505557.028120102,
43,step,sample-000043,43,4,False,2026-09-22T18:38:31.895197Z,2026-09-24T00:55:37.127516Z,0.0,18.140400035615183,155.58823722878373,53.916687909043404,-179.99999999714245,-5.331409709062282,9,"[""HIP_33018"",""HIP_34088"",""HIP_35350"",""HIP_35550"",""HIP_36188"",""HIP_36850"",""HIP_37740"",""HIP_37826"",""HIP_40526""]",3,4,1,35.77628787342822,24.41176277407385,3978141.7057004664,2195252.5052135587,4494920.522643705,
43,step,sample-000043,43,5,False,2026-09-22T18:38:31.896586Z,2026-09-24T00:06:47.409544Z,0.0,18.13960901770586,155.58810596479805,55.500220128764106,-179.99999999905927,-8.831071246696604,9,"[""HIP_28380"",""HIP_29655"",""HIP_30343"",""HIP_31681"",""HIP_32246"",""HIP_32362"",""HIP_36850"",""HIP_37740"",""HIP_37826""]",3,4,1,37.36061111105825,24.411894036142712,4154310.411890008,2173003.00336633,4636130.978558936,
43,summary,sample-000043,43,,,2026-09-22T18:38:31.898089Z,,,18.13954594713974,155.58960709840983,44.77067430170263,-179.9999999769816,-7.879824246944667,9,"[""HIP_28380"",""HIP_29655"",""HIP_30343"",""HIP_31681"",""HIP_32246"",""HIP_32362"",""HIP_33018"",""HIP_34088"",""HIP_34769"",""HIP_35350"",""HIP_35550"",""HIP_36188"",""HIP_36850"",""HIP_37279"",""HIP_37740"",""HIP_37826"",""HIP_40526"",""HIP_41704"",""HIP_46853"",""HIP_50372"",""HIP_50801"",""HIP_53910"",""HIP_54061"",""HIP_58001"",""HIP_59774""]",3,4,1,26.631128354562886,24.410392924608573,2961246.3638474485,2315441.7366825105,3728291.7163927453,1692420.2853346877
44,step,sample-000044,44,1,False,2026-09-22T18:39:36.476249Z,2026-09-24T00:14:54.587993Z,0.0,-25.770395786609186,167.58203911529642,-26.698176436932858,-179.99999999999844,5.216159321660823,29,"[""HIP_39429"",""HIP_39953"",""HIP_41037"",""HIP_42913"",""HIP_44816"",""HIP_45238"",""HIP_45941"",""HIP_46701"",""HIP_48002"",""HIP_48774"",""HIP_50371"",""HIP_51232"",""HIP_51576"",""HIP_52419"",""HIP_53253"",""HIP_56561"",""HIP_59747"",""HIP_60260"",""HIP_60718"",""HIP_61585"",""HIP_62322"",""HIP_68002"",""HIP_68702"",""HIP_71683"",""HIP_71860"",""HIP_71908"",""HIP_74946"",""HIP_77952"",""HIP_82273""]",2,5,0,-0.9277806503236725,12.417960884705167,-103164.50135498177,1238582.110159016,1242373.959697384,
44,step,sample-000044,44,2,False,2026-09-22T18:39:36.478318Z,2026-09-24T01:22:45.983216Z,0.0,-25.770663538328524,167.5842151746964,-28.01560132283885,-179.99999999999997,4.9801492661909945,29,"[""HIP_39953"",""HIP_41037"",""HIP_42913"",""HIP_44816"",""HIP_45238"",""HIP_45556"",""HIP_45941"",""HIP_48774"",""HIP_50371"",""HIP_51232"",""HIP_51576"",""HIP_52419"",""HIP_52727"",""HIP_53253"",""HIP_56561"",""HIP_59747"",""HIP_60260"",""HIP_60718"",""HIP_61585"",""HIP_62322"",""HIP_62434"",""HIP_68702"",""HIP_71683"",""HIP_71860"",""HIP_71908"",""HIP_74395"",""HIP_74946"",""HIP_77952"",""HIP_82273""]",2,5,0,-2.244937784510327,12.415784825303604,-249625.692270224,1231265.8103455403,1255693.678961309,
44,step,sample-000044,44,3,False,2026-09-22T18:39:36.479642Z,2026-09-24T00:20:12.322157Z,0.0,-25.77241648028152,167.58210308876096,-26.416599803023455,-179.99999999494705,5.857914187280839,30,"[""HIP_39953"",""HIP_41037"",""HIP_42913"",""HIP_44816"",""HIP_45238"",""HIP_45941"",""HIP_46701"",""HIP_48002"",""HIP_50371"",""HIP_51576"",""HIP_52419"",""HIP_52727"",""HIP_53253"",""HIP_54463"",""HIP_56561"",""HIP_59747"",""HIP_60260"",""HIP_60718"",""HIP_61585"",""HIP_62322"",""HIP_62434"",""HIP_68002"",""HIP_68702"",""HIP_71683"",""HIP_71860"",""HIP_71908"",""HIP_77952"",""HIP_82273""]",2,5,0,-0.6441833227419345,12.417896916291966,-71629.9173179375,1240061.1065784518,1241646.4289465633,
44,step,sample-000044,44,4,False,2026-09-22T18:39:36.481239Z,2026-09-24T01:05:47.408009Z,0.0,-25.77244469496377,167.58363077110926,-27.37784876432266,-179.99999999999997,5.4431689939328916,33,"[""HIP_39953"",""HIP_41037"",""HIP_42913"",""HIP_44816"",""HIP_45238"",""HIP_45556"",""HIP_45941"",""HIP_46701"",""HIP_48774"",""HIP_50371"",""HIP_51232"",""HIP_51576"",""HIP_52419"",""HIP_52727"",""HIP_53253"",""HIP_56561"",""HIP_57363"",""HIP_60718"",""HIP_61585"",""HIP_61932"",""HIP_62322"",""HIP_62434"",""HIP_66657"",""HIP_68002"",""HIP_68702"",""HIP_71683"",""HIP_71860"",""HIP_71908"",""HIP_73273"",""HIP_74395"",""HIP_77952"",""HIP_82273""]",2,5,0,-1.6054040693588902,12.416369228890744,-178512.78772723788,1234770.6988147702,1247057.4926774893,
44,step,sample-000044,44,5,False,2026-09-22T18:39:36.482385Z,2026-09-24T01:30:35.393170Z,0.0,-25.77040901947706,167.5831885014025,-27.045183486544623,-179.9999999923688,1.2165950238628378,34,"[""HIP_39429"",""HIP_39953"",""HIP_41037"",""HIP_42913"",""HIP_44816"",""HIP_45238"",""HIP_45556"",""HIP_45941"",""HIP_46701"",""HIP_48002"",""HIP_48774"",""HIP_50371"",""HIP_51232"",""HIP_51576"",""HIP_52419"",""HIP_52727"",""HIP_53253"",""HIP_54463"",""HIP_56561"",""HIP_57363"",""HIP_60718"",""HIP_61585"",""HIP_62322"",""HIP_80763"",""HIP_82396"",""HIP_82514"",""HIP_84012"",""HIP_84970"",""HIP_85792"",""HIP_85927"",""HIP_86228"",""HIP_86670"",""HIP_87073"",""HIP_87261""]",2,5,0,-1.2747744670675623,12.416811506228669,-141748.45335393405,1236613.540390125,1244189.629942847,
44,summary,sample-000044,44,,,2026-09-22T18:39:36.483495Z,,,-25.77143097789352,167.5824611432235,-27.11068196273249,-179.99999999746285,4.543136649660587,31,"[""HIP_39429"",""HIP_39953"",""HIP_41037"",""HIP_42913"",""HIP_44816"",""HIP_45238"",""HIP_45556"",""HIP_45941"",""HIP_46701"",""HIP_48002"",""HIP_48774"",""HIP_50371"",""HIP_51232"",""HIP_51576"",""HIP_52419"",""HIP_52727"",""HIP_53253"",""HIP_54463"",""HIP_56561"",""HIP_57363"",""HIP_59747"",""HIP_60260"",""HIP_60718"",""HIP_61585"",""HIP_61932"",""HIP_62322"",""HIP_62434"",""HIP_66657"",""HIP_68002"",""HIP_68702"",""HIP_71683"",""HIP_71860"",""HIP_71908"",""HIP_73273"",""HIP_74395"",""HIP_74946"",""HIP_77952"",""HIP_80763"",""HIP_82273"",""HIP_82396"",""HIP_82514"",""HIP_84012"",""HIP_84970"",""HIP_85792"",""HIP_85927"",""HIP_86228"",""HIP_86670"",""HIP_87073"",""HIP_87261""]",2,5,0,-1.3392509848389693,12.417538859313652,-148917.91501782223,1236329.2817752524,1244738.9065059682,1682245.7085431258
45,step,sample-000045,45,1,False,2026-09-22T18:40:43.332984Z,2026-09-24T01:59:03.756255Z,0.0,-0.2150998784934728,-145.7478128439203,-0.29391141463833803,-145.75936187276926,0.049558753313293916,31,"[""HIP_71683"",""HIP_74395"",""HIP_77952"",""HIP_79664"",""HIP_80000"",""HIP_80763"",""HIP_82363"",""HIP_82729"",""HIP_83081"",""HIP_83153"",""HIP_84143"",""HIP_84970"",""HIP_85258"",""HIP_85792"",""HIP_85927"",""HIP_86228"",""HIP_86670"",""HIP_87073"",""HIP_87261"",""HIP_88635"",""HIP_89341"",""HIP_89642"",""HIP_89931"",""HIP_89962"",""HIP_90185"",""HIP_90496"",""HIP_91117"",""HIP_92041"",""HIP_92855"",""HIP_94141""]",1,5,0,-0.07881153614486522,-0.01154902884897524,-8763.442980373278,-1284.1807464742926,8857.0340859587,
45,step,sample-000045,45,2,False,2026-09-22T18:40:43.334318Z,2026-09-24T00:44:37.571650Z,0.0,-0.21563271897112826,-145.7482728439739,-0.3011704279717273,-145.7370766664224,0.08605426786168087,17,"[""HIP_80112"",""HIP_81266"",""HIP_81377"",""HIP_82396"",""HIP_82514"",""HIP_82729"",""HIP_83081"",""HIP_84012"",""HIP_84143"",""HIP_84970"",""HIP_85258"",""HIP_85792"",""HIP_85927"",""HIP_86670"",""HIP_87073"",""HIP_87261""]",1,5,0,-0.08553770900059901,0.011196177551482833,-9511.359277665219,1244.9454805059202,9592.48895075607,
45,step,sample-000045,45,3,False,2026-09-22T18:40:43.335508Z,2026-09-24T01:58:26.074267Z,0.0,-0.21608509802417078,-145.74951263982013,-0.27957980252513986,-145.73764835908926,0.03432602848867723,22,"[""HIP_80000"",""HIP_80763"",""HIP_81266"",""HIP_82514"",""HIP_82729"",""HIP_83081"",""HIP_84143"",""HIP_85792"",""HIP_85927"",""HIP_86228"",""HIP_86670"",""HIP_87073"",""HIP_87261"",""HIP_88635"",""HIP_89341"",""HIP_89642"",""HIP_89931"",""HIP_90185"",""HIP_90496"",""HIP_92855"",""HIP_94141""]",1,5,0,-0.06349470450096908,0.011864280730861765,-7060.289009303191,1319.2354840914975,7182.483065016685,
45,step,sample-000045,45,4,False,2026-09-22T18:40:43.336650Z,2026-09-24T01:03:31.687264Z,0.0,-0.21562018586962128,-145.74872540632754,-0.28302865568254304,-145.73412069878157,0.06125969935187904,21,"[""HIP_80112"",""HIP_81266"",""HIP_82396"",""HIP_82514"",""HIP_82729"",""HIP_84970"",""HIP_85258"",""HIP_85792"",""HIP_85927"",""HIP_86228"",""HIP_86263"",""HIP_86670"",""HIP_87261"",""HIP_88635"",""HIP_89341"",""HIP_89642"",""HIP_89931"",""HIP_90185"",""HIP_90496"",""HIP_92855""]",1,5,0,-0.06740846981292176,0.014604707545970541,-7495.479856069786,1623.9540086586505,7669.383586102301,
45,step,sample-000045,45,5,False,2026-09-22T18:40:43.337743Z,2026-09-24T01:29:21.281695Z,0.0,-0.21520101524118196,-145.74714134163054,-0.29670372997286215,-145.75465448933502,0.047774433846219495,26,"[""HIP_74395"",""HIP_77952"",""HIP_78265"",""HIP_80000"",""HIP_80112"",""HIP_80763"",""HIP_82396"",""HIP_82514"",""HIP_82729"",""HIP_83081"",""HIP_84143"",""HIP_85258"",""HIP_85792"",""HIP_85927"",""HIP_86228"",""HIP_86670"",""HIP_87073"",""HIP_87261"",""HIP_88635"",""HIP_89341"",""HIP_89642"",""HIP_89931"",""HIP_90185"",""HIP_90496"",""HIP_92855""]",1,5,0,-0.08150271473168019,-0.0075131477044863,-9062.688385921576,-835.4155720326577,9101.112011211593,
45,summary,sample-000045,45,,,2026-09-22T18:40:43.339322Z,,,-0.21614741911380012,-145.74798666576515,-0.2908788061581221,-145.7445724172795,0.05579463639752987,23,"[""HIP_71683"",""HIP_74395"",""HIP_77952"",""HIP_78265"",""HIP_79664"",""HIP_80000"",""HIP_80112"",""HIP_80763"",""HIP_81266"",""HIP_81377"",""HIP_82363"",""HIP_82396"",""HIP_82514"",""HIP_82729"",""HIP_83081"",""HIP_83153"",""HIP_84012"",""HIP_84143"",""HIP_84970"",""HIP_85258"",""HIP_85792"",""HIP_85927"",""HIP_86228"",""HIP_86263"",""HIP_86670"",""HIP_87073"",""HIP_87261"",""HIP_88635"",""HIP_89341"",""HIP_89642"",""HIP_89931"",""HIP_89962"",""HIP_90185"",""HIP_90496"",""HIP_91117"",""HIP_92041"",""HIP_92855"",""HIP_94141""]",1,5,0,-0.074731387044322,0.003414248485654525,-8309.751100439513,379.6433936581198,8318.41886641745,1645047.3243280877
46,step,sample-000046,46,1,False,2026-09-22T18:42:03.197479Z,2026-09-24T01:59:44.672916Z,0.0,57.21647270414367,-149.93103329934863,57.19935158418085,-149.76800281864436,0.1870299149316975,22,"[""HIP_100453"",""HIP_102422"",""HIP_102488"",""HIP_102589"",""HIP_104732"",""HIP_104887"",""HIP_105199"",""HIP_106481"",""HIP_109492"",""HIP_87933"",""HIP_91262"",""HIP_92420"",""HIP_93747"",""HIP_94779"",""HIP_95947"",""HIP_96837"",""HIP_97165"",""HIP_97365"",""HIP_98110"",""HIP_98337"",""HIP_99675""]",1,4,1,-0.017121119962816067,0.16303048070426485,-1903.7816783380229,9818.070034112241,10000.941556245252,
46,step,sample-000046,46,2,False,2026-09-22T18:42:03.199022Z,2026-09-24T02:51:54.609699Z,0.0,57.21640639670551,-149.93157375764704,57.1977415929342,-149.8440992431648,0.14051171359368744,35,"[""HIP_100453"",""HIP_102098"",""HIP_102488"",""HIP_104060"",""HIP_104732"",""HIP_104887"",""HIP_105199"",""HIP_106032"",""HIP_106481"",""HIP_107533"",""HIP_109492"",""HIP_109857"",""HIP_110991"",""HIP_111169"",""HIP_112724"",""HIP_116727"",""HIP_3179"",""HIP_4427"",""HIP_6686"",""HIP_746"",""HIP_79593"",""HIP_79882"",""HIP_80816"",""HIP_83000"",""HIP_84345"",""HIP_86032"",""HIP_86742"",""HIP_8886"",""HIP_93194"",""HIP_95947"",""HIP_97165"",""HIP_97365"",""HIP_98110"",""HIP_98337""]",1,4,1,-0.018664803771308414,0.08747451448223842,-2075.4314861857224,5268.035805607587,5662.12074001776,
46,step,sample-000046,46,3,False,2026-09-22T18:42:03.200148Z,2026-09-24T01:56:05.507723Z,0.0,57.21762206823078,-149.9313783047139,57.20548754067453,-149.76200776151023,0.16919353535846396,21,"[""HIP_100453"",""HIP_102422"",""HIP_102488"",""HIP_104732"",""HIP_104887"",""HIP_105199"",""HIP_106481"",""HIP_109492"",""HIP_91262"",""HIP_92420"",""HIP_93194"",""HIP_93747"",""HIP_95853"",""HIP_95947"",""HIP_96837"",""HIP_97165"",""HIP_97365"",""HIP_98110"",""HIP_98337"",""HIP_99675""]",1,4,1,-0.012134527556248997,0.1693705432036552,-1349.2979014834837,10198.876603711817,10287.741835470972,
46,step,sample-000046,46,4,True,2026-09-22T18:42:03.201263Z,2026-09-24T02:14:43.927991Z,0.0,57.21826590524841,-149.9319905984828,57.113142949451316,-149.79919661180975,0.11422607548074733,22,"[""HIP_100453"",""HIP_101769"",""HIP_102098"",""HIP_102488"",""HIP_104732"",""HIP_104887"",""HIP_109492"",""HIP_91262"",""HIP_92420"",""HIP_93747"",""HIP_95501"",""HIP_95853"",""HIP_95947"",""HIP_96837"",""HIP_97165"",""HIP_97278"",""HIP_97365"",""HIP_97649"",""HIP_98110"",""HIP_98337"",""HIP_99675""]",1,4,1,-0.10512295579709274,0.1327939866730503,-11689.139358516917,8006.300889541854,14168.156728740134,
46,step,sample-000046,46,5,False,2026-09-22T18:42:03.202887Z,2026-09-24T02:48:34.501759Z,0.0,57.21704920916485,-149.93188157361735,57.181143982986626,-149.8402449649967,0.13013630133291693,39,"[""HIP_100453"",""HIP_101769"",""HIP_102098"",""HIP_102422"",""HIP_102488"",""HIP_103413"",""HIP_104060"",""HIP_104732"",""HIP_104887"",""HIP_105199"",""HIP_106032"",""HIP_106481"",""HIP_107259"",""HIP_109492"",""HIP_110991"",""HIP_111169"",""HIP_112724"",""HIP_116727"",""HIP_3179"",""HIP_4427"",""HIP_746"",""HIP_79593"",""HIP_79882"",""HIP_80816"",""HIP_83000"",""HIP_84345"",""HIP_86032"",""HIP_86742"",""HIP_93194"",""HIP_93747"",""HIP_95501"",""HIP_95947"",""HIP_97165"",""HIP_97278"",""HIP_97365"",""HIP_98110"",""HIP_98337"",""HIP_99675""]",1,4,1,-0.03590522617822245,0.09163660862063239,-3992.4789910437353,5519.884925221791,6812.415525612227,
46,summary,sample-000046,46,,,2026-09-22T18:42:03.205524Z,,,57.217158495764295,-149.93328255972105,57.195931175194055,-149.80358869707902,0.1567178662184581,29,"[""HIP_100453"",""HIP_101769"",""HIP_102098"",""HIP_102422"",""HIP_102488"",""HIP_102589"",""HIP_103413"",""HIP_104060"",""HIP_104732"",""HIP_104887"",""HIP_105199"",""HIP_106032"",""HIP_106481"",""HIP_107259"",""HIP_107533"",""HIP_109492"",""HIP_109857"",""HIP_110991"",""HIP_111169"",""HIP_112724"",""HIP_116727"",""HIP_3179"",""HIP_4427"",""HIP_6686"",""HIP_746"",""HIP_79593"",""HIP_79882"",""HIP_80816"",""HIP_83000"",""HIP_84345"",""HIP_86032"",""HIP_86742"",""HIP_87933"",""HIP_8886"",""HIP_91262"",""HIP_92420"",""HIP_93194"",""HIP_93747"",""HIP_94779"",""HIP_95501"",""HIP_95853"",""HIP_95947"",""HIP_96837"",""HIP_97165"",""HIP_97278"",""HIP_97365"",""HIP_98110"",""HIP_98337"",""HIP_99675""]",1,4,1,-0.021227320570240238,0.12969386264202853,-2360.370353668396,7810.751624041877,8159.605688388718,1609462.8087054857
47,step,sample-000047,47,1,True,2026-09-22T18:42:56.207817Z,2026-09-24T02:22:40.547948Z,0.0,-22.52226227186574,-70.37391320341105,57.181143982986626,-149.8402449649967,0.13013630133291693,0,[],4,4,1,79.70340625485237,-79.46633176158566,8862614.411829773,-8435156.592732722,11488592.966442576,
47,step,sample-000047,47,2,False,2026-09-22T18:42:56.209269Z,2026-09-24T01:52:48.214015Z,0.0,-22.521882971385722,-70.37552816365553,-22.579316867655322,-70.4236256296916,0.14113050891230955,28,"[""HIP_80000"",""HIP_81266"",""HIP_82396"",""HIP_82514"",""HIP_82729"",""HIP_83081"",""HIP_84012"",""HIP_84143"",""HIP_84970"",""HIP_85792"",""HIP_85927"",""HIP_86170"",""HIP_86228"",""HIP_86263"",""HIP_86670"",""HIP_87072"",""HIP_87073"",""HIP_87261"",""HIP_88635"",""HIP_88839"",""HIP_89341"",""HIP_89642"",""HIP_89678"",""HIP_89931"",""HIP_90185"",""HIP_90496"",""HIP_92041"",""HIP_94141""]",1,4,1,-0.05743389626960038,-0.04809746603606868,-6386.35788260941,-4939.277755573979,8073.53878055747,
47,step,sample-000047,47,3,False,2026-09-22T18:42:56.210297Z,2026-09-24T02:47:04.886729Z,0.0,-22.524257040617428,-70.37521077853602,-22.579316867655322,-70.4236256296916,0.14113050891230955,0,[],1,4,1,-0.05505982703789414,-0.048414851155598626,-6122.373428540731,-4971.828242534099,7886.858016281456,
47,step,sample-000047,47,4,False,2026-09-22T18:42:56.211361Z,2026-09-24T01:58:12.481054Z,0.0,-22.523594340770874,-70.37401329244089,-22.5503956851022,-70.42354946619544,0.12557012382533836,30,"[""HIP_80000"",""HIP_82396"",""HIP_82514"",""HIP_82729"",""HIP_83081"",""HIP_84012"",""HIP_84143"",""HIP_84970"",""HIP_85258"",""HIP_85423"",""HIP_85792"",""HIP_85927"",""HIP_86170"",""HIP_86228"",""HIP_86263"",""HIP_86670"",""HIP_87072"",""HIP_87073"",""HIP_87261"",""HIP_88635"",""HIP_89341"",""HIP_89642"",""HIP_89931"",""HIP_90496"",""HIP_92041"",""HIP_93085"",""HIP_93506"",""HIP_93805"",""HIP_93864"",""HIP_94141""]",1,4,1,-0.026801344331325083,-0.04953617375454655,-2980.1735168972527,-5087.524549080923,5896.129177325336,
47,step,sample-000047,47,5,False,2026-09-22T18:42:56.212451Z,2026-09-24T02:23:54.149219Z,0.0,-22.524408461775447,-70.3743155038332,-22.5503956851022,-70.42354946619544,0.12557012382533836,0,[],1,4,1,-0.02598722332675152,-0.04923396236222288,-2889.647391513901,-5056.471558445601,5823.913269681064,
47,summary,sample-000047,47,,,2026-09-22T18:42:56.213521Z,,,-22.523225787791944,-70.37468579448688,-22.564856276378762,-70.42358754794351,0.13335031636882397,14,"[""HIP_80000"",""HIP_81266"",""HIP_82396"",""HIP_82514"",""HIP_82729"",""HIP_83081"",""HIP_84012"",""HIP_84143"",""HIP_84970"",""HIP_85258"",""HIP_85423"",""HIP_85792"",""HIP_85927"",""HIP_86170"",""HIP_86228"",""HIP_86263"",""HIP_86670"",""HIP_87072"",""HIP_87073"",""HIP_87261"",""HIP_88635"",""HIP_88839"",""HIP_89341"",""HIP_89642"",""HIP_89678"",""HIP_89931"",""HIP_90185"",""HIP_90496"",""HIP_92041"",""HIP_93085"",""HIP_93506"",""HIP_93805"",""HIP_93864"",""HIP_94141""]",1,4,1,-0.041630488586818615,-0.048901753456618735,-4629.099124588435,-5022.111204870734,6830.092074860463,1575364.2402665361
48,step,sample-000048,48,1,False,2026-09-22T18:43:41.008586Z,2026-09-24T03:38:50.636843Z,0.0,-42.64576117977245,109.97575391747671,-89.99999999999996,-146.368585091435,-93.58380136454976,27,"[""HIP_26634"",""HIP_30324"",""HIP_30438"",""HIP_32349"",""HIP_32768"",""HIP_33579"",""HIP_33856"",""HIP_33977"",""HIP_34444"",""HIP_35264"",""HIP_35904"",""HIP_36377"",""HIP_37819"",""HIP_38170"",""HIP_38827"",""HIP_39757"",""HIP_71352"",""HIP_71683"",""HIP_71860"",""HIP_73273"",""HIP_73334"",""HIP_75264"",""HIP_76297"",""HIP_78265"",""HIP_78401"",""HIP_82514"",""HIP_84143""]",3,3,2,-47.35423882022751,103.65566099108833,-5265551.111924114,4628628.504190819,5265551.11192412,
48,step,sample-000048,48,2,False,2026-09-22T18:43:41.010292Z,2026-09-24T02:03:57.467272Z,0.0,-42.646852695274355,109.97758905217916,-89.99999999949077,-143.48065913587158,-157.37211564511455,20,"[""HIP_61585"",""HIP_62322"",""HIP_62434"",""HIP_63613"",""HIP_65109"",""HIP_66657"",""HIP_68002"",""HIP_68702"",""HIP_68933"",""HIP_71352"",""HIP_71860"",""HIP_71908"",""HIP_73273"",""HIP_73334"",""HIP_74946"",""HIP_76297"",""HIP_77952"",""HIP_82273"",""HIP_82363""]",3,3,2,-47.353147304216414,106.54175181194927,-5265429.7408813285,4757400.340641953,5265429.740954075,
48,step,sample-000048,48,3,False,2026-09-22T18:43:41.011471Z,2026-09-24T02:46:56.870569Z,0.0,-42.6448364262146,109.97613492893828,-89.9999999965098,-144.286774887586,-161.8448555019322,20,"[""HIP_59747"",""HIP_60718"",""HIP_61585"",""HIP_65109"",""HIP_68002"",""HIP_68702"",""HIP_68933"",""HIP_71352"",""HIP_71683"",""HIP_71860"",""HIP_71908"",""HIP_73273"",""HIP_74395"",""HIP_74946"",""HIP_75264"",""HIP_76297"",""HIP_77952"",""HIP_82273"",""HIP_83081"",""HIP_85258""]",3,3,2,-47.3551635702952,105.73709018347574,-5265653.939440055,4721659.310471954,5265653.939933407,
48,step,sample-000048,48,4,True,2026-09-22T18:43:41.012510Z,2026-09-24T03:27:42.716944Z,0.0,-42.6450727512326,109.97502058009479,-89.99999999999999,-125.12768865883656,-138.31842876148556,30,"[""HIP_32349"",""HIP_33579"",""HIP_33856"",""HIP_33977"",""HIP_34444"",""HIP_35264"",""HIP_35904"",""HIP_36377"",""HIP_37819"",""HIP_38170"",""HIP_39757"",""HIP_63613"",""HIP_68702"",""HIP_71352"",""HIP_71683"",""HIP_71908"",""HIP_73273"",""HIP_73334"",""HIP_74395"",""HIP_74946"",""HIP_75264"",""HIP_76297"",""HIP_77952"",""HIP_78265"",""HIP_78401"",""HIP_82273"",""HIP_82514"",""HIP_84143"",""HIP_85258"",""HIP_85792""]",3,3,2,-47.35492724876739,124.89729076106863,-5265627.661685105,5577226.318427491,5265627.661685108,
48,step,sample-000048,48,5,True,2026-09-22T18:43:41.013587Z,2026-09-24T03:45:21.867692Z,0.0,-42.64561441078486,109.97592997954285,-89.99999999999999,-125.43405624179879,-139.68226348341656,30,"[""HIP_32349"",""HIP_33579"",""HIP_33856"",""HIP_33977"",""HIP_34444"",""HIP_35264"",""HIP_35904"",""HIP_38170"",""HIP_39429"",""HIP_39757"",""HIP_71352"",""HIP_71683"",""HIP_71860"",""HIP_71908"",""HIP_73273"",""HIP_73334"",""HIP_74395"",""HIP_74946"",""HIP_77952"",""HIP_78401"",""HIP_78820"",""HIP_80112"",""HIP_80763"",""HIP_81266"",""HIP_82273"",""HIP_82396"",""HIP_82514"",""HIP_83081"",""HIP_84143"",""HIP_85792""]",3,3,2,-47.35438558921513,124.59001377865837,-5265567.431890925,5563445.045209246,5265567.431890928,
48,summary,sample-000048,48,,,2026-09-22T18:43:41.015068Z,,,-42.64524902314305,109.97692643091756,-89.99999999866684,-144.71200637163088,-138.80400327853988,22,"[""HIP_26634"",""HIP_30324"",""HIP_30438"",""HIP_32349"",""HIP_32768"",""HIP_33579"",""HIP_33856"",""HIP_33977"",""HIP_34444"",""HIP_35264"",""HIP_35904"",""HIP_36377"",""HIP_37819"",""HIP_38170"",""HIP_38827"",""HIP_39757"",""HIP_59747"",""HIP_60718"",""HIP_61585"",""HIP_62322"",""HIP_62434"",""HIP_63613"",""HIP_65109"",""HIP_66657"",""HIP_68002"",""HIP_68702"",""HIP_68933"",""HIP_71352"",""HIP_71683"",""HIP_71860"",""HIP_71908"",""HIP_73273"",""HIP_73334"",""HIP_74395"",""HIP_74946"",""HIP_75264"",""HIP_76297"",""HIP_77952"",""HIP_78265"",""HIP_78401"",""HIP_82273"",""HIP_82363"",""HIP_82514"",""HIP_83081"",""HIP_84143"",""HIP_85258""]",3,3,2,-47.354750975523785,105.31106719745156,-5265608.060994714,4702596.762705782,5265608.0611821,1652244.3198689437
49,step,sample-000049,49,1,True,2026-09-22T18:45:11.758970Z,2026-09-24T04:45:17.388910Z,0.0,-63.91808446429148,134.0906905729829,-77.6963661188665,-162.67840710294595,-78.37736423795232,31,"[""HIP_73714"",""HIP_74785"",""HIP_78265"",""HIP_78401"",""HIP_78820"",""HIP_80112"",""HIP_80763"",""HIP_81266"",""HIP_81377"",""HIP_82396"",""HIP_82514"",""HIP_84012"",""HIP_84970"",""HIP_85792"",""HIP_85927"",""HIP_86228"",""HIP_86263"",""HIP_86670"",""HIP_87073"",""HIP_87261"",""HIP_88635"",""HIP_89642"",""HIP_89931"",""HIP_90185"",""HIP_90422"",""HIP_90496"",""HIP_92041"",""HIP_92855"",""HIP_93506"",""HIP_93864""]",3,4,1,-13.77828165457501,63.23090232407117,-1532075.0178685377,2311409.4338291134,2570027.544465272,
49,step,sample-000049,49,2,False,2026-09-22T18:45:11.760278Z,2026-09-24T02:55:47.506908Z,0.0,-63.91891385993715,134.0926102109113,-80.09033831085767,-179.9282124501135,-50.681344270094094,35,"[""HIP_30122"",""HIP_32768"",""HIP_33579"",""HIP_33977"",""HIP_34444"",""HIP_35264"",""HIP_35904"",""HIP_36377"",""HIP_39757"",""HIP_39953"",""HIP_74395"",""HIP_75141"",""HIP_76297"",""HIP_77952"",""HIP_80112"",""HIP_80763"",""HIP_81266"",""HIP_82514"",""HIP_82729"",""HIP_83081"",""HIP_84143"",""HIP_84970"",""HIP_85258"",""HIP_85727"",""HIP_85792"",""HIP_85927"",""HIP_86228"",""HIP_86670"",""HIP_87073"",""HIP_87261"",""HIP_88635"",""HIP_89642"",""HIP_90185""]",3,4,1,-16.171424450920526,45.979177338975205,-1798180.3555581314,1579503.5239765262,2267129.200996489,
49,step,sample-000049,49,3,False,2026-09-22T18:45:11.761565Z,2026-09-24T03:14:05.855600Z,0.0,-63.918719640894835,134.0934714003239,-79.48267600186617,-179.99999797182554,-50.16744291880526,38,"[""HIP_30122"",""HIP_33579"",""HIP_33856"",""HIP_33977"",""HIP_34444"",""HIP_35264"",""HIP_35904"",""HIP_36377"",""HIP_38170"",""HIP_39429"",""HIP_39757"",""HIP_39953"",""HIP_74395"",""HIP_75141"",""HIP_76297"",""HIP_78820"",""HIP_80112"",""HIP_80763"",""HIP_81266"",""HIP_82396"",""HIP_82514"",""HIP_82729"",""HIP_83081"",""HIP_84143"",""HIP_84970"",""HIP_85258"",""HIP_85792"",""HIP_85927"",""HIP_86228"",""HIP_86670"",""HIP_86929"",""HIP_87073"",""HIP_87261"",""HIP_88635"",""HIP_89642"",""HIP_89931"",""HIP_90185""]",3,4,1,-15.563956360971332,45.90653062785054,-1730632.9858573205,1602738.482982695,2238208.25099902,
49,step,sample-000049,49,4,False,2026-09-22T18:45:11.764091Z,2026-09-24T02:58:19.376537Z,0.0,-63.920945954998174,134.0910276092784,-80.5517296690302,-179.99999990083407,-52.80765046562658,37,"[""HIP_30122"",""HIP_33579"",""HIP_33977"",""HIP_34444"",""HIP_35264"",""HIP_35904"",""HIP_36377"",""HIP_38170"",""HIP_39757"",""HIP_73334"",""HIP_75141"",""HIP_76297"",""HIP_78265"",""HIP_78384"",""HIP_78401"",""HIP_78820"",""HIP_80112"",""HIP_80763"",""HIP_81266"",""HIP_82396"",""HIP_82514"",""HIP_82729"",""HIP_83081"",""HIP_84143"",""HIP_84970"",""HIP_85258"",""HIP_85792"",""HIP_85927"",""HIP_86228"",""HIP_86670"",""HIP_86929"",""HIP_87073"",""HIP_87261"",""HIP_88635"",""HIP_89642"",""HIP_90185""]",3,4,1,-16.63078371403202,45.90897248988756,-1849258.7751233126,1557444.2008025758,2287775.1094602197,
49,step,sample-000049,49,5,False,2026-09-22T18:45:11.765293Z,2026-09-24T03:59:26.752157Z,0.0,-63.920609027873816,134.08711311355177,-77.26272586571491,-179.99999886524722,-49.09638653560996,41,"[""HIP_30438"",""HIP_32607"",""HIP_33579"",""HIP_35264"",""HIP_35904"",""HIP_36377"",""HIP_38170"",""HIP_38827"",""HIP_39429"",""HIP_39757"",""HIP_39953"",""HIP_41037"",""HIP_42913"",""HIP_44816"",""HIP_75177"",""HIP_76297"",""HIP_78384"",""HIP_78401"",""HIP_78820"",""HIP_80112"",""HIP_81266"",""HIP_82396"",""HIP_82514"",""HIP_82729"",""HIP_84012"",""HIP_84143"",""HIP_84970"",""HIP_85792"",""HIP_85927"",""HIP_86228"",""HIP_86670"",""HIP_87073"",""HIP_87261"",""HIP_88635"",""HIP_89642"",""HIP_89931"",""HIP_90185"",""HIP_90496"",""HIP_92041"",""HIP_93506""]",3,4,1,-13.342116837841097,45.91288802120101,-1483575.7030668727,1696475.9453453396,2151478.605238791,
49,summary,sample-000049,49,,,2026-09-22T18:45:11.766907Z,,,-63.91964252574116,134.09030550537983,-79.34686746186723,-179.9820522970051,-50.68813818249736,38,"[""HIP_30122"",""HIP_30438"",""HIP_32607"",""HIP_32768"",""HIP_33579"",""HIP_33856"",""HIP_33977"",""HIP_34444"",""HIP_35264"",""HIP_35904"",""HIP_36377"",""HIP_38170"",""HIP_38827"",""HIP_39429"",""HIP_39757"",""HIP_39953"",""HIP_41037"",""HIP_42913"",""HIP_44816"",""HIP_73334"",""HIP_74395"",""HIP_75141"",""HIP_75177"",""HIP_76297"",""HIP_77952"",""HIP_78265"",""HIP_78384"",""HIP_78401"",""HIP_78820"",""HIP_80112"",""HIP_80763"",""HIP_81266"",""HIP_82396"",""HIP_82514"",""HIP_82729"",""HIP_83081"",""HIP_84012"",""HIP_84143"",""HIP_84970"",""HIP_85258"",""HIP_85727"",""HIP_85792"",""HIP_85927"",""HIP_86228"",""HIP_86670"",""HIP_86929"",""HIP_87073"",""HIP_87261"",""HIP_88635"",""HIP_89642"",""HIP_89931"",""HIP_90185"",""HIP_90496"",""HIP_92041"",""HIP_93506""]",3,4,1,-15.427224936126073,45.92764219761506,-1715429.145101646,1609181.7958464536,2232549.49526696,1664087.2826321684
50,step,sample-000050,50,1,True,2026-09-22T18:45:56.516863Z,2026-09-24T04:11:57.283685Z,0.0,19.674358469279053,130.9595977238988,21.26825032849569,-179.99999998959257,38.782221639282476,17,"[""HIP_56343"",""HIP_59316"",""HIP_59803"",""HIP_60965"",""HIP_61359"",""HIP_64962"",""HIP_65109"",""HIP_65474"",""HIP_68895"",""HIP_68933"",""HIP_80816"",""HIP_81693"",""HIP_84345"",""HIP_84379"",""HIP_84380"",""HIP_86032"",""HIP_86974""]",3,4,1,1.5938918592166367,49.04040228650865,177232.68836495324,5108670.398268669,5091161.729919339,
50,step,sample-000050,50,2,False,2026-09-22T18:45:56.518459Z,2026-09-24T04:45:46.159463Z,0.0,19.674962570556005,130.9585100669625,29.08224520291408,-179.99999999923082,31.75038188601628,32,"[""HIP_47508"",""HIP_47908"",""HIP_49669"",""HIP_50583"",""HIP_54872"",""HIP_54879"",""HIP_55219"",""HIP_61359"",""HIP_64962"",""HIP_65109"",""HIP_67464"",""HIP_68895"",""HIP_68933"",""HIP_71352"",""HIP_72607"",""HIP_72622"",""HIP_75097"",""HIP_75458"",""HIP_78265"",""HIP_78401"",""HIP_78820"",""HIP_79593"",""HIP_79882"",""HIP_80112"",""HIP_80331"",""HIP_80763"",""HIP_81266"",""HIP_81377"",""HIP_83895"",""HIP_84012"",""HIP_85670"",""HIP_87833""]",3,4,1,9.407282632358076,49.0414899338067,1046042.1022296876,4966949.047314861,5040021.5068087205,
50,step,sample-000050,50,3,False,2026-09-22T18:45:56.519558Z,2026-09-24T03:53:48.080374Z,0.0,19.674254710566334,130.9595680302628,30.312477838333916,-179.99999999914704,45.53871927525365,16,"[""HIP_64962"",""HIP_65109"",""HIP_65936"",""HIP_67464"",""HIP_68245"",""HIP_68895"",""HIP_68933"",""HIP_72010"",""HIP_72622"",""HIP_75695"",""HIP_76267"",""HIP_80816"",""HIP_81693"",""HIP_83000"",""HIP_84345"",""HIP_84379""]",3,4,1,10.638223127767581,49.040431970590134,1182916.4403205644,4942405.962027566,5042515.453087348,
50,step,sample-000050,50,4,False,2026-09-22T18:45:56.520654Z,2026-09-24T05:38:42.417314Z,0.0,19.67645013609149,130.95809477745803,30.312477838333916,-179.999999982,45.53871927525365,0,[],4,4,1,10.636027702242426,49.04190524054195,1182672.320140341,4942510.297917311,5042559.113750859,
50,step,sample-000050,50,5,False,2026-09-22T18:45:56.521739Z,2026-09-24T05:13:18.873559Z,0.0,19.67429362448361,130.95894602831584,25.49482278030896,-179.99999999999997,51.36427010338337,20,"[""HIP_68895"",""HIP_68933"",""HIP_71352"",""HIP_72622"",""HIP_73273"",""HIP_73334"",""HIP_75141"",""HIP_76297"",""HIP_77516"",""HIP_78265"",""HIP_78820"",""HIP_79593"",""HIP_79882"",""HIP_80112"",""HIP_80763"",""HIP_81266"",""HIP_81377"",""HIP_84012"",""HIP_86263"",""HIP_88048""]",3,4,1,5.820529155825351,49.041053971684164,647213.3125145154,5034937.379293332,5049093.390977507,
50,summary,sample-000050,50,,,2026-09-22T18:45:56.522813Z,,,19.67591846413589,130.9594168712918,28.800505914972717,-179.99999999509447,43.562680348721926,17,"[""HIP_47508"",""HIP_47908"",""HIP_49669"",""HIP_50583"",""HIP_54872"",""HIP_54879"",""HIP_55219"",""HIP_61359"",""HIP_64962"",""HIP_65109"",""HIP_65936"",""HIP_67464"",""HIP_68245"",""HIP_68895"",""HIP_68933"",""HIP_71352"",""HIP_72010"",""HIP_72607"",""HIP_72622"",""HIP_73273"",""HIP_73334"",""HIP_75097"",""HIP_75141"",""HIP_75458"",""HIP_75695"",""HIP_76267"",""HIP_76297"",""HIP_77516"",""HIP_78265"",""HIP_78401"",""HIP_78820"",""HIP_79593"",""HIP_79882"",""HIP_80112"",""HIP_80331"",""HIP_80763"",""HIP_80816"",""HIP_81266"",""HIP_81377"",""HIP_81693"",""HIP_83000"",""HIP_83895"",""HIP_84012"",""HIP_84345"",""HIP_84379"",""HIP_85670"",""HIP_86263"",""HIP_87833"",""HIP_88048""]",3,4,1,9.124587450836827,49.04058313361372,1014607.8322576623,4972357.4936796585,5039715.598537226,1731599.8489502696
