run_index,record_type,sample_id,sample_index,repetition_index,is_outlier,timestamp_utc,request_timestamp_utc,request_yaw_degrees,ground_truth_latitude,ground_truth_longitude,estimated_latitude,estimated_longitude,estimated_heading_degrees,identified_objects_used,identified_star_ids,cluster_id,inlier_count,outlier_count,latitude_error_degrees,longitude_error_degrees,latitude_error_meters,longitude_error_meters,error_distance_meters,cumulative_mean_error_meters
1,step,sample-000001,1,1,True,2026-09-22T15:06:43.610935Z,2026-09-22T15:04:09.330617Z,0.0,-57.50493660542311,69.04905023530236,-56.33132062972435,150.78578370440349,-41.449074315426614,16,"[""HIP_41037"",""HIP_45238"",""HIP_45556"",""HIP_46701"",""HIP_48002"",""HIP_48774"",""HIP_50371"",""HIP_51232"",""HIP_51576"",""HIP_52419"",""HIP_53253"",""HIP_54463"",""HIP_56561"",""HIP_59747"",""HIP_62322""]",3,3,2,1.173615975698759,81.73673346910113,130500.14232670573,4960953.118859167,4654765.688923412,
1,step,sample-000001,1,2,True,2026-09-22T15:06:43.612524Z,2026-09-22T15:10:18.654738Z,0.0,-57.50507558917324,69.04876357367169,-60.95976888223579,130.35552973812736,-30.286961761559954,17,"[""HIP_41037"",""HIP_45238"",""HIP_45556"",""HIP_46701"",""HIP_48002"",""HIP_50371"",""HIP_51232"",""HIP_51576"",""HIP_52419"",""HIP_53253"",""HIP_56561"",""HIP_59747"",""HIP_61084"",""HIP_61585"",""HIP_62322"",""HIP_68702""]",3,3,2,-3.4546932930625545,61.30676616445567,-384144.3673015398,3487282.8537182794,3379143.375487348,
1,step,sample-000001,1,3,False,2026-09-22T15:06:43.613933Z,2026-09-22T15:02:57.299015Z,0.0,-57.50646288532905,69.05113972630386,-61.2625023376211,86.5991875760734,-6.813347392945988,26,"[""HIP_41037"",""HIP_45238"",""HIP_45556"",""HIP_46701"",""HIP_48002"",""HIP_48774"",""HIP_50371"",""HIP_51232"",""HIP_51576"",""HIP_52419"",""HIP_53253"",""HIP_54463"",""HIP_56561"",""HIP_59747"",""HIP_60009"",""HIP_61084"",""HIP_61585"",""HIP_62322"",""HIP_62434"",""HIP_66657"",""HIP_68702"",""HIP_71860"",""HIP_71908"",""HIP_74395"",""HIP_74946""]",2,3,2,-3.7560394522920504,17.548047849769546,-417652.5313716831,993723.8732418773,1073700.2111412727,
1,step,sample-000001,1,4,False,2026-09-22T15:06:43.615091Z,2026-09-22T15:08:56.023376Z,0.0,-57.50646085853678,69.05221523093655,-60.72293222202386,84.22113391951491,-5.482558095520604,25,"[""HIP_41037"",""HIP_45238"",""HIP_45556"",""HIP_46701"",""HIP_48002"",""HIP_48774"",""HIP_50371"",""HIP_51232"",""HIP_51576"",""HIP_52419"",""HIP_53253"",""HIP_56561"",""HIP_59747"",""HIP_61084"",""HIP_61585"",""HIP_62322"",""HIP_62434"",""HIP_68702"",""HIP_71683"",""HIP_71860"",""HIP_71908"",""HIP_74395"",""HIP_74946"",""HIP_77952""]",2,3,2,-3.2164713634870807,15.168918688578344,-357655.2973172698,865822.2560551551,934075.7065730687,
1,step,sample-000001,1,5,False,2026-09-22T15:06:43.616202Z,2026-09-22T15:09:56.632103Z,0.0,-57.50756915857035,69.05016108722003,-60.796917929534104,82.94540827768895,-4.921967661897708,27,"[""HIP_41037"",""HIP_45238"",""HIP_45556"",""HIP_46701"",""HIP_48002"",""HIP_50371"",""HIP_51232"",""HIP_51576"",""HIP_52419"",""HIP_53253"",""HIP_54463"",""HIP_56561"",""HIP_59747"",""HIP_60009"",""HIP_61084"",""HIP_61585"",""HIP_62322"",""HIP_62434"",""HIP_66657"",""HIP_68702"",""HIP_71352"",""HIP_71683"",""HIP_71860"",""HIP_71908"",""HIP_74395"",""HIP_74946""]",2,3,2,-3.2893487709637554,13.895247190468922,-365758.8952956842,792253.622530606,870378.614267805,
1,summary,sample-000001,1,,,2026-09-22T15:06:43.617394Z,,,-57.50586089104784,69.0503923913501,-60.927450829726354,84.58857659109242,-5.739279607189647,26,"[""HIP_41037"",""HIP_45238"",""HIP_45556"",""HIP_46701"",""HIP_48002"",""HIP_48774"",""HIP_50371"",""HIP_51232"",""HIP_51576"",""HIP_52419"",""HIP_53253"",""HIP_54463"",""HIP_56561"",""HIP_59747"",""HIP_60009"",""HIP_61084"",""HIP_61585"",""HIP_62322"",""HIP_62434"",""HIP_66657"",""HIP_68702"",""HIP_71352"",""HIP_71683"",""HIP_71860"",""HIP_71908"",""HIP_74395"",""HIP_74946"",""HIP_77952""]",2,3,2,-3.4215899386785154,15.538184199742318,-380463.44223911775,884259.4340361275,959655.8002806362,959655.8002806362
2,step,sample-000002,2,1,False,2026-09-22T15:08:07.977886Z,2026-09-22T15:07:59.903760Z,0.0,-2.2076918221479787,178.82614844967753,-1.1883308188565724,176.81342744341185,2.510861014369067,25,"[""HIP_10064"",""HIP_14328"",""HIP_14576"",""HIP_15863"",""HIP_17358"",""HIP_17702"",""HIP_18246"",""HIP_18532"",""HIP_23015"",""HIP_23416"",""HIP_23453"",""HIP_23767"",""HIP_24608"",""HIP_25428"",""HIP_26207"",""HIP_26451"",""HIP_27989"",""HIP_28360"",""HIP_29655"",""HIP_30343"",""HIP_31681"",""HIP_32246"",""HIP_32362"",""HIP_9640""]",2,5,0,1.0193610032914062,-2.0127210062656786,113347.77198531172,-223706.08973476576,250780.38984473923,
2,step,sample-000002,2,2,False,2026-09-22T15:08:07.979448Z,2026-09-22T15:10:10.217656Z,0.0,-2.207657446330931,178.82708521623556,-1.7133756920648946,177.6316243845735,1.6153259926062513,30,"[""HIP_10064"",""HIP_14328"",""HIP_14354"",""HIP_14576"",""HIP_15863"",""HIP_17358"",""HIP_17702"",""HIP_18246"",""HIP_18532"",""HIP_21421"",""HIP_23015"",""HIP_23416"",""HIP_23767"",""HIP_24608"",""HIP_25428"",""HIP_26207"",""HIP_26451"",""HIP_27989"",""HIP_28360"",""HIP_29655"",""HIP_30343"",""HIP_31681"",""HIP_32246"",""HIP_32362"",""HIP_36188"",""HIP_5447"",""HIP_8796"",""HIP_9640""]",2,5,0,0.4942817542660365,-1.1954608316620465,54961.62340735574,-132851.36799459005,143771.19124031265,
2,step,sample-000002,2,3,False,2026-09-22T15:08:07.980566Z,2026-09-22T15:18:43.336524Z,0.0,-2.208001869426181,178.8267994875871,-1.8247399577172052,178.33941286527707,1.085322998139359,26,"[""HIP_17358"",""HIP_23015"",""HIP_23416"",""HIP_23453"",""HIP_23685"",""HIP_23767"",""HIP_23875"",""HIP_24305"",""HIP_24436"",""HIP_24608"",""HIP_25281"",""HIP_25428"",""HIP_25606"",""HIP_25985"",""HIP_26451"",""HIP_26634"",""HIP_27288"",""HIP_27989"",""HIP_28360"",""HIP_28380"",""HIP_29655"",""HIP_30324"",""HIP_30343"",""HIP_32246"",""HIP_32362""]",2,5,0,0.38326191170897594,-0.4873866223100265,42616.780158132926,-54161.36300785729,68917.57535758328,
2,step,sample-000002,2,4,False,2026-09-22T15:08:07.981808Z,2026-09-22T15:17:04.390722Z,0.0,-2.2093105592075983,178.826856265549,-2.131984751452237,178.51652617018445,0.6147787688514729,34,"[""HIP_10064"",""HIP_14328"",""HIP_14354"",""HIP_14576"",""HIP_15863"",""HIP_17358"",""HIP_17702"",""HIP_18246"",""HIP_18532"",""HIP_23015"",""HIP_23416"",""HIP_23453"",""HIP_23685"",""HIP_23767"",""HIP_23875"",""HIP_24305"",""HIP_24436"",""HIP_24608"",""HIP_25281"",""HIP_25606"",""HIP_25985"",""HIP_26241"",""HIP_26451"",""HIP_26634"",""HIP_27366"",""HIP_28360"",""HIP_28380"",""HIP_30324"",""HIP_30343"",""HIP_33579"",""HIP_33977"",""HIP_34444"",""HIP_9640""]",2,5,0,0.07732580775536135,-0.3103300953645487,8598.237521088657,-34482.37163726996,35538.197151473825,
2,step,sample-000002,2,5,False,2026-09-22T15:08:07.985269Z,2026-09-22T15:08:00.426528Z,0.0,-2.2061809511830726,178.82732576167848,-1.3785871156709726,177.19248828714356,2.116158934154475,25,"[""HIP_10064"",""HIP_14328"",""HIP_14576"",""HIP_15863"",""HIP_17358"",""HIP_17702"",""HIP_18246"",""HIP_18532"",""HIP_23015"",""HIP_23416"",""HIP_23453"",""HIP_23767"",""HIP_24608"",""HIP_25428"",""HIP_26207"",""HIP_26451"",""HIP_27989"",""HIP_28360"",""HIP_29655"",""HIP_30343"",""HIP_31681"",""HIP_32246"",""HIP_32362"",""HIP_9640""]",2,5,0,0.8275938355121,-1.634837474534919,92024.23583125697,-181696.6902127969,203670.24657543632,
2,summary,sample-000002,2,,,2026-09-22T15:08:07.986847Z,,,-2.2078203320739656,178.82747856607585,-1.6474036671523762,177.69869583011808,1.5884907490949391,28,"[""HIP_10064"",""HIP_14328"",""HIP_14354"",""HIP_14576"",""HIP_15863"",""HIP_17358"",""HIP_17702"",""HIP_18246"",""HIP_18532"",""HIP_21421"",""HIP_23015"",""HIP_23416"",""HIP_23453"",""HIP_23685"",""HIP_23767"",""HIP_23875"",""HIP_24305"",""HIP_24436"",""HIP_24608"",""HIP_25281"",""HIP_25428"",""HIP_25606"",""HIP_25985"",""HIP_26207"",""HIP_26241"",""HIP_26451"",""HIP_26634"",""HIP_27288"",""HIP_27366"",""HIP_27989"",""HIP_28360"",""HIP_28380"",""HIP_29655"",""HIP_30324"",""HIP_30343"",""HIP_31681"",""HIP_32246"",""HIP_32362"",""HIP_33579"",""HIP_33977"",""HIP_34444"",""HIP_36188"",""HIP_5447"",""HIP_8796"",""HIP_9640""]",2,5,0,0.5604166649215894,-1.1287827359577705,62315.48994634439,-125443.88736020788,140068.7784738257,549862.2893772309
3,step,sample-000003,3,1,False,2026-09-22T15:09:10.438376Z,2026-09-22T15:24:44.608141Z,0.0,24.720516818142634,-13.359275484652386,24.679106646381015,-13.26782546991157,0.13620222410632524,25,"[""HIP_68933"",""HIP_72622"",""HIP_73714"",""HIP_74785"",""HIP_75177"",""HIP_78265"",""HIP_78401"",""HIP_78820"",""HIP_80112"",""HIP_80763"",""HIP_81266"",""HIP_81377"",""HIP_81693"",""HIP_81833"",""HIP_84012"",""HIP_84345"",""HIP_84380"",""HIP_85670"",""HIP_86974"",""HIP_87833"",""HIP_91262"",""HIP_92420"",""HIP_93194"",""HIP_95947"",""HIP_97165""]",1,4,1,-0.0414101717616191,0.09145001474081482,-4604.601011371813,9238.43164076481,10322.352465312813,
3,step,sample-000003,3,2,True,2026-09-22T15:09:10.439520Z,2026-09-22T15:23:03.221069Z,0.0,24.720373012858797,-13.359204902146985,24.07608747772256,-13.592595219627439,-0.9096836374254985,18,"[""HIP_72622"",""HIP_73714"",""HIP_74785"",""HIP_77516"",""HIP_78265"",""HIP_78401"",""HIP_78820"",""HIP_79593"",""HIP_79882"",""HIP_80112"",""HIP_80763"",""HIP_81266"",""HIP_81377"",""HIP_84012"",""HIP_84970"",""HIP_86263"",""HIP_88048""]",2,4,1,-0.6442855351362375,-0.23339031748045613,-71641.2828176242,-23634.22887623715,75438.98546328646,
3,step,sample-000003,3,3,False,2026-09-22T15:09:10.440752Z,2026-09-22T15:17:57.167041Z,0.0,24.721640162244004,-13.361430049488604,24.65999965093728,-13.294104510737037,0.10622617718180467,39,"[""HIP_64962"",""HIP_65109"",""HIP_65474"",""HIP_68895"",""HIP_68933"",""HIP_72622"",""HIP_73714"",""HIP_74785"",""HIP_75177"",""HIP_77516"",""HIP_78265"",""HIP_78401"",""HIP_78820"",""HIP_79593"",""HIP_79882"",""HIP_80112"",""HIP_80170"",""HIP_80763"",""HIP_80816"",""HIP_81266"",""HIP_81377"",""HIP_81693"",""HIP_81833"",""HIP_83000"",""HIP_84012"",""HIP_84345"",""HIP_84379"",""HIP_84380"",""HIP_86032"",""HIP_86263"",""HIP_86742"",""HIP_86974"",""HIP_87833"",""HIP_88048"",""HIP_88771"",""HIP_89962"",""HIP_91262"",""HIP_92420"",""HIP_93194""]",1,4,1,-0.061640511306723766,0.067325538751561,-6854.1121330842425,6801.828055085552,9656.278258368658,
3,step,sample-000003,3,4,False,2026-09-22T15:09:10.441920Z,2026-09-22T15:21:51.592136Z,0.0,24.721343381927838,-13.361048599778456,24.664039380475337,-13.289733957477265,0.14699681658496944,15,"[""HIP_72622"",""HIP_74785"",""HIP_77516"",""HIP_78265"",""HIP_78401"",""HIP_78820"",""HIP_79593"",""HIP_79882"",""HIP_80112"",""HIP_80763"",""HIP_81266"",""HIP_81377"",""HIP_84012"",""HIP_84970"",""HIP_86263""]",1,4,1,-0.057304001452500586,0.07131464230118922,-6371.91423795049,7204.734772483059,9618.185169610559,
3,step,sample-000003,3,5,False,2026-09-22T15:09:10.442999Z,2026-09-22T15:13:38.261678Z,0.0,24.721413840853252,-13.359322789438465,24.64559507951576,-13.309116129889864,0.11780983083921609,16,"[""HIP_72622"",""HIP_73714"",""HIP_74785"",""HIP_77516"",""HIP_78265"",""HIP_78401"",""HIP_78820"",""HIP_79593"",""HIP_79882"",""HIP_80112"",""HIP_80763"",""HIP_81266"",""HIP_81377"",""HIP_84012"",""HIP_86263"",""HIP_88048""]",1,4,1,-0.07581876133749077,0.050206659548592825,-8430.661605203592,5072.623482530801,9839.083172509332,
3,summary,sample-000003,3,,,2026-09-22T15:09:10.444128Z,,,24.721279722251797,-13.360679739233404,24.66218518932735,-13.290195017003953,0.1268087621830512,24,"[""HIP_64962"",""HIP_65109"",""HIP_65474"",""HIP_68895"",""HIP_68933"",""HIP_72622"",""HIP_73714"",""HIP_74785"",""HIP_75177"",""HIP_77516"",""HIP_78265"",""HIP_78401"",""HIP_78820"",""HIP_79593"",""HIP_79882"",""HIP_80112"",""HIP_80170"",""HIP_80763"",""HIP_80816"",""HIP_81266"",""HIP_81377"",""HIP_81693"",""HIP_81833"",""HIP_83000"",""HIP_84012"",""HIP_84345"",""HIP_84379"",""HIP_84380"",""HIP_84970"",""HIP_85670"",""HIP_86032"",""HIP_86263"",""HIP_86742"",""HIP_86974"",""HIP_87833"",""HIP_88048"",""HIP_88771"",""HIP_89962"",""HIP_91262"",""HIP_92420"",""HIP_93194"",""HIP_95947"",""HIP_97165""]",1,4,1,-0.05909453292444766,0.07048472222945179,-6571.01225362842,7120.944879951862,9689.481387507318,369804.68671398977
4,step,sample-000004,4,1,False,2026-09-22T15:10:51.706639Z,2026-09-22T15:15:24.964539Z,0.0,80.3389389317711,15.444100248859229,80.35119833742141,15.455128823237022,0.061268537349794545,30,"[""HIP_100453"",""HIP_10064"",""HIP_102488"",""HIP_104732"",""HIP_104887"",""HIP_105199"",""HIP_106481"",""HIP_109492"",""HIP_110991"",""HIP_111169"",""HIP_14328"",""HIP_14354"",""HIP_14576"",""HIP_15863"",""HIP_17358"",""HIP_18532"",""HIP_23416"",""HIP_23453"",""HIP_23767"",""HIP_24608"",""HIP_28360"",""HIP_28380"",""HIP_5447"",""HIP_6686"",""HIP_95947"",""HIP_9640"",""HIP_97165"",""HIP_98110"",""HIP_99675""]",2,5,0,0.012259405650311805,0.01102857437780358,1363.1837119923102,205.67125908462356,1378.6117954078697,
4,step,sample-000004,4,2,False,2026-09-22T15:10:51.708230Z,2026-09-22T15:27:35.069074Z,0.0,80.34051278886183,15.438504005405889,80.38885954805706,15.557990023817142,0.2075537116177214,35,"[""HIP_100453"",""HIP_102488"",""HIP_104060"",""HIP_104732"",""HIP_104887"",""HIP_106481"",""HIP_110991"",""HIP_111169"",""HIP_14328"",""HIP_14576"",""HIP_15863"",""HIP_17358"",""HIP_18532"",""HIP_23416"",""HIP_23453"",""HIP_23767"",""HIP_24608"",""HIP_28360"",""HIP_28380"",""HIP_3179"",""HIP_4427"",""HIP_6686"",""HIP_746"",""HIP_87833"",""HIP_8886"",""HIP_91262"",""HIP_93194"",""HIP_94779"",""HIP_95947"",""HIP_9640"",""HIP_97165"",""HIP_98110"",""HIP_98337"",""HIP_99675""]",1,5,0,0.04834675919522624,0.1194860184112656,5375.914342215327,2223.8032127919,5817.707724429174,
4,step,sample-000004,4,3,False,2026-09-22T15:10:51.711142Z,2026-09-22T15:25:18.856047Z,0.0,80.34129278207016,15.431782958301795,80.40743447917082,15.800129720450842,0.43990257010518224,34,"[""HIP_100453"",""HIP_10064"",""HIP_102098"",""HIP_102488"",""HIP_104060"",""HIP_104732"",""HIP_104887"",""HIP_106481"",""HIP_109492"",""HIP_111169"",""HIP_14328"",""HIP_14354"",""HIP_14576"",""HIP_15863"",""HIP_17358"",""HIP_18532"",""HIP_23416"",""HIP_23453"",""HIP_23767"",""HIP_24608"",""HIP_28360"",""HIP_28380"",""HIP_4427"",""HIP_5447"",""HIP_6686"",""HIP_91262"",""HIP_93194"",""HIP_95947"",""HIP_9640"",""HIP_97165"",""HIP_98110"",""HIP_98337"",""HIP_99675""]",1,5,0,0.06614169710066164,0.36834676214905926,7354.621157254695,6848.631903887174,10049.552518332042,
4,step,sample-000004,4,4,False,2026-09-22T15:10:51.712489Z,2026-09-22T15:24:43.799634Z,0.0,80.33924699304151,15.439938629037073,80.39683273125398,15.731290940944094,0.400316336285219,32,"[""HIP_102098"",""HIP_102422"",""HIP_102488"",""HIP_104732"",""HIP_104887"",""HIP_105199"",""HIP_106481"",""HIP_109492"",""HIP_110991"",""HIP_111169"",""HIP_14328"",""HIP_14576"",""HIP_15863"",""HIP_17358"",""HIP_18532"",""HIP_23416"",""HIP_23453"",""HIP_23767"",""HIP_24608"",""HIP_28360"",""HIP_28380"",""HIP_4427"",""HIP_91262"",""HIP_93194"",""HIP_95853"",""HIP_95947"",""HIP_9640"",""HIP_97165"",""HIP_98110"",""HIP_98337"",""HIP_99675""]",1,5,0,0.05758573821246671,0.29135231190701916,6403.241936307999,5420.607626476792,8389.527560467435,
4,step,sample-000004,4,5,False,2026-09-22T15:10:51.713774Z,2026-09-22T15:19:39.075763Z,0.0,80.33983788840004,15.448037486527653,80.40417967381136,15.76458219136257,0.4165757731791887,32,"[""HIP_100453"",""HIP_102098"",""HIP_102488"",""HIP_104732"",""HIP_104887"",""HIP_105199"",""HIP_106481"",""HIP_107259"",""HIP_109492"",""HIP_110991"",""HIP_111169"",""HIP_14328"",""HIP_14354"",""HIP_14576"",""HIP_15863"",""HIP_17358"",""HIP_18532"",""HIP_23416"",""HIP_23453"",""HIP_23767"",""HIP_24608"",""HIP_28360"",""HIP_28380"",""HIP_6686"",""HIP_94779"",""HIP_95853"",""HIP_95947"",""HIP_9640"",""HIP_97165"",""HIP_98337"",""HIP_99675""]",1,5,0,0.0643417854113153,0.3165447048349108,7154.480108991144,5886.908068035038,9265.085171925013,
4,summary,sample-000004,4,,,2026-09-22T15:10:51.715151Z,,,80.34017378698671,15.438971112064252,80.38970095394292,15.661824339962351,0.3051234947035251,33,"[""HIP_100453"",""HIP_10064"",""HIP_102098"",""HIP_102422"",""HIP_102488"",""HIP_104060"",""HIP_104732"",""HIP_104887"",""HIP_105199"",""HIP_106481"",""HIP_107259"",""HIP_109492"",""HIP_110991"",""HIP_111169"",""HIP_14328"",""HIP_14354"",""HIP_14576"",""HIP_15863"",""HIP_17358"",""HIP_18532"",""HIP_23416"",""HIP_23453"",""HIP_23767"",""HIP_24608"",""HIP_28360"",""HIP_28380"",""HIP_3179"",""HIP_4427"",""HIP_5447"",""HIP_6686"",""HIP_746"",""HIP_87833"",""HIP_8886"",""HIP_91262"",""HIP_93194"",""HIP_94779"",""HIP_95853"",""HIP_95947"",""HIP_9640"",""HIP_97165"",""HIP_98110"",""HIP_98337"",""HIP_99675""]",1,5,0,0.04952716695621007,0.22285322789809925,5507.169696608592,4147.505561698786,6894.243019232749,279077.0757903005
5,step,sample-000005,5,1,False,2026-09-22T15:12:00.611294Z,2026-09-22T15:20:52.133374Z,0.0,27.122568629827054,137.90500033646083,27.18783516478367,137.92004886891112,0.09166869981973223,27,"[""HIP_100453"",""HIP_101076"",""HIP_102488"",""HIP_104732"",""HIP_104887"",""HIP_105199"",""HIP_106481"",""HIP_107533"",""HIP_109492"",""HIP_110991"",""HIP_111169"",""HIP_17358"",""HIP_17702"",""HIP_18246"",""HIP_18532"",""HIP_20889"",""HIP_23015"",""HIP_23416"",""HIP_23453"",""HIP_23767"",""HIP_24608"",""HIP_25428"",""HIP_28360"",""HIP_97165"",""HIP_98110"",""HIP_98337"",""HIP_99675""]",1,5,0,0.06526653495661705,0.015048532450293806,7257.307566845561,1488.8761949129769,7408.459017367468,
5,step,sample-000005,5,2,False,2026-09-22T15:12:00.613153Z,2026-09-22T15:34:01.747253Z,0.0,27.121335560562773,137.90642391607406,27.17169820307332,137.92204443971087,0.09979618981720245,32,"[""HIP_100453"",""HIP_101076"",""HIP_102098"",""HIP_102422"",""HIP_102488"",""HIP_104732"",""HIP_104887"",""HIP_106481"",""HIP_109492"",""HIP_110991"",""HIP_14328"",""HIP_14354"",""HIP_14576"",""HIP_14668"",""HIP_15863"",""HIP_17358"",""HIP_17702"",""HIP_18246"",""HIP_18532"",""HIP_21421"",""HIP_23015"",""HIP_23416"",""HIP_23453"",""HIP_23767"",""HIP_24608"",""HIP_25428"",""HIP_26451"",""HIP_28360"",""HIP_28380"",""HIP_97165"",""HIP_98110"",""HIP_99675""]",1,5,0,0.050362642510545896,0.015620523636812322,5600.0703395862865,1545.5881764500184,5809.443204068231,
5,step,sample-000005,5,3,False,2026-09-22T15:12:00.614408Z,2026-09-22T15:21:38.248358Z,0.0,27.12317400888514,137.90660146647463,27.166147775695762,137.9323048862205,0.09185330576057266,29,"[""HIP_100453"",""HIP_102098"",""HIP_102488"",""HIP_104732"",""HIP_104887"",""HIP_106481"",""HIP_107533"",""HIP_109492"",""HIP_109857"",""HIP_110991"",""HIP_111169"",""HIP_14328"",""HIP_14354"",""HIP_15863"",""HIP_17358"",""HIP_17702"",""HIP_18246"",""HIP_18532"",""HIP_23015"",""HIP_23416"",""HIP_23453"",""HIP_23767"",""HIP_24608"",""HIP_25428"",""HIP_28360"",""HIP_97165"",""HIP_98110"",""HIP_98337"",""HIP_99675""]",1,5,0,0.04297376681062204,0.02570341974586654,4778.464848147491,2543.292555638379,5413.137977513933,
5,step,sample-000005,5,4,False,2026-09-22T15:12:00.615535Z,2026-09-22T15:20:05.354822Z,0.0,27.123524082170654,137.90617013846014,27.169180235378175,137.92203334995216,0.08787900158569822,42,"[""HIP_100453"",""HIP_101076"",""HIP_101769"",""HIP_102488"",""HIP_104060"",""HIP_104732"",""HIP_104887"",""HIP_105199"",""HIP_106481"",""HIP_109492"",""HIP_109857"",""HIP_110991"",""HIP_111169"",""HIP_112724"",""HIP_116727"",""HIP_13209"",""HIP_14328"",""HIP_14354"",""HIP_14576"",""HIP_15863"",""HIP_17358"",""HIP_17702"",""HIP_18246"",""HIP_18532"",""HIP_20894"",""HIP_21421"",""HIP_23015"",""HIP_23416"",""HIP_23453"",""HIP_23767"",""HIP_24608"",""HIP_25428"",""HIP_2599"",""HIP_2920"",""HIP_6686"",""HIP_746"",""HIP_7607"",""HIP_8886"",""HIP_97165"",""HIP_98110"",""HIP_98337"",""HIP_99675""]",1,5,0,0.04565615320752059,0.01586321149201808,5076.732606782987,1569.6034803597665,5313.837484330229,
5,step,sample-000005,5,5,False,2026-09-22T15:12:00.616719Z,2026-09-22T15:35:47.996577Z,0.0,27.121384758166833,137.90692977567272,27.175485389812863,137.92414685998847,0.0955418585472767,31,"[""HIP_100453"",""HIP_101769"",""HIP_101958"",""HIP_102098"",""HIP_102488"",""HIP_104060"",""HIP_104732"",""HIP_104887"",""HIP_105199"",""HIP_106481"",""HIP_109492"",""HIP_111169"",""HIP_14354"",""HIP_17358"",""HIP_17702"",""HIP_18246"",""HIP_18532"",""HIP_20894"",""HIP_21421"",""HIP_23015"",""HIP_23416"",""HIP_23453"",""HIP_23767"",""HIP_24608"",""HIP_25428"",""HIP_26451"",""HIP_28360"",""HIP_28380"",""HIP_97165"",""HIP_98110"",""HIP_99675""]",1,5,0,0.05410063164602974,0.01721708431574598,6015.715767304569,1703.532208772478,6252.268211542728,
5,summary,sample-000005,5,,,2026-09-22T15:12:00.617971Z,,,27.122860537841703,137.90689637229906,27.17406935374876,137.92411568095662,0.09334781110500935,32,"[""HIP_100453"",""HIP_101076"",""HIP_101769"",""HIP_101958"",""HIP_102098"",""HIP_102422"",""HIP_102488"",""HIP_104060"",""HIP_104732"",""HIP_104887"",""HIP_105199"",""HIP_106481"",""HIP_107533"",""HIP_109492"",""HIP_109857"",""HIP_110991"",""HIP_111169"",""HIP_112724"",""HIP_116727"",""HIP_13209"",""HIP_14328"",""HIP_14354"",""HIP_14576"",""HIP_14668"",""HIP_15863"",""HIP_17358"",""HIP_17702"",""HIP_18246"",""HIP_18532"",""HIP_20889"",""HIP_20894"",""HIP_21421"",""HIP_23015"",""HIP_23416"",""HIP_23453"",""HIP_23767"",""HIP_24608"",""HIP_25428"",""HIP_2599"",""HIP_26451"",""HIP_28360"",""HIP_28380"",""HIP_2920"",""HIP_6686"",""HIP_746"",""HIP_7607"",""HIP_8886"",""HIP_97165"",""HIP_98110"",""HIP_98337"",""HIP_99675""]",1,5,0,0.051208815907056504,0.01721930865755894,5694.160528339861,1703.7518391979331,5943.587645678266,224450.37816137605
6,step,sample-000006,6,1,False,2026-09-22T15:12:59.029829Z,2026-09-22T15:37:28.686146Z,0.0,2.9803260954844677,-28.09934492814284,2.862190862434355,-28.06790590065652,0.10905636664568492,18,"[""HIP_59196"",""HIP_59747"",""HIP_61084"",""HIP_61932"",""HIP_62434"",""HIP_64962"",""HIP_65109"",""HIP_66657"",""HIP_68002"",""HIP_68702"",""HIP_68933"",""HIP_71352"",""HIP_71860"",""HIP_73273"",""HIP_74395"",""HIP_76297"",""HIP_82514"",""HIP_84143""]",1,5,0,-0.11813523305011264,0.03143902748632854,-13136.038573145124,3491.317543735488,13592.086051579403,
6,step,sample-000006,6,2,False,2026-09-22T15:12:59.032604Z,2026-09-22T15:36:38.222039Z,0.0,2.9817138087590505,-28.09927930904516,2.8773576596963113,-28.112455638801272,0.03690019845464902,27,"[""HIP_59196"",""HIP_59747"",""HIP_61084"",""HIP_61359"",""HIP_61932"",""HIP_62434"",""HIP_64962"",""HIP_65109"",""HIP_66657"",""HIP_68002"",""HIP_68702"",""HIP_68895"",""HIP_68933"",""HIP_71352"",""HIP_71683"",""HIP_71860"",""HIP_73273"",""HIP_74395"",""HIP_75264"",""HIP_78401"",""HIP_78820"",""HIP_80112"",""HIP_80763"",""HIP_82396"",""HIP_82514"",""HIP_84012"",""HIP_84970""]",1,5,0,-0.10435614906273916,-0.013176329756106497,-11603.874339939917,-1463.2262923981277,11695.765485137224,
6,step,sample-000006,6,3,False,2026-09-22T15:12:59.033838Z,2026-09-22T15:27:36.366933Z,0.0,2.980907905076257,-28.098265065499504,2.856553878538245,-28.112253207549855,0.034692769422838166,26,"[""HIP_59196"",""HIP_59747"",""HIP_61084"",""HIP_61932"",""HIP_62434"",""HIP_65109"",""HIP_66657"",""HIP_68002"",""HIP_68702"",""HIP_68933"",""HIP_71352"",""HIP_71683"",""HIP_71860"",""HIP_73273"",""HIP_73714"",""HIP_74395"",""HIP_75264"",""HIP_76297"",""HIP_78401"",""HIP_78820"",""HIP_80112"",""HIP_80763"",""HIP_82396"",""HIP_82514"",""HIP_84012"",""HIP_84970""]",1,5,0,-0.12435402653801164,-0.013988142050351371,-13827.536858849715,-1553.3926950711339,13914.517724064297,
6,step,sample-000006,6,4,False,2026-09-22T15:12:59.035150Z,2026-09-22T15:45:36.502639Z,0.0,2.9815825738955817,-28.09970396083264,2.8851245431277164,-28.095955553253418,0.06926669806617972,25,"[""HIP_59196"",""HIP_61084"",""HIP_61932"",""HIP_62434"",""HIP_65109"",""HIP_66657"",""HIP_68002"",""HIP_68702"",""HIP_68933"",""HIP_71352"",""HIP_71860"",""HIP_73273"",""HIP_73714"",""HIP_74395"",""HIP_75264"",""HIP_78401"",""HIP_78820"",""HIP_79593"",""HIP_79882"",""HIP_80112"",""HIP_81377"",""HIP_82396"",""HIP_82514"",""HIP_84012"",""HIP_84970""]",1,5,0,-0.0964580307678653,0.003748407579223567,-10725.643655511372,416.25778278912793,10733.718010340008,
6,step,sample-000006,6,5,False,2026-09-22T15:12:59.036373Z,2026-09-22T15:40:13.225478Z,0.0,2.982416180427379,-28.099211905489966,2.835902432988993,-28.071952767071203,0.11908436984849079,8,"[""HIP_59196"",""HIP_59747"",""HIP_61084"",""HIP_61932"",""HIP_62434"",""HIP_66657"",""HIP_68002"",""HIP_68702""]",1,5,0,-0.14651374743838597,0.02725913841877059,-16291.585398830734,3027.171615333304,16570.441085361934,
6,summary,sample-000006,6,,,2026-09-22T15:12:59.038019Z,,,2.981720214980529,-28.099460387028415,2.863425875357124,-28.09210461346646,0.07380008021807698,21,"[""HIP_59196"",""HIP_59747"",""HIP_61084"",""HIP_61359"",""HIP_61932"",""HIP_62434"",""HIP_64962"",""HIP_65109"",""HIP_66657"",""HIP_68002"",""HIP_68702"",""HIP_68895"",""HIP_68933"",""HIP_71352"",""HIP_71683"",""HIP_71860"",""HIP_73273"",""HIP_73714"",""HIP_74395"",""HIP_75264"",""HIP_76297"",""HIP_78401"",""HIP_78820"",""HIP_79593"",""HIP_79882"",""HIP_80112"",""HIP_80763"",""HIP_81377"",""HIP_82396"",""HIP_82514"",""HIP_84012"",""HIP_84143"",""HIP_84970""]",1,5,0,-0.11829433962340508,0.007355773561954493,-13153.730416891045,816.8608657255903,13179.069971561577,189238.49346307365
7,step,sample-000007,7,1,False,2026-09-22T15:13:58.542579Z,2026-09-22T15:54:16.930355Z,0.0,-9.3868958944105,142.74577043562704,-63.603532473384604,-179.95623483417015,293.19059184701837,20,"[""HIP_21421"",""HIP_22449"",""HIP_23685"",""HIP_23875"",""HIP_24305"",""HIP_24436"",""HIP_24674"",""HIP_25281"",""HIP_25336"",""HIP_25606"",""HIP_25930"",""HIP_25985"",""HIP_26241"",""HIP_26311"",""HIP_26634"",""HIP_26727"",""HIP_27072"",""HIP_27288"",""HIP_27366"",""HIP_27628""]",3,4,1,-54.216636578974104,37.297994730202845,-6028614.927313725,3334080.020054206,6708266.3695526,
7,step,sample-000007,7,2,False,2026-09-22T15:13:58.543951Z,2026-09-22T15:40:30.948829Z,0.0,-9.385555135209165,142.74638026581,-63.603532473384604,-179.95623483417015,293.19059184701837,0,[],4,4,1,-54.21797733817544,37.29738490001989,-6028764.012934766,3334054.3671548613,6708387.365534549,
7,step,sample-000007,7,3,False,2026-09-22T15:13:58.545073Z,2026-09-22T15:48:13.067642Z,0.0,-9.386930518992429,142.74747718977153,-61.555105574998514,-179.99999999923565,296.20532512458556,20,"[""HIP_20894"",""HIP_21421"",""HIP_22449"",""HIP_23685"",""HIP_23875"",""HIP_24305"",""HIP_24436"",""HIP_24674"",""HIP_25281"",""HIP_25336"",""HIP_25606"",""HIP_25930"",""HIP_25985"",""HIP_26241"",""HIP_26311"",""HIP_26634"",""HIP_26727"",""HIP_27072"",""HIP_27288"",""HIP_27366""]",3,4,1,-52.168175056006085,37.25252281099279,-5800836.398533096,3373520.1392472936,6542428.34067963,
7,step,sample-000007,7,4,True,2026-09-22T15:13:58.546202Z,2026-09-22T15:53:50.727040Z,0.0,-9.386077725618238,142.74769919503763,-41.11107453924011,-179.99999999999997,312.8427241727722,28,"[""HIP_20894"",""HIP_22449"",""HIP_23685"",""HIP_23875"",""HIP_24305"",""HIP_24436"",""HIP_24674"",""HIP_25281"",""HIP_25336"",""HIP_25606"",""HIP_25930"",""HIP_25985"",""HIP_26241"",""HIP_26311"",""HIP_26634"",""HIP_26727"",""HIP_27072"",""HIP_27288"",""HIP_27366"",""HIP_27628"",""HIP_3092"",""HIP_5447"",""HIP_677"",""HIP_7607"",""HIP_8796"",""HIP_9640"",""HIP_9884""]",3,4,1,-31.72499681362187,37.252300804962374,-3527658.6934895436,3746538.481083141,5077096.188685862,
7,step,sample-000007,7,5,False,2026-09-22T15:13:58.547337Z,2026-09-22T15:48:27.498673Z,0.0,-9.386006615615436,142.747174025694,-65.55393953908688,-179.99995673970548,293.22256737655295,18,"[""HIP_22449"",""HIP_23685"",""HIP_23875"",""HIP_24305"",""HIP_24436"",""HIP_24674"",""HIP_25281"",""HIP_25336"",""HIP_25606"",""HIP_25930"",""HIP_25985"",""HIP_26241"",""HIP_26311"",""HIP_26634"",""HIP_26727"",""HIP_27072"",""HIP_27288"",""HIP_27366""]",3,4,1,-56.16793292347145,37.25286923460055,-6245589.181201903,3287652.478910468,6865295.7831484,
7,summary,sample-000007,7,,,2026-09-22T15:13:58.548488Z,,,-9.38538704107941,142.74674044742,-63.57902751521365,-179.9781066018204,-66.04785998881371,14,"[""HIP_20894"",""HIP_21421"",""HIP_22449"",""HIP_23685"",""HIP_23875"",""HIP_24305"",""HIP_24436"",""HIP_24674"",""HIP_25281"",""HIP_25336"",""HIP_25606"",""HIP_25930"",""HIP_25985"",""HIP_26241"",""HIP_26311"",""HIP_26634"",""HIP_26727"",""HIP_27072"",""HIP_27288"",""HIP_27366"",""HIP_27628""]",3,4,1,-54.19364047413424,37.275152950759605,-6026057.877122946,3332597.721441452,6705671.174433083,1120157.4478873608
8,step,sample-000008,8,1,True,2026-09-22T15:14:53.611053Z,2026-09-22T15:48:16.795710Z,0.0,-39.85474052170932,-27.543026081822347,-89.99999999999977,-179.9999919360072,133.61821465990405,35,"[""HIP_39953"",""HIP_41037"",""HIP_42913"",""HIP_45238"",""HIP_45556"",""HIP_45941"",""HIP_46701"",""HIP_48002"",""HIP_48774"",""HIP_50371"",""HIP_51576"",""HIP_52419"",""HIP_52727"",""HIP_56561"",""HIP_60718"",""HIP_61585"",""HIP_68702"",""HIP_80763"",""HIP_82396"",""HIP_83081"",""HIP_84012"",""HIP_84143"",""HIP_85258"",""HIP_85927"",""HIP_86670"",""HIP_87073"",""HIP_87261"",""HIP_88635"",""HIP_89642"",""HIP_89931"",""HIP_90185"",""HIP_90496"",""HIP_92041"",""HIP_92855"",""HIP_93506""]",3,3,2,-50.145259478290455,-152.45696585418486,-5575898.449260871,-7183881.445086169,5575898.449260918,
8,step,sample-000008,8,2,False,2026-09-22T15:14:53.612297Z,2026-09-22T16:03:12.582948Z,0.0,-39.85423030187159,-27.545564724014696,-89.99999999999999,-178.0370880658981,127.92591217503313,36,"[""HIP_39953"",""HIP_41037"",""HIP_42913"",""HIP_44816"",""HIP_45238"",""HIP_45556"",""HIP_45941"",""HIP_48774"",""HIP_50371"",""HIP_51576"",""HIP_52419"",""HIP_52727"",""HIP_56561"",""HIP_61585"",""HIP_80763"",""HIP_81266"",""HIP_82514"",""HIP_84012"",""HIP_84143"",""HIP_85258"",""HIP_85792"",""HIP_85927"",""HIP_86228"",""HIP_86670"",""HIP_87073"",""HIP_87261"",""HIP_88635"",""HIP_89341"",""HIP_89642"",""HIP_89931"",""HIP_90185"",""HIP_90496"",""HIP_92855"",""HIP_93085"",""HIP_93506"",""HIP_94141""]",3,3,2,-50.1457696981284,-150.4915233418834,-5575955.183118324,-7091335.872899198,5575955.183118327,
8,step,sample-000008,8,3,False,2026-09-22T15:14:53.613449Z,2026-09-22T15:49:25.532924Z,0.0,-39.85503487952543,-27.546031575265488,-89.99999999999999,-177.95480257912538,126.60505740195832,39,"[""HIP_39953"",""HIP_41037"",""HIP_42913"",""HIP_44816"",""HIP_45238"",""HIP_45556"",""HIP_45941"",""HIP_46701"",""HIP_48002"",""HIP_48774"",""HIP_50371"",""HIP_51576"",""HIP_52419"",""HIP_52727"",""HIP_56561"",""HIP_57363"",""HIP_71683"",""HIP_78265"",""HIP_80112"",""HIP_80763"",""HIP_81266"",""HIP_82514"",""HIP_82729"",""HIP_83081"",""HIP_84143"",""HIP_85258"",""HIP_85792"",""HIP_85927"",""HIP_86228"",""HIP_86670"",""HIP_87073"",""HIP_87261"",""HIP_88635"",""HIP_89642"",""HIP_89931"",""HIP_90185"",""HIP_90496"",""HIP_92041"",""HIP_92855""]",3,3,2,-50.14496512047456,-150.4087710038599,-5575865.718165125,-7087330.12302857,5575865.718165128,
8,step,sample-000008,8,4,False,2026-09-22T15:14:53.614549Z,2026-09-22T15:46:56.901975Z,0.0,-39.85569046141557,-27.543337888374538,-89.99999999999999,-177.6046054444645,126.89158623080958,43,"[""HIP_39953"",""HIP_41037"",""HIP_42913"",""HIP_44816"",""HIP_45238"",""HIP_45556"",""HIP_45941"",""HIP_46701"",""HIP_48002"",""HIP_48774"",""HIP_50371"",""HIP_51576"",""HIP_52419"",""HIP_52727"",""HIP_56561"",""HIP_57363"",""HIP_62322"",""HIP_63613"",""HIP_68702"",""HIP_71683"",""HIP_74946"",""HIP_77952"",""HIP_81266"",""HIP_82273"",""HIP_82514"",""HIP_83081"",""HIP_84012"",""HIP_84143"",""HIP_85258"",""HIP_85927"",""HIP_86228"",""HIP_86670"",""HIP_87073"",""HIP_87261"",""HIP_88635"",""HIP_89642"",""HIP_89931"",""HIP_90185"",""HIP_90496"",""HIP_92041"",""HIP_92855"",""HIP_93506""]",3,3,2,-50.144309538584416,-150.06126755608997,-5575792.820784941,-7070869.135097411,5575792.820784945,
8,step,sample-000008,8,5,True,2026-09-22T15:14:53.615767Z,2026-09-22T15:58:17.902261Z,0.0,-39.856314698835114,-27.543867459175402,-89.99999999999999,-175.93565273000002,123.54104618344842,41,"[""HIP_39953"",""HIP_41037"",""HIP_42913"",""HIP_44816"",""HIP_45556"",""HIP_45941"",""HIP_48002"",""HIP_48774"",""HIP_50371"",""HIP_51576"",""HIP_52419"",""HIP_52727"",""HIP_60718"",""HIP_61585"",""HIP_71683"",""HIP_77952"",""HIP_80112"",""HIP_80763"",""HIP_82396"",""HIP_83081"",""HIP_84012"",""HIP_85258"",""HIP_85792"",""HIP_85927"",""HIP_86228"",""HIP_86263"",""HIP_86670"",""HIP_87073"",""HIP_87261"",""HIP_88635"",""HIP_89341"",""HIP_89642"",""HIP_89931"",""HIP_90185"",""HIP_90496"",""HIP_92041"",""HIP_92855"",""HIP_93085"",""HIP_93506"",""HIP_93864"",""HIP_94141""]",3,3,2,-50.14368530116487,-148.3917852708246,-5575723.408750867,-6992121.911187132,5575723.408750869,
8,summary,sample-000008,8,,,2026-09-22T15:14:53.617416Z,,,-39.85490913327307,-27.545306374460665,-89.99999999999999,-177.86549869649605,127.14084661260546,39,"[""HIP_39953"",""HIP_41037"",""HIP_42913"",""HIP_44816"",""HIP_45238"",""HIP_45556"",""HIP_45941"",""HIP_46701"",""HIP_48002"",""HIP_48774"",""HIP_50371"",""HIP_51576"",""HIP_52419"",""HIP_52727"",""HIP_56561"",""HIP_57363"",""HIP_61585"",""HIP_62322"",""HIP_63613"",""HIP_68702"",""HIP_71683"",""HIP_74946"",""HIP_77952"",""HIP_78265"",""HIP_80112"",""HIP_80763"",""HIP_81266"",""HIP_82273"",""HIP_82514"",""HIP_82729"",""HIP_83081"",""HIP_84012"",""HIP_84143"",""HIP_85258"",""HIP_85792"",""HIP_85927"",""HIP_86228"",""HIP_86670"",""HIP_87073"",""HIP_87261"",""HIP_88635"",""HIP_89341"",""HIP_89642"",""HIP_89931"",""HIP_90185"",""HIP_90496"",""HIP_92041"",""HIP_92855"",""HIP_93085"",""HIP_93506"",""HIP_94141""]",3,3,2,-50.14509086672692,-150.32019232203538,-5575879.700510432,-7083172.868601843,5575879.700510435,1677122.729465245
9,step,sample-000009,9,1,True,2026-09-22T15:15:45.478670Z,2026-09-22T15:54:46.312690Z,0.0,-56.9186543375775,59.97413653336531,-89.99999999888844,-92.164967638935,177.17625302343083,13,"[""HIP_41037"",""HIP_45238"",""HIP_45556"",""HIP_46701"",""HIP_48002"",""HIP_50371"",""HIP_51576"",""HIP_52419"",""HIP_56561"",""HIP_59747"",""HIP_61585"",""HIP_62322""]",3,4,1,-33.08134566131094,-152.1391041723003,-3678477.8041127613,-4816228.2766396,3678477.804345634,
9,step,sample-000009,9,2,False,2026-09-22T15:15:45.480087Z,2026-09-22T16:06:04.948252Z,0.0,-56.91795557445201,59.979509927891996,-89.99999999805885,-89.47542973866445,177.90311255754457,27,"[""HIP_41037"",""HIP_45238"",""HIP_45556"",""HIP_46701"",""HIP_47854"",""HIP_48002"",""HIP_50371"",""HIP_51232"",""HIP_51576"",""HIP_52419"",""HIP_53253"",""HIP_54463"",""HIP_56561"",""HIP_59747"",""HIP_60260"",""HIP_60718"",""HIP_61084"",""HIP_61585"",""HIP_62322"",""HIP_68702"",""HIP_71352"",""HIP_71683"",""HIP_71908"",""HIP_74395"",""HIP_74946"",""HIP_77952""]",3,4,1,-33.082044423606845,-149.45493966655644,-3678555.5029349965,-4731353.519529178,3678555.5033367355,
9,step,sample-000009,9,3,False,2026-09-22T15:15:45.481515Z,2026-09-22T16:12:23.651731Z,0.0,-56.91723096740612,59.97881302746339,-89.99999999473926,-89.62524519778597,176.0739455182378,35,"[""HIP_41037"",""HIP_45238"",""HIP_45556"",""HIP_48002"",""HIP_50371"",""HIP_51576"",""HIP_52419"",""HIP_53253"",""HIP_54463"",""HIP_56561"",""HIP_59747"",""HIP_60718"",""HIP_61084"",""HIP_61585"",""HIP_62322"",""HIP_62434"",""HIP_68702"",""HIP_71683"",""HIP_71908"",""HIP_74946"",""HIP_77952"",""HIP_80763"",""HIP_82396"",""HIP_82514"",""HIP_85927"",""HIP_87073"",""HIP_88635"",""HIP_89642"",""HIP_89931"",""HIP_90185"",""HIP_90496"",""HIP_92041"",""HIP_93506"",""HIP_94141""]",3,4,1,-33.082769027333136,-149.60405822524936,-3678636.075193188,-4736175.06219,3678636.0762827196,
9,step,sample-000009,9,4,False,2026-09-22T15:15:45.482996Z,2026-09-22T15:54:46.511212Z,0.0,-56.91925721367819,59.97731996542808,-89.99999999604267,-89.8022838538778,174.8166399915537,13,"[""HIP_41037"",""HIP_45238"",""HIP_45556"",""HIP_46701"",""HIP_48002"",""HIP_50371"",""HIP_51576"",""HIP_52419"",""HIP_56561"",""HIP_59747"",""HIP_61585"",""HIP_62322""]",3,4,1,-33.08074278236448,-149.77960381930586,-3678410.767032534,-4741450.188475781,3678410.767852801,
9,step,sample-000009,9,5,False,2026-09-22T15:15:45.484589Z,2026-09-22T16:08:21.113484Z,0.0,-56.9189445189841,59.97917786338169,-89.99999999598138,-89.78153501759326,174.3617306577246,32,"[""HIP_41037"",""HIP_45238"",""HIP_45556"",""HIP_48002"",""HIP_50371"",""HIP_51232"",""HIP_51576"",""HIP_52419"",""HIP_53253"",""HIP_54463"",""HIP_56561"",""HIP_59747"",""HIP_60718"",""HIP_61084"",""HIP_61585"",""HIP_62322"",""HIP_62434"",""HIP_68702"",""HIP_71683"",""HIP_71908"",""HIP_74946"",""HIP_86670"",""HIP_87261"",""HIP_88635"",""HIP_89642"",""HIP_89931"",""HIP_90496"",""HIP_92041"",""HIP_92855"",""HIP_93085"",""HIP_94141""]",3,4,1,-33.081055476997285,-149.76071288097495,-3678445.537089291,-4740895.734422632,3678445.5379221896,
9,summary,sample-000009,9,,,2026-09-22T15:15:45.486293Z,,,-56.918560783683596,59.97717800956474,-89.99999999620555,-89.67112345198038,175.78878547467315,27,"[""HIP_41037"",""HIP_45238"",""HIP_45556"",""HIP_46701"",""HIP_47854"",""HIP_48002"",""HIP_50371"",""HIP_51232"",""HIP_51576"",""HIP_52419"",""HIP_53253"",""HIP_54463"",""HIP_56561"",""HIP_59747"",""HIP_60260"",""HIP_60718"",""HIP_61084"",""HIP_61585"",""HIP_62322"",""HIP_62434"",""HIP_68702"",""HIP_71352"",""HIP_71683"",""HIP_71908"",""HIP_74395"",""HIP_74946"",""HIP_77952"",""HIP_80763"",""HIP_82396"",""HIP_82514"",""HIP_85927"",""HIP_86670"",""HIP_87073"",""HIP_87261"",""HIP_88635"",""HIP_89642"",""HIP_89931"",""HIP_90185"",""HIP_90496"",""HIP_92041"",""HIP_92855"",""HIP_93085"",""HIP_93506"",""HIP_94141""]",3,4,1,-33.08143921252195,-149.64830146154512,-3678488.2065328066,-4737390.602749238,3678488.2073188266,1899496.6714489763
10,step,sample-000010,10,1,False,2026-09-22T15:16:45.767340Z,2026-09-22T16:11:52.679985Z,0.0,9.98408003915268,-173.2508298898339,-89.99999999401932,-77.78074669217862,182.61954097214317,37,"[""HIP_10064"",""HIP_14328"",""HIP_14354"",""HIP_14576"",""HIP_15863"",""HIP_17358"",""HIP_18532"",""HIP_23453"",""HIP_23767"",""HIP_24608"",""HIP_26634"",""HIP_27072"",""HIP_27288"",""HIP_29651"",""HIP_30122"",""HIP_30867"",""HIP_31592"",""HIP_32349"",""HIP_33160"",""HIP_33579"",""HIP_33856"",""HIP_33977"",""HIP_34045"",""HIP_34444"",""HIP_35264"",""HIP_35904"",""HIP_37229"",""HIP_37677"",""HIP_37819"",""HIP_38170"",""HIP_39757"",""HIP_5447"",""HIP_6686"",""HIP_8886"",""HIP_8903"",""HIP_9640"",""HIP_9884""]",3,5,0,-99.984080033172,95.4700831976553,-11117722.444912251,8131218.014703432,11117722.445640668,
10,step,sample-000010,10,2,False,2026-09-22T15:16:45.768643Z,2026-09-22T16:03:12.955342Z,0.0,9.982532056896739,-173.24974081307565,-89.99999999999999,-57.32646855940188,185.66182927732825,23,"[""HIP_10064"",""HIP_14328"",""HIP_14354"",""HIP_14576"",""HIP_15863"",""HIP_17358"",""HIP_18532"",""HIP_23416"",""HIP_32349"",""HIP_33579"",""HIP_33856"",""HIP_33977"",""HIP_34444"",""HIP_35264"",""HIP_35904"",""HIP_38170"",""HIP_39757"",""HIP_5447"",""HIP_6686"",""HIP_8886"",""HIP_8903"",""HIP_9640"",""HIP_9884""]",3,5,0,-99.98253205689673,115.92327225367376,-11117550.317803873,9873110.82682828,11117550.317803878,
10,step,sample-000010,10,3,False,2026-09-22T15:16:45.769795Z,2026-09-22T16:21:24.962411Z,0.0,9.98349765252742,-173.24993262495406,-89.99997258597001,-64.21806820321255,152.31528077241464,30,"[""HIP_10064"",""HIP_14354"",""HIP_14576"",""HIP_26634"",""HIP_27072"",""HIP_27288"",""HIP_27628"",""HIP_28103"",""HIP_31592"",""HIP_31685"",""HIP_32349"",""HIP_33160"",""HIP_33579"",""HIP_33856"",""HIP_33977"",""HIP_34045"",""HIP_34444"",""HIP_34769"",""HIP_35264"",""HIP_35904"",""HIP_36377"",""HIP_37229"",""HIP_37677"",""HIP_37819"",""HIP_38170"",""HIP_39757"",""HIP_5447"",""HIP_8903"",""HIP_9640"",""HIP_9884""]",3,5,0,-99.98347023849743,109.03186442174149,-11117654.638838144,9286241.580521094,11117658.681171594,
10,step,sample-000010,10,4,False,2026-09-22T15:16:45.770926Z,2026-09-22T16:04:35.798097Z,0.0,9.983183022356735,-173.2520083074478,-89.9999997766212,-10.958131009697105,190.68508407456204,12,"[""HIP_17358"",""HIP_18246"",""HIP_18532"",""HIP_23015"",""HIP_23416"",""HIP_23767"",""HIP_24608"",""HIP_28360"",""HIP_28380"",""HIP_29655"",""HIP_30343""]",3,5,0,-99.98318279897794,162.29387729775067,-11117622.677021857,13822531.479690595,11117622.72552241,
10,step,sample-000010,10,5,False,2026-09-22T15:16:45.771992Z,2026-09-22T16:09:16.098038Z,0.0,9.98198072688929,-173.25142520624422,-89.99999996934572,-27.018805061720823,123.39207324454739,30,"[""HIP_10064"",""HIP_14328"",""HIP_14354"",""HIP_14576"",""HIP_15863"",""HIP_17358"",""HIP_25606"",""HIP_27072"",""HIP_27288"",""HIP_27654"",""HIP_28103"",""HIP_30324"",""HIP_30867"",""HIP_31592"",""HIP_31685"",""HIP_32349"",""HIP_33579"",""HIP_33977"",""HIP_34444"",""HIP_35264"",""HIP_35904"",""HIP_37229"",""HIP_37677"",""HIP_37819"",""HIP_38170"",""HIP_39757"",""HIP_5447"",""HIP_6686"",""HIP_8886"",""HIP_9640""]",3,5,0,-99.98198069623501,146.23262014452337,-11117489.00929554,12454488.274277085,11117489.015537713,
10,summary,sample-000010,10,,,2026-09-22T15:16:45.773134Z,,,9.982918142301726,-173.25068252166264,-89.99999446519124,-47.46044390524219,167.60518888539553,26,"[""HIP_10064"",""HIP_14328"",""HIP_14354"",""HIP_14576"",""HIP_15863"",""HIP_17358"",""HIP_18246"",""HIP_18532"",""HIP_23015"",""HIP_23416"",""HIP_23453"",""HIP_23767"",""HIP_24608"",""HIP_25606"",""HIP_26634"",""HIP_27072"",""HIP_27288"",""HIP_27628"",""HIP_27654"",""HIP_28103"",""HIP_28360"",""HIP_28380"",""HIP_29651"",""HIP_29655"",""HIP_30122"",""HIP_30324"",""HIP_30343"",""HIP_30867"",""HIP_31592"",""HIP_31685"",""HIP_32349"",""HIP_33160"",""HIP_33579"",""HIP_33856"",""HIP_33977"",""HIP_34045"",""HIP_34444"",""HIP_34769"",""HIP_35264"",""HIP_35904"",""HIP_36377"",""HIP_37229"",""HIP_37677"",""HIP_37819"",""HIP_38170"",""HIP_39757"",""HIP_5447"",""HIP_6686"",""HIP_8886"",""HIP_8903"",""HIP_9640"",""HIP_9884""]",3,5,0,-99.98291260749296,125.79023861642042,-11117592.633099508,10713504.762198547,11117593.608465016,2821306.36515058
11,step,sample-000011,11,1,False,2026-09-22T15:17:43.871435Z,2026-09-22T16:22:51.075343Z,0.0,21.82566483548962,82.26942829866454,21.86361416657879,82.20575042804664,0.06308544479103013,35,"[""HIP_102422"",""HIP_105199"",""HIP_106032"",""HIP_109492"",""HIP_116584"",""HIP_116727"",""HIP_3179"",""HIP_4427"",""HIP_6686"",""HIP_746"",""HIP_86742"",""HIP_86974"",""HIP_87833"",""HIP_88192"",""HIP_88771"",""HIP_8886"",""HIP_89937"",""HIP_89962"",""HIP_91117"",""HIP_91262"",""HIP_92420"",""HIP_93085"",""HIP_93194"",""HIP_93429"",""HIP_93747"",""HIP_93805"",""HIP_94141"",""HIP_94376"",""HIP_95501"",""HIP_95947"",""HIP_97165"",""HIP_97278"",""HIP_97365"",""HIP_97804"",""HIP_98110""]",1,4,1,0.0379493310891732,-0.06367787061788022,4219.773086670686,-6572.238205546868,7810.300696995565,
11,step,sample-000011,11,2,False,2026-09-22T15:17:43.872927Z,2026-09-22T16:30:36.978516Z,0.0,21.825373538933206,82.26937016840009,21.812109495341065,82.2204619677431,0.08141402370514106,16,"[""HIP_100064"",""HIP_100345"",""HIP_88771"",""HIP_92175"",""HIP_93429"",""HIP_93747"",""HIP_93805"",""HIP_95501"",""HIP_95947"",""HIP_97278"",""HIP_97365"",""HIP_97649"",""HIP_97804"",""HIP_98036"",""HIP_98337"",""HIP_99473""]",1,4,1,-0.01326404359214095,-0.04890820065696744,-1474.8943542383424,-5048.764233335619,5259.784525775243,
11,step,sample-000011,11,3,False,2026-09-22T15:17:43.874185Z,2026-09-22T16:13:56.153541Z,0.0,21.825519945618648,82.26982963765113,21.77037892237757,82.21804866792434,0.09787144710262043,12,"[""HIP_100064"",""HIP_100345"",""HIP_88048"",""HIP_89962"",""HIP_91117"",""HIP_93429"",""HIP_93747"",""HIP_93805"",""HIP_95501"",""HIP_97649"",""HIP_98036"",""HIP_99473""]",1,4,1,-0.05514102324107739,-0.051780969726792136,-6131.402034397509,-5346.094696665283,8134.7904632171385,
11,step,sample-000011,11,4,False,2026-09-22T15:17:43.875505Z,2026-09-22T16:20:40.487986Z,0.0,21.82610583146943,82.27033115198401,21.784031482883663,82.25640589265076,0.12681465332621583,16,"[""HIP_100064"",""HIP_100345"",""HIP_91262"",""HIP_92420"",""HIP_93194"",""HIP_93747"",""HIP_93805"",""HIP_95501"",""HIP_95947"",""HIP_97278"",""HIP_97365"",""HIP_97649"",""HIP_97804"",""HIP_98036"",""HIP_98110"",""HIP_99473""]",1,4,1,-0.04207434858576775,-0.013925259333234408,-4678.4541046120385,-1437.6334678060107,4894.356204634002,
11,step,sample-000011,11,5,True,2026-09-22T15:17:43.878159Z,2026-09-22T16:12:41.885475Z,0.0,21.826146898519493,82.26812027096491,21.889793154540545,82.18797159530774,0.07506765330090794,20,"[""HIP_102422"",""HIP_105199"",""HIP_110991"",""HIP_112724"",""HIP_116584"",""HIP_116727"",""HIP_3179"",""HIP_4427"",""HIP_6686"",""HIP_746"",""HIP_84345"",""HIP_86032"",""HIP_86742"",""HIP_87108"",""HIP_88048"",""HIP_88771"",""HIP_8886"",""HIP_89962"",""HIP_91117"",""HIP_93805""]",1,4,1,0.06364625602105178,-0.08014867565717054,7077.140769461658,-8271.429921372222,10885.883631426503,
11,summary,sample-000011,11,,,2026-09-22T15:17:43.879559Z,,,21.827005168149384,82.26938523480459,21.807533516795274,82.22516673909121,0.09229639203974536,20,"[""HIP_100064"",""HIP_100345"",""HIP_102422"",""HIP_105199"",""HIP_106032"",""HIP_109492"",""HIP_116584"",""HIP_116727"",""HIP_3179"",""HIP_4427"",""HIP_6686"",""HIP_746"",""HIP_86742"",""HIP_86974"",""HIP_87833"",""HIP_88048"",""HIP_88192"",""HIP_88771"",""HIP_8886"",""HIP_89937"",""HIP_89962"",""HIP_91117"",""HIP_91262"",""HIP_92175"",""HIP_92420"",""HIP_93085"",""HIP_93194"",""HIP_93429"",""HIP_93747"",""HIP_93805"",""HIP_94141"",""HIP_94376"",""HIP_95501"",""HIP_95947"",""HIP_97165"",""HIP_97278"",""HIP_97365"",""HIP_97649"",""HIP_97804"",""HIP_98036"",""HIP_98110"",""HIP_98337"",""HIP_99473""]",1,4,1,-0.019471651354109554,-0.044218495713380435,-2165.1488439686345,-4564.69575731594,5052.159581168701,2565283.255553361
12,step,sample-000012,12,1,False,2026-09-22T15:18:45.369886Z,2026-09-22T16:33:28.688154Z,0.0,-42.8723337614641,53.29990608487839,-44.302143480877284,57.17141802957507,0.24963644853844405,22,"[""HIP_57363"",""HIP_60260"",""HIP_60718"",""HIP_61585"",""HIP_62322"",""HIP_62434"",""HIP_66657"",""HIP_68702"",""HIP_71683"",""HIP_71860"",""HIP_71908"",""HIP_74946"",""HIP_80112"",""HIP_80763"",""HIP_81266"",""HIP_82514"",""HIP_85792"",""HIP_86670"",""HIP_87073"",""HIP_87261"",""HIP_88635""]",2,4,1,-1.4298097194131856,3.8715119446966924,-158987.58686582628,311816.6603188911,349957.6160619456,
12,step,sample-000012,12,2,True,2026-09-22T15:18:45.371263Z,2026-09-22T16:31:19.113901Z,0.0,-42.87423060539426,53.30165461624824,-46.495240676915245,62.0412264822376,0.5080223059216132,24,"[""HIP_50099"",""HIP_57363"",""HIP_60260"",""HIP_60718"",""HIP_61585"",""HIP_62322"",""HIP_62434"",""HIP_66657"",""HIP_68702"",""HIP_71683"",""HIP_71860"",""HIP_71908"",""HIP_74946"",""HIP_77952"",""HIP_79664"",""HIP_80000"",""HIP_82273"",""HIP_82363"",""HIP_82729"",""HIP_83081"",""HIP_84143"",""HIP_85258"",""HIP_85792""]",2,4,1,-3.6210100715209848,8.739571865989348,-402637.94928198424,690934.2068197172,799014.4379427425,
12,step,sample-000012,12,3,False,2026-09-22T15:18:45.372455Z,2026-09-22T16:28:04.910353Z,0.0,-42.873843688904905,53.303102155213395,-43.4861204800628,55.23596364261327,0.07422366854768957,32,"[""HIP_57363"",""HIP_60009"",""HIP_60260"",""HIP_60718"",""HIP_61585"",""HIP_62322"",""HIP_62434"",""HIP_66657"",""HIP_68702"",""HIP_71683"",""HIP_71860"",""HIP_71908"",""HIP_74395"",""HIP_74946"",""HIP_77952"",""HIP_78401"",""HIP_78820"",""HIP_79593"",""HIP_79664"",""HIP_80000"",""HIP_80112"",""HIP_80763"",""HIP_81266"",""HIP_81377"",""HIP_82363"",""HIP_82396"",""HIP_82514"",""HIP_83081"",""HIP_84012"",""HIP_84970"",""HIP_86263""]",2,4,1,-0.6122767911578961,1.9328614873998617,-68082.07287896807,156724.53158710402,170867.8008730244,
12,step,sample-000012,12,4,False,2026-09-22T15:18:45.374910Z,2026-09-22T16:32:44.943371Z,0.0,-42.87283862572887,53.299594972167114,-43.67726780212401,55.43377364834347,0.32413843587910557,31,"[""HIP_57363"",""HIP_60260"",""HIP_60718"",""HIP_61585"",""HIP_62322"",""HIP_62434"",""HIP_66657"",""HIP_68702"",""HIP_71683"",""HIP_71860"",""HIP_71908"",""HIP_74946"",""HIP_77952"",""HIP_78401"",""HIP_78820"",""HIP_80112"",""HIP_80763"",""HIP_81266"",""HIP_81377"",""HIP_82273"",""HIP_82363"",""HIP_82396"",""HIP_82514"",""HIP_82729"",""HIP_83081"",""HIP_84143"",""HIP_84970"",""HIP_85258"",""HIP_87261"",""HIP_88635""]",2,4,1,-0.8044291763951392,2.1341786761763615,-89448.4432600003,172778.48383859918,194550.79531931953,
12,step,sample-000012,12,5,False,2026-09-22T15:18:45.376632Z,2026-09-22T16:34:11.819259Z,0.0,-42.87444207084934,53.30070453892699,-43.60935673304744,55.988859390246716,-0.0977359169785031,25,"[""HIP_50099"",""HIP_57363"",""HIP_60260"",""HIP_60718"",""HIP_61585"",""HIP_62322"",""HIP_62434"",""HIP_66657"",""HIP_68702"",""HIP_71860"",""HIP_71908"",""HIP_74946"",""HIP_77952"",""HIP_78401"",""HIP_78820"",""HIP_80112"",""HIP_80763"",""HIP_81266"",""HIP_81377"",""HIP_82396"",""HIP_82514"",""HIP_84012"",""HIP_84970"",""HIP_85927""]",2,4,1,-0.7349146621981006,2.688154851319723,-81718.78195312846,217745.7243751937,232561.18064200488,
12,summary,sample-000012,12,,,2026-09-22T15:18:45.378534Z,,,-42.87312850854741,53.30085762986275,-43.76872212402788,55.95750367769463,0.13756572728148012,28,"[""HIP_50099"",""HIP_57363"",""HIP_60009"",""HIP_60260"",""HIP_60718"",""HIP_61585"",""HIP_62322"",""HIP_62434"",""HIP_66657"",""HIP_68702"",""HIP_71683"",""HIP_71860"",""HIP_71908"",""HIP_74395"",""HIP_74946"",""HIP_77952"",""HIP_78401"",""HIP_78820"",""HIP_79593"",""HIP_79664"",""HIP_80000"",""HIP_80112"",""HIP_80763"",""HIP_81266"",""HIP_81377"",""HIP_82273"",""HIP_82363"",""HIP_82396"",""HIP_82514"",""HIP_82729"",""HIP_83081"",""HIP_84012"",""HIP_84143"",""HIP_84970"",""HIP_85258"",""HIP_85792"",""HIP_85927"",""HIP_86263"",""HIP_86670"",""HIP_87073"",""HIP_87261"",""HIP_88635""]",2,4,1,-0.8955936154804718,2.6566460478318845,-99585.46637668619,214914.11573981983,236850.15788502037,2371247.1640809993
13,step,sample-000013,13,1,True,2026-09-22T15:19:41.998671Z,2026-09-22T16:32:41.007580Z,0.0,70.25788953566513,174.39617916656272,70.3544055239872,176.4267487526577,2.3776395791666007,17,"[""HIP_17702"",""HIP_20894"",""HIP_21421"",""HIP_22449"",""HIP_23015"",""HIP_23767"",""HIP_25336"",""HIP_25428"",""HIP_26207"",""HIP_26451"",""HIP_27989"",""HIP_28380"",""HIP_30343"",""HIP_31681"",""HIP_32246"",""HIP_32362""]",2,4,1,0.09651598832206787,2.0305695860949697,10732.088241499425,76089.60503888264,76839.02092311952,
13,step,sample-000013,13,2,False,2026-09-22T15:19:42.000154Z,2026-09-22T16:28:54.516526Z,0.0,70.25873679923002,174.39830984146738,70.24220485094813,174.62953821674975,0.22685595333652378,25,"[""HIP_100453"",""HIP_102098"",""HIP_102422"",""HIP_102488"",""HIP_104887"",""HIP_105199"",""HIP_106481"",""HIP_109492"",""HIP_109857"",""HIP_111169"",""HIP_17702"",""HIP_20894"",""HIP_21421"",""HIP_22449"",""HIP_23015"",""HIP_25336"",""HIP_25428"",""HIP_26207"",""HIP_26451"",""HIP_27989"",""HIP_30343"",""HIP_31681"",""HIP_97165"",""HIP_99675""]",1,4,1,-0.016531948281894415,0.23122837528237028,-1838.2687764968882,8688.120560266589,8880.459869932009,
13,step,sample-000013,13,3,False,2026-09-22T15:19:42.001427Z,2026-09-22T16:27:28.604074Z,0.0,70.25843721113648,174.40077026988672,70.24839934198035,174.72333565692966,0.27121453843718857,22,"[""HIP_100453"",""HIP_102098"",""HIP_102422"",""HIP_102488"",""HIP_104887"",""HIP_105199"",""HIP_111169"",""HIP_14354"",""HIP_17702"",""HIP_18246"",""HIP_18532"",""HIP_20894"",""HIP_21421"",""HIP_22449"",""HIP_23015"",""HIP_23416"",""HIP_25336"",""HIP_25428"",""HIP_26207"",""HIP_26451"",""HIP_97165""]",1,4,1,-0.010037869156136026,0.3225653870429426,-1116.160124484224,12118.259334311977,12169.538610798296,
13,step,sample-000013,13,4,False,2026-09-22T15:19:42.002619Z,2026-09-22T16:42:40.968183Z,0.0,70.26050807055736,174.39365451596177,70.29708919933631,174.73250283330526,0.27144929160636183,19,"[""HIP_100453"",""HIP_102098"",""HIP_102422"",""HIP_104887"",""HIP_105199"",""HIP_106032"",""HIP_109492"",""HIP_112724"",""HIP_17702"",""HIP_20894"",""HIP_21421"",""HIP_22449"",""HIP_25336"",""HIP_25428"",""HIP_26207"",""HIP_89937"",""HIP_94376"",""HIP_97165""]",1,4,1,0.03658112877894837,0.33884831734349063,4067.63593115032,12714.272521173487,13349.076245632996,
13,step,sample-000013,13,5,False,2026-09-22T15:19:42.003882Z,2026-09-22T16:42:08.852694Z,0.0,70.26110416654694,174.3980164244631,70.2961965065395,174.7380137330091,0.2577498410007939,20,"[""HIP_100453"",""HIP_102098"",""HIP_102422"",""HIP_104887"",""HIP_105199"",""HIP_106032"",""HIP_109492"",""HIP_111169"",""HIP_112724"",""HIP_17702"",""HIP_20894"",""HIP_21421"",""HIP_22449"",""HIP_25336"",""HIP_26207"",""HIP_26451"",""HIP_89937"",""HIP_94376"",""HIP_97165""]",1,4,1,0.03509233999255912,0.3399973085460033,3902.090171258526,12757.477102770594,13340.876382789671,
13,summary,sample-000013,13,,,2026-09-22T15:19:42.006489Z,,,70.25940763602304,174.39769639890966,70.27097247470107,174.70584760999844,0.2568174063589455,22,"[""HIP_100453"",""HIP_102098"",""HIP_102422"",""HIP_102488"",""HIP_104887"",""HIP_105199"",""HIP_106032"",""HIP_106481"",""HIP_109492"",""HIP_109857"",""HIP_111169"",""HIP_112724"",""HIP_14354"",""HIP_17702"",""HIP_18246"",""HIP_18532"",""HIP_20894"",""HIP_21421"",""HIP_22449"",""HIP_23015"",""HIP_23416"",""HIP_25336"",""HIP_25428"",""HIP_26207"",""HIP_26451"",""HIP_27989"",""HIP_30343"",""HIP_31681"",""HIP_89937"",""HIP_94376"",""HIP_97165"",""HIP_99675""]",1,4,1,0.01156483867802649,0.3081512110887843,1285.9513884593111,11570.115882281536,11641.34681050085,2189739.0242909607
14,step,sample-000014,14,1,False,2026-09-22T15:21:10.587558Z,2026-09-22T16:44:11.191771Z,0.0,-36.531167506341326,158.7409032680024,-38.501989901457414,158.41581555889314,-1.963174301170817,35,"[""HIP_23875"",""HIP_24305"",""HIP_24436"",""HIP_25606"",""HIP_25930"",""HIP_25985"",""HIP_26241"",""HIP_26311"",""HIP_27366"",""HIP_30122"",""HIP_30324"",""HIP_31685"",""HIP_32349"",""HIP_32768"",""HIP_33977"",""HIP_34444"",""HIP_35264"",""HIP_35904"",""HIP_38170"",""HIP_39429"",""HIP_39757"",""HIP_39953"",""HIP_41037"",""HIP_42913"",""HIP_44816"",""HIP_45238"",""HIP_45556"",""HIP_45941"",""HIP_46701"",""HIP_47854"",""HIP_48002"",""HIP_50099"",""HIP_50371"",""HIP_52419""]",2,5,0,-1.9708223951160875,-0.3250877091092548,-219145.45165438688,-28671.850449895534,221012.62125801918,
14,step,sample-000014,14,2,False,2026-09-22T15:21:10.589646Z,2026-09-22T16:47:01.535759Z,0.0,-36.53239701891022,158.73892389759487,-37.926605013442305,158.5623862578204,-1.3764897773568485,37,"[""HIP_23875"",""HIP_24436"",""HIP_25336"",""HIP_25606"",""HIP_25930"",""HIP_26241"",""HIP_26311"",""HIP_26727"",""HIP_27366"",""HIP_30122"",""HIP_30324"",""HIP_32349"",""HIP_32607"",""HIP_32768"",""HIP_33977"",""HIP_34444"",""HIP_35264"",""HIP_35904"",""HIP_38170"",""HIP_39429"",""HIP_39757"",""HIP_39953"",""HIP_41037"",""HIP_42913"",""HIP_44816"",""HIP_45238"",""HIP_45556"",""HIP_45941"",""HIP_46701"",""HIP_47854"",""HIP_48002"",""HIP_48774"",""HIP_50099"",""HIP_50371"",""HIP_52419""]",2,5,0,-1.3942079945320884,-0.17653763977446602,-155028.8556792529,-15629.840944856624,155814.64955416642,
14,step,sample-000014,14,3,False,2026-09-22T15:21:10.591205Z,2026-09-22T16:33:16.388923Z,0.0,-36.532140569060374,158.73963568242277,-38.61450180835281,158.25054011400275,-1.7608793314628823,41,"[""HIP_23875"",""HIP_24305"",""HIP_24436"",""HIP_25336"",""HIP_25606"",""HIP_25930"",""HIP_25985"",""HIP_26241"",""HIP_26311"",""HIP_26634"",""HIP_26727"",""HIP_27072"",""HIP_27366"",""HIP_27628"",""HIP_27989"",""HIP_30122"",""HIP_30438"",""HIP_32607"",""HIP_32768"",""HIP_33579"",""HIP_33856"",""HIP_33977"",""HIP_34444"",""HIP_35264"",""HIP_35904"",""HIP_37229"",""HIP_38170"",""HIP_39429"",""HIP_39757"",""HIP_39953"",""HIP_41037"",""HIP_42913"",""HIP_44816"",""HIP_45556"",""HIP_45941"",""HIP_46701"",""HIP_47854"",""HIP_48002"",""HIP_50099""]",2,5,0,-2.082361239292439,-0.48909556842002644,-231548.00525059516,-43104.075650646875,235524.66570136277,
14,step,sample-000014,14,4,False,2026-09-22T15:21:10.592341Z,2026-09-22T16:33:33.136713Z,0.0,-36.533288138649,158.74270763214133,-38.641413257153594,158.15072709801217,-1.6035699415572082,37,"[""HIP_23875"",""HIP_24436"",""HIP_25336"",""HIP_25930"",""HIP_25985"",""HIP_26241"",""HIP_26311"",""HIP_26727"",""HIP_27072"",""HIP_27366"",""HIP_27989"",""HIP_30122"",""HIP_30438"",""HIP_32768"",""HIP_33579"",""HIP_33856"",""HIP_33977"",""HIP_34444"",""HIP_35264"",""HIP_35904"",""HIP_37229"",""HIP_38170"",""HIP_39429"",""HIP_39757"",""HIP_39953"",""HIP_41037"",""HIP_42913"",""HIP_44816"",""HIP_45238"",""HIP_45556"",""HIP_45941"",""HIP_46701"",""HIP_47854"",""HIP_48002"",""HIP_50099""]",2,5,0,-2.1081251185045957,-0.5919805341291635,-234412.81790967024,-52161.51522041266,240144.3966188608,
14,step,sample-000014,14,5,False,2026-09-22T15:21:10.593407Z,2026-09-22T16:45:54.648448Z,0.0,-36.532185580888765,158.73919650110724,-38.29325757037417,158.7651878525404,-1.8967407832650403,34,"[""HIP_23875"",""HIP_24305"",""HIP_24436"",""HIP_25336"",""HIP_25930"",""HIP_25985"",""HIP_26241"",""HIP_26311"",""HIP_26727"",""HIP_27366"",""HIP_27989"",""HIP_30122"",""HIP_30324"",""HIP_32349"",""HIP_32768"",""HIP_33977"",""HIP_34444"",""HIP_35264"",""HIP_35904"",""HIP_38170"",""HIP_39429"",""HIP_39757"",""HIP_39953"",""HIP_41037"",""HIP_42913"",""HIP_44816"",""HIP_45556"",""HIP_45941"",""HIP_46701"",""HIP_48002"",""HIP_50099"",""HIP_50371"",""HIP_52419""]",2,5,0,-1.7610719894854086,0.02599135143316289,-195822.27068661712,2295.552982049813,195835.7222705034,
14,summary,sample-000014,14,,,2026-09-22T15:21:10.594643Z,,,-36.53275032106095,158.74088447134727,-38.39555351015606,158.4289313762538,-1.720171052967714,37,"[""HIP_23875"",""HIP_24305"",""HIP_24436"",""HIP_25336"",""HIP_25606"",""HIP_25930"",""HIP_25985"",""HIP_26241"",""HIP_26311"",""HIP_26634"",""HIP_26727"",""HIP_27072"",""HIP_27366"",""HIP_27628"",""HIP_27989"",""HIP_30122"",""HIP_30324"",""HIP_30438"",""HIP_31685"",""HIP_32349"",""HIP_32607"",""HIP_32768"",""HIP_33579"",""HIP_33856"",""HIP_33977"",""HIP_34444"",""HIP_35264"",""HIP_35904"",""HIP_37229"",""HIP_38170"",""HIP_39429"",""HIP_39757"",""HIP_39953"",""HIP_41037"",""HIP_42913"",""HIP_44816"",""HIP_45238"",""HIP_45556"",""HIP_45941"",""HIP_46701"",""HIP_47854"",""HIP_48002"",""HIP_48774"",""HIP_50099"",""HIP_50371"",""HIP_52419""]",2,5,0,-1.8628031890951107,-0.3119530950934859,-207134.2639646809,-27532.73103270603,208955.66387631555,2048254.4985470574
15,step,sample-000015,15,1,True,2026-09-22T15:21:56.969491Z,2026-09-22T16:52:45.025053Z,0.0,11.73888660398079,101.43070785455956,-38.29325757037417,158.7651878525404,-1.8967407832650403,0,[],4,4,1,-50.03214417435496,57.33447999798085,-5563320.601337387,6204893.98270768,8141853.059163255,
15,step,sample-000015,15,2,False,2026-09-22T15:21:56.971287Z,2026-09-22T16:41:25.035967Z,0.0,11.73841917242738,101.43226876851804,11.741960445418151,101.3305827820636,0.10857516224544239,17,"[""HIP_100453"",""HIP_102098"",""HIP_102488"",""HIP_104732"",""HIP_104887"",""HIP_105199"",""HIP_109492"",""HIP_111169"",""HIP_113726"",""HIP_93747"",""HIP_95501"",""HIP_95947"",""HIP_97278"",""HIP_97365"",""HIP_97649"",""HIP_98036"",""HIP_98337""]",1,4,1,0.00354127299077156,-0.10168598645444149,393.77159043720076,-11070.42776264432,11077.428651879478,
15,step,sample-000015,15,3,False,2026-09-22T15:21:56.972578Z,2026-09-22T16:51:33.351144Z,0.0,11.737289594803986,101.43038950363882,11.796340380551973,101.38705926294935,0.07272043552861095,14,"[""HIP_100453"",""HIP_102098"",""HIP_102422"",""HIP_102488"",""HIP_104732"",""HIP_104887"",""HIP_105199"",""HIP_106481"",""HIP_109492"",""HIP_111169"",""HIP_95947"",""HIP_97165"",""HIP_98110"",""HIP_98337""]",1,4,1,0.05905078574798672,-0.04333024068947111,6566.147789550938,-4716.853711473251,8084.738923417446,
15,step,sample-000015,15,4,False,2026-09-22T15:21:56.973980Z,2026-09-22T16:56:29.164554Z,0.0,11.737629813909649,101.43283609975873,11.796340380551973,101.38705926294935,0.07272043552861095,0,[],1,4,1,0.05871056664232377,-0.04577683680938094,6528.3171510536695,-4983.182775549981,8212.857778428437,
15,step,sample-000015,15,5,False,2026-09-22T15:21:56.975126Z,2026-09-22T16:56:36.216098Z,0.0,11.73778202945038,101.43225575575389,11.79409544315635,101.4161750322945,0.07115438760045721,10,"[""HIP_102098"",""HIP_102488"",""HIP_104732"",""HIP_104887"",""HIP_105199"",""HIP_106481"",""HIP_109492"",""HIP_111169"",""HIP_113726"",""HIP_97165""]",1,4,1,0.056313413705970206,-0.01608072345936762,6261.765906140045,-1750.5248195163583,6501.849669703111,
15,summary,sample-000015,15,,,2026-09-22T15:21:56.976302Z,,,11.737844112133331,101.43149412248926,11.782184162419611,101.3802190850642,0.08129260499724625,10,"[""HIP_100453"",""HIP_102098"",""HIP_102422"",""HIP_102488"",""HIP_104732"",""HIP_104887"",""HIP_105199"",""HIP_106481"",""HIP_109492"",""HIP_111169"",""HIP_113726"",""HIP_93747"",""HIP_95501"",""HIP_95947"",""HIP_97165"",""HIP_97278"",""HIP_97365"",""HIP_97649"",""HIP_98036"",""HIP_98110"",""HIP_98337""]",1,4,1,0.044340050286280075,-0.051275037425057235,4930.388638998958,-5581.848266714352,7447.533844210972,1912200.700900201
16,step,sample-000016,16,1,False,2026-09-22T15:23:10.829598Z,2026-09-22T16:47:35.247287Z,0.0,81.37781987274708,-55.92099906402049,81.37375268245648,-55.198746089473964,0.7685829745303302,17,"[""HIP_100453"",""HIP_102422"",""HIP_102488"",""HIP_104732"",""HIP_104887"",""HIP_105199"",""HIP_109492"",""HIP_111169"",""HIP_87833"",""HIP_91262"",""HIP_92420"",""HIP_93194"",""HIP_95947"",""HIP_97165"",""HIP_98110"",""HIP_99675""]",1,5,0,-0.0040671902905984325,0.7222529745465351,-452.2509260125542,12042.87043422404,12051.28100638277,
16,step,sample-000016,16,2,False,2026-09-22T15:23:10.832768Z,2026-09-22T16:53:03.842127Z,0.0,81.3771288628621,-55.915858292783824,81.43857812665213,-55.52319596693055,0.47088834630773524,29,"[""HIP_10064"",""HIP_102098"",""HIP_102422"",""HIP_102488"",""HIP_104732"",""HIP_104887"",""HIP_105199"",""HIP_109492"",""HIP_111169"",""HIP_14328"",""HIP_14354"",""HIP_14576"",""HIP_15863"",""HIP_3179"",""HIP_4427"",""HIP_5447"",""HIP_6686"",""HIP_746"",""HIP_7607"",""HIP_87833"",""HIP_91262"",""HIP_92420"",""HIP_93194"",""HIP_95947"",""HIP_9640"",""HIP_97165"",""HIP_98110"",""HIP_99675""]",1,5,0,0.061449263790038344,0.39266232585328,6832.846379495453,6523.1034152514685,9446.58483003128,
16,step,sample-000016,16,3,False,2026-09-22T15:23:10.834765Z,2026-09-22T16:52:58.756804Z,0.0,81.37754371839347,-55.90210742228109,81.42003189966516,-55.46259693140327,0.5003358612079831,27,"[""HIP_10064"",""HIP_102098"",""HIP_102422"",""HIP_102488"",""HIP_104887"",""HIP_105199"",""HIP_109492"",""HIP_110991"",""HIP_111169"",""HIP_14328"",""HIP_3179"",""HIP_4427"",""HIP_5447"",""HIP_6686"",""HIP_746"",""HIP_7607"",""HIP_87833"",""HIP_8886"",""HIP_91262"",""HIP_92420"",""HIP_93194"",""HIP_95947"",""HIP_9640"",""HIP_97165"",""HIP_98110"",""HIP_99675""]",1,5,0,0.04248818127169329,0.439510490877808,4724.47019976665,7309.014462151694,8702.972568333038,
16,step,sample-000016,16,4,False,2026-09-22T15:23:10.836050Z,2026-09-22T16:51:43.822389Z,0.0,81.37896745169986,-55.9127784511241,81.36876027456769,-55.12902706771738,0.8544281507969814,17,"[""HIP_100453"",""HIP_102098"",""HIP_102422"",""HIP_102488"",""HIP_104732"",""HIP_104887"",""HIP_109492"",""HIP_111169"",""HIP_87833"",""HIP_91262"",""HIP_92420"",""HIP_93194"",""HIP_95947"",""HIP_97165"",""HIP_98110"",""HIP_99675""]",1,5,0,-0.010207177132173229,0.7837513834067238,-1134.9863124600197,13071.187975724886,13120.270022303153,
16,step,sample-000016,16,5,False,2026-09-22T15:23:10.842239Z,2026-09-22T16:49:34.791943Z,0.0,81.37793556929184,-55.900215518867725,81.36090768105483,-55.003762224477434,0.9719745282560902,10,"[""HIP_102098"",""HIP_102488"",""HIP_91262"",""HIP_92420"",""HIP_93194"",""HIP_95947"",""HIP_97165"",""HIP_98110"",""HIP_99675""]",1,5,0,-0.017027888237009847,0.8964532943902839,-1893.4147834260543,14958.440128352693,15077.641484902837,
16,summary,sample-000016,16,,,2026-09-22T15:23:10.844117Z,,,81.37745558773778,-55.91099877535886,81.39240613287926,-55.26346565600052,0.7132420085861684,20,"[""HIP_100453"",""HIP_10064"",""HIP_102098"",""HIP_102422"",""HIP_102488"",""HIP_104732"",""HIP_104887"",""HIP_105199"",""HIP_109492"",""HIP_110991"",""HIP_111169"",""HIP_14328"",""HIP_14354"",""HIP_14576"",""HIP_15863"",""HIP_3179"",""HIP_4427"",""HIP_5447"",""HIP_6686"",""HIP_746"",""HIP_7607"",""HIP_87833"",""HIP_8886"",""HIP_91262"",""HIP_92420"",""HIP_93194"",""HIP_95947"",""HIP_9640"",""HIP_97165"",""HIP_98110"",""HIP_99675""]",1,5,0,0.014950545141473981,0.6475331193583429,1662.4247703023632,10785.627046114012,10912.933132917391,1793370.2154147457
17,step,sample-000017,17,1,False,2026-09-22T15:24:16.336374Z,2026-09-22T17:05:51.995350Z,0.0,24.281372157171578,-136.96741424006137,24.133644562982266,-136.8864125985363,0.14467055413636237,17,"[""HIP_30324"",""HIP_32349"",""HIP_33579"",""HIP_33856"",""HIP_33977"",""HIP_34444"",""HIP_35037"",""HIP_35264"",""HIP_35904"",""HIP_37229"",""HIP_37677"",""HIP_37819"",""HIP_38170"",""HIP_38414"",""HIP_39429"",""HIP_39757""]",1,5,0,-0.14772759418931258,0.08100164152506295,-16426.55899925775,8214.956058170685,18366.19943398703,
17,step,sample-000017,17,2,False,2026-09-22T15:24:16.337674Z,2026-09-22T17:03:20.070115Z,0.0,24.282104925949145,-136.96642547778188,24.171272605979695,-136.98609245079425,0.06111807004431648,33,"[""HIP_20894"",""HIP_21421"",""HIP_23875"",""HIP_24436"",""HIP_25336"",""HIP_25930"",""HIP_26207"",""HIP_26241"",""HIP_26311"",""HIP_26727"",""HIP_27989"",""HIP_30324"",""HIP_32349"",""HIP_33347"",""HIP_33579"",""HIP_33856"",""HIP_33977"",""HIP_34444"",""HIP_35037"",""HIP_35264"",""HIP_35415"",""HIP_35904"",""HIP_37229"",""HIP_37447"",""HIP_37677"",""HIP_37819"",""HIP_38170"",""HIP_38414"",""HIP_38835"",""HIP_39429"",""HIP_39757"",""HIP_42515""]",1,5,0,-0.11083231996945031,-0.019666973012363087,-12323.99168884929,-1994.268161193217,12484.30513266701,
17,step,sample-000017,17,3,False,2026-09-22T15:24:16.338833Z,2026-09-22T16:53:09.799120Z,0.0,24.282081889017785,-136.96519290639748,24.137905521886786,-136.87666106581003,0.17445453496398816,25,"[""HIP_27366"",""HIP_30122"",""HIP_30324"",""HIP_32759"",""HIP_33347"",""HIP_33579"",""HIP_33856"",""HIP_33977"",""HIP_34444"",""HIP_35037"",""HIP_35264"",""HIP_35415"",""HIP_35904"",""HIP_37229"",""HIP_37677"",""HIP_37819"",""HIP_38070"",""HIP_38170"",""HIP_38414"",""HIP_38835"",""HIP_39429"",""HIP_39757"",""HIP_42515"",""HIP_42828""]",1,5,0,-0.14417636713099924,0.08853184058745,-16031.680567010431,8978.472320958495,18374.647642559274,
17,step,sample-000017,17,4,False,2026-09-22T15:24:16.339984Z,2026-09-22T16:51:36.044374Z,0.0,24.28102709771084,-136.96583795381727,24.173658656584095,-136.9755190039805,0.10176397332886603,24,"[""HIP_25985"",""HIP_27366"",""HIP_30122"",""HIP_30324"",""HIP_32349"",""HIP_32759"",""HIP_33160"",""HIP_33579"",""HIP_33856"",""HIP_33977"",""HIP_34444"",""HIP_35037"",""HIP_35264"",""HIP_35904"",""HIP_37229"",""HIP_37447"",""HIP_37677"",""HIP_37819"",""HIP_38170"",""HIP_38414"",""HIP_38835"",""HIP_39429"",""HIP_39757""]",1,5,0,-0.10736844112674504,-0.009681050163237614,-11938.825935029037,-981.6717048227541,11979.116978695265,
17,step,sample-000017,17,5,False,2026-09-22T15:24:16.341091Z,2026-09-22T16:59:01.632935Z,0.0,24.27997714604154,-136.96638649128423,24.143590230867257,-136.93117300427855,0.10655281054593531,19,"[""HIP_30324"",""HIP_32349"",""HIP_33579"",""HIP_33856"",""HIP_33977"",""HIP_34444"",""HIP_35037"",""HIP_35264"",""HIP_35904"",""HIP_37229"",""HIP_37447"",""HIP_37677"",""HIP_37819"",""HIP_38170"",""HIP_38414"",""HIP_39429"",""HIP_39757"",""HIP_42828""]",1,5,0,-0.13638691517428114,0.03521348700567728,-15165.533028081847,3571.131866819485,15580.319800756344,
17,summary,sample-000017,17,,,2026-09-22T15:24:16.342140Z,,,24.280929946126097,-136.96639241365807,24.15201431566002,-136.93117162467993,0.11771198844571029,24,"[""HIP_20894"",""HIP_21421"",""HIP_23875"",""HIP_24436"",""HIP_25336"",""HIP_25930"",""HIP_25985"",""HIP_26207"",""HIP_26241"",""HIP_26311"",""HIP_26727"",""HIP_27366"",""HIP_27989"",""HIP_30122"",""HIP_30324"",""HIP_32349"",""HIP_32759"",""HIP_33160"",""HIP_33347"",""HIP_33579"",""HIP_33856"",""HIP_33977"",""HIP_34444"",""HIP_35037"",""HIP_35264"",""HIP_35415"",""HIP_35904"",""HIP_37229"",""HIP_37447"",""HIP_37677"",""HIP_37819"",""HIP_38070"",""HIP_38170"",""HIP_38414"",""HIP_38835"",""HIP_39429"",""HIP_39757"",""HIP_42515"",""HIP_42828""]",1,5,0,-0.12891563046607857,0.03522078897813685,-14334.764073012648,3571.740946346674,14773.042533648926,1688746.8523040928
18,step,sample-000018,18,1,False,2026-09-22T15:25:20.667289Z,2026-09-22T17:14:34.373552Z,0.0,-5.081976089763267,-113.60137873811448,-5.211928765339367,-113.55613045328339,0.12448688402264725,22,"[""HIP_39429"",""HIP_39953"",""HIP_41037"",""HIP_42913"",""HIP_44816"",""HIP_45238"",""HIP_45556"",""HIP_45941"",""HIP_46701"",""HIP_48002"",""HIP_48774"",""HIP_50371"",""HIP_51232"",""HIP_51576"",""HIP_52419"",""HIP_53253"",""HIP_56561"",""HIP_59747"",""HIP_60260"",""HIP_61084"",""HIP_61932"",""HIP_62434""]",1,3,2,-0.12995267557610024,0.045248284831075125,-14450.078227948607,5011.092607822939,15294.306093465702,
18,step,sample-000018,18,2,True,2026-09-22T15:25:20.668461Z,2026-09-22T17:04:34.283016Z,0.0,-5.083367753044918,-113.60267433500533,-5.203116597895343,-113.69196668792677,0.07802758264002221,28,"[""HIP_24436"",""HIP_25336"",""HIP_25930"",""HIP_26241"",""HIP_26311"",""HIP_26727"",""HIP_27366"",""HIP_27989"",""HIP_30324"",""HIP_31681"",""HIP_39953"",""HIP_41037"",""HIP_42913"",""HIP_44816"",""HIP_45238"",""HIP_45556"",""HIP_45941"",""HIP_46701"",""HIP_48002"",""HIP_48774"",""HIP_50371"",""HIP_51232"",""HIP_51576"",""HIP_52419"",""HIP_53253"",""HIP_56561"",""HIP_59747"",""HIP_61084""]",1,3,2,-0.1197488448504247,-0.0892923529214329,-13315.46401891362,-9888.879994043771,16585.88233874234,
18,step,sample-000018,18,3,False,2026-09-22T15:25:20.669540Z,2026-09-22T17:13:00.504707Z,0.0,-5.083114969620568,-113.60329692802577,-5.209425354856426,-113.55877876387162,0.11457213778683828,23,"[""HIP_39429"",""HIP_39953"",""HIP_41037"",""HIP_42913"",""HIP_44816"",""HIP_45238"",""HIP_45556"",""HIP_45941"",""HIP_46701"",""HIP_48002"",""HIP_48774"",""HIP_50371"",""HIP_51232"",""HIP_51576"",""HIP_52419"",""HIP_52727"",""HIP_53253"",""HIP_54463"",""HIP_56561"",""HIP_59747"",""HIP_60260"",""HIP_61084"",""HIP_62434""]",1,3,2,-0.12631038523585847,0.044518164154169426,-14045.074020747237,4930.2395306108865,14885.273124256664,
18,step,sample-000018,18,4,True,2026-09-22T15:25:20.670559Z,2026-09-22T17:10:55.134814Z,0.0,-5.084126528142019,-113.60081363933165,-5.204798386736561,-113.67603716851671,0.08927545984806284,34,"[""HIP_25336"",""HIP_25930"",""HIP_26241"",""HIP_26311"",""HIP_26727"",""HIP_27366"",""HIP_27989"",""HIP_30324"",""HIP_31681"",""HIP_35264"",""HIP_39953"",""HIP_41037"",""HIP_42913"",""HIP_44816"",""HIP_45238"",""HIP_45556"",""HIP_45941"",""HIP_46701"",""HIP_48002"",""HIP_48774"",""HIP_50371"",""HIP_51232"",""HIP_51576"",""HIP_52419"",""HIP_52727"",""HIP_53253"",""HIP_54463"",""HIP_56561"",""HIP_59196"",""HIP_59747"",""HIP_60260"",""HIP_61084"",""HIP_61932"",""HIP_62434""]",1,3,2,-0.12067185859454188,-0.07522352918505248,-13418.09846448265,-8330.780882423234,15793.89914351189,
18,step,sample-000018,18,5,False,2026-09-22T15:25:20.671523Z,2026-09-22T17:11:42.585182Z,0.0,-5.083662405198448,-113.6023280636939,-5.196259966029453,-113.5442861514606,0.10673636183145478,25,"[""HIP_39429"",""HIP_39953"",""HIP_41037"",""HIP_42913"",""HIP_44816"",""HIP_45238"",""HIP_45556"",""HIP_45941"",""HIP_46701"",""HIP_48002"",""HIP_48774"",""HIP_50371"",""HIP_51232"",""HIP_51576"",""HIP_52419"",""HIP_52727"",""HIP_53253"",""HIP_54463"",""HIP_56561"",""HIP_59196"",""HIP_59747"",""HIP_60260"",""HIP_61084"",""HIP_62434""]",1,3,2,-0.1125975608310057,0.0580419122333069,-12520.277516959919,6428.013635670911,14073.972244997234,
18,summary,sample-000018,18,,,2026-09-22T15:25:20.672469Z,,,-5.083064213641415,-113.60182467525755,-5.205871362075082,-113.55306512287187,0.11526512787754631,23,"[""HIP_39429"",""HIP_39953"",""HIP_41037"",""HIP_42913"",""HIP_44816"",""HIP_45238"",""HIP_45556"",""HIP_45941"",""HIP_46701"",""HIP_48002"",""HIP_48774"",""HIP_50371"",""HIP_51232"",""HIP_51576"",""HIP_52419"",""HIP_52727"",""HIP_53253"",""HIP_54463"",""HIP_56561"",""HIP_59196"",""HIP_59747"",""HIP_60260"",""HIP_61084"",""HIP_61932"",""HIP_62434""]",1,3,2,-0.12280714843366702,0.04875955238566121,-13655.531861509042,5399.97455381832,14684.456549473238,1595743.3858732807
19,step,sample-000019,19,1,False,2026-09-22T15:26:12.330060Z,2026-09-22T17:12:44.993113Z,0.0,28.44224176034401,97.428434163134,89.99999999999999,-101.38683467657366,108.11196265332808,28,"[""HIP_100453"",""HIP_101769"",""HIP_102098"",""HIP_102488"",""HIP_103413"",""HIP_104732"",""HIP_104887"",""HIP_105102"",""HIP_105199"",""HIP_106481"",""HIP_107315"",""HIP_109492"",""HIP_109857"",""HIP_110991"",""HIP_111169"",""HIP_91262"",""HIP_92420"",""HIP_93194"",""HIP_95947"",""HIP_97165"",""HIP_97278"",""HIP_97365"",""HIP_97649"",""HIP_98036"",""HIP_98110"",""HIP_98337"",""HIP_99473"",""HIP_99675""]",3,5,0,61.557758239655975,161.18473116029236,6844910.411862028,9171629.842589203,6844910.411862031,
19,step,sample-000019,19,2,False,2026-09-22T15:26:12.331376Z,2026-09-22T17:17:23.694268Z,0.0,28.44141571633028,97.42622234304326,89.99999999999999,-100.07763804363525,106.84999455502614,15,"[""HIP_100453"",""HIP_102098"",""HIP_102488"",""HIP_104060"",""HIP_104732"",""HIP_104887"",""HIP_109176"",""HIP_91262"",""HIP_93194"",""HIP_95947"",""HIP_97165"",""HIP_97365"",""HIP_98110"",""HIP_98337"",""HIP_99675""]",3,5,0,61.5585842836697,162.49613961332147,6845002.263765539,9246362.666513596,6845002.263765543,
19,step,sample-000019,19,3,False,2026-09-22T15:26:12.332412Z,2026-09-22T17:16:16.642528Z,0.0,28.44057839447675,97.428602929931,89.99999999999999,-95.0168169921796,104.18823963373428,18,"[""HIP_100453"",""HIP_102488"",""HIP_104060"",""HIP_104732"",""HIP_104887"",""HIP_105199"",""HIP_106481"",""HIP_109492"",""HIP_110991"",""HIP_111169"",""HIP_91262"",""HIP_93194"",""HIP_95947"",""HIP_97165"",""HIP_97365"",""HIP_98110"",""HIP_98337"",""HIP_99675""]",3,5,0,61.55942160552324,167.5545800778894,6845095.369707621,9534315.236490227,6845095.3697076235,
19,step,sample-000019,19,4,False,2026-09-22T15:26:12.333580Z,2026-09-22T17:04:42.505849Z,0.0,28.44243411993544,97.42577748612564,89.99999999999999,-95.35974715293578,108.55663454544586,16,"[""HIP_100453"",""HIP_102422"",""HIP_102488"",""HIP_104060"",""HIP_104732"",""HIP_104887"",""HIP_105199"",""HIP_109857"",""HIP_91262"",""HIP_93194"",""HIP_93747"",""HIP_95947"",""HIP_97165"",""HIP_97365"",""HIP_98337"",""HIP_99675""]",3,5,0,61.557565880064544,167.2144753609386,6844889.022451369,9514703.65100833,6844889.022451372,
19,step,sample-000019,19,5,False,2026-09-22T15:26:12.334673Z,2026-09-22T17:11:05.779226Z,0.0,28.442402247680135,97.4263842098141,89.99999999999999,-96.31124854084779,114.41289060637449,14,"[""HIP_100453"",""HIP_102488"",""HIP_104060"",""HIP_104887"",""HIP_91262"",""HIP_92420"",""HIP_93194"",""HIP_95947"",""HIP_97165"",""HIP_97365"",""HIP_98110"",""HIP_98337"",""HIP_99675""]",3,5,0,61.55759775231985,166.26236724933813,6844892.56648446,9460531.978472238,6844892.5664844625,
19,summary,sample-000019,19,,,2026-09-22T15:26:12.335748Z,,,28.441431233362604,97.42700249347422,89.99999999999999,-97.63045708123445,108.42257338702706,18,"[""HIP_100453"",""HIP_101769"",""HIP_102098"",""HIP_102422"",""HIP_102488"",""HIP_103413"",""HIP_104060"",""HIP_104732"",""HIP_104887"",""HIP_105102"",""HIP_105199"",""HIP_106481"",""HIP_107315"",""HIP_109176"",""HIP_109492"",""HIP_109857"",""HIP_110991"",""HIP_111169"",""HIP_91262"",""HIP_92420"",""HIP_93194"",""HIP_93747"",""HIP_95947"",""HIP_97165"",""HIP_97278"",""HIP_97365"",""HIP_97649"",""HIP_98036"",""HIP_98110"",""HIP_98337"",""HIP_99473"",""HIP_99675""]",3,5,0,61.55856876663738,164.94254042529133,6845000.538350267,9385565.742140733,6845000.538350272,1872020.0781089119
20,step,sample-000020,20,1,False,2026-09-22T15:27:13.190636Z,2026-09-22T17:10:21.889096Z,0.0,2.736036843166227,-89.82120846120917,2.6770873049619546,-89.85981716966755,0.07374332949008636,26,"[""HIP_35904"",""HIP_37819"",""HIP_38170"",""HIP_38414"",""HIP_39429"",""HIP_39757"",""HIP_39953"",""HIP_42536"",""HIP_44816"",""HIP_45941"",""HIP_46651"",""HIP_46701"",""HIP_48774"",""HIP_50801"",""HIP_51232"",""HIP_52727"",""HIP_53253"",""HIP_53910"",""HIP_54061"",""HIP_54539"",""HIP_58001"",""HIP_59196"",""HIP_59747"",""HIP_60260"",""HIP_62956"",""HIP_65378""]",1,5,0,-0.0589495382042724,-0.03860870845838349,-6554.8895763546825,-4288.303445635485,7833.014883518461,
20,step,sample-000020,20,2,False,2026-09-22T15:27:13.191838Z,2026-09-22T17:09:50.776550Z,0.0,2.738945109790567,-89.8211193813162,2.8418836819317987,-89.79972507178577,0.05454015461172604,10,"[""HIP_46853"",""HIP_50801"",""HIP_53910"",""HIP_54061"",""HIP_54539"",""HIP_58001"",""HIP_59774"",""HIP_62956"",""HIP_63125"",""HIP_65378""]",1,5,0,0.1029385721412317,0.02139430953042165,11446.246978139876,2376.117961613185,11690.27394556772,
20,step,sample-000020,20,3,False,2026-09-22T15:27:13.193033Z,2026-09-22T17:12:45.349287Z,0.0,2.736819740952983,-89.8190555367053,2.688476154906218,-89.87711072996353,0.06555889371149289,23,"[""HIP_35904"",""HIP_37819"",""HIP_38170"",""HIP_39429"",""HIP_39757"",""HIP_39953"",""HIP_42536"",""HIP_44511"",""HIP_44816"",""HIP_45941"",""HIP_46701"",""HIP_48774"",""HIP_51232"",""HIP_52727"",""HIP_53253"",""HIP_53910"",""HIP_54061"",""HIP_54539"",""HIP_58001"",""HIP_59196"",""HIP_62956"",""HIP_63125"",""HIP_65378""]",1,5,0,-0.04834358604676492,-0.05805519325821251,-5375.5615042049385,-6448.20932169016,8395.002230521815,
20,step,sample-000020,20,4,False,2026-09-22T15:27:13.194004Z,2026-09-22T17:23:10.500565Z,0.0,2.7392836196495933,-89.82087735003941,2.747847909141661,-89.88611552399166,0.07825516029805535,26,"[""HIP_37229"",""HIP_37677"",""HIP_38170"",""HIP_39429"",""HIP_39757"",""HIP_42515"",""HIP_42570"",""HIP_44127"",""HIP_44511"",""HIP_44816"",""HIP_45860"",""HIP_45941"",""HIP_46651"",""HIP_46701"",""HIP_46853"",""HIP_48774"",""HIP_50801"",""HIP_51986"",""HIP_53910"",""HIP_54061"",""HIP_54539"",""HIP_55219"",""HIP_58001"",""HIP_59774"",""HIP_62956"",""HIP_65378""]",1,5,0,0.00856428949206789,-0.06523817395225251,952.3055418332542,-7245.839024094132,7308.150853442244,
20,step,sample-000020,20,5,False,2026-09-22T15:27:13.195084Z,2026-09-22T17:25:24.134083Z,0.0,2.7384069969220004,-89.81877541778557,2.7530839676706673,-89.88853072235358,0.09078180610998533,30,"[""HIP_37229"",""HIP_37677"",""HIP_38170"",""HIP_39429"",""HIP_39757"",""HIP_42312"",""HIP_42570"",""HIP_42828"",""HIP_42884"",""HIP_44127"",""HIP_44511"",""HIP_44816"",""HIP_45860"",""HIP_45941"",""HIP_46651"",""HIP_46701"",""HIP_46733"",""HIP_46853"",""HIP_47908"",""HIP_50372"",""HIP_50801"",""HIP_53229"",""HIP_53910"",""HIP_54061"",""HIP_54539"",""HIP_55219"",""HIP_58001"",""HIP_59774"",""HIP_62956"",""HIP_65378""]",1,5,0,0.014676970748666918,-0.06975530456799106,1632.0046857623522,-7747.531169980093,7917.555063064536,
20,summary,sample-000020,20,,,2026-09-22T15:27:13.196159Z,,,2.7375926491766656,-89.82032986783703,2.74167580372246,-89.86225984355242,0.07257586884419856,23,"[""HIP_35904"",""HIP_37229"",""HIP_37677"",""HIP_37819"",""HIP_38170"",""HIP_38414"",""HIP_39429"",""HIP_39757"",""HIP_39953"",""HIP_42312"",""HIP_42515"",""HIP_42536"",""HIP_42570"",""HIP_42828"",""HIP_42884"",""HIP_44127"",""HIP_44511"",""HIP_44816"",""HIP_45860"",""HIP_45941"",""HIP_46651"",""HIP_46701"",""HIP_46733"",""HIP_46853"",""HIP_47908"",""HIP_48774"",""HIP_50372"",""HIP_50801"",""HIP_51232"",""HIP_51986"",""HIP_52727"",""HIP_53229"",""HIP_53253"",""HIP_53910"",""HIP_54061"",""HIP_54539"",""HIP_55219"",""HIP_58001"",""HIP_59196"",""HIP_59747"",""HIP_59774"",""HIP_60260"",""HIP_62956"",""HIP_63125"",""HIP_65378""]",1,5,0,0.004083154545794443,-0.04192997571539081,454.0260701980097,-4657.071684038011,4679.15124047458,1778653.03176549
21,step,sample-000021,21,1,False,2026-09-22T15:28:31.588684Z,2026-09-22T17:21:14.501086Z,0.0,78.76408108365243,-44.67571193103774,78.84667584174312,-44.37822287271493,0.39940512076346124,27,"[""HIP_100453"",""HIP_102098"",""HIP_102488"",""HIP_104732"",""HIP_104887"",""HIP_14328"",""HIP_14354"",""HIP_14576"",""HIP_15863"",""HIP_17358"",""HIP_18532"",""HIP_23416"",""HIP_24608"",""HIP_3179"",""HIP_4427"",""HIP_6686"",""HIP_746"",""HIP_87833"",""HIP_8886"",""HIP_91262"",""HIP_93194"",""HIP_95947"",""HIP_9640"",""HIP_97165"",""HIP_98110"",""HIP_99675""]",1,4,1,0.08259475809069272,0.29748905832281025,9184.11806711965,6422.085223943963,11206.719410337198,
21,step,sample-000021,21,2,True,2026-09-22T15:28:31.590064Z,2026-09-22T17:30:22.754533Z,0.0,78.76405339073182,-44.677084788725665,78.75388356324848,-44.080086458093625,0.6550078086804233,17,"[""HIP_100453"",""HIP_101076"",""HIP_102098"",""HIP_102488"",""HIP_104732"",""HIP_104887"",""HIP_106481"",""HIP_109492"",""HIP_110991"",""HIP_91262"",""HIP_92420"",""HIP_93194"",""HIP_95947"",""HIP_97165"",""HIP_98110"",""HIP_99675""]",1,4,1,-0.010169827483338167,0.596998330632033,-1130.833220997605,12940.525627946861,12989.784294225607,
21,step,sample-000021,21,3,False,2026-09-22T15:28:31.591784Z,2026-09-22T17:24:47.496232Z,0.0,78.76417267309603,-44.663566207565964,78.83862680166726,-44.3123670803166,0.4421557336262907,32,"[""HIP_100453"",""HIP_101076"",""HIP_102098"",""HIP_102488"",""HIP_104732"",""HIP_104887"",""HIP_106481"",""HIP_109492"",""HIP_110991"",""HIP_112724"",""HIP_14328"",""HIP_14354"",""HIP_14576"",""HIP_15863"",""HIP_17358"",""HIP_18532"",""HIP_23416"",""HIP_23767"",""HIP_24608"",""HIP_3179"",""HIP_4427"",""HIP_6686"",""HIP_746"",""HIP_8886"",""HIP_91262"",""HIP_93194"",""HIP_95947"",""HIP_9640"",""HIP_97165"",""HIP_98110"",""HIP_99675""]",1,4,1,0.07445412857123301,0.3511991272493731,8278.9213648628,7584.218788727818,11227.649473131665,
21,step,sample-000021,21,4,False,2026-09-22T15:28:31.592965Z,2026-09-22T17:22:09.359356Z,0.0,78.76257696736006,-44.66747278030047,78.86894365082718,-44.3902834529296,0.38232832599223,24,"[""HIP_100453"",""HIP_102098"",""HIP_102488"",""HIP_104732"",""HIP_104887"",""HIP_14328"",""HIP_14354"",""HIP_14576"",""HIP_15863"",""HIP_17358"",""HIP_18532"",""HIP_23416"",""HIP_23767"",""HIP_24608"",""HIP_6686"",""HIP_8886"",""HIP_91262"",""HIP_93194"",""HIP_95947"",""HIP_9640"",""HIP_97165"",""HIP_98110"",""HIP_99675""]",1,4,1,0.10636668346711531,0.277189327370877,11827.435565550884,5978.383328674857,13252.487849693565,
21,step,sample-000021,21,5,False,2026-09-22T15:28:31.594044Z,2026-09-22T17:16:21.821191Z,0.0,78.76218089561497,-44.669125053026335,78.82425731041316,-44.352616192481506,0.43535382772675785,26,"[""HIP_100453"",""HIP_102488"",""HIP_104732"",""HIP_104887"",""HIP_14328"",""HIP_14354"",""HIP_14576"",""HIP_15863"",""HIP_17358"",""HIP_18532"",""HIP_23416"",""HIP_3179"",""HIP_4427"",""HIP_6686"",""HIP_746"",""HIP_87833"",""HIP_8886"",""HIP_91262"",""HIP_92420"",""HIP_93194"",""HIP_95947"",""HIP_9640"",""HIP_97165"",""HIP_98110"",""HIP_99675""]",1,4,1,0.06207641479818449,0.3165088605448432,6902.582389841325,6840.004449675394,9717.552968973616,
21,summary,sample-000021,21,,,2026-09-22T15:28:31.595102Z,,,78.76301451007622,-44.67002163021604,78.84462590116269,-44.35837239961066,0.4148107521390308,27,"[""HIP_100453"",""HIP_101076"",""HIP_102098"",""HIP_102488"",""HIP_104732"",""HIP_104887"",""HIP_106481"",""HIP_109492"",""HIP_110991"",""HIP_112724"",""HIP_14328"",""HIP_14354"",""HIP_14576"",""HIP_15863"",""HIP_17358"",""HIP_18532"",""HIP_23416"",""HIP_23767"",""HIP_24608"",""HIP_3179"",""HIP_4427"",""HIP_6686"",""HIP_746"",""HIP_87833"",""HIP_8886"",""HIP_91262"",""HIP_92420"",""HIP_93194"",""HIP_95947"",""HIP_9640"",""HIP_97165"",""HIP_98110"",""HIP_99675""]",1,4,1,0.08161139108646864,0.31164923060538285,9074.772645220275,6728.6943909357915,11297.173343292703,1694493.2289834807
22,step,sample-000022,22,1,False,2026-09-22T15:29:17.625996Z,2026-09-22T17:22:20.568100Z,0.0,-12.644077343871492,171.62529564242266,89.99999999999999,-57.479405592849965,-96.1581525083607,30,"[""HIP_17358"",""HIP_20889"",""HIP_21421"",""HIP_23015"",""HIP_23416"",""HIP_23453"",""HIP_23767"",""HIP_24608"",""HIP_25428"",""HIP_26451"",""HIP_27989"",""HIP_28360"",""HIP_28380"",""HIP_29655"",""HIP_30343"",""HIP_30438"",""HIP_31681"",""HIP_32246"",""HIP_32362"",""HIP_32768"",""HIP_35264"",""HIP_36188"",""HIP_36850"",""HIP_37279"",""HIP_37826"",""HIP_39429"",""HIP_39953"",""HIP_41037"",""HIP_42913"",""HIP_44816""]",3,3,2,102.64407734387147,130.89529876472739,11413500.650750201,11362580.766978383,11413500.650750205,
22,step,sample-000022,22,2,False,2026-09-22T15:29:17.627156Z,2026-09-22T17:22:57.997357Z,0.0,-12.643963749749005,171.6282025892043,89.99999999999999,-48.43852513192599,-106.27585581596435,33,"[""HIP_17358"",""HIP_18532"",""HIP_20894"",""HIP_23015"",""HIP_23416"",""HIP_23453"",""HIP_23767"",""HIP_24608"",""HIP_25428"",""HIP_26451"",""HIP_27628"",""HIP_28360"",""HIP_28380"",""HIP_29655"",""HIP_30343"",""HIP_30867"",""HIP_32759"",""HIP_33152"",""HIP_33579"",""HIP_33856"",""HIP_33977"",""HIP_35037"",""HIP_35264"",""HIP_35904"",""HIP_37229"",""HIP_37677"",""HIP_38170"",""HIP_39429"",""HIP_39757"",""HIP_39953"",""HIP_42536"",""HIP_42913"",""HIP_44816""]",3,3,2,102.64396374974899,139.9332722788697,11413488.019660085,12147127.219316924,11413488.019660087,
22,step,sample-000022,22,3,True,2026-09-22T15:29:17.628277Z,2026-09-22T17:30:36.741271Z,0.0,-12.64300149337074,171.62861472639094,89.99999999908444,0.9050978785578386,-160.87680576138268,20,"[""HIP_30122"",""HIP_30438"",""HIP_31685"",""HIP_32759"",""HIP_32768"",""HIP_33579"",""HIP_33856"",""HIP_33977"",""HIP_35264"",""HIP_35904"",""HIP_37229"",""HIP_37677"",""HIP_38170"",""HIP_39429"",""HIP_39757"",""HIP_39953"",""HIP_41037"",""HIP_42913"",""HIP_44816""]",3,3,2,102.64300149245517,-170.7235168478331,11413381.021530885,-14819823.078228774,11413381.021733169,
22,step,sample-000022,22,4,False,2026-09-22T15:29:17.629313Z,2026-09-22T17:26:04.083004Z,0.0,-12.642799300200476,171.62647590506515,89.99999999999999,-26.7581311765506,-71.00073977441804,23,"[""HIP_20894"",""HIP_21421"",""HIP_23416"",""HIP_23767"",""HIP_25428"",""HIP_26207"",""HIP_26451"",""HIP_27989"",""HIP_28380"",""HIP_29655"",""HIP_30343"",""HIP_30438"",""HIP_32246"",""HIP_32362"",""HIP_32768"",""HIP_35264"",""HIP_36850"",""HIP_37826"",""HIP_39429"",""HIP_39953"",""HIP_41037"",""HIP_42913"",""HIP_44816""]",3,3,2,102.64279930020047,161.61539291838426,11413358.538777957,14029163.590534588,11413358.538777957,
22,step,sample-000022,22,5,True,2026-09-22T15:29:17.630423Z,2026-09-22T17:21:10.634525Z,0.0,-12.64499978525415,171.62616030593222,89.99999999999999,1.765114286134637,-110.94486320521749,31,"[""HIP_17358"",""HIP_23015"",""HIP_23416"",""HIP_23453"",""HIP_23767"",""HIP_24608"",""HIP_25428"",""HIP_26451"",""HIP_28360"",""HIP_28380"",""HIP_29655"",""HIP_30343"",""HIP_30438"",""HIP_31592"",""HIP_32768"",""HIP_33152"",""HIP_33856"",""HIP_34444"",""HIP_35264"",""HIP_35904"",""HIP_37229"",""HIP_37677"",""HIP_37819"",""HIP_38170"",""HIP_39429"",""HIP_39757"",""HIP_39953"",""HIP_41037"",""HIP_42536"",""HIP_42913"",""HIP_44816""]",3,3,2,102.64499978525413,-169.86104601979758,11413603.22155208,-14745161.286135167,11413603.221552085,
22,summary,sample-000022,22,,,2026-09-22T15:29:17.631616Z,,,-12.64364617356993,171.6269529467927,89.99999999999999,-44.225353967108845,-91.22448971645271,29,"[""HIP_17358"",""HIP_18532"",""HIP_20889"",""HIP_20894"",""HIP_21421"",""HIP_23015"",""HIP_23416"",""HIP_23453"",""HIP_23767"",""HIP_24608"",""HIP_25428"",""HIP_26207"",""HIP_26451"",""HIP_27628"",""HIP_27989"",""HIP_28360"",""HIP_28380"",""HIP_29655"",""HIP_30343"",""HIP_30438"",""HIP_30867"",""HIP_31681"",""HIP_32246"",""HIP_32362"",""HIP_32759"",""HIP_32768"",""HIP_33152"",""HIP_33579"",""HIP_33856"",""HIP_33977"",""HIP_35037"",""HIP_35264"",""HIP_35904"",""HIP_36188"",""HIP_36850"",""HIP_37229"",""HIP_37279"",""HIP_37677"",""HIP_37826"",""HIP_38170"",""HIP_39429"",""HIP_39757"",""HIP_39953"",""HIP_41037"",""HIP_42536"",""HIP_42913"",""HIP_44816""]",3,3,2,102.64364617356992,144.14769308609846,11413452.70680015,12512938.86819984,11413452.706800152,2136264.114338784
23,step,sample-000023,23,1,True,2026-09-22T15:30:41.153708Z,2026-09-22T17:36:33.744967Z,0.0,-58.27591373390019,172.68292492810815,-59.3176604697723,161.41179280997872,-350.39532117017353,25,"[""HIP_24436"",""HIP_25336"",""HIP_25930"",""HIP_26241"",""HIP_26311"",""HIP_26727"",""HIP_27366"",""HIP_50099"",""HIP_50371"",""HIP_51232"",""HIP_51576"",""HIP_52419"",""HIP_53253"",""HIP_56561"",""HIP_57363"",""HIP_61585"",""HIP_62322"",""HIP_62434"",""HIP_66657"",""HIP_68702"",""HIP_71683"",""HIP_71908"",""HIP_74946"",""HIP_77952"",""HIP_82273""]",2,4,1,-1.0417467358721098,-11.27113211812943,-115836.95187750774,-649299.5872516057,658716.1651524819,
23,step,sample-000023,23,2,False,2026-09-22T15:30:41.155218Z,2026-09-22T17:39:30.661229Z,0.0,-58.27703265790184,172.6871358201588,-58.293908815543595,171.1262861793446,-358.2814359230644,36,"[""HIP_24436"",""HIP_25336"",""HIP_25606"",""HIP_25930"",""HIP_25985"",""HIP_26241"",""HIP_26311"",""HIP_26727"",""HIP_27366"",""HIP_30324"",""HIP_38827"",""HIP_44816"",""HIP_45941"",""HIP_46701"",""HIP_47854"",""HIP_48002"",""HIP_48774"",""HIP_51232"",""HIP_51576"",""HIP_52419"",""HIP_53253"",""HIP_56561"",""HIP_57363"",""HIP_59747"",""HIP_60260"",""HIP_60718"",""HIP_61084"",""HIP_61585"",""HIP_62322"",""HIP_66657"",""HIP_68702"",""HIP_71683"",""HIP_71908"",""HIP_74946"",""HIP_77952"",""HIP_82273""]",2,4,1,-0.016876157641753764,-1.5608496408142116,-1876.5431110168192,-91237.54638333502,91254.79828509863,
23,step,sample-000023,23,3,False,2026-09-22T15:30:41.156456Z,2026-09-22T17:35:07.231202Z,0.0,-58.275352938059676,172.6852212529226,-58.46285397590795,171.59812871010712,-359.27493590819523,23,"[""HIP_42536"",""HIP_46701"",""HIP_48002"",""HIP_48774"",""HIP_50371"",""HIP_51232"",""HIP_51576"",""HIP_53253"",""HIP_56561"",""HIP_57363"",""HIP_59747"",""HIP_60260"",""HIP_61084"",""HIP_61585"",""HIP_62322"",""HIP_66657"",""HIP_68702"",""HIP_71683"",""HIP_71908"",""HIP_74946"",""HIP_77952"",""HIP_82273"",""HIP_82363""]",2,4,1,-0.18750103784827132,-1.0870925428154692,-20849.16414931716,-63394.49378335748,66734.02534403602,
23,step,sample-000023,23,4,False,2026-09-22T15:30:41.157420Z,2026-09-22T17:24:17.260258Z,0.0,-58.27778247942266,172.68649650176468,-58.31840478092453,172.76486878835007,-359.99598133756086,37,"[""HIP_24436"",""HIP_25336"",""HIP_25930"",""HIP_25985"",""HIP_26241"",""HIP_26311"",""HIP_26727"",""HIP_27366"",""HIP_38827"",""HIP_44816"",""HIP_45556"",""HIP_45941"",""HIP_46701"",""HIP_47854"",""HIP_48002"",""HIP_48774"",""HIP_50099"",""HIP_50371"",""HIP_51232"",""HIP_51576"",""HIP_52419"",""HIP_53253"",""HIP_54463"",""HIP_56561"",""HIP_59747"",""HIP_60718"",""HIP_61084"",""HIP_61585"",""HIP_62322"",""HIP_62434"",""HIP_66657"",""HIP_68702"",""HIP_71683"",""HIP_71908"",""HIP_74946"",""HIP_77952"",""HIP_82273""]",1,4,1,-0.04062230150186963,0.07837228658539175,-4516.9938356335415,4579.522291307084,6432.35940958265,
23,step,sample-000023,23,5,False,2026-09-22T15:30:41.158543Z,2026-09-22T17:28:04.175431Z,0.0,-58.277218454778804,172.68349860233855,-58.283651370702685,172.787236530364,-359.9968630722707,32,"[""HIP_24436"",""HIP_25336"",""HIP_25606"",""HIP_25930"",""HIP_25985"",""HIP_26241"",""HIP_26311"",""HIP_26727"",""HIP_27366"",""HIP_30324"",""HIP_45941"",""HIP_46701"",""HIP_47854"",""HIP_48774"",""HIP_51232"",""HIP_51576"",""HIP_52419"",""HIP_53253"",""HIP_54463"",""HIP_56561"",""HIP_59747"",""HIP_60260"",""HIP_61084"",""HIP_61585"",""HIP_62322"",""HIP_66657"",""HIP_68702"",""HIP_71683"",""HIP_71908"",""HIP_74946"",""HIP_77952"",""HIP_82273""]",1,4,1,-0.006432915923880955,0.10373792802545267,-715.3076142665566,6064.735446453737,6106.772748849886,
23,summary,sample-000023,23,,,2026-09-22T15:30:41.159613Z,,,-58.27656425906809,172.68455496276027,-58.339704735769686,172.06913005204143,0.6126844926798566,32,"[""HIP_24436"",""HIP_25336"",""HIP_25606"",""HIP_25930"",""HIP_25985"",""HIP_26241"",""HIP_26311"",""HIP_26727"",""HIP_27366"",""HIP_30324"",""HIP_38827"",""HIP_42536"",""HIP_44816"",""HIP_45556"",""HIP_45941"",""HIP_46701"",""HIP_47854"",""HIP_48002"",""HIP_48774"",""HIP_50099"",""HIP_50371"",""HIP_51232"",""HIP_51576"",""HIP_52419"",""HIP_53253"",""HIP_54463"",""HIP_56561"",""HIP_57363"",""HIP_59747"",""HIP_60260"",""HIP_60718"",""HIP_61084"",""HIP_61585"",""HIP_62322"",""HIP_62434"",""HIP_66657"",""HIP_68702"",""HIP_71683"",""HIP_71908"",""HIP_74946"",""HIP_77952"",""HIP_82273"",""HIP_82363""]",2,4,1,-0.06314047670159795,-0.6154249107188434,-7020.900675136654,-35950.8767083755,36629.88432251984,2044975.669555468
24,step,sample-000024,24,1,True,2026-09-22T15:31:45.879567Z,2026-09-22T17:36:45.218480Z,0.0,27.649720714385037,79.55504329687403,27.217207081635454,79.42351057661038,-359.51456472605025,16,"[""HIP_100453"",""HIP_101769"",""HIP_91262"",""HIP_92420"",""HIP_93194"",""HIP_93244"",""HIP_93747"",""HIP_95501"",""HIP_95947"",""HIP_97165"",""HIP_97278"",""HIP_97365"",""HIP_97649"",""HIP_98036"",""HIP_98110"",""HIP_98337""]",1,3,2,-0.43251363274958265,-0.13153272026363538,-48093.321666361466,-12981.05131437738,49814.39369680295,
24,step,sample-000024,24,2,True,2026-09-22T15:31:45.881614Z,2026-09-22T17:47:18.193048Z,0.0,27.647690719733582,79.55559628796766,27.67082744440196,79.47653157396445,-359.9330822093477,30,"[""HIP_100453"",""HIP_101076"",""HIP_101769"",""HIP_102422"",""HIP_102488"",""HIP_103413"",""HIP_105199"",""HIP_109492"",""HIP_112724"",""HIP_116727"",""HIP_3179"",""HIP_4427"",""HIP_6686"",""HIP_746"",""HIP_7607"",""HIP_91262"",""HIP_93194"",""HIP_93244"",""HIP_93747"",""HIP_95501"",""HIP_95947"",""HIP_96837"",""HIP_97165"",""HIP_97278"",""HIP_97365"",""HIP_97649"",""HIP_98036"",""HIP_98110"",""HIP_98337"",""HIP_99675""]",1,3,2,0.02313672466837957,-0.07906471400320925,2572.686402295819,-7786.926174402942,8200.91037590923,
24,step,sample-000024,24,3,False,2026-09-22T15:31:45.882961Z,2026-09-22T17:36:53.061499Z,0.0,27.650141803094556,79.55672765451123,27.580020473021566,79.4537058099682,-359.9132784257684,21,"[""HIP_100453"",""HIP_101076"",""HIP_101769"",""HIP_102098"",""HIP_103413"",""HIP_91262"",""HIP_93194"",""HIP_93244"",""HIP_93747"",""HIP_95501"",""HIP_95947"",""HIP_96837"",""HIP_97165"",""HIP_97278"",""HIP_97365"",""HIP_97649"",""HIP_98036"",""HIP_98110"",""HIP_98337"",""HIP_99473"",""HIP_99675""]",1,3,2,-0.07012133007298971,-0.10302184454303642,-7797.136153684982,-10150.513502103526,12799.540115682708,
24,step,sample-000024,24,4,False,2026-09-22T15:31:45.884249Z,2026-09-22T17:49:28.660499Z,0.0,27.64911417361335,79.55769540683889,27.601606219069687,79.42079440662732,-359.9416002069211,11,"[""HIP_101076"",""HIP_101769"",""HIP_93244"",""HIP_93747"",""HIP_95501"",""HIP_95947"",""HIP_97278"",""HIP_97365"",""HIP_97649"",""HIP_98036"",""HIP_98110""]",1,3,2,-0.04750795454366141,-0.13690100021156582,-5282.643520515462,-13487.285337665788,14484.928399930895,
24,step,sample-000024,24,5,False,2026-09-22T15:31:45.885373Z,2026-09-22T17:48:27.278172Z,0.0,27.64950840159089,79.55540590038703,27.613981727137276,79.44600338034289,-359.94290942892246,22,"[""HIP_100453"",""HIP_101769"",""HIP_103413"",""HIP_104060"",""HIP_90139"",""HIP_91262"",""HIP_92420"",""HIP_93194"",""HIP_93244"",""HIP_93747"",""HIP_95501"",""HIP_95947"",""HIP_96837"",""HIP_97165"",""HIP_97278"",""HIP_97365"",""HIP_97649"",""HIP_98036"",""HIP_98110"",""HIP_98337"",""HIP_99473"",""HIP_99675""]",1,3,2,-0.035526674453613794,-0.10940252004414219,-3950.385959794705,-10777.546828824905,11478.721640784082,
24,summary,sample-000024,24,,,2026-09-22T15:31:45.886450Z,,,27.64919021922873,79.55578291110731,27.598536139742844,79.44016786564612,0.0674039793716068,18,"[""HIP_100453"",""HIP_101076"",""HIP_101769"",""HIP_102098"",""HIP_103413"",""HIP_104060"",""HIP_90139"",""HIP_91262"",""HIP_92420"",""HIP_93194"",""HIP_93244"",""HIP_93747"",""HIP_95501"",""HIP_95947"",""HIP_96837"",""HIP_97165"",""HIP_97278"",""HIP_97365"",""HIP_97649"",""HIP_98036"",""HIP_98110"",""HIP_98337"",""HIP_99473"",""HIP_99675""]",1,3,2,-0.050654079485884296,-0.1156150454611975,-5632.4766526805515,-11390.380106210867,12706.90864646092,1960297.804517593
25,step,sample-000025,25,1,False,2026-09-22T15:32:53.371842Z,2026-09-22T17:56:16.848924Z,0.0,-53.81631041445612,95.8627038760103,-53.926332143769095,39.01601572101192,28.198729642151573,15,"[""HIP_41037"",""HIP_42913"",""HIP_45556"",""HIP_45941"",""HIP_46701"",""HIP_48002"",""HIP_50371"",""HIP_51232"",""HIP_51576"",""HIP_52419"",""HIP_56561"",""HIP_60718"",""HIP_61585"",""HIP_62322""]",3,5,0,-0.11002172931297594,-56.84668815499839,-12233.858120263856,-3726903.441627293,3624612.3857929744,
25,step,sample-000025,25,2,False,2026-09-22T15:32:53.375105Z,2026-09-22T17:41:20.139923Z,0.0,-53.81646426279806,95.86353008574662,-53.371889002724174,92.09568604872419,1.920876012287732,23,"[""HIP_41037"",""HIP_42913"",""HIP_45238"",""HIP_45556"",""HIP_46701"",""HIP_48002"",""HIP_50371"",""HIP_51576"",""HIP_52419"",""HIP_56561"",""HIP_60718"",""HIP_61585"",""HIP_62322"",""HIP_86228"",""HIP_86670"",""HIP_87073"",""HIP_89642"",""HIP_89931"",""HIP_90185"",""HIP_92855"",""HIP_93506"",""HIP_94141""]",2,5,0,0.4445752600738828,-3.767844037022428,49434.513431901025,-248656.10064920576,253489.9837111102,
25,step,sample-000025,25,3,False,2026-09-22T15:32:53.376444Z,2026-09-22T17:40:27.923002Z,0.0,-53.8152052663623,95.86239528430201,-49.79314990743556,25.959498375975176,32.14300167144594,13,"[""HIP_41037"",""HIP_42913"",""HIP_45556"",""HIP_46701"",""HIP_48002"",""HIP_50371"",""HIP_51576"",""HIP_52419"",""HIP_56561"",""HIP_60718"",""HIP_61585"",""HIP_62322""]",3,5,0,4.022055358926735,-69.90289690832684,447232.1505962127,-4806348.757669545,4629812.96075505,
25,step,sample-000025,25,4,False,2026-09-22T15:32:53.377688Z,2026-09-22T17:56:17.867218Z,0.0,-53.81664972658762,95.86290053070059,-47.39210453330993,9.236786580562788,40.49456261720835,15,"[""HIP_41037"",""HIP_42913"",""HIP_45556"",""HIP_45941"",""HIP_46701"",""HIP_48002"",""HIP_50371"",""HIP_51232"",""HIP_51576"",""HIP_52419"",""HIP_56561"",""HIP_60718"",""HIP_61585"",""HIP_62322""]",3,5,0,6.424545193277687,-86.62611395013779,714376.8314911649,-6113399.636146775,5766665.626956975,
25,step,sample-000025,25,5,False,2026-09-22T15:32:53.378777Z,2026-09-22T17:43:42.788496Z,0.0,-53.81619269379248,95.85965804209656,-53.20298350651448,92.09396183006416,1.9685161440785839,25,"[""HIP_41037"",""HIP_42913"",""HIP_45238"",""HIP_45556"",""HIP_46701"",""HIP_48002"",""HIP_50371"",""HIP_51576"",""HIP_52419"",""HIP_56561"",""HIP_60718"",""HIP_61585"",""HIP_62322"",""HIP_86228"",""HIP_86670"",""HIP_87073"",""HIP_87261"",""HIP_89642"",""HIP_89931"",""HIP_90185"",""HIP_92041"",""HIP_92855"",""HIP_93506"",""HIP_94141""]",2,5,0,0.6132091872780023,-3.7656962120323954,68185.75059714695,-249011.62223329325,258143.0231006652,
25,summary,sample-000025,25,,,2026-09-22T15:32:53.379955Z,,,-53.81627696615194,95.86244020279264,-51.537291818750646,51.68038971126765,20.99196277623619,18,"[""HIP_41037"",""HIP_42913"",""HIP_45238"",""HIP_45556"",""HIP_45941"",""HIP_46701"",""HIP_48002"",""HIP_50371"",""HIP_51232"",""HIP_51576"",""HIP_52419"",""HIP_56561"",""HIP_60718"",""HIP_61585"",""HIP_62322"",""HIP_86228"",""HIP_86670"",""HIP_87073"",""HIP_87261"",""HIP_89642"",""HIP_89931"",""HIP_90185"",""HIP_92041"",""HIP_92855"",""HIP_93506"",""HIP_94141""]",3,5,0,2.2789851474012934,-44.18205049152499,253411.5862893257,-2978695.090440492,2940954.8241896112,1999524.0853044735
26,step,sample-000026,26,1,True,2026-09-22T15:34:01.098788Z,2026-09-22T18:05:05.120833Z,0.0,-2.7404897728743167,42.85239441483395,-2.7691546057880356,42.795036583881966,0.08481885937569758,29,"[""HIP_84012"",""HIP_84143"",""HIP_84970"",""HIP_85423"",""HIP_85792"",""HIP_85927"",""HIP_86228"",""HIP_86263"",""HIP_86670"",""HIP_86742"",""HIP_87073"",""HIP_87261"",""HIP_88635"",""HIP_89341"",""HIP_89642"",""HIP_89931"",""HIP_89962"",""HIP_90185"",""HIP_90496"",""HIP_91117"",""HIP_92041"",""HIP_92855"",""HIP_93085"",""HIP_93429"",""HIP_93506"",""HIP_93683"",""HIP_93805"",""HIP_93864"",""HIP_95501""]",1,4,1,-0.028664832913718907,-0.05735783095198599,-3187.3839931195066,-6370.529153143903,7123.416143287499,
26,step,sample-000026,26,2,False,2026-09-22T15:34:01.100120Z,2026-09-22T18:04:41.568126Z,0.0,-2.741622619627234,42.85412434424745,-2.7270407830615833,42.79750065811399,0.07998633618770574,36,"[""HIP_100453"",""HIP_102098"",""HIP_102422"",""HIP_102488"",""HIP_104887"",""HIP_109492"",""HIP_84012"",""HIP_84143"",""HIP_84970"",""HIP_85423"",""HIP_85792"",""HIP_85927"",""HIP_86228"",""HIP_86263"",""HIP_86742"",""HIP_87073"",""HIP_88635"",""HIP_89341"",""HIP_89642"",""HIP_89931"",""HIP_89962"",""HIP_90185"",""HIP_90496"",""HIP_91117"",""HIP_91262"",""HIP_92175"",""HIP_93085"",""HIP_93429"",""HIP_93506"",""HIP_93683"",""HIP_93805"",""HIP_93864"",""HIP_94141"",""HIP_95947"",""HIP_97165"",""HIP_99675""]",1,4,1,0.014581836565650708,-0.056623686133463025,1621.4262472604748,-6289.098133728415,6494.750048207852,
26,step,sample-000026,26,3,False,2026-09-22T15:34:01.101192Z,2026-09-22T18:01:04.279513Z,0.0,-2.7403504686692695,42.85230926524355,-2.726861151893695,42.790311430535844,0.07533827183106262,36,"[""HIP_102098"",""HIP_102422"",""HIP_102488"",""HIP_104887"",""HIP_84012"",""HIP_84143"",""HIP_84970"",""HIP_85792"",""HIP_85927"",""HIP_86228"",""HIP_86263"",""HIP_86670"",""HIP_87073"",""HIP_88635"",""HIP_89341"",""HIP_89642"",""HIP_89931"",""HIP_89962"",""HIP_90185"",""HIP_90496"",""HIP_91117"",""HIP_91262"",""HIP_92041"",""HIP_92175"",""HIP_92855"",""HIP_93194"",""HIP_93429"",""HIP_93506"",""HIP_93683"",""HIP_93805"",""HIP_93864"",""HIP_94141"",""HIP_95947"",""HIP_97165"",""HIP_98110"",""HIP_99675""]",1,4,1,0.013489316775574522,-0.06199783470771081,1499.9435893452246,-6885.999995287558,7047.469508644562,
26,step,sample-000026,26,4,False,2026-09-22T15:34:01.102247Z,2026-09-22T17:54:03.796785Z,0.0,-2.742989569308623,42.85351606547334,-2.731119833546211,42.793018015993326,0.08050645094981265,39,"[""HIP_100453"",""HIP_102098"",""HIP_102422"",""HIP_102488"",""HIP_104732"",""HIP_104887"",""HIP_109492"",""HIP_81377"",""HIP_82396"",""HIP_82514"",""HIP_84012"",""HIP_84143"",""HIP_84970"",""HIP_85423"",""HIP_85792"",""HIP_85927"",""HIP_86228"",""HIP_86263"",""HIP_86670"",""HIP_87261"",""HIP_88635"",""HIP_89341"",""HIP_89642"",""HIP_89931"",""HIP_89962"",""HIP_90185"",""HIP_90496"",""HIP_91117"",""HIP_91262"",""HIP_92041"",""HIP_92175"",""HIP_93085"",""HIP_93194"",""HIP_93506"",""HIP_94141"",""HIP_95947"",""HIP_97165"",""HIP_98110"",""HIP_99675""]",1,4,1,0.011869735762412237,-0.06049804948003157,1319.8543973917242,-6719.40193281409,6847.800945768497,
26,step,sample-000026,26,5,False,2026-09-22T15:34:01.103461Z,2026-09-22T18:04:37.181041Z,0.0,-2.7418161875691993,42.85402829258234,-2.758032724575457,42.792478797233635,0.0712671623756368,28,"[""HIP_84012"",""HIP_84143"",""HIP_84970"",""HIP_85423"",""HIP_85792"",""HIP_85927"",""HIP_86228"",""HIP_86263"",""HIP_86742"",""HIP_87073"",""HIP_87261"",""HIP_88635"",""HIP_89341"",""HIP_89642"",""HIP_89931"",""HIP_89962"",""HIP_90185"",""HIP_90496"",""HIP_91117"",""HIP_92855"",""HIP_93085"",""HIP_93429"",""HIP_93506"",""HIP_93683"",""HIP_93805"",""HIP_93864"",""HIP_94141"",""HIP_95501""]",1,4,1,-0.016216537006257692,-0.061549495348714345,-1803.1966428395963,-6836.110419999108,7069.930939033163,
26,summary,sample-000026,26,,,2026-09-22T15:34:01.105310Z,,,-2.741511527538626,42.852877768133624,-2.7357636232692366,42.7933272254692,0.07677455533713208,35,"[""HIP_100453"",""HIP_102098"",""HIP_102422"",""HIP_102488"",""HIP_104732"",""HIP_104887"",""HIP_109492"",""HIP_81377"",""HIP_82396"",""HIP_82514"",""HIP_84012"",""HIP_84143"",""HIP_84970"",""HIP_85423"",""HIP_85792"",""HIP_85927"",""HIP_86228"",""HIP_86263"",""HIP_86670"",""HIP_86742"",""HIP_87073"",""HIP_87261"",""HIP_88635"",""HIP_89341"",""HIP_89642"",""HIP_89931"",""HIP_89962"",""HIP_90185"",""HIP_90496"",""HIP_91117"",""HIP_91262"",""HIP_92041"",""HIP_92175"",""HIP_92855"",""HIP_93085"",""HIP_93194"",""HIP_93429"",""HIP_93506"",""HIP_93683"",""HIP_93805"",""HIP_93864"",""HIP_94141"",""HIP_95501"",""HIP_95947"",""HIP_97165"",""HIP_98110"",""HIP_99675""]",1,4,1,0.005747904269389537,-0.059550542664425166,639.1377935947155,-6614.155436124387,6644.964199036971,1922874.88833888
27,step,sample-000027,27,1,False,2026-09-22T15:34:54.995451Z,2026-09-22T18:08:11.697405Z,0.0,38.848833516468744,141.07711182817877,38.96386393931843,141.39211598412865,0.4505058395942809,29,"[""HIP_22449"",""HIP_23685"",""HIP_23875"",""HIP_24436"",""HIP_25606"",""HIP_25930"",""HIP_25985"",""HIP_26207"",""HIP_26241"",""HIP_26311"",""HIP_26451"",""HIP_26727"",""HIP_27366"",""HIP_27673"",""HIP_27989"",""HIP_28380"",""HIP_29655"",""HIP_30343"",""HIP_31681"",""HIP_32246"",""HIP_32362"",""HIP_33018"",""HIP_35550"",""HIP_36188"",""HIP_36850"",""HIP_37279"",""HIP_37740"",""HIP_37826""]",2,4,1,0.11503042284968501,0.31500415594987885,12790.799430663297,27256.97951920495,30108.902458023815,
27,step,sample-000027,27,2,False,2026-09-22T15:34:54.996564Z,2026-09-22T18:07:20.816104Z,0.0,38.84766123064314,141.0764456321412,38.985923202598535,141.403988601918,0.4747759384705135,30,"[""HIP_21421"",""HIP_22449"",""HIP_23685"",""HIP_23875"",""HIP_24436"",""HIP_25336"",""HIP_25930"",""HIP_25985"",""HIP_26207"",""HIP_26241"",""HIP_26311"",""HIP_26451"",""HIP_26727"",""HIP_27366"",""HIP_27989"",""HIP_28380"",""HIP_29655"",""HIP_30343"",""HIP_31681"",""HIP_32246"",""HIP_32362"",""HIP_33018"",""HIP_34769"",""HIP_35350"",""HIP_35550"",""HIP_36188"",""HIP_37279"",""HIP_37740"",""HIP_37826""]",2,4,1,0.13826197195539436,0.3275429697768004,15374.029829312112,28337.78010400061,32239.5496190671,
27,step,sample-000027,27,3,False,2026-09-22T15:34:54.997708Z,2026-09-22T18:00:38.818745Z,0.0,38.84671945997772,141.0773490893871,38.9892451438563,141.40994675740006,0.47285154660698975,26,"[""HIP_22449"",""HIP_23875"",""HIP_24436"",""HIP_25930"",""HIP_25985"",""HIP_26207"",""HIP_26241"",""HIP_26311"",""HIP_26727"",""HIP_27366"",""HIP_27673"",""HIP_27989"",""HIP_28380"",""HIP_29655"",""HIP_30343"",""HIP_31681"",""HIP_32246"",""HIP_32362"",""HIP_33018"",""HIP_35350"",""HIP_35550"",""HIP_36188"",""HIP_36850"",""HIP_37740"",""HIP_37826""]",2,4,1,0.14252568387858133,0.33259766801296564,15848.132963844419,28774.610929588493,32850.256818683,
27,step,sample-000027,27,4,True,2026-09-22T15:34:54.998669Z,2026-09-22T18:09:21.812207Z,0.0,38.846487791441135,141.07845503226702,38.81322826698598,141.18995739873733,0.19728280221362055,26,"[""HIP_18543"",""HIP_22449"",""HIP_23685"",""HIP_23875"",""HIP_24305"",""HIP_24436"",""HIP_25606"",""HIP_25930"",""HIP_25985"",""HIP_26207"",""HIP_26241"",""HIP_26311"",""HIP_26451"",""HIP_26727"",""HIP_27366"",""HIP_27989"",""HIP_29655"",""HIP_30343"",""HIP_31681"",""HIP_32246"",""HIP_32362"",""HIP_35550"",""HIP_36188"",""HIP_36850"",""HIP_37740"",""HIP_37826""]",1,4,1,-0.03325952445515412,0.11150236647031875,-3698.2903820237702,9658.569906977467,10342.403256118245,
27,step,sample-000027,27,5,False,2026-09-22T15:34:54.999820Z,2026-09-22T18:07:23.228743Z,0.0,38.845946660715654,141.0766798990686,38.95332764438183,141.3845554469465,0.43516279852162315,32,"[""HIP_21421"",""HIP_22449"",""HIP_23685"",""HIP_23875"",""HIP_24436"",""HIP_25336"",""HIP_25606"",""HIP_25930"",""HIP_25985"",""HIP_26207"",""HIP_26241"",""HIP_26311"",""HIP_26451"",""HIP_26727"",""HIP_27366"",""HIP_27989"",""HIP_28380"",""HIP_29655"",""HIP_30343"",""HIP_31681"",""HIP_32246"",""HIP_32362"",""HIP_33018"",""HIP_34769"",""HIP_35350"",""HIP_35550"",""HIP_36188"",""HIP_36850"",""HIP_37279"",""HIP_37740"",""HIP_37826""]",2,4,1,0.10738098366617521,0.3078755478778987,11940.220601780913,26642.66692999275,29195.87782663107,
27,summary,sample-000027,27,,,2026-09-22T15:34:55.001011Z,,,38.847156585658404,141.07725662939572,38.973089982538774,141.39765169759835,0.45832403086668233,29,"[""HIP_21421"",""HIP_22449"",""HIP_23685"",""HIP_23875"",""HIP_24436"",""HIP_25336"",""HIP_25606"",""HIP_25930"",""HIP_25985"",""HIP_26207"",""HIP_26241"",""HIP_26311"",""HIP_26451"",""HIP_26727"",""HIP_27366"",""HIP_27673"",""HIP_27989"",""HIP_28380"",""HIP_29655"",""HIP_30343"",""HIP_31681"",""HIP_32246"",""HIP_32362"",""HIP_33018"",""HIP_34769"",""HIP_35350"",""HIP_35550"",""HIP_36188"",""HIP_36850"",""HIP_37279"",""HIP_37740"",""HIP_37826""]",2,4,1,0.1259333968803702,0.32039506820262886,14003.154828212866,27721.97541213089,31057.922688230217,1852807.5933147818
28,step,sample-000028,28,1,False,2026-09-22T15:35:47.963577Z,2026-09-22T18:13:23.005971Z,0.0,26.79353658199656,-128.5626127523587,-18.51425355932956,179.99999551925907,73.29732927113393,26,"[""HIP_23015"",""HIP_23416"",""HIP_23453"",""HIP_23767"",""HIP_24608"",""HIP_25336"",""HIP_25428"",""HIP_26207"",""HIP_26451"",""HIP_27989"",""HIP_28360"",""HIP_28380"",""HIP_29655"",""HIP_30343"",""HIP_31681"",""HIP_32246"",""HIP_32362"",""HIP_33018"",""HIP_35350"",""HIP_35550"",""HIP_36046"",""HIP_36188"",""HIP_37279"",""HIP_37740"",""HIP_37826"",""HIP_40526""]",3,5,0,-45.30779014132612,-51.43739172838224,-5037996.401191819,-5704655.063555032,7493100.423186466,
28,step,sample-000028,28,2,False,2026-09-22T15:35:47.965135Z,2026-09-22T18:03:47.711812Z,0.0,26.794728418749955,-128.56316718524369,-20.10915734501865,179.99999973693994,67.19418436308668,16,"[""HIP_23015"",""HIP_23416"",""HIP_23767"",""HIP_24608"",""HIP_25336"",""HIP_25428"",""HIP_26207"",""HIP_26451"",""HIP_27989"",""HIP_28360"",""HIP_28380"",""HIP_30343"",""HIP_32246"",""HIP_32362"",""HIP_35350"",""HIP_35550""]",3,5,0,-46.903885763768606,-51.436833077816345,-5215474.136847013,-5709783.426125944,7609776.73264811,
28,step,sample-000028,28,3,False,2026-09-22T15:35:47.966465Z,2026-09-22T18:06:09.124923Z,0.0,26.79244612642832,-128.56175749287166,-24.325470917949684,179.9999999961548,77.69011926773022,25,"[""HIP_23015"",""HIP_23416"",""HIP_23767"",""HIP_24608"",""HIP_25336"",""HIP_25428"",""HIP_25930"",""HIP_26207"",""HIP_26311"",""HIP_26451"",""HIP_26727"",""HIP_27989"",""HIP_28360"",""HIP_28380"",""HIP_29655"",""HIP_30343"",""HIP_31681"",""HIP_32246"",""HIP_32362"",""HIP_35350"",""HIP_35550"",""HIP_36046"",""HIP_36188"",""HIP_37279"",""HIP_37740""]",3,5,0,-51.117917044378004,-51.43824251097351,-5684053.035972251,-5718346.197627575,7923171.401296779,
28,step,sample-000028,28,4,False,2026-09-22T15:35:47.967659Z,2026-09-22T18:10:58.064509Z,0.0,26.79180008429611,-128.56199855312076,-19.87788927420588,179.99999998965555,70.85360856730837,23,"[""HIP_23015"",""HIP_23416"",""HIP_23453"",""HIP_23767"",""HIP_24608"",""HIP_25336"",""HIP_25428"",""HIP_26207"",""HIP_26451"",""HIP_27989"",""HIP_28360"",""HIP_28380"",""HIP_29655"",""HIP_30343"",""HIP_31681"",""HIP_32246"",""HIP_32362"",""HIP_33018"",""HIP_35350"",""HIP_35550"",""HIP_36188"",""HIP_37279"",""HIP_37740""]",3,5,0,-46.66968935850199,-51.43800145722366,-5189432.684742972,-5709237.222549667,7592686.0263444735,
28,step,sample-000028,28,5,False,2026-09-22T15:35:47.969200Z,2026-09-22T18:01:58.753000Z,0.0,26.793687601307546,-128.56254271413647,-23.987517304323493,179.9999999999998,83.184098032681,24,"[""HIP_23015"",""HIP_23416"",""HIP_24608"",""HIP_25336"",""HIP_25428"",""HIP_25930"",""HIP_26207"",""HIP_26311"",""HIP_26451"",""HIP_26727"",""HIP_27989"",""HIP_28360"",""HIP_28380"",""HIP_30343"",""HIP_31681"",""HIP_32246"",""HIP_32362"",""HIP_35350"",""HIP_35550"",""HIP_36188"",""HIP_37279"",""HIP_37740"",""HIP_37826"",""HIP_40526""]",3,5,0,-50.78120490563104,-51.43745728586373,-5646612.35440395,-5717869.402494861,7897827.993740232,
28,summary,sample-000028,28,,,2026-09-22T15:35:47.970637Z,,,26.793156292129535,-128.56245357130416,-21.362857680165458,179.99999904840183,74.44108685890869,23,"[""HIP_23015"",""HIP_23416"",""HIP_23453"",""HIP_23767"",""HIP_24608"",""HIP_25336"",""HIP_25428"",""HIP_25930"",""HIP_26207"",""HIP_26311"",""HIP_26451"",""HIP_26727"",""HIP_27989"",""HIP_28360"",""HIP_28380"",""HIP_29655"",""HIP_30343"",""HIP_31681"",""HIP_32246"",""HIP_32362"",""HIP_33018"",""HIP_35350"",""HIP_35550"",""HIP_36046"",""HIP_36188"",""HIP_37279"",""HIP_37740"",""HIP_37826"",""HIP_40526""]",3,5,0,-48.15601397229499,-51.437547380294006,-5354704.441143687,-5713173.404518027,7702185.795069956,2061713.9576631808
29,step,sample-000029,29,1,False,2026-09-22T15:36:44.774595Z,2026-09-22T18:06:30.759750Z,0.0,16.83072929415575,38.648782130365674,16.764309109961005,38.59010025120982,0.04201739329795776,16,"[""HIP_100345"",""HIP_84012"",""HIP_88635"",""HIP_89341"",""HIP_89642"",""HIP_89931"",""HIP_89962"",""HIP_90185"",""HIP_90496"",""HIP_91117"",""HIP_92041"",""HIP_92855"",""HIP_93085"",""HIP_93506"",""HIP_93805"",""HIP_94141""]",1,4,1,-0.06642018419474383,-0.058681879155869865,-7385.5875092526185,-6246.713191500802,9673.072040682133,
29,step,sample-000029,29,2,False,2026-09-22T15:36:44.776027Z,2026-09-22T18:03:49.937703Z,0.0,16.830829404733723,38.64804674811742,16.75155820747835,38.61539082663675,0.07891433627682673,17,"[""HIP_84012"",""HIP_84970"",""HIP_86263"",""HIP_88635"",""HIP_89341"",""HIP_89642"",""HIP_89931"",""HIP_89962"",""HIP_90185"",""HIP_90496"",""HIP_91117"",""HIP_92041"",""HIP_92855"",""HIP_93085"",""HIP_93506"",""HIP_93805"",""HIP_94141""]",1,4,1,-0.07927119725537324,-0.03265592148068208,-8814.554963837572,-3476.353781951993,9475.305395931284,
29,step,sample-000029,29,3,False,2026-09-22T15:36:44.777116Z,2026-09-22T18:16:53.977162Z,0.0,16.8323659243,38.64977126716494,16.8519635647421,38.62133417483861,0.06221071877252696,35,"[""HIP_100345"",""HIP_102098"",""HIP_102422"",""HIP_104060"",""HIP_105199"",""HIP_106481"",""HIP_109492"",""HIP_110991"",""HIP_111169"",""HIP_112158"",""HIP_112724"",""HIP_116727"",""HIP_3179"",""HIP_4427"",""HIP_746"",""HIP_84012"",""HIP_88635"",""HIP_89341"",""HIP_89931"",""HIP_89937"",""HIP_89962"",""HIP_90185"",""HIP_90496"",""HIP_91117"",""HIP_92041"",""HIP_92855"",""HIP_93085"",""HIP_93429"",""HIP_93506"",""HIP_93805"",""HIP_93864"",""HIP_94141"",""HIP_94376"",""HIP_97165"",""HIP_99675""]",1,4,1,0.019597640442100328,-0.028437092326328184,2179.1581913657838,-3026.4286711287778,3729.343212255352,
29,step,sample-000029,29,4,False,2026-09-22T15:36:44.778193Z,2026-09-22T18:04:20.107681Z,0.0,16.830376070944276,38.64893498813555,16.743421214080115,38.61834040106716,0.07567189448535057,19,"[""HIP_100345"",""HIP_84012"",""HIP_84970"",""HIP_86263"",""HIP_88635"",""HIP_89341"",""HIP_89642"",""HIP_89931"",""HIP_89962"",""HIP_90185"",""HIP_90496"",""HIP_91117"",""HIP_92041"",""HIP_92855"",""HIP_93085"",""HIP_93506"",""HIP_93805"",""HIP_93864"",""HIP_94141""]",1,4,1,-0.08695485686416049,-0.030594587068378587,-9668.93893039843,-3256.9901327547573,10202.762476489605,
29,step,sample-000029,29,5,True,2026-09-22T15:36:44.779412Z,2026-09-22T18:17:12.806972Z,0.0,16.83203732039802,38.648296015431754,16.855647459523215,38.62028796356275,0.06888771611514495,30,"[""HIP_102422"",""HIP_103413"",""HIP_104060"",""HIP_105199"",""HIP_106032"",""HIP_106481"",""HIP_109492"",""HIP_111169"",""HIP_112724"",""HIP_113726"",""HIP_116727"",""HIP_4427"",""HIP_746"",""HIP_84012"",""HIP_88635"",""HIP_89341"",""HIP_89931"",""HIP_89937"",""HIP_89962"",""HIP_90185"",""HIP_90496"",""HIP_91117"",""HIP_92041"",""HIP_92855"",""HIP_93085"",""HIP_93506"",""HIP_93683"",""HIP_94141"",""HIP_94376"",""HIP_99675""]",1,4,1,0.023610139125196383,-0.028008051868994244,2625.327688094038,-2980.741450466245,3972.0479464942605,
29,summary,sample-000029,29,,,2026-09-22T15:36:44.780936Z,,,16.832081036860128,38.648961178761766,16.77781302406539,38.611291413438096,0.06470358580338278,22,"[""HIP_100345"",""HIP_102098"",""HIP_102422"",""HIP_104060"",""HIP_105199"",""HIP_106481"",""HIP_109492"",""HIP_110991"",""HIP_111169"",""HIP_112158"",""HIP_112724"",""HIP_116727"",""HIP_3179"",""HIP_4427"",""HIP_746"",""HIP_84012"",""HIP_84970"",""HIP_86263"",""HIP_88635"",""HIP_89341"",""HIP_89642"",""HIP_89931"",""HIP_89937"",""HIP_89962"",""HIP_90185"",""HIP_90496"",""HIP_91117"",""HIP_92041"",""HIP_92855"",""HIP_93085"",""HIP_93429"",""HIP_93506"",""HIP_93805"",""HIP_93864"",""HIP_94141"",""HIP_94376"",""HIP_97165"",""HIP_99675""]",1,4,1,-0.054268012794736364,-0.03766976532367039,-6034.327701856685,-4009.806988892189,7245.112926810304,1990870.2043964094
30,step,sample-000030,30,1,True,2026-09-22T15:37:43.730446Z,2026-09-22T18:11:49.416919Z,0.0,-31.86267109852044,-37.55668673824627,-31.824014834634216,-37.749140332441215,0.10368938440450272,13,"[""HIP_53253"",""HIP_57363"",""HIP_59196"",""HIP_59747"",""HIP_60260"",""HIP_61585"",""HIP_61932"",""HIP_62322"",""HIP_62434"",""HIP_68002"",""HIP_68702"",""HIP_71683""]",1,4,1,0.03865626388622445,-0.19245359419494434,4298.380427181432,-18179.051605491954,18680.30722545944,
30,step,sample-000030,30,2,False,2026-09-22T15:37:43.732349Z,2026-09-22T18:14:34.705435Z,0.0,-31.862976322555337,-37.555544462152426,-31.937565769538413,-37.55765126451681,0.06946254423290406,22,"[""HIP_45238"",""HIP_48002"",""HIP_48774"",""HIP_50371"",""HIP_51576"",""HIP_52419"",""HIP_56561"",""HIP_57363"",""HIP_59196"",""HIP_59747"",""HIP_60260"",""HIP_61585"",""HIP_62322"",""HIP_62434"",""HIP_88635"",""HIP_89642"",""HIP_90496"",""HIP_92041"",""HIP_92855"",""HIP_93506"",""HIP_94141""]",1,4,1,-0.0745894469830759,-0.0021068023643806555,-8293.968085741328,-198.88439022237975,8296.352306639657,
30,step,sample-000030,30,3,False,2026-09-22T15:37:43.733609Z,2026-09-22T18:26:29.947899Z,0.0,-31.862299983726082,-37.558264072056545,-31.982220549184653,-37.534460848830776,0.10641919478805233,15,"[""HIP_45238"",""HIP_48002"",""HIP_50371"",""HIP_51576"",""HIP_52419"",""HIP_56561"",""HIP_57363"",""HIP_59196"",""HIP_59747"",""HIP_60260"",""HIP_61585"",""HIP_61932"",""HIP_62322"",""HIP_62434""]",1,4,1,-0.1199205654585711,0.023803223225769443,-13334.558479339817,2246.512703125358,13522.47259773281,
30,step,sample-000030,30,4,False,2026-09-22T15:37:43.734810Z,2026-09-22T18:20:29.564679Z,0.0,-31.861757941248886,-37.55694135061526,-31.9214829051153,-37.580984456900275,0.09817518404387815,28,"[""HIP_45238"",""HIP_48002"",""HIP_48774"",""HIP_50099"",""HIP_50371"",""HIP_51576"",""HIP_52419"",""HIP_56561"",""HIP_59196"",""HIP_59747"",""HIP_60260"",""HIP_60718"",""HIP_61084"",""HIP_61585"",""HIP_61932"",""HIP_62322"",""HIP_62434"",""HIP_65109"",""HIP_67464"",""HIP_68002"",""HIP_68702"",""HIP_71683"",""HIP_71908"",""HIP_74395"",""HIP_74946"",""HIP_77952"",""HIP_82273""]",1,4,1,-0.05972496386641524,-0.024043106285006388,-6641.112975974963,-2269.9081542435274,7018.323415088335,
30,step,sample-000030,30,5,False,2026-09-22T15:37:43.735774Z,2026-09-22T18:12:14.035230Z,0.0,-31.86254809660505,-37.556385050989064,-31.932897300143317,-37.60968795801649,0.0951374470955188,24,"[""HIP_45238"",""HIP_47854"",""HIP_48002"",""HIP_48774"",""HIP_50371"",""HIP_51232"",""HIP_51576"",""HIP_52419"",""HIP_52727"",""HIP_53253"",""HIP_56561"",""HIP_57363"",""HIP_59196"",""HIP_59747"",""HIP_60260"",""HIP_60718"",""HIP_61084"",""HIP_61585"",""HIP_61932"",""HIP_62322"",""HIP_65109"",""HIP_68702"",""HIP_74946""]",1,4,1,-0.07034920353826735,-0.05330290702741536,-7822.4745269407695,-5031.990574906808,9301.184305393424,
30,summary,sample-000030,30,,,2026-09-22T15:37:43.736829Z,,,-31.862823640649832,-37.556742606808626,-31.94354163099542,-37.570696132066075,0.09229859265263571,22,"[""HIP_45238"",""HIP_47854"",""HIP_48002"",""HIP_48774"",""HIP_50099"",""HIP_50371"",""HIP_51232"",""HIP_51576"",""HIP_52419"",""HIP_52727"",""HIP_53253"",""HIP_56561"",""HIP_57363"",""HIP_59196"",""HIP_59747"",""HIP_60260"",""HIP_60718"",""HIP_61084"",""HIP_61585"",""HIP_61932"",""HIP_62322"",""HIP_62434"",""HIP_65109"",""HIP_67464"",""HIP_68002"",""HIP_68702"",""HIP_71683"",""HIP_71908"",""HIP_74395"",""HIP_74946"",""HIP_77952"",""HIP_82273"",""HIP_88635"",""HIP_89642"",""HIP_90496"",""HIP_92041"",""HIP_92855"",""HIP_93506"",""HIP_94141""]",1,4,1,-0.0807179903455868,-0.013953525257448973,-8975.431015373724,-1317.1859995738173,9071.56768404738,1924810.2498393308
31,step,sample-000031,31,1,False,2026-09-22T15:38:56.984592Z,2026-09-22T18:28:09.849000Z,0.0,23.13034675482537,-149.03290955592624,23.05182749701108,-149.13046500900504,0.05431621041645111,38,"[""HIP_18246"",""HIP_20894"",""HIP_21421"",""HIP_22449"",""HIP_23015"",""HIP_23416"",""HIP_23453"",""HIP_23767"",""HIP_23875"",""HIP_24436"",""HIP_25336"",""HIP_25428"",""HIP_25930"",""HIP_25985"",""HIP_26241"",""HIP_26311"",""HIP_26451"",""HIP_26727"",""HIP_27366"",""HIP_28360"",""HIP_28380"",""HIP_29655"",""HIP_30324"",""HIP_30343"",""HIP_33579"",""HIP_33856"",""HIP_33977"",""HIP_34444"",""HIP_35264"",""HIP_35904"",""HIP_37229"",""HIP_37677"",""HIP_37819"",""HIP_38170"",""HIP_38414"",""HIP_39429"",""HIP_39757""]",1,5,0,-0.07851925781429259,-0.09755545307879743,-8730.94311284546,-9978.583324236584,13259.014481355238,
31,step,sample-000031,31,2,False,2026-09-22T15:38:56.985876Z,2026-09-22T18:20:53.270886Z,0.0,23.128989179966673,-149.03139791146577,23.064454919169396,-149.11158306826235,0.05798057273609495,42,"[""HIP_17702"",""HIP_18246"",""HIP_20894"",""HIP_21421"",""HIP_22449"",""HIP_23015"",""HIP_23416"",""HIP_23767"",""HIP_23875"",""HIP_24436"",""HIP_24608"",""HIP_25336"",""HIP_25428"",""HIP_25930"",""HIP_26207"",""HIP_26241"",""HIP_26311"",""HIP_26451"",""HIP_26727"",""HIP_27366"",""HIP_27989"",""HIP_28380"",""HIP_29655"",""HIP_30324"",""HIP_30343"",""HIP_32246"",""HIP_32349"",""HIP_32362"",""HIP_33579"",""HIP_33856"",""HIP_33977"",""HIP_34444"",""HIP_35264"",""HIP_35904"",""HIP_37229"",""HIP_37677"",""HIP_37819"",""HIP_38170"",""HIP_38414"",""HIP_39429"",""HIP_39757""]",1,5,0,-0.0645342607972772,-0.08018515679657412,-7175.882395414062,-8201.496574559844,10897.606229565547,
31,step,sample-000031,31,3,False,2026-09-22T15:38:56.986981Z,2026-09-22T18:35:38.206880Z,0.0,23.13108845541338,-149.03086536663756,23.056310974212927,-149.12004007302556,0.056086152367955666,39,"[""HIP_18246"",""HIP_20889"",""HIP_20894"",""HIP_21421"",""HIP_22449"",""HIP_23015"",""HIP_23416"",""HIP_23767"",""HIP_25336"",""HIP_25428"",""HIP_25930"",""HIP_25985"",""HIP_26207"",""HIP_26241"",""HIP_26451"",""HIP_26727"",""HIP_27989"",""HIP_28360"",""HIP_28380"",""HIP_30122"",""HIP_30324"",""HIP_30343"",""HIP_32349"",""HIP_33579"",""HIP_33856"",""HIP_33977"",""HIP_34444"",""HIP_35037"",""HIP_35264"",""HIP_35904"",""HIP_37229"",""HIP_37677"",""HIP_37819"",""HIP_38170"",""HIP_38414"",""HIP_39429"",""HIP_39757"",""HIP_46651""]",1,5,0,-0.07477748120045291,-0.08917470638800751,-8314.876536749232,-9121.17067611984,12342.321722025194,
31,step,sample-000031,31,4,False,2026-09-22T15:38:56.988066Z,2026-09-22T18:21:06.564847Z,0.0,23.129264781464713,-149.03131197168102,23.07224251271099,-149.08337637282753,0.061967632280726374,47,"[""HIP_20894"",""HIP_21421"",""HIP_23416"",""HIP_23767"",""HIP_23875"",""HIP_24436"",""HIP_24608"",""HIP_25336"",""HIP_25428"",""HIP_25930"",""HIP_25985"",""HIP_26207"",""HIP_26241"",""HIP_26311"",""HIP_26451"",""HIP_26727"",""HIP_27366"",""HIP_28380"",""HIP_29655"",""HIP_30324"",""HIP_30343"",""HIP_32246"",""HIP_32349"",""HIP_33579"",""HIP_33856"",""HIP_33977"",""HIP_34444"",""HIP_35037"",""HIP_35264"",""HIP_35904"",""HIP_37229"",""HIP_37447"",""HIP_37677"",""HIP_37819"",""HIP_38170"",""HIP_38414"",""HIP_39429"",""HIP_39757"",""HIP_46853"",""HIP_50801"",""HIP_53910"",""HIP_54061"",""HIP_54539"",""HIP_58001"",""HIP_62956""]",1,5,0,-0.05702226875372318,-0.052064401146509454,-6340.586991176563,-5325.090202885428,8280.07398173922,
31,step,sample-000031,31,5,False,2026-09-22T15:38:56.989070Z,2026-09-22T18:27:14.705993Z,0.0,23.131235751773616,-149.0322048705589,23.033426882467374,-149.11953218749042,0.03750610253991654,30,"[""HIP_20894"",""HIP_21421"",""HIP_22449"",""HIP_23875"",""HIP_24436"",""HIP_25336"",""HIP_25606"",""HIP_25930"",""HIP_25985"",""HIP_26241"",""HIP_26311"",""HIP_26451"",""HIP_26727"",""HIP_27366"",""HIP_27989"",""HIP_30324"",""HIP_33579"",""HIP_33856"",""HIP_33977"",""HIP_34444"",""HIP_35264"",""HIP_35904"",""HIP_37229"",""HIP_37677"",""HIP_37819"",""HIP_38170"",""HIP_38414"",""HIP_39429"",""HIP_39757""]",1,5,0,-0.09780886930624177,-0.08732731693152118,-10875.850047694787,-8932.967315942627,14074.16025970752,
31,summary,sample-000031,31,,,2026-09-22T15:38:56.990158Z,,,23.129956438953315,-149.0320346306839,23.055652557114353,-149.11299934212218,0.05357133410328372,39,"[""HIP_17702"",""HIP_18246"",""HIP_20889"",""HIP_20894"",""HIP_21421"",""HIP_22449"",""HIP_23015"",""HIP_23416"",""HIP_23453"",""HIP_23767"",""HIP_23875"",""HIP_24436"",""HIP_24608"",""HIP_25336"",""HIP_25428"",""HIP_25606"",""HIP_25930"",""HIP_25985"",""HIP_26207"",""HIP_26241"",""HIP_26311"",""HIP_26451"",""HIP_26727"",""HIP_27366"",""HIP_27989"",""HIP_28360"",""HIP_28380"",""HIP_29655"",""HIP_30122"",""HIP_30324"",""HIP_30343"",""HIP_32246"",""HIP_32349"",""HIP_32362"",""HIP_33579"",""HIP_33856"",""HIP_33977"",""HIP_34444"",""HIP_35037"",""HIP_35264"",""HIP_35904"",""HIP_37229"",""HIP_37447"",""HIP_37677"",""HIP_37819"",""HIP_38170"",""HIP_38414"",""HIP_39429"",""HIP_39757"",""HIP_46651"",""HIP_46853"",""HIP_50801"",""HIP_53910"",""HIP_54061"",""HIP_54539"",""HIP_58001"",""HIP_62956""]",1,5,0,-0.07430388183896142,-0.08096471143826989,-8262.214690489274,-8281.472423187588,11698.160559574488,1863096.9566367578
32,step,sample-000032,32,1,False,2026-09-22T15:39:29.699575Z,2026-09-22T18:31:17.667690Z,0.0,-18.183862416928914,80.20637579125531,89.99999999991725,-177.23765068212856,1.1074172511935083,18,"[""HIP_100064"",""HIP_100345"",""HIP_105881"",""HIP_106278"",""HIP_106985"",""HIP_107315"",""HIP_107556"",""HIP_109427"",""HIP_110960"",""HIP_112029"",""HIP_112158"",""HIP_112748"",""HIP_113726"",""HIP_113881"",""HIP_113963"",""HIP_677"",""HIP_99473""]",3,5,0,108.18386241684617,102.55597352661613,12029496.645566246,9236533.281656142,12029496.645577446,
32,step,sample-000032,32,2,False,2026-09-22T15:39:29.700780Z,2026-09-22T18:26:12.375711Z,0.0,-18.18410311651722,80.20798830775084,89.99999999999999,-168.88290074953892,-7.242288314316782,15,"[""HIP_100064"",""HIP_100345"",""HIP_105881"",""HIP_106278"",""HIP_1067"",""HIP_106985"",""HIP_107556"",""HIP_113726"",""HIP_113881"",""HIP_113963"",""HIP_3092"",""HIP_5447"",""HIP_677"",""HIP_99473""]",3,5,0,108.1841031165172,110.90911094271024,12029523.410148509,9988859.91060531,12029523.41014851,
32,step,sample-000032,32,3,False,2026-09-22T15:39:29.701862Z,2026-09-22T18:31:24.287540Z,0.0,-18.184257660966484,80.20703498587937,89.99999999999999,-129.8264261397221,-27.88073137649024,21,"[""HIP_1067"",""HIP_107315"",""HIP_109074"",""HIP_109427"",""HIP_112029"",""HIP_112158"",""HIP_112748"",""HIP_113726"",""HIP_113881"",""HIP_113963"",""HIP_12706"",""HIP_14135"",""HIP_3092"",""HIP_5447"",""HIP_6537"",""HIP_677"",""HIP_7097"",""HIP_8102"",""HIP_8645"",""HIP_9487""]",3,5,0,108.18425766096647,149.96653887439857,12029540.594707208,13506520.773856683,12029540.59470721,
32,step,sample-000032,32,4,False,2026-09-22T15:39:29.702866Z,2026-09-22T18:26:37.086181Z,0.0,-18.18662424460689,80.2055488947114,89.99999999999999,-135.92002379326976,19.70647166461572,14,"[""HIP_100064"",""HIP_100345"",""HIP_105881"",""HIP_106278"",""HIP_1067"",""HIP_106985"",""HIP_107556"",""HIP_113726"",""HIP_113881"",""HIP_113963"",""HIP_3092"",""HIP_5447"",""HIP_677"",""HIP_99473""]",3,5,0,108.18662424460688,143.87442731201884,12029803.746801501,12958037.27273794,12029803.746801505,
32,step,sample-000032,32,5,False,2026-09-22T15:39:29.703934Z,2026-09-22T18:37:55.337653Z,0.0,-18.184542618104135,80.20772147642327,89.99999999741624,-145.31514087009612,92.44738892486978,7,"[""HIP_100064"",""HIP_100345"",""HIP_102618"",""HIP_105881"",""HIP_106278"",""HIP_107556"",""HIP_99473""]",3,5,0,108.18454261552037,134.4771376534806,12029572.280207926,12111511.924297107,12029572.280696519,
32,summary,sample-000032,32,,,2026-09-22T15:39:29.705006Z,,,-18.18534428250985,80.20666636291975,89.9999999994667,-151.43642844695108,11.41236760327622,15,"[""HIP_100064"",""HIP_100345"",""HIP_102618"",""HIP_105881"",""HIP_106278"",""HIP_1067"",""HIP_106985"",""HIP_107315"",""HIP_107556"",""HIP_109074"",""HIP_109427"",""HIP_110960"",""HIP_112029"",""HIP_112158"",""HIP_112748"",""HIP_113726"",""HIP_113881"",""HIP_113963"",""HIP_12706"",""HIP_14135"",""HIP_3092"",""HIP_5447"",""HIP_6537"",""HIP_677"",""HIP_7097"",""HIP_8102"",""HIP_8645"",""HIP_9487"",""HIP_99473""]",3,5,0,108.18534428197654,128.35690519012917,12029661.421450714,11560359.550930081,12029661.421546817,2180802.096165197
33,step,sample-000033,33,1,False,2026-09-22T15:40:23.291767Z,2026-09-22T18:31:50.344164Z,0.0,-13.087187463463446,-14.46728828648898,-13.098808765530272,-14.595818673642961,359.98358647658006,27,"[""HIP_64962"",""HIP_66657"",""HIP_68702"",""HIP_68933"",""HIP_71352"",""HIP_71683"",""HIP_71860"",""HIP_71908"",""HIP_73273"",""HIP_73334"",""HIP_73714"",""HIP_74946"",""HIP_75264"",""HIP_76297"",""HIP_77952"",""HIP_78384"",""HIP_79664"",""HIP_80000"",""HIP_82273"",""HIP_82363"",""HIP_82729"",""HIP_83081"",""HIP_84143"",""HIP_85258"",""HIP_85792"",""HIP_90422""]",1,5,0,-0.011621302066826544,-0.12853038715397247,-1292.2298308350364,-13920.389151885094,13980.23916581413,
33,step,sample-000033,33,2,False,2026-09-22T15:40:23.293762Z,2026-09-22T18:32:25.489540Z,0.0,-13.087466581024362,-14.46841070327801,-13.118715343216078,-14.579601750959073,359.99999996912277,24,"[""HIP_66657"",""HIP_68702"",""HIP_68933"",""HIP_71352"",""HIP_71683"",""HIP_71860"",""HIP_71908"",""HIP_73273"",""HIP_74376"",""HIP_74946"",""HIP_75264"",""HIP_76297"",""HIP_77952"",""HIP_78384"",""HIP_79664"",""HIP_80000"",""HIP_82273"",""HIP_82729"",""HIP_83081"",""HIP_84143"",""HIP_85258"",""HIP_85792"",""HIP_88714""]",1,5,0,-0.031248762191715684,-0.1111910476810749,-3474.7038196410863,-12041.971168641092,12533.260938117119,
33,step,sample-000033,33,3,False,2026-09-22T15:40:23.294858Z,2026-09-22T18:47:30.597090Z,0.0,-13.085591267237183,-14.467315299071572,-13.13111414823135,-14.601209650115992,359.9999999936125,21,"[""HIP_66657"",""HIP_68702"",""HIP_71683"",""HIP_71860"",""HIP_71908"",""HIP_73273"",""HIP_74395"",""HIP_74946"",""HIP_75264"",""HIP_76297"",""HIP_77952"",""HIP_79664"",""HIP_80000"",""HIP_82273"",""HIP_82363"",""HIP_82514"",""HIP_83081"",""HIP_84143"",""HIP_85258"",""HIP_85792"",""HIP_88714""]",1,5,0,-0.04552288099416657,-0.13389435104443237,-5061.913412795328,-14500.424956507135,15358.55701346484,
33,step,sample-000033,33,4,False,2026-09-22T15:40:23.295916Z,2026-09-22T18:30:17.561764Z,0.0,-13.088351631832468,-14.468352476966174,-13.123404037839522,-14.556499787526676,359.9999999653702,27,"[""HIP_66657"",""HIP_68702"",""HIP_68933"",""HIP_71352"",""HIP_71683"",""HIP_71860"",""HIP_71908"",""HIP_73273"",""HIP_73334"",""HIP_74395"",""HIP_74824"",""HIP_74946"",""HIP_75264"",""HIP_76297"",""HIP_77952"",""HIP_78384"",""HIP_79664"",""HIP_80000"",""HIP_82273"",""HIP_82729"",""HIP_83081"",""HIP_83153"",""HIP_84143"",""HIP_85258"",""HIP_85792"",""HIP_90422""]",1,5,0,-0.03505240600705406,-0.08814731056048686,-3897.649714669666,-9546.23034549472,10311.264853490338,
33,step,sample-000033,33,5,False,2026-09-22T15:40:23.297186Z,2026-09-22T18:40:20.288977Z,0.0,-13.088063597516676,-14.468271984465105,-13.119414189084516,-14.58804843763929,359.99999996418495,22,"[""HIP_66657"",""HIP_68702"",""HIP_68933"",""HIP_71683"",""HIP_71860"",""HIP_71908"",""HIP_73273"",""HIP_74395"",""HIP_74946"",""HIP_75264"",""HIP_76297"",""HIP_77952"",""HIP_78384"",""HIP_79664"",""HIP_80000"",""HIP_82273"",""HIP_82729"",""HIP_83081"",""HIP_83153"",""HIP_84143"",""HIP_85258"",""HIP_85792""]",1,5,0,-0.031350591567839814,-0.1197764531741825,-3486.0267296494694,-12971.734948307969,13431.987265429005,
33,summary,sample-000033,33,,,2026-09-22T15:40:23.298277Z,,,-13.087077434740385,-14.467170989048697,-13.118291296780347,-14.584235659976798,-0.0032827262043552095,24,"[""HIP_64962"",""HIP_66657"",""HIP_68702"",""HIP_68933"",""HIP_71352"",""HIP_71683"",""HIP_71860"",""HIP_71908"",""HIP_73273"",""HIP_73334"",""HIP_73714"",""HIP_74376"",""HIP_74395"",""HIP_74824"",""HIP_74946"",""HIP_75264"",""HIP_76297"",""HIP_77952"",""HIP_78384"",""HIP_79664"",""HIP_80000"",""HIP_82273"",""HIP_82363"",""HIP_82514"",""HIP_82729"",""HIP_83081"",""HIP_83153"",""HIP_84143"",""HIP_85258"",""HIP_85792"",""HIP_88714"",""HIP_90422""]",1,5,0,-0.031213862039962237,-0.11706467092810158,-3470.8230998269773,-12678.104488346828,13144.616347108375,2115115.505867679
34,step,sample-000034,34,1,False,2026-09-22T15:41:32.028952Z,2026-09-22T18:40:14.067333Z,0.0,-43.43818933202482,-146.62200933623694,-43.61159990523355,-146.505524499607,359.68458561071475,21,"[""HIP_59196"",""HIP_59747"",""HIP_61585"",""HIP_61932"",""HIP_62322"",""HIP_63613"",""HIP_66657"",""HIP_68002"",""HIP_68702"",""HIP_68933"",""HIP_71352"",""HIP_71683"",""HIP_71860"",""HIP_71908"",""HIP_73273"",""HIP_74395"",""HIP_74946"",""HIP_75264"",""HIP_77952"",""HIP_82273""]",1,5,0,-0.17341057320872721,0.1164848366299509,-19282.375967335305,9391.553329945706,21447.86779486871,
34,step,sample-000034,34,2,False,2026-09-22T15:41:32.030344Z,2026-09-22T18:38:03.783817Z,0.0,-43.44030567164929,-146.6194722711255,-43.48195512301471,-146.57744346402058,359.933933869493,26,"[""HIP_23875"",""HIP_24436"",""HIP_25606"",""HIP_25930"",""HIP_25985"",""HIP_26241"",""HIP_26311"",""HIP_26727"",""HIP_27366"",""HIP_56561"",""HIP_59196"",""HIP_59747"",""HIP_61585"",""HIP_62322"",""HIP_65109"",""HIP_66657"",""HIP_68002"",""HIP_68702"",""HIP_68933"",""HIP_71352"",""HIP_71860"",""HIP_73273"",""HIP_74395"",""HIP_74946"",""HIP_77952""]",1,5,0,-0.04164945136541576,0.04202880710491286,-4631.207689363522,3392.139027423497,5740.61753885659,
34,step,sample-000034,34,3,False,2026-09-22T15:41:32.031471Z,2026-09-22T18:40:12.865839Z,0.0,-43.4382709953073,-146.62181311384947,-43.500248708809835,-146.53125056290673,359.9522288116997,25,"[""HIP_59196"",""HIP_59747"",""HIP_60260"",""HIP_61585"",""HIP_61932"",""HIP_62322"",""HIP_63613"",""HIP_66657"",""HIP_68002"",""HIP_68702"",""HIP_68933"",""HIP_71352"",""HIP_71683"",""HIP_71860"",""HIP_71908"",""HIP_73273"",""HIP_73334"",""HIP_74395"",""HIP_74946"",""HIP_75264"",""HIP_77952"",""HIP_79664"",""HIP_82273""]",1,5,0,-0.06197771350253589,0.09056255094273524,-6891.607306511955,7308.307677413008,10045.17734357112,
34,step,sample-000034,34,4,False,2026-09-22T15:41:32.032556Z,2026-09-22T18:38:26.392222Z,0.0,-43.438741164893166,-146.61984912249352,-43.44882142244231,-146.46416302196926,359.9892262462034,17,"[""HIP_59196"",""HIP_61585"",""HIP_61932"",""HIP_62322"",""HIP_64962"",""HIP_65109"",""HIP_66657"",""HIP_68002"",""HIP_68895"",""HIP_68933"",""HIP_71352"",""HIP_71683"",""HIP_71860"",""HIP_73273"",""HIP_77952"",""HIP_82273""]",1,5,0,-0.010080257549141436,0.1556861005242638,-1120.8734987350413,12569.008103346148,12618.885633680333,
34,step,sample-000034,34,5,False,2026-09-22T15:41:32.033675Z,2026-09-22T18:47:21.975135Z,0.0,-43.441066417746995,-146.6207167950754,-43.543508932419286,-146.59534458560827,359.99731163594845,18,"[""HIP_60718"",""HIP_61084"",""HIP_61585"",""HIP_61932"",""HIP_66657"",""HIP_68002"",""HIP_68933"",""HIP_71352"",""HIP_71683"",""HIP_71860"",""HIP_71908"",""HIP_73273"",""HIP_73334"",""HIP_74395"",""HIP_74946"",""HIP_77952"",""HIP_82273""]",1,5,0,-0.10244251467229049,0.02537220946712182,-11391.087904269472,2046.731790966598,11573.503812814499,
34,summary,sample-000034,34,,,2026-09-22T15:41:32.034829Z,,,-43.439498524544184,-146.6211245065491,-43.51722681838394,-146.53474522682237,-0.08854265862332616,21,"[""HIP_23875"",""HIP_24436"",""HIP_25606"",""HIP_25930"",""HIP_25985"",""HIP_26241"",""HIP_26311"",""HIP_26727"",""HIP_27366"",""HIP_56561"",""HIP_59196"",""HIP_59747"",""HIP_60260"",""HIP_60718"",""HIP_61084"",""HIP_61585"",""HIP_61932"",""HIP_62322"",""HIP_63613"",""HIP_64962"",""HIP_65109"",""HIP_66657"",""HIP_68002"",""HIP_68702"",""HIP_68895"",""HIP_68933"",""HIP_71352"",""HIP_71683"",""HIP_71860"",""HIP_71908"",""HIP_73273"",""HIP_73334"",""HIP_74395"",""HIP_74946"",""HIP_75264"",""HIP_77952"",""HIP_79664"",""HIP_82273""]",1,5,0,-0.07772829383975477,0.0863792797267422,-8642.991931718238,6969.671949200795,11103.044839530381,2053232.7864256746
35,step,sample-000035,35,1,False,2026-09-22T15:42:08.212113Z,2026-09-22T18:39:52.454736Z,0.0,10.861189427860895,88.46011247060147,45.710300262537004,-179.9999999624745,-33.82845997756719,14,"[""HIP_10064"",""HIP_105199"",""HIP_109492"",""HIP_110991"",""HIP_111169"",""HIP_112724"",""HIP_14328"",""HIP_15863"",""HIP_3179"",""HIP_4427"",""HIP_6686"",""HIP_746"",""HIP_7607"",""HIP_8886""]",3,5,0,34.84911083467611,91.539887566924,3875044.3228899073,8963377.762903312,9263934.155698115,
35,step,sample-000035,35,2,False,2026-09-22T15:42:08.213586Z,2026-09-22T18:43:55.675775Z,0.0,10.859228384661549,88.45907647779455,49.51748890085967,-179.99999999410016,-29.5170852394789,13,"[""HIP_105199"",""HIP_109492"",""HIP_110991"",""HIP_111169"",""HIP_112724"",""HIP_14328"",""HIP_2920"",""HIP_3179"",""HIP_4427"",""HIP_6686"",""HIP_746"",""HIP_7607"",""HIP_8886""]",3,5,0,38.65826051619812,91.54092352810528,4298602.442304891,8798395.05811092,9201695.607300764,
35,step,sample-000035,35,3,False,2026-09-22T15:42:08.214697Z,2026-09-22T18:47:14.273760Z,0.0,10.859842016478472,88.46064897423918,51.2561682276399,-179.99999999791365,-27.77750212443085,13,"[""HIP_105199"",""HIP_109492"",""HIP_110991"",""HIP_111169"",""HIP_112724"",""HIP_116584"",""HIP_14328"",""HIP_3179"",""HIP_4427"",""HIP_6686"",""HIP_746"",""HIP_7607"",""HIP_8886""]",3,5,0,40.39632621116142,91.53935102784715,4491866.52975976,8719546.79750806,9174152.3233818,
35,step,sample-000035,35,4,False,2026-09-22T15:42:08.215792Z,2026-09-22T18:53:05.595645Z,0.0,10.859863630853969,88.45877564387087,49.56022061193018,-179.99999999088388,-25.82579100295796,12,"[""HIP_105199"",""HIP_109492"",""HIP_110991"",""HIP_111169"",""HIP_112724"",""HIP_14328"",""HIP_3179"",""HIP_4427"",""HIP_6686"",""HIP_746"",""HIP_7607"",""HIP_8886""]",3,5,0,38.70035698107621,91.54122436524528,4303283.3556290055,8796486.289540054,9200981.788205551,
35,step,sample-000035,35,5,False,2026-09-22T15:42:08.216993Z,2026-09-22T18:57:18.886230Z,0.0,10.859910209090769,88.4610055139151,52.69674020854377,-179.9999999902833,-24.4418741406992,12,"[""HIP_105199"",""HIP_109492"",""HIP_110991"",""HIP_111169"",""HIP_112724"",""HIP_2920"",""HIP_3179"",""HIP_4427"",""HIP_6686"",""HIP_746"",""HIP_7607"",""HIP_8886""]",3,5,0,41.836829999453,91.5389944958016,4652043.242830051,8652807.222047616,9152009.673827587,
35,summary,sample-000035,35,,,2026-09-22T15:42:08.218323Z,,,10.860175103673425,88.45980194084649,49.74818364230211,-179.9999999871311,-28.277110335860232,13,"[""HIP_10064"",""HIP_105199"",""HIP_109492"",""HIP_110991"",""HIP_111169"",""HIP_112724"",""HIP_116584"",""HIP_14328"",""HIP_15863"",""HIP_2920"",""HIP_3179"",""HIP_4427"",""HIP_6686"",""HIP_746"",""HIP_7607"",""HIP_8886""]",3,5,0,38.88800853862868,91.5401980720224,4324149.25680579,8787960.848327199,9197888.367543422,2257365.803029039
36,step,sample-000036,36,1,False,2026-09-22T15:43:19.356588Z,2026-09-22T19:06:09.545307Z,0.0,49.619204477126765,98.57007177414829,81.14328079577186,-179.69599354774067,69.51266927184848,41,"[""HIP_100453"",""HIP_100587"",""HIP_101076"",""HIP_102098"",""HIP_102422"",""HIP_102453"",""HIP_102488"",""HIP_103413"",""HIP_104060"",""HIP_104732"",""HIP_104887"",""HIP_105102"",""HIP_105199"",""HIP_106032"",""HIP_106481"",""HIP_107259"",""HIP_107418"",""HIP_107533"",""HIP_109857"",""HIP_111169"",""HIP_113726"",""HIP_116805"",""HIP_17702"",""HIP_20894"",""HIP_21421"",""HIP_22449"",""HIP_23015"",""HIP_23416"",""HIP_25336"",""HIP_25428"",""HIP_26207"",""HIP_26451"",""HIP_28360"",""HIP_28380"",""HIP_29655"",""HIP_30343"",""HIP_32246"",""HIP_33018"",""HIP_97165"",""HIP_98110"",""HIP_99675""]",3,5,0,31.524076318645093,81.73393467811104,3505317.353789212,3786030.965770046,4438184.256919804,
36,step,sample-000036,36,2,False,2026-09-22T15:43:19.358446Z,2026-09-22T19:04:21.041249Z,0.0,49.61877306681441,98.57138898438984,80.71234242423895,-179.99987971885685,69.75627200933751,35,"[""HIP_100453"",""HIP_101076"",""HIP_102098"",""HIP_102422"",""HIP_102453"",""HIP_102488"",""HIP_104060"",""HIP_104732"",""HIP_104887"",""HIP_105102"",""HIP_105199"",""HIP_106032"",""HIP_106481"",""HIP_107533"",""HIP_109492"",""HIP_109857"",""HIP_111169"",""HIP_17702"",""HIP_20894"",""HIP_21421"",""HIP_22449"",""HIP_23015"",""HIP_23416"",""HIP_25336"",""HIP_25428"",""HIP_26207"",""HIP_26451"",""HIP_28380"",""HIP_29655"",""HIP_30343"",""HIP_32246"",""HIP_94376"",""HIP_97165"",""HIP_98110"",""HIP_99675""]",3,5,0,31.093569357424542,81.42873129675331,3457447.163816321,3802853.1282916768,4434860.006594872,
36,step,sample-000036,36,3,False,2026-09-22T15:43:19.359624Z,2026-09-22T18:58:08.158173Z,0.0,49.61901058783943,98.57359540169494,82.50601801819961,-179.9999873859145,69.84153643227029,26,"[""HIP_100453"",""HIP_101076"",""HIP_102098"",""HIP_102422"",""HIP_102453"",""HIP_102488"",""HIP_103413"",""HIP_104060"",""HIP_104732"",""HIP_104887"",""HIP_105102"",""HIP_105199"",""HIP_109492"",""HIP_21421"",""HIP_23015"",""HIP_25336"",""HIP_25428"",""HIP_26207"",""HIP_26451"",""HIP_28380"",""HIP_29655"",""HIP_30343"",""HIP_32246"",""HIP_97165"",""HIP_98110"",""HIP_99675""]",3,5,0,32.88700743036018,81.42641721239056,3656868.378777958,3673649.7568378528,4429935.958063816,
36,step,sample-000036,36,4,False,2026-09-22T15:43:19.360767Z,2026-09-22T18:48:04.479575Z,0.0,49.617298371401986,98.56921166714699,82.50489857530975,-179.99999775003795,78.98641320679904,33,"[""HIP_100453"",""HIP_101076"",""HIP_102098"",""HIP_102422"",""HIP_102453"",""HIP_102488"",""HIP_104060"",""HIP_104732"",""HIP_104887"",""HIP_105102"",""HIP_105199"",""HIP_106481"",""HIP_107259"",""HIP_17702"",""HIP_18246"",""HIP_20894"",""HIP_21421"",""HIP_22449"",""HIP_23015"",""HIP_23416"",""HIP_23453"",""HIP_23767"",""HIP_25428"",""HIP_26207"",""HIP_26451"",""HIP_28360"",""HIP_28380"",""HIP_29655"",""HIP_30343"",""HIP_32246"",""HIP_97165"",""HIP_98110"",""HIP_99675""]",3,5,0,32.887600203907766,81.43079058281506,3656934.2921890994,3674051.570008222,4430186.580548313,
36,step,sample-000036,36,5,False,2026-09-22T15:43:19.361931Z,2026-09-22T18:48:58.100344Z,0.0,49.61800762972175,98.57230341803847,82.18521201441312,-179.99997060398204,60.52831075841315,26,"[""HIP_100453"",""HIP_101076"",""HIP_102422"",""HIP_102453"",""HIP_102488"",""HIP_104060"",""HIP_104732"",""HIP_104887"",""HIP_105102"",""HIP_105199"",""HIP_106032"",""HIP_106481"",""HIP_109492"",""HIP_111169"",""HIP_113726"",""HIP_17702"",""HIP_20894"",""HIP_21421"",""HIP_22449"",""HIP_23015"",""HIP_26207"",""HIP_26451"",""HIP_94376"",""HIP_97165"",""HIP_98110"",""HIP_99675""]",3,5,0,32.56720438469137,81.42772597797949,3621307.902574109,3696934.686854366,4430384.407493462,
36,summary,sample-000036,36,,,2026-09-22T15:43:19.363049Z,,,49.618200230595264,98.57140548189204,81.81035036558666,-179.9391658013064,69.7248721843966,32,"[""HIP_100453"",""HIP_100587"",""HIP_101076"",""HIP_102098"",""HIP_102422"",""HIP_102453"",""HIP_102488"",""HIP_103413"",""HIP_104060"",""HIP_104732"",""HIP_104887"",""HIP_105102"",""HIP_105199"",""HIP_106032"",""HIP_106481"",""HIP_107259"",""HIP_107418"",""HIP_107533"",""HIP_109492"",""HIP_109857"",""HIP_111169"",""HIP_113726"",""HIP_116805"",""HIP_17702"",""HIP_18246"",""HIP_20894"",""HIP_21421"",""HIP_22449"",""HIP_23015"",""HIP_23416"",""HIP_23453"",""HIP_23767"",""HIP_25336"",""HIP_25428"",""HIP_26207"",""HIP_26451"",""HIP_28360"",""HIP_28380"",""HIP_29655"",""HIP_30343"",""HIP_32246"",""HIP_33018"",""HIP_94376"",""HIP_97165"",""HIP_98110"",""HIP_99675""]",3,5,0,32.192150134991394,81.48942871680157,3579603.77279099,3726760.7445045873,4432018.0431359215,2317772.809698675
37,step,sample-000037,37,1,False,2026-09-22T15:44:54.420394Z,2026-09-22T19:07:57.647722Z,0.0,-68.49478152589994,-138.58518721760657,-68.50636830302791,-138.45753619603454,-0.08299372405698939,42,"[""HIP_30324"",""HIP_30438"",""HIP_31685"",""HIP_32349"",""HIP_33579"",""HIP_33977"",""HIP_34444"",""HIP_35264"",""HIP_35904"",""HIP_36377"",""HIP_37229"",""HIP_37819"",""HIP_38170"",""HIP_38414"",""HIP_39757"",""HIP_65109"",""HIP_68002"",""HIP_68702"",""HIP_68933"",""HIP_71352"",""HIP_71683"",""HIP_73273"",""HIP_73334"",""HIP_74395"",""HIP_75264"",""HIP_76297"",""HIP_77952"",""HIP_82363"",""HIP_82396"",""HIP_82514"",""HIP_82729"",""HIP_83081"",""HIP_84143"",""HIP_85258"",""HIP_85792"",""HIP_85927"",""HIP_86228"",""HIP_86670"",""HIP_87073"",""HIP_87261""]",1,5,0,-0.011586777127973846,0.127651021572035,-1288.3908327919028,5202.0393978072125,5359.212000736677,
37,step,sample-000037,37,2,False,2026-09-22T15:44:54.421723Z,2026-09-22T19:01:38.769080Z,0.0,-68.49439661679416,-138.58822860000782,-68.5111397797851,-138.47714442597498,-0.03294543232036063,42,"[""HIP_30324"",""HIP_30438"",""HIP_31685"",""HIP_32349"",""HIP_33579"",""HIP_33977"",""HIP_34444"",""HIP_35264"",""HIP_35904"",""HIP_37229"",""HIP_37819"",""HIP_38170"",""HIP_39757"",""HIP_60718"",""HIP_65109"",""HIP_66657"",""HIP_68002"",""HIP_68933"",""HIP_71352"",""HIP_71683"",""HIP_71860"",""HIP_73273"",""HIP_73714"",""HIP_74376"",""HIP_74395"",""HIP_75264"",""HIP_76297"",""HIP_77952"",""HIP_79664"",""HIP_82363"",""HIP_82396"",""HIP_82514"",""HIP_82729"",""HIP_83081"",""HIP_84143"",""HIP_85258"",""HIP_85792"",""HIP_85927"",""HIP_86228"",""HIP_86670"",""HIP_87073""]",1,5,0,-0.01674316299093448,0.11108417403283966,-1861.75478057485,4526.466643506359,4894.386847818399,
37,step,sample-000037,37,3,False,2026-09-22T15:44:54.422872Z,2026-09-22T18:58:46.362169Z,0.0,-68.49405230860859,-138.583798322921,-68.47649442880801,-138.43296978307694,-0.056517914724070084,30,"[""HIP_30324"",""HIP_31685"",""HIP_32349"",""HIP_33579"",""HIP_34444"",""HIP_35904"",""HIP_36377"",""HIP_39757"",""HIP_68002"",""HIP_71352"",""HIP_71683"",""HIP_71860"",""HIP_71908"",""HIP_73273"",""HIP_74395"",""HIP_76297"",""HIP_77952"",""HIP_82363"",""HIP_82396"",""HIP_82514"",""HIP_82729"",""HIP_83081"",""HIP_84143"",""HIP_85258"",""HIP_85792"",""HIP_85927"",""HIP_86228"",""HIP_86670"",""HIP_87073""]",1,5,0,0.017557879800577325,0.15082853984407052,1952.3471564591753,6150.737662799308,6453.154910255334,
37,step,sample-000037,37,4,False,2026-09-22T15:44:54.423967Z,2026-09-22T19:04:35.719295Z,0.0,-68.49561956577539,-138.5843614391659,-68.49851347366405,-138.43579079908062,-0.08442087022213941,36,"[""HIP_30324"",""HIP_31685"",""HIP_32349"",""HIP_32768"",""HIP_33579"",""HIP_33977"",""HIP_34444"",""HIP_35264"",""HIP_35904"",""HIP_37819"",""HIP_38170"",""HIP_39757"",""HIP_65109"",""HIP_68002"",""HIP_68702"",""HIP_68933"",""HIP_71352"",""HIP_71860"",""HIP_73273"",""HIP_73714"",""HIP_74395"",""HIP_75264"",""HIP_76297"",""HIP_82396"",""HIP_82514"",""HIP_82729"",""HIP_83081"",""HIP_84143"",""HIP_85258"",""HIP_85792"",""HIP_85927"",""HIP_86228"",""HIP_86670"",""HIP_86929"",""HIP_87073""]",1,5,0,-0.0028939078886622838,0.14857064008526777,-321.78787539591247,6055.497697278754,6064.040060394361,
37,step,sample-000037,37,5,False,2026-09-22T15:44:54.425057Z,2026-09-22T19:13:43.608477Z,0.0,-68.49308664926743,-138.58631698323177,-68.4904041385694,-138.49784251500208,-0.02164314767951529,37,"[""HIP_30324"",""HIP_30438"",""HIP_31685"",""HIP_32349"",""HIP_32768"",""HIP_33579"",""HIP_33977"",""HIP_34444"",""HIP_35264"",""HIP_35904"",""HIP_37819"",""HIP_38170"",""HIP_39757"",""HIP_68933"",""HIP_69996"",""HIP_71352"",""HIP_71683"",""HIP_71860"",""HIP_73273"",""HIP_74395"",""HIP_75141"",""HIP_75264"",""HIP_76297"",""HIP_77952"",""HIP_82396"",""HIP_82514"",""HIP_82729"",""HIP_83081"",""HIP_84143"",""HIP_85258"",""HIP_85792"",""HIP_85927"",""HIP_86228"",""HIP_86670"",""HIP_87073"",""HIP_87261""]",1,5,0,0.002682510698022611,0.08847446822969118,298.28158028986826,3606.9255066730016,3619.237658113051,
37,summary,sample-000037,37,,,2026-09-22T15:44:54.426092Z,,,-68.49452750522497,-138.58345436804407,-68.4965840247709,-138.46025674383384,-0.05570421787473637,37,"[""HIP_30324"",""HIP_30438"",""HIP_31685"",""HIP_32349"",""HIP_32768"",""HIP_33579"",""HIP_33977"",""HIP_34444"",""HIP_35264"",""HIP_35904"",""HIP_36377"",""HIP_37229"",""HIP_37819"",""HIP_38170"",""HIP_38414"",""HIP_39757"",""HIP_60718"",""HIP_65109"",""HIP_66657"",""HIP_68002"",""HIP_68702"",""HIP_68933"",""HIP_69996"",""HIP_71352"",""HIP_71683"",""HIP_71860"",""HIP_71908"",""HIP_73273"",""HIP_73334"",""HIP_73714"",""HIP_74376"",""HIP_74395"",""HIP_75141"",""HIP_75264"",""HIP_76297"",""HIP_77952"",""HIP_79664"",""HIP_82363"",""HIP_82396"",""HIP_82514"",""HIP_82729"",""HIP_83081"",""HIP_84143"",""HIP_85258"",""HIP_85792"",""HIP_85927"",""HIP_86228"",""HIP_86670"",""HIP_86929"",""HIP_87073"",""HIP_87261""]",1,5,0,-0.0020565195459312235,0.12319762421023484,-228.67454005292365,5021.6708963244055,5026.873995942274,2255266.1627877904
38,step,sample-000038,38,1,False,2026-09-22T15:46:05.567624Z,2026-09-22T19:11:54.656004Z,0.0,18.598055349227653,98.74080921541122,72.41555925203927,-179.9999999995838,-229.2469402272579,28,"[""HIP_17358"",""HIP_17529"",""HIP_18246"",""HIP_18532"",""HIP_20889"",""HIP_20894"",""HIP_23015"",""HIP_23416"",""HIP_23453"",""HIP_23767"",""HIP_23875"",""HIP_24436"",""HIP_24608"",""HIP_25336"",""HIP_25428"",""HIP_25930"",""HIP_26207"",""HIP_26241"",""HIP_26311"",""HIP_26451"",""HIP_26727"",""HIP_27366"",""HIP_27989"",""HIP_28360"",""HIP_28380"",""HIP_29655"",""HIP_30343""]",3,5,0,53.81750390281162,81.25919078500499,5984233.398666392,6332376.855698373,7746198.699620506,
38,step,sample-000038,38,2,False,2026-09-22T15:46:05.568901Z,2026-09-22T19:17:51.123758Z,0.0,18.597693229673553,98.74260260529468,77.92755065012763,-179.99999999999824,-231.69559218009687,39,"[""HIP_109492"",""HIP_14328"",""HIP_14354"",""HIP_15863"",""HIP_17358"",""HIP_18246"",""HIP_18532"",""HIP_18543"",""HIP_20889"",""HIP_21421"",""HIP_23015"",""HIP_23416"",""HIP_23453"",""HIP_23767"",""HIP_23875"",""HIP_24436"",""HIP_24608"",""HIP_25336"",""HIP_25930"",""HIP_25985"",""HIP_26207"",""HIP_26241"",""HIP_26311"",""HIP_26451"",""HIP_26727"",""HIP_27366"",""HIP_27989"",""HIP_28360"",""HIP_28380"",""HIP_2920"",""HIP_29655"",""HIP_30343"",""HIP_3179"",""HIP_4427"",""HIP_6686"",""HIP_746"",""HIP_7607"",""HIP_8886""]",3,5,0,59.329857420454076,81.25739739470708,6597179.14369952,6015028.955786998,7783798.261653854,
38,step,sample-000038,38,3,False,2026-09-22T15:46:05.570059Z,2026-09-22T19:09:51.369050Z,0.0,18.598369117129725,98.7415404787867,82.60842421290019,-179.99999999996191,-233.40682960528812,40,"[""HIP_105199"",""HIP_106032"",""HIP_109492"",""HIP_112724"",""HIP_116727"",""HIP_14328"",""HIP_15863"",""HIP_17358"",""HIP_17702"",""HIP_18532"",""HIP_20889"",""HIP_20894"",""HIP_23015"",""HIP_23416"",""HIP_23453"",""HIP_23767"",""HIP_23875"",""HIP_24436"",""HIP_25336"",""HIP_25428"",""HIP_25930"",""HIP_26207"",""HIP_26241"",""HIP_26311"",""HIP_26451"",""HIP_26727"",""HIP_27366"",""HIP_27989"",""HIP_28360"",""HIP_28380"",""HIP_2920"",""HIP_29655"",""HIP_30343"",""HIP_3179"",""HIP_4427"",""HIP_6686"",""HIP_746"",""HIP_7607"",""HIP_8886""]",3,5,0,64.01005509577047,81.25845952125138,7117593.380888361,5734711.680171215,7832441.869539702,
38,step,sample-000038,38,4,False,2026-09-22T15:46:05.571177Z,2026-09-22T19:14:01.750970Z,0.0,18.596729051281446,98.74133468570147,67.74712656094364,-179.99999999999991,-234.48515329551248,27,"[""HIP_17358"",""HIP_17702"",""HIP_18246"",""HIP_18532"",""HIP_20894"",""HIP_21421"",""HIP_23015"",""HIP_23416"",""HIP_23875"",""HIP_24436"",""HIP_24608"",""HIP_25336"",""HIP_25428"",""HIP_25930"",""HIP_25985"",""HIP_26207"",""HIP_26241"",""HIP_26311"",""HIP_26451"",""HIP_26727"",""HIP_27366"",""HIP_27989"",""HIP_28360"",""HIP_28380"",""HIP_29655"",""HIP_30343""]",3,5,0,49.1503975096622,81.25866531429858,5465274.84563779,6589663.141568565,7731495.296694601,
38,step,sample-000038,38,5,False,2026-09-22T15:46:05.572263Z,2026-09-22T19:19:23.433093Z,0.0,18.599647826448976,98.74070478330589,72.45326570621346,-179.99999999996663,-239.5913036052734,39,"[""HIP_109492"",""HIP_14328"",""HIP_17702"",""HIP_18532"",""HIP_18543"",""HIP_20894"",""HIP_21421"",""HIP_22449"",""HIP_23015"",""HIP_23416"",""HIP_23453"",""HIP_23767"",""HIP_23875"",""HIP_24436"",""HIP_24608"",""HIP_25336"",""HIP_25428"",""HIP_25606"",""HIP_25930"",""HIP_25985"",""HIP_26207"",""HIP_26241"",""HIP_26311"",""HIP_26451"",""HIP_26727"",""HIP_27366"",""HIP_27989"",""HIP_28360"",""HIP_28380"",""HIP_2920"",""HIP_29655"",""HIP_30343"",""HIP_3179"",""HIP_4427"",""HIP_6686"",""HIP_746"",""HIP_7607"",""HIP_8886""]",3,5,0,53.853617879764485,81.25929521672748,5988249.089684509,6330174.18071173,7746217.908462303,
38,summary,sample-000038,38,,,2026-09-22T15:46:05.573352Z,,,18.59795781870017,98.74098409332868,74.63038527644484,-179.99999999990212,126.31596665735648,35,"[""HIP_105199"",""HIP_106032"",""HIP_109492"",""HIP_112724"",""HIP_116727"",""HIP_14328"",""HIP_14354"",""HIP_15863"",""HIP_17358"",""HIP_17529"",""HIP_17702"",""HIP_18246"",""HIP_18532"",""HIP_18543"",""HIP_20889"",""HIP_20894"",""HIP_21421"",""HIP_22449"",""HIP_23015"",""HIP_23416"",""HIP_23453"",""HIP_23767"",""HIP_23875"",""HIP_24436"",""HIP_24608"",""HIP_25336"",""HIP_25428"",""HIP_25606"",""HIP_25930"",""HIP_25985"",""HIP_26207"",""HIP_26241"",""HIP_26311"",""HIP_26451"",""HIP_26727"",""HIP_27366"",""HIP_27989"",""HIP_28360"",""HIP_28380"",""HIP_2920"",""HIP_29655"",""HIP_30343"",""HIP_3179"",""HIP_4427"",""HIP_6686"",""HIP_746"",""HIP_7607"",""HIP_8886""]",3,5,0,56.032427457744674,81.2590159067692,6230521.660880478,6206617.271030182,7758715.66220749,2400093.7811935716
39,step,sample-000039,39,1,False,2026-09-22T15:46:52.602367Z,2026-09-22T19:18:51.119976Z,0.0,56.09735131470689,-56.26660351445797,89.99999999999999,-151.60120929886946,290.4129294611521,21,"[""HIP_100453"",""HIP_102098"",""HIP_102422"",""HIP_102488"",""HIP_104194"",""HIP_104732"",""HIP_104887"",""HIP_105199"",""HIP_109492"",""HIP_91262"",""HIP_92420"",""HIP_93194"",""HIP_95947"",""HIP_96683"",""HIP_96837"",""HIP_97165"",""HIP_97365"",""HIP_98110"",""HIP_98337"",""HIP_99675""]",3,4,1,33.902648685293094,-95.3346057844115,3769802.5336174113,-3090738.4372191844,3769802.5336174145,
39,step,sample-000039,39,2,False,2026-09-22T15:46:52.603747Z,2026-09-22T19:13:45.323469Z,0.0,56.09749621868723,-56.26590874128584,89.99999999193827,-151.48812712282992,290.19128758440155,20,"[""HIP_100453"",""HIP_102098"",""HIP_102422"",""HIP_102488"",""HIP_104732"",""HIP_104887"",""HIP_105199"",""HIP_106481"",""HIP_109492"",""HIP_91262"",""HIP_92420"",""HIP_93194"",""HIP_95947"",""HIP_96837"",""HIP_97165"",""HIP_97365"",""HIP_98110"",""HIP_98337"",""HIP_99675""]",3,4,1,33.902503773251034,-95.22221838154408,3769786.4201335246,-3087082.042138395,3769786.4211115395,
39,step,sample-000039,39,3,False,2026-09-22T15:46:52.604882Z,2026-09-22T19:29:06.466680Z,0.0,56.09481843926244,-56.266989879798786,89.99999999156739,-150.90946337264154,289.056275487823,27,"[""HIP_100453"",""HIP_102422"",""HIP_102488"",""HIP_104732"",""HIP_104887"",""HIP_105199"",""HIP_106481"",""HIP_109492"",""HIP_84345"",""HIP_84379"",""HIP_84380"",""HIP_86032"",""HIP_86974"",""HIP_91262"",""HIP_92420"",""HIP_93194"",""HIP_94779"",""HIP_95853"",""HIP_95947"",""HIP_96837"",""HIP_97165"",""HIP_97278"",""HIP_97365"",""HIP_98110"",""HIP_98337"",""HIP_99675""]",3,4,1,33.90518155230495,-94.64247349284275,3770084.1755789956,-3068522.0828927453,3770084.176592551,
39,step,sample-000039,39,4,True,2026-09-22T15:46:52.606484Z,2026-09-22T19:23:18.123984Z,0.0,56.09514209788827,-56.26896249999274,89.99999999164908,-149.55342758663537,286.39650062234097,28,"[""HIP_100453"",""HIP_102488"",""HIP_102589"",""HIP_104732"",""HIP_104887"",""HIP_105199"",""HIP_109492"",""HIP_76267"",""HIP_77070"",""HIP_80816"",""HIP_81693"",""HIP_84345"",""HIP_84379"",""HIP_86032"",""HIP_91262"",""HIP_92420"",""HIP_93194"",""HIP_93747"",""HIP_95853"",""HIP_95947"",""HIP_96837"",""HIP_97165"",""HIP_97278"",""HIP_97365"",""HIP_98110"",""HIP_98337"",""HIP_99675""]",3,4,1,33.904857893760806,-93.28446508664263,3770048.186390921,-3024464.3684143014,3770048.187372703,
39,step,sample-000039,39,5,False,2026-09-22T15:46:52.607737Z,2026-09-22T19:20:32.626223Z,0.0,56.09674555671721,-56.263922656389354,89.99999999326756,-151.2660517612936,290.53670458549846,19,"[""HIP_100453"",""HIP_102098"",""HIP_102422"",""HIP_102488"",""HIP_104732"",""HIP_104887"",""HIP_105199"",""HIP_106481"",""HIP_109492"",""HIP_91262"",""HIP_93194"",""HIP_95947"",""HIP_96837"",""HIP_97165"",""HIP_97365"",""HIP_98110"",""HIP_98337"",""HIP_99675""]",3,4,1,33.903254436550355,-95.00212910490424,3769869.8900840273,-3080012.9931866387,3769869.890897914,
39,summary,sample-000039,39,,,2026-09-22T15:46:52.609086Z,,,56.09608865406364,-56.26627223554473,89.9999999941933,-151.31621288890864,-69.95069040756988,22,"[""HIP_100453"",""HIP_102098"",""HIP_102422"",""HIP_102488"",""HIP_104194"",""HIP_104732"",""HIP_104887"",""HIP_105199"",""HIP_106481"",""HIP_109492"",""HIP_84345"",""HIP_84379"",""HIP_84380"",""HIP_86032"",""HIP_86974"",""HIP_91262"",""HIP_92420"",""HIP_93194"",""HIP_94779"",""HIP_95853"",""HIP_95947"",""HIP_96683"",""HIP_96837"",""HIP_97165"",""HIP_97278"",""HIP_97365"",""HIP_98110"",""HIP_98337"",""HIP_99675""]",3,4,1,33.90391134012966,-95.0499406533639,3769942.9344293405,-3081621.020922661,3769942.93513185,2435218.11847404
40,step,sample-000040,40,1,False,2026-09-22T15:48:08.651623Z,2026-09-22T19:33:43.622324Z,0.0,-39.25612670826943,22.550633429021104,-39.17797813379506,22.46844481520074,0.08134336920861221,19,"[""HIP_80112"",""HIP_80763"",""HIP_81266"",""HIP_82396"",""HIP_82514"",""HIP_82729"",""HIP_84012"",""HIP_84143"",""HIP_84970"",""HIP_85423"",""HIP_85792"",""HIP_85927"",""HIP_86170"",""HIP_86670"",""HIP_87073"",""HIP_87261"",""HIP_88635"",""HIP_89642"",""HIP_92041""]",1,3,2,0.07814857447436907,-0.0821886138203638,8689.725006054305,-7080.4648720938185,11209.115788009778,
40,step,sample-000040,40,2,False,2026-09-22T15:48:08.653052Z,2026-09-22T19:35:23.114506Z,0.0,-39.25890502536,22.550191592543058,-39.255087475636444,22.472277318896626,0.15470924081055742,24,"[""HIP_80112"",""HIP_80763"",""HIP_81266"",""HIP_82396"",""HIP_82514"",""HIP_82729"",""HIP_84012"",""HIP_84143"",""HIP_84970"",""HIP_85423"",""HIP_85792"",""HIP_85927"",""HIP_86170"",""HIP_87073"",""HIP_87261"",""HIP_88635"",""HIP_89341"",""HIP_89642"",""HIP_89931"",""HIP_90496"",""HIP_93085"",""HIP_93864"",""HIP_94141""]",1,3,2,0.0038175497235570788,-0.077914273646428,424.49216147288485,-6708.414434014434,6721.831222710899,
40,step,sample-000040,40,3,True,2026-09-22T15:48:08.654690Z,2026-09-22T19:19:27.594488Z,0.0,-39.2576214238286,22.5514030301446,-40.36454566355448,24.880428220097222,0.7685194377291552,21,"[""HIP_71908"",""HIP_74946"",""HIP_77952"",""HIP_78401"",""HIP_78820"",""HIP_80112"",""HIP_80763"",""HIP_81266"",""HIP_81377"",""HIP_82396"",""HIP_82514"",""HIP_83081"",""HIP_84012"",""HIP_84143"",""HIP_85258"",""HIP_85792"",""HIP_85927"",""HIP_86228"",""HIP_87073"",""HIP_89642""]",2,3,2,-1.1069242397258776,2.329025189952631,-123084.35963740291,198934.7571880583,233920.42822429762,
40,step,sample-000040,40,4,False,2026-09-22T15:48:08.656507Z,2026-09-22T19:31:27.077522Z,0.0,-39.258479122516746,22.550535182221267,-39.25936230761098,22.482121921287433,0.131490746990647,23,"[""HIP_77952"",""HIP_80000"",""HIP_80763"",""HIP_81266"",""HIP_82396"",""HIP_82514"",""HIP_82729"",""HIP_83081"",""HIP_84012"",""HIP_84143"",""HIP_85258"",""HIP_85792"",""HIP_86670"",""HIP_87073"",""HIP_87261"",""HIP_88635"",""HIP_89341"",""HIP_89642"",""HIP_89931"",""HIP_93085"",""HIP_93506"",""HIP_93864"",""HIP_94141""]",1,3,2,-0.0008831850942314645,-0.0684132609338235,-98.2057017666354,-5890.216099731527,5891.034578795841,
40,step,sample-000040,40,5,True,2026-09-22T15:48:08.658028Z,2026-09-22T19:22:29.930132Z,0.0,-39.25732155765245,22.551646530031775,-39.736093265429,23.730940003896443,0.5062985210679483,34,"[""HIP_71908"",""HIP_74946"",""HIP_77952"",""HIP_78401"",""HIP_78820"",""HIP_80000"",""HIP_80112"",""HIP_80763"",""HIP_81266"",""HIP_81377"",""HIP_82273"",""HIP_82396"",""HIP_82514"",""HIP_82729"",""HIP_83081"",""HIP_84012"",""HIP_84143"",""HIP_84970"",""HIP_85258"",""HIP_85423"",""HIP_85792"",""HIP_85927"",""HIP_86170"",""HIP_86228"",""HIP_86670"",""HIP_87073"",""HIP_87261"",""HIP_88635"",""HIP_89341"",""HIP_89642"",""HIP_89931"",""HIP_90496"",""HIP_93085""]",2,3,2,-0.478771707776545,1.179293473864675,-53236.98492570303,101189.04459933445,114337.53567707229,
40,summary,sample-000040,40,,,2026-09-22T15:48:08.659433Z,,,-39.257426382466015,22.550919255213643,-39.23080930568083,22.47428135179493,0.12251445294066336,22,"[""HIP_77952"",""HIP_80000"",""HIP_80112"",""HIP_80763"",""HIP_81266"",""HIP_82396"",""HIP_82514"",""HIP_82729"",""HIP_83081"",""HIP_84012"",""HIP_84143"",""HIP_84970"",""HIP_85258"",""HIP_85423"",""HIP_85792"",""HIP_85927"",""HIP_86170"",""HIP_86670"",""HIP_87073"",""HIP_87261"",""HIP_88635"",""HIP_89341"",""HIP_89642"",""HIP_89931"",""HIP_90496"",""HIP_92041"",""HIP_93085"",""HIP_93506"",""HIP_93864"",""HIP_94141""]",1,3,2,0.0266170767851861,-0.0766379034187139,2959.6839006213554,-6599.730953768054,7232.991946857769,2374518.490310861
41,step,sample-000041,41,1,False,2026-09-22T15:49:16.978045Z,2026-09-22T19:38:19.043306Z,0.0,-17.085661331217846,91.5346109717969,-16.44228669832887,90.77451173214567,1.2458929438466273,27,"[""HIP_10064"",""HIP_14354"",""HIP_14576"",""HIP_20894"",""HIP_22449"",""HIP_23875"",""HIP_24436"",""HIP_24674"",""HIP_25336"",""HIP_25606"",""HIP_25930"",""HIP_25985"",""HIP_26207"",""HIP_26241"",""HIP_26311"",""HIP_26634"",""HIP_26727"",""HIP_27288"",""HIP_27366"",""HIP_30122"",""HIP_30324"",""HIP_5447"",""HIP_8796"",""HIP_8903"",""HIP_9640"",""HIP_9884""]",2,5,0,0.6433746328889747,-0.7600992396512254,71539.99510905944,-80927.20226691868,108014.29269344802,
41,step,sample-000041,41,2,False,2026-09-22T15:49:16.979877Z,2026-09-22T19:34:21.450053Z,0.0,-17.083210451017447,91.53485483970218,-16.71843174245637,91.16638425600648,0.7749204711092182,30,"[""HIP_10602"",""HIP_17678"",""HIP_19780"",""HIP_20894"",""HIP_22449"",""HIP_23875"",""HIP_24305"",""HIP_24436"",""HIP_24674"",""HIP_25281"",""HIP_25336"",""HIP_25606"",""HIP_25930"",""HIP_25985"",""HIP_26207"",""HIP_26241"",""HIP_26311"",""HIP_26634"",""HIP_26727"",""HIP_27072"",""HIP_27288"",""HIP_27366"",""HIP_27628"",""HIP_28103"",""HIP_30122"",""HIP_5165"",""HIP_7588"",""HIP_9007"",""HIP_9236""]",2,5,0,0.36477870856107586,-0.3684705836956823,40561.5417399457,-39202.452426152886,56409.78521573838,
41,step,sample-000041,41,3,False,2026-09-22T15:49:16.980941Z,2026-09-22T19:34:49.192471Z,0.0,-17.084038815058623,91.53244635895226,-16.51510545311566,91.02489935868628,0.9575754805427584,30,"[""HIP_10064"",""HIP_14354"",""HIP_14576"",""HIP_20894"",""HIP_22449"",""HIP_23875"",""HIP_24305"",""HIP_24436"",""HIP_24674"",""HIP_25281"",""HIP_25336"",""HIP_25606"",""HIP_25930"",""HIP_25985"",""HIP_26207"",""HIP_26241"",""HIP_26311"",""HIP_26634"",""HIP_26727"",""HIP_27072"",""HIP_27288"",""HIP_27366"",""HIP_27628"",""HIP_28103"",""HIP_30122"",""HIP_5447"",""HIP_8903"",""HIP_9640"",""HIP_9884""]",2,5,0,0.568933361942964,-0.5075470002659586,63262.50344689006,-54028.02863219101,83193.389654858,
41,step,sample-000041,41,4,False,2026-09-22T15:49:16.981993Z,2026-09-22T19:32:55.887957Z,0.0,-17.08434527312152,91.5321630079327,-16.37906017806136,90.79839527311056,1.2267397681563237,28,"[""HIP_10064"",""HIP_14354"",""HIP_14576"",""HIP_22449"",""HIP_23875"",""HIP_24305"",""HIP_24436"",""HIP_24674"",""HIP_25281"",""HIP_25336"",""HIP_25606"",""HIP_25930"",""HIP_25985"",""HIP_26207"",""HIP_26241"",""HIP_26311"",""HIP_26634"",""HIP_26727"",""HIP_27288"",""HIP_27366"",""HIP_28103"",""HIP_30122"",""HIP_5447"",""HIP_8796"",""HIP_8903"",""HIP_9640"",""HIP_9884""]",2,5,0,0.7052850950601623,-0.7337677348221519,78424.12440871539,-78136.94901449923,110705.10909402824,
41,step,sample-000041,41,5,False,2026-09-22T15:49:16.983220Z,2026-09-22T19:28:32.084705Z,0.0,-17.085611321225123,91.53418748034585,-16.63872641100652,91.04663248174677,0.8508658380249747,36,"[""HIP_10064"",""HIP_14354"",""HIP_14576"",""HIP_20042"",""HIP_20894"",""HIP_21421"",""HIP_22449"",""HIP_23685"",""HIP_23875"",""HIP_24436"",""HIP_24674"",""HIP_25281"",""HIP_25336"",""HIP_25606"",""HIP_25930"",""HIP_25985"",""HIP_26207"",""HIP_26241"",""HIP_26311"",""HIP_26634"",""HIP_26727"",""HIP_27072"",""HIP_27288"",""HIP_27366"",""HIP_27628"",""HIP_27654"",""HIP_28103"",""HIP_30122"",""HIP_3092"",""HIP_5447"",""HIP_677"",""HIP_8796"",""HIP_8903"",""HIP_9640"",""HIP_9884""]",2,5,0,0.44688491021860344,-0.48755499859908014,49691.33481031783,-51882.74408522398,71840.30286021823,
41,summary,sample-000041,41,,,2026-09-22T15:49:16.986023Z,,,-17.084468162451962,91.5339229029417,-16.538722096593755,90.96216462033914,1.0111988447515456,30,"[""HIP_10064"",""HIP_10602"",""HIP_14354"",""HIP_14576"",""HIP_17678"",""HIP_19780"",""HIP_20042"",""HIP_20894"",""HIP_21421"",""HIP_22449"",""HIP_23685"",""HIP_23875"",""HIP_24305"",""HIP_24436"",""HIP_24674"",""HIP_25281"",""HIP_25336"",""HIP_25606"",""HIP_25930"",""HIP_25985"",""HIP_26207"",""HIP_26241"",""HIP_26311"",""HIP_26634"",""HIP_26727"",""HIP_27072"",""HIP_27288"",""HIP_27366"",""HIP_27628"",""HIP_27654"",""HIP_28103"",""HIP_30122"",""HIP_30324"",""HIP_3092"",""HIP_5165"",""HIP_5447"",""HIP_677"",""HIP_7588"",""HIP_8796"",""HIP_8903"",""HIP_9007"",""HIP_9236"",""HIP_9640"",""HIP_9884""]",2,5,0,0.5457460658582072,-0.5717582826025591,60684.19375965987,-60859.418204963724,85944.17905066743,2318699.604670368
42,step,sample-000042,42,1,False,2026-09-22T15:50:08.921987Z,2026-09-22T19:39:26.629455Z,0.0,37.153856552244285,-58.76389674505036,37.109449739507326,-58.593239088459406,0.20742749299006946,24,"[""HIP_100453"",""HIP_102098"",""HIP_102488"",""HIP_104887"",""HIP_78265"",""HIP_78401"",""HIP_78820"",""HIP_79593"",""HIP_80112"",""HIP_81377"",""HIP_84012"",""HIP_91262"",""HIP_93194"",""HIP_93747"",""HIP_95501"",""HIP_95947"",""HIP_96837"",""HIP_97165"",""HIP_97278"",""HIP_97365"",""HIP_97649"",""HIP_98110"",""HIP_98337""]",1,4,1,-0.04440681273695901,0.17065765659094723,-4937.812284804813,15128.838455131929,15914.25933993184,
42,step,sample-000042,42,2,False,2026-09-22T15:50:08.923246Z,2026-09-22T19:36:40.453403Z,0.0,37.154215408119754,-58.76314865585172,37.104272138424044,-58.6385049742112,0.14009182857971925,23,"[""HIP_100453"",""HIP_102098"",""HIP_102488"",""HIP_104887"",""HIP_74785"",""HIP_78265"",""HIP_78401"",""HIP_78820"",""HIP_80112"",""HIP_80763"",""HIP_81377"",""HIP_91262"",""HIP_93194"",""HIP_93747"",""HIP_95501"",""HIP_95947"",""HIP_97165"",""HIP_97278"",""HIP_97365"",""HIP_97649"",""HIP_98036"",""HIP_98337""]",1,4,1,-0.04994326969571006,0.12464368164052075,-5553.4382102038935,11050.041356472202,12367.055080450029,
42,step,sample-000042,42,3,False,2026-09-22T15:50:08.924380Z,2026-09-22T19:32:20.042396Z,0.0,37.15288144087529,-58.7631628170802,37.08448485147819,-58.620590013328865,0.18298548637545206,26,"[""HIP_100453"",""HIP_102488"",""HIP_78265"",""HIP_78401"",""HIP_78820"",""HIP_79593"",""HIP_80112"",""HIP_80763"",""HIP_81377"",""HIP_84012"",""HIP_91262"",""HIP_92420"",""HIP_93194"",""HIP_93747"",""HIP_95501"",""HIP_95947"",""HIP_96837"",""HIP_97165"",""HIP_97278"",""HIP_97365"",""HIP_97649"",""HIP_98110"",""HIP_98337""]",1,4,1,-0.06839658939710347,0.1425728037513352,-7605.353740748924,12641.27612801676,14752.734866923058,
42,step,sample-000042,42,4,False,2026-09-22T15:50:08.925480Z,2026-09-22T19:42:20.038588Z,0.0,37.15212505429836,-58.76566430244411,37.106477721029265,-58.64362866867111,0.1529135617357522,24,"[""HIP_100453"",""HIP_102098"",""HIP_102488"",""HIP_104732"",""HIP_78265"",""HIP_78401"",""HIP_78820"",""HIP_79593"",""HIP_80112"",""HIP_81377"",""HIP_84012"",""HIP_91262"",""HIP_93194"",""HIP_93747"",""HIP_93805"",""HIP_95501"",""HIP_95947"",""HIP_97165"",""HIP_97278"",""HIP_97365"",""HIP_97649"",""HIP_98110"",""HIP_98337""]",1,4,1,-0.04564733326909476,0.12203563377300952,-5075.751874376717,10818.82174679504,11950.319163925391,
42,step,sample-000042,42,5,True,2026-09-22T15:50:08.926558Z,2026-09-22T19:46:17.244989Z,0.0,37.1527070196042,-58.762723390813676,37.04326737485599,-58.59682202344942,0.1249787026233605,15,"[""HIP_100453"",""HIP_102488"",""HIP_104887"",""HIP_91262"",""HIP_93194"",""HIP_93747"",""HIP_95501"",""HIP_95947"",""HIP_97165"",""HIP_97278"",""HIP_97365"",""HIP_97649"",""HIP_98110"",""HIP_98337""]",1,4,1,-0.10943964474820689,0.1659013673642562,-12169.133269783433,14713.732995676173,19094.017634400818,
42,summary,sample-000042,42,,,2026-09-22T15:50:08.927627Z,,,37.152743577654256,-58.76427707067984,37.101171112609705,-58.623990686167645,0.17085459221949137,24,"[""HIP_100453"",""HIP_102098"",""HIP_102488"",""HIP_104732"",""HIP_104887"",""HIP_74785"",""HIP_78265"",""HIP_78401"",""HIP_78820"",""HIP_79593"",""HIP_80112"",""HIP_80763"",""HIP_81377"",""HIP_84012"",""HIP_91262"",""HIP_92420"",""HIP_93194"",""HIP_93747"",""HIP_93805"",""HIP_95501"",""HIP_95947"",""HIP_96837"",""HIP_97165"",""HIP_97278"",""HIP_97365"",""HIP_97649"",""HIP_98036"",""HIP_98110"",""HIP_98337""]",1,4,1,-0.0515724650445506,0.14028638451219422,-5734.596467507873,12437.190264701516,13695.592056318008,2263818.5567509863
43,step,sample-000043,43,1,False,2026-09-22T15:50:53.054140Z,2026-09-22T19:52:17.187525Z,0.0,31.132239262101677,-116.439122505856,31.12269218508861,-116.45495769258102,0.07205896083426792,23,"[""HIP_11767"",""HIP_43109"",""HIP_43813"",""HIP_47508"",""HIP_47908"",""HIP_48455"",""HIP_49583"",""HIP_49669"",""HIP_50335"",""HIP_56343"",""HIP_59316"",""HIP_59803"",""HIP_60965"",""HIP_61359"",""HIP_61941"",""HIP_64962"",""HIP_65474"",""HIP_68756"",""HIP_72607"",""HIP_75097"",""HIP_75458"",""HIP_83895"",""HIP_89937""]",1,5,0,-0.009547077013067451,-0.015835186725013273,-1061.5865281379881,-1507.2724358435864,1843.5932679705552,
43,step,sample-000043,43,2,False,2026-09-22T15:50:53.055799Z,2026-09-22T19:43:04.003360Z,0.0,31.13226983382193,-116.43871106835353,31.24549647785355,-116.37944588067577,0.08105914069960335,9,"[""HIP_11767"",""HIP_68756"",""HIP_72607"",""HIP_75097"",""HIP_75458"",""HIP_80331"",""HIP_83895"",""HIP_85670"",""HIP_89937""]",1,5,0,0.11322664403162008,0.05926518767773814,12590.228377305559,5637.502634764546,13794.754948026077,
43,step,sample-000043,43,3,False,2026-09-22T15:50:53.056902Z,2026-09-22T19:47:01.452057Z,0.0,31.131536236969836,-116.43861725101924,31.156163507790563,-116.40213527730803,0.10897466653557382,14,"[""HIP_59803"",""HIP_60965"",""HIP_61359"",""HIP_63090"",""HIP_64962"",""HIP_65474"",""HIP_66249"",""HIP_72607"",""HIP_75097"",""HIP_75458"",""HIP_80331"",""HIP_85670"",""HIP_87833"",""HIP_89937""]",1,5,0,0.024627270820726466,0.03648197371120432,2738.4275723663613,3471.9372937356866,4421.915155551693,
43,step,sample-000043,43,4,False,2026-09-22T15:50:53.057977Z,2026-09-22T19:43:04.349496Z,0.0,31.130562852554153,-116.43726015596933,31.24608297599445,-116.3904404084735,0.08094224967942201,9,"[""HIP_11767"",""HIP_68756"",""HIP_72607"",""HIP_75097"",""HIP_75458"",""HIP_80331"",""HIP_83895"",""HIP_85670"",""HIP_89937""]",1,5,0,0.11552012344029805,0.04681974749581741,12845.251651914312,4453.677150977684,13595.4299587809,
43,step,sample-000043,43,5,False,2026-09-22T15:50:53.059036Z,2026-09-22T19:53:16.718450Z,0.0,31.13265260324222,-116.43809618807053,31.122641609891957,-116.38604565327115,0.09579596590383109,15,"[""HIP_56343"",""HIP_59316"",""HIP_59803"",""HIP_60965"",""HIP_61359"",""HIP_64962"",""HIP_65474"",""HIP_72607"",""HIP_75097"",""HIP_75458"",""HIP_80331"",""HIP_83895"",""HIP_85670"",""HIP_87833"",""HIP_89937""]",1,5,0,-0.010010993350263675,0.0520505347993776,-1113.1716712217346,4954.421299230489,5077.936687078718,
43,summary,sample-000043,43,,,2026-09-22T15:50:53.060084Z,,,31.131736378680184,-116.4387948628106,31.178615351323828,-116.4026049824619,0.08776619667405784,14,"[""HIP_11767"",""HIP_43109"",""HIP_43813"",""HIP_47508"",""HIP_47908"",""HIP_48455"",""HIP_49583"",""HIP_49669"",""HIP_50335"",""HIP_56343"",""HIP_59316"",""HIP_59803"",""HIP_60965"",""HIP_61359"",""HIP_61941"",""HIP_63090"",""HIP_64962"",""HIP_65474"",""HIP_66249"",""HIP_68756"",""HIP_72607"",""HIP_75097"",""HIP_75458"",""HIP_80331"",""HIP_83895"",""HIP_85670"",""HIP_87833"",""HIP_89937""]",1,5,0,0.04687897264364338,0.036189880348700854,5212.703924282201,3443.727708842952,6247.522808470803,2211316.904798835
44,step,sample-000044,44,1,False,2026-09-22T15:52:09.352000Z,2026-09-22T19:47:59.683891Z,0.0,-10.66781873036836,-117.29856235034185,-10.791739597047103,-117.33770059356807,0.05951479559704789,40,"[""HIP_39429"",""HIP_39953"",""HIP_41037"",""HIP_42913"",""HIP_44816"",""HIP_45238"",""HIP_45556"",""HIP_45941"",""HIP_46701"",""HIP_47854"",""HIP_48002"",""HIP_48774"",""HIP_50099"",""HIP_50371"",""HIP_51232"",""HIP_51576"",""HIP_52419"",""HIP_52727"",""HIP_53253"",""HIP_54463"",""HIP_56561"",""HIP_57363"",""HIP_59196"",""HIP_59747"",""HIP_60260"",""HIP_60718"",""HIP_61084"",""HIP_61585"",""HIP_62322"",""HIP_62434"",""HIP_63613"",""HIP_66657"",""HIP_68002"",""HIP_68702"",""HIP_68933"",""HIP_71352"",""HIP_71683"",""HIP_71860"",""HIP_71908"",""HIP_74395""]",1,5,0,-0.12392086667874302,-0.03913824322620485,-13779.371680072973,-4275.884886129704,14427.552375144074,
44,step,sample-000044,44,2,False,2026-09-22T15:52:09.353048Z,2026-09-22T19:43:31.616958Z,0.0,-10.667935010307428,-117.29849775187019,-10.783175899951285,-117.31471610431619,0.07414295866967827,41,"[""HIP_39429"",""HIP_39953"",""HIP_41037"",""HIP_42913"",""HIP_44816"",""HIP_45238"",""HIP_45556"",""HIP_45941"",""HIP_46701"",""HIP_47854"",""HIP_48002"",""HIP_48774"",""HIP_50371"",""HIP_51232"",""HIP_51576"",""HIP_52419"",""HIP_52727"",""HIP_53253"",""HIP_54463"",""HIP_56561"",""HIP_57363"",""HIP_59196"",""HIP_59747"",""HIP_60260"",""HIP_60718"",""HIP_61084"",""HIP_61585"",""HIP_61932"",""HIP_62322"",""HIP_62434"",""HIP_65109"",""HIP_66657"",""HIP_68002"",""HIP_68702"",""HIP_68933"",""HIP_71352"",""HIP_71683"",""HIP_71860"",""HIP_71908"",""HIP_74395""]",1,5,0,-0.11524088964385726,-0.016218352446003337,-12814.202270402397,-1771.8929338882297,12936.127056537222,
44,step,sample-000044,44,3,False,2026-09-22T15:52:09.354137Z,2026-09-22T19:46:20.777785Z,0.0,-10.667368125904812,-117.29979073264848,-10.790157075994959,-117.3197326289654,0.07214788240782476,35,"[""HIP_39953"",""HIP_41037"",""HIP_42913"",""HIP_44816"",""HIP_45238"",""HIP_45556"",""HIP_45941"",""HIP_46701"",""HIP_47854"",""HIP_48002"",""HIP_48774"",""HIP_50099"",""HIP_50371"",""HIP_51232"",""HIP_51576"",""HIP_52419"",""HIP_52727"",""HIP_53253"",""HIP_54463"",""HIP_56561"",""HIP_57363"",""HIP_59196"",""HIP_59747"",""HIP_60260"",""HIP_60718"",""HIP_61585"",""HIP_61932"",""HIP_62322"",""HIP_62434"",""HIP_65109"",""HIP_66657"",""HIP_68002"",""HIP_68702"",""HIP_71683"",""HIP_71908""]",1,5,0,-0.1227889500901469,-0.019941896316936436,-13653.508298036268,-2178.675706824921,13826.240076971955,
44,step,sample-000044,44,4,False,2026-09-22T15:52:09.355269Z,2026-09-22T19:44:50.830160Z,0.0,-10.665395853414639,-117.29746972383217,-10.789832021970971,-117.31364905499767,0.06909748869416463,39,"[""HIP_39429"",""HIP_39953"",""HIP_41037"",""HIP_42913"",""HIP_44816"",""HIP_45238"",""HIP_45556"",""HIP_45941"",""HIP_46701"",""HIP_47854"",""HIP_48002"",""HIP_48774"",""HIP_50371"",""HIP_51232"",""HIP_51576"",""HIP_52419"",""HIP_52727"",""HIP_53253"",""HIP_54463"",""HIP_56561"",""HIP_57363"",""HIP_59196"",""HIP_59747"",""HIP_60009"",""HIP_60260"",""HIP_60718"",""HIP_61084"",""HIP_61585"",""HIP_61932"",""HIP_62322"",""HIP_62434"",""HIP_66657"",""HIP_68002"",""HIP_68702"",""HIP_68933"",""HIP_71683"",""HIP_71860"",""HIP_71908""]",1,5,0,-0.12443616855633266,-0.016179331165517397,-13836.670634551356,-1767.6177376438445,13949.119160520542,
44,step,sample-000044,44,5,False,2026-09-22T15:52:09.356458Z,2026-09-22T19:45:05.780781Z,0.0,-10.666348244722709,-117.29831000719196,-10.789339947735296,-117.32920566108594,0.05384368519303933,39,"[""HIP_39429"",""HIP_39953"",""HIP_41037"",""HIP_42913"",""HIP_44816"",""HIP_45238"",""HIP_45556"",""HIP_45941"",""HIP_46701"",""HIP_47854"",""HIP_48002"",""HIP_48774"",""HIP_50099"",""HIP_50371"",""HIP_51232"",""HIP_51576"",""HIP_52419"",""HIP_52727"",""HIP_53253"",""HIP_54463"",""HIP_56561"",""HIP_57363"",""HIP_59196"",""HIP_59747"",""HIP_60260"",""HIP_60718"",""HIP_61084"",""HIP_61585"",""HIP_61932"",""HIP_62322"",""HIP_62434"",""HIP_66657"",""HIP_68002"",""HIP_68702"",""HIP_71352"",""HIP_71683"",""HIP_71860"",""HIP_71908"",""HIP_74395""]",1,5,0,-0.12299170301258755,-0.030895653893992403,-13676.053394374027,-3375.3969010743026,14086.43801072225,
44,summary,sample-000044,44,,,2026-09-22T15:52:09.357568Z,,,-10.666281496095845,-117.29867947021096,-10.788848908539922,-117.32300080858666,0.06574936212290154,39,"[""HIP_39429"",""HIP_39953"",""HIP_41037"",""HIP_42913"",""HIP_44816"",""HIP_45238"",""HIP_45556"",""HIP_45941"",""HIP_46701"",""HIP_47854"",""HIP_48002"",""HIP_48774"",""HIP_50099"",""HIP_50371"",""HIP_51232"",""HIP_51576"",""HIP_52419"",""HIP_52727"",""HIP_53253"",""HIP_54463"",""HIP_56561"",""HIP_57363"",""HIP_59196"",""HIP_59747"",""HIP_60009"",""HIP_60260"",""HIP_60718"",""HIP_61084"",""HIP_61585"",""HIP_61932"",""HIP_62322"",""HIP_62434"",""HIP_63613"",""HIP_65109"",""HIP_66657"",""HIP_68002"",""HIP_68702"",""HIP_68933"",""HIP_71352"",""HIP_71683"",""HIP_71860"",""HIP_71908"",""HIP_74395""]",1,5,0,-0.1225674124440772,-0.024321338375699497,-13628.87443573254,-2657.145440939195,13885.48296938894,2161375.281575438
45,step,sample-000045,45,1,False,2026-09-22T15:53:52.804039Z,2026-09-22T19:48:28.905644Z,0.0,-60.047137475140616,-143.69651745110292,-60.03239357325144,-143.65397331014665,0.04726194376092136,39,"[""HIP_25606"",""HIP_27628"",""HIP_30324"",""HIP_31685"",""HIP_32349"",""HIP_33579"",""HIP_33856"",""HIP_33977"",""HIP_34444"",""HIP_35264"",""HIP_35904"",""HIP_38170"",""HIP_39757"",""HIP_65109"",""HIP_67464"",""HIP_68895"",""HIP_68933"",""HIP_69996"",""HIP_71352"",""HIP_71683"",""HIP_71860"",""HIP_73273"",""HIP_73334"",""HIP_73714"",""HIP_74395"",""HIP_75141"",""HIP_75264"",""HIP_76297"",""HIP_77952"",""HIP_82273"",""HIP_82396"",""HIP_82514"",""HIP_82729"",""HIP_83081"",""HIP_84143"",""HIP_85258"",""HIP_86228""]",1,5,0,0.014743901889175959,0.042544140956266574,1639.4470890214916,2362.5023372267287,2875.622289128074,
45,step,sample-000045,45,2,False,2026-09-22T15:53:52.805662Z,2026-09-22T20:00:10.815351Z,0.0,-60.04911968636325,-143.69747443590185,-60.01912246316904,-143.66386264560003,0.03753245664937132,36,"[""HIP_27628"",""HIP_30324"",""HIP_31685"",""HIP_32349"",""HIP_32768"",""HIP_33579"",""HIP_33856"",""HIP_33977"",""HIP_34444"",""HIP_35264"",""HIP_35904"",""HIP_37819"",""HIP_38170"",""HIP_39757"",""HIP_71683"",""HIP_71860"",""HIP_71908"",""HIP_73273"",""HIP_73334"",""HIP_74395"",""HIP_75264"",""HIP_76297"",""HIP_77952"",""HIP_78265"",""HIP_82273"",""HIP_82396"",""HIP_82514"",""HIP_82729"",""HIP_83081"",""HIP_84143"",""HIP_85258"",""HIP_85792"",""HIP_86228"",""HIP_86670"",""HIP_87073""]",1,5,0,0.029997223194207834,0.033611790301819156,3335.5390326203965,1866.8023898421973,3822.4038153801216,
45,step,sample-000045,45,3,False,2026-09-22T15:53:52.807386Z,2026-09-22T19:43:53.978517Z,0.0,-60.048613101613775,-143.69600168858904,-60.05065710276623,-143.65206350966668,0.019896558653440796,36,"[""HIP_30324"",""HIP_31685"",""HIP_32349"",""HIP_33579"",""HIP_33856"",""HIP_33977"",""HIP_34444"",""HIP_35264"",""HIP_35904"",""HIP_37819"",""HIP_38170"",""HIP_39757"",""HIP_65109"",""HIP_67464"",""HIP_68002"",""HIP_68702"",""HIP_68933"",""HIP_71352"",""HIP_71683"",""HIP_71860"",""HIP_71908"",""HIP_73273"",""HIP_73714"",""HIP_74395"",""HIP_74946"",""HIP_76297"",""HIP_77952"",""HIP_78384"",""HIP_82514"",""HIP_83081"",""HIP_84143"",""HIP_85258"",""HIP_85792"",""HIP_86228""]",1,5,0,-0.002044001152455621,0.043938178922360294,-227.28255820869632,2439.1849532113506,2449.7510836833394,
45,step,sample-000045,45,4,False,2026-09-22T15:53:52.808669Z,2026-09-22T19:49:08.363953Z,0.0,-60.04802926221346,-143.6989136539604,-60.02422191758944,-143.61753532875008,0.02357198285553472,41,"[""HIP_30324"",""HIP_31685"",""HIP_32349"",""HIP_33579"",""HIP_33856"",""HIP_33977"",""HIP_34444"",""HIP_35264"",""HIP_35904"",""HIP_36377"",""HIP_38170"",""HIP_39757"",""HIP_65109"",""HIP_67464"",""HIP_68002"",""HIP_68933"",""HIP_69996"",""HIP_71352"",""HIP_71683"",""HIP_71860"",""HIP_71908"",""HIP_73273"",""HIP_73334"",""HIP_73714"",""HIP_74395"",""HIP_74946"",""HIP_75141"",""HIP_75264"",""HIP_76297"",""HIP_76470"",""HIP_77952"",""HIP_78384"",""HIP_82396"",""HIP_82514"",""HIP_82729"",""HIP_83081"",""HIP_84143"",""HIP_85258"",""HIP_85792"",""HIP_86228""]",1,5,0,0.0238073446240179,0.08137832521032351,2647.2559390694005,4519.486531478642,5237.720591194606,
45,step,sample-000045,45,5,False,2026-09-22T15:53:52.809981Z,2026-09-22T19:57:58.726391Z,0.0,-60.049310253694,-143.7000655453001,-60.048566754603605,-143.67394273780556,0.04787884904706486,44,"[""HIP_26634"",""HIP_27628"",""HIP_30324"",""HIP_30438"",""HIP_31685"",""HIP_32768"",""HIP_33579"",""HIP_33856"",""HIP_33977"",""HIP_34444"",""HIP_35264"",""HIP_35904"",""HIP_36377"",""HIP_37819"",""HIP_38170"",""HIP_38414"",""HIP_39757"",""HIP_42828"",""HIP_65109"",""HIP_68002"",""HIP_68933"",""HIP_71352"",""HIP_71683"",""HIP_71860"",""HIP_73273"",""HIP_74395"",""HIP_74946"",""HIP_75264"",""HIP_76297"",""HIP_77952"",""HIP_78265"",""HIP_82273"",""HIP_82396"",""HIP_82514"",""HIP_82729"",""HIP_83081"",""HIP_84143"",""HIP_85258"",""HIP_85792"",""HIP_86228"",""HIP_86670"",""HIP_87073""]",2,5,0,0.0007434990903973926,0.026122807494544986,82.67332681703421,1450.2126627396378,1452.5672509356475,
45,summary,sample-000045,45,,,2026-09-22T15:53:52.811376Z,,,-60.048800817271875,-143.69681385410178,-60.03499236227595,-143.6522755063938,0.03522835820756757,39,"[""HIP_25606"",""HIP_26634"",""HIP_27628"",""HIP_30324"",""HIP_30438"",""HIP_31685"",""HIP_32349"",""HIP_32768"",""HIP_33579"",""HIP_33856"",""HIP_33977"",""HIP_34444"",""HIP_35264"",""HIP_35904"",""HIP_36377"",""HIP_37819"",""HIP_38170"",""HIP_38414"",""HIP_39757"",""HIP_42828"",""HIP_65109"",""HIP_67464"",""HIP_68002"",""HIP_68702"",""HIP_68895"",""HIP_68933"",""HIP_69996"",""HIP_71352"",""HIP_71683"",""HIP_71860"",""HIP_71908"",""HIP_73273"",""HIP_73334"",""HIP_73714"",""HIP_74395"",""HIP_74946"",""HIP_75141"",""HIP_75264"",""HIP_76297"",""HIP_76470"",""HIP_77952"",""HIP_78265"",""HIP_78384"",""HIP_82273"",""HIP_82396"",""HIP_82514"",""HIP_82729"",""HIP_83081"",""HIP_84143"",""HIP_85258"",""HIP_85792"",""HIP_86228"",""HIP_86670"",""HIP_87073""]",1,5,0,0.013808454995924535,0.04453834770797016,1535.4301403465192,2473.082276964303,2910.9588001903358,2113409.4077359885
46,step,sample-000046,46,1,False,2026-09-22T15:54:49.119688Z,2026-09-22T20:08:16.002547Z,0.0,18.27710024191955,-59.00738128392365,18.1362228553148,-59.018049366860396,0.08018278266161148,24,"[""HIP_76297"",""HIP_80112"",""HIP_82396"",""HIP_82514"",""HIP_82729"",""HIP_84012"",""HIP_84143"",""HIP_85423"",""HIP_85927"",""HIP_86170"",""HIP_86228"",""HIP_86263"",""HIP_86670"",""HIP_87072"",""HIP_87073"",""HIP_87261"",""HIP_88635"",""HIP_88839"",""HIP_89341"",""HIP_89642"",""HIP_89931"",""HIP_90185"",""HIP_90496""]",1,5,0,-0.1408773866047497,-0.01066808293674626,-15664.850669392283,-1126.8486265841482,15705.328187398738,
46,step,sample-000046,46,2,False,2026-09-22T15:54:49.121189Z,2026-09-22T20:07:32.223601Z,0.0,18.277531783655366,-59.00797711984883,18.12943056746911,-59.015136269747615,0.07056034364511475,20,"[""HIP_82396"",""HIP_82514"",""HIP_82729"",""HIP_84012"",""HIP_84143"",""HIP_85927"",""HIP_86170"",""HIP_86228"",""HIP_86670"",""HIP_87073"",""HIP_87261"",""HIP_88635"",""HIP_88839"",""HIP_89341"",""HIP_89642"",""HIP_89931"",""HIP_90185"",""HIP_90496"",""HIP_92855""]",1,5,0,-0.14810121618625516,-0.007159149898768646,-16468.103869800576,-756.2207336253607,16485.457665552498,
46,step,sample-000046,46,3,False,2026-09-22T15:54:49.122649Z,2026-09-22T19:57:08.692785Z,0.0,18.276680631178685,-59.00831670360964,18.14950136419702,-58.973778618477596,0.1262939891327115,21,"[""HIP_76297"",""HIP_82396"",""HIP_82514"",""HIP_82729"",""HIP_84143"",""HIP_85927"",""HIP_86170"",""HIP_86228"",""HIP_86263"",""HIP_86670"",""HIP_87073"",""HIP_87261"",""HIP_88635"",""HIP_88839"",""HIP_89341"",""HIP_89642"",""HIP_89678"",""HIP_89931"",""HIP_90185"",""HIP_90496""]",1,5,0,-0.12717926698166337,0.034538085132055585,-14141.68926273481,3648.055355151618,14604.645692369595,
46,step,sample-000046,46,4,False,2026-09-22T15:54:49.124207Z,2026-09-22T19:55:14.370969Z,0.0,18.279237344330458,-59.00729484865187,18.154049733562253,-58.98831789132173,0.09991717517396391,21,"[""HIP_76297"",""HIP_78401"",""HIP_82396"",""HIP_82514"",""HIP_82729"",""HIP_84012"",""HIP_84143"",""HIP_85927"",""HIP_86170"",""HIP_86228"",""HIP_86263"",""HIP_86670"",""HIP_87073"",""HIP_87261"",""HIP_88635"",""HIP_89341"",""HIP_89642"",""HIP_89931"",""HIP_90185"",""HIP_90496""]",1,5,0,-0.1251876107682044,0.018976957330153255,-13920.227196178059,2004.3837996466866,14063.793140126676,
46,step,sample-000046,46,5,False,2026-09-22T15:54:49.125723Z,2026-09-22T20:06:22.374578Z,0.0,18.276904909124024,-59.00806369208934,18.125775123726502,-59.00071502893994,0.09426413011092723,20,"[""HIP_80763"",""HIP_82396"",""HIP_82514"",""HIP_82729"",""HIP_84143"",""HIP_85927"",""HIP_86170"",""HIP_86228"",""HIP_86670"",""HIP_87073"",""HIP_87261"",""HIP_88635"",""HIP_88839"",""HIP_89341"",""HIP_89642"",""HIP_89931"",""HIP_90185"",""HIP_90496"",""HIP_92855""]",1,5,0,-0.1511297853975222,0.007348663149400636,-16804.865401085386,776.2485499813354,16822.78402932115,
46,summary,sample-000046,46,,,2026-09-22T15:54:49.126993Z,,,18.277745250704374,-59.00774020741056,18.138995928853937,-58.99919943506946,0.09424368397182853,21,"[""HIP_76297"",""HIP_78401"",""HIP_80112"",""HIP_80763"",""HIP_82396"",""HIP_82514"",""HIP_82729"",""HIP_84012"",""HIP_84143"",""HIP_85423"",""HIP_85927"",""HIP_86170"",""HIP_86228"",""HIP_86263"",""HIP_86670"",""HIP_87072"",""HIP_87073"",""HIP_87261"",""HIP_88635"",""HIP_88839"",""HIP_89341"",""HIP_89642"",""HIP_89678"",""HIP_89931"",""HIP_90185"",""HIP_90496"",""HIP_92855""]",1,5,0,-0.13874932185043676,0.008540772341120828,-15428.220665141585,902.1361395011164,15454.573497172882,2067801.6939481883
47,step,sample-000047,47,1,False,2026-09-22T15:56:05.975064Z,2026-09-22T20:10:46.119869Z,0.0,13.892713092348288,-41.17246986000373,13.804542736896721,-41.19491793929797,0.05535824336965935,29,"[""HIP_76297"",""HIP_78401"",""HIP_78820"",""HIP_80112"",""HIP_80763"",""HIP_81266"",""HIP_82396"",""HIP_82514"",""HIP_82729"",""HIP_84143"",""HIP_84970"",""HIP_85792"",""HIP_85927"",""HIP_86228"",""HIP_86670"",""HIP_87073"",""HIP_87261"",""HIP_88635"",""HIP_89341"",""HIP_89642"",""HIP_89931"",""HIP_90185"",""HIP_90496"",""HIP_92041"",""HIP_92855"",""HIP_93085"",""HIP_93506"",""HIP_94141""]",1,4,1,-0.0881703554515667,-0.022448079294235868,-9804.09620666163,-2423.554240202939,10099.20374138178,
47,step,sample-000047,47,2,True,2026-09-22T15:56:05.976362Z,2026-09-22T20:03:19.152824Z,0.0,13.890805660679819,-41.17357273971169,13.824631972542635,-41.11940848397604,0.12980115080531426,40,"[""HIP_100453"",""HIP_102098"",""HIP_102488"",""HIP_76297"",""HIP_78820"",""HIP_80112"",""HIP_80763"",""HIP_81266"",""HIP_82396"",""HIP_82514"",""HIP_82729"",""HIP_84012"",""HIP_84143"",""HIP_84970"",""HIP_85423"",""HIP_85792"",""HIP_85927"",""HIP_86170"",""HIP_86228"",""HIP_86263"",""HIP_86670"",""HIP_87073"",""HIP_87261"",""HIP_88635"",""HIP_89341"",""HIP_89642"",""HIP_89931"",""HIP_90185"",""HIP_90496"",""HIP_91262"",""HIP_92041"",""HIP_92420"",""HIP_92855"",""HIP_93085"",""HIP_93194"",""HIP_93805"",""HIP_94141"",""HIP_97165"",""HIP_98337""]",1,4,1,-0.06617368813718372,0.05416425573565675,-7358.1783982140505,5847.48804833572,9398.718060166324,
47,step,sample-000047,47,3,False,2026-09-22T15:56:05.977551Z,2026-09-22T20:02:16.790972Z,0.0,13.892499221273797,-41.17349160625639,13.80204369424602,-41.20819469994707,0.04445092580787374,24,"[""HIP_78401"",""HIP_78820"",""HIP_81266"",""HIP_82396"",""HIP_82514"",""HIP_82729"",""HIP_84143"",""HIP_84970"",""HIP_85792"",""HIP_85927"",""HIP_86228"",""HIP_86263"",""HIP_86670"",""HIP_87073"",""HIP_87261"",""HIP_88635"",""HIP_89341"",""HIP_89642"",""HIP_89931"",""HIP_90185"",""HIP_90496"",""HIP_92855"",""HIP_94141""]",1,4,1,-0.09045552702777648,-0.034703093690666265,-10058.195692448506,-3746.659997149724,10733.347951601416,
47,step,sample-000047,47,4,False,2026-09-22T15:56:05.978704Z,2026-09-22T20:13:35.399082Z,0.0,13.891730982855144,-41.17152424694737,13.807492075026648,-41.18453214493225,0.0703614278004823,29,"[""HIP_76297"",""HIP_78401"",""HIP_78820"",""HIP_80112"",""HIP_80763"",""HIP_81266"",""HIP_82396"",""HIP_82514"",""HIP_82729"",""HIP_84143"",""HIP_84970"",""HIP_85792"",""HIP_85927"",""HIP_86228"",""HIP_86263"",""HIP_86670"",""HIP_87073"",""HIP_87261"",""HIP_88635"",""HIP_89341"",""HIP_89642"",""HIP_89931"",""HIP_90185"",""HIP_90496"",""HIP_92855"",""HIP_93085"",""HIP_93805"",""HIP_94141""]",1,4,1,-0.08423890782849597,-0.01300789798489177,-9366.939176607353,-1404.3612586906274,9471.630253691115,
47,step,sample-000047,47,5,False,2026-09-22T15:56:05.979864Z,2026-09-22T20:08:57.927979Z,0.0,13.8898764660108,-41.17370317389123,13.823548658546542,-41.1742744568933,0.06847910548041417,37,"[""HIP_100453"",""HIP_102098"",""HIP_102488"",""HIP_78401"",""HIP_78820"",""HIP_80112"",""HIP_80763"",""HIP_81266"",""HIP_81377"",""HIP_82396"",""HIP_82514"",""HIP_82729"",""HIP_84143"",""HIP_84970"",""HIP_85792"",""HIP_85927"",""HIP_86228"",""HIP_86670"",""HIP_87073"",""HIP_87261"",""HIP_88048"",""HIP_88635"",""HIP_89341"",""HIP_89931"",""HIP_90185"",""HIP_90496"",""HIP_91262"",""HIP_92041"",""HIP_92420"",""HIP_92855"",""HIP_93085"",""HIP_93506"",""HIP_94141"",""HIP_95947"",""HIP_97165"",""HIP_98337""]",1,4,1,-0.06632780746425837,-0.0005712830020740967,-7375.315685482624,-61.6750835774208,7375.573555728371,
47,summary,sample-000047,47,,,2026-09-22T15:56:05.981024Z,,,13.891160294753057,-41.17292609082617,13.809406791178983,-41.19047981026765,0.059662425636050787,30,"[""HIP_100453"",""HIP_102098"",""HIP_102488"",""HIP_76297"",""HIP_78401"",""HIP_78820"",""HIP_80112"",""HIP_80763"",""HIP_81266"",""HIP_81377"",""HIP_82396"",""HIP_82514"",""HIP_82729"",""HIP_84143"",""HIP_84970"",""HIP_85792"",""HIP_85927"",""HIP_86228"",""HIP_86263"",""HIP_86670"",""HIP_87073"",""HIP_87261"",""HIP_88048"",""HIP_88635"",""HIP_89341"",""HIP_89642"",""HIP_89931"",""HIP_90185"",""HIP_90496"",""HIP_91262"",""HIP_92041"",""HIP_92420"",""HIP_92855"",""HIP_93085"",""HIP_93506"",""HIP_93805"",""HIP_94141"",""HIP_95947"",""HIP_97165"",""HIP_98337""]",1,4,1,-0.08175350357407396,-0.017553719441480098,-9090.574832854823,-1895.132654952563,9286.015176033232,2024003.4880168657
48,step,sample-000048,48,1,False,2026-09-22T15:57:00.376728Z,2026-09-22T20:23:30.775052Z,0.0,-34.65395037214745,-61.86878460883817,-34.80554365925012,-61.77453680138926,0.12413429509975107,14,"[""HIP_45238"",""HIP_48002"",""HIP_50371"",""HIP_51576"",""HIP_52419"",""HIP_56561"",""HIP_57363"",""HIP_59196"",""HIP_59747"",""HIP_60260"",""HIP_61084"",""HIP_61585"",""HIP_62322""]",1,5,0,-0.15159328710267062,0.09424780744890882,-16856.40443918899,8612.870679121272,18929.337042436673,
48,step,sample-000048,48,2,False,2026-09-22T15:57:00.378015Z,2026-09-22T20:03:40.610110Z,0.0,-34.65489449109097,-61.87097994989334,-34.68100193088049,-61.98883232809782,0.07859954575709398,26,"[""HIP_45238"",""HIP_47854"",""HIP_48002"",""HIP_48774"",""HIP_50099"",""HIP_50371"",""HIP_51232"",""HIP_51576"",""HIP_52419"",""HIP_52727"",""HIP_53253"",""HIP_56561"",""HIP_57363"",""HIP_59196"",""HIP_59747"",""HIP_60260"",""HIP_61585"",""HIP_61932"",""HIP_62322"",""HIP_62434"",""HIP_63613"",""HIP_65109"",""HIP_68702"",""HIP_71908"",""HIP_74946""]",1,5,0,-0.026107439789520015,-0.11785237820447492,-2903.0148522729123,-10778.029345368575,11162.141087450917,
48,step,sample-000048,48,3,False,2026-09-22T15:57:00.379170Z,2026-09-22T20:18:53.637051Z,0.0,-34.65480650090293,-61.86893172312132,-34.72351648722508,-61.881406980274555,0.07837673851412123,26,"[""HIP_45238"",""HIP_47854"",""HIP_48002"",""HIP_50099"",""HIP_50371"",""HIP_51576"",""HIP_52419"",""HIP_52727"",""HIP_56561"",""HIP_57363"",""HIP_59196"",""HIP_59747"",""HIP_60260"",""HIP_61585"",""HIP_61932"",""HIP_62322"",""HIP_63613"",""HIP_65109"",""HIP_89931"",""HIP_90496"",""HIP_92041"",""HIP_93085"",""HIP_93506"",""HIP_93864"",""HIP_94141""]",1,5,0,-0.06870998632215475,-0.012475257153226949,-7640.201888840632,-1140.6154960475733,7724.8746417271595,
48,step,sample-000048,48,4,False,2026-09-22T15:57:00.380276Z,2026-09-22T20:09:12.852187Z,0.0,-34.65432603824027,-61.871130406738246,-34.614306315937526,-61.798079288636195,0.09893899474937685,8,"[""HIP_89642"",""HIP_89931"",""HIP_90496"",""HIP_92041"",""HIP_92855"",""HIP_93506"",""HIP_94141""]",1,5,0,0.040019722302744754,0.07305111810205744,4449.9900857893135,6683.501907921154,8029.42109661567,
48,step,sample-000048,48,5,False,2026-09-22T15:57:00.381519Z,2026-09-22T20:22:50.336270Z,0.0,-34.65478569175906,-61.867840259474235,-34.78423720431089,-61.81954171785349,0.11082632296209524,14,"[""HIP_45238"",""HIP_48002"",""HIP_50099"",""HIP_50371"",""HIP_51576"",""HIP_52419"",""HIP_52727"",""HIP_56561"",""HIP_59196"",""HIP_59747"",""HIP_60260"",""HIP_61585"",""HIP_62322""]",1,5,0,-0.12945151255183163,0.04829854162073843,-14394.351442228091,4414.326573954192,15056.015805640713,
48,summary,sample-000048,48,,,2026-09-22T15:57:00.382901Z,,,-34.65395973041909,-61.86950391625204,-34.72172111952082,-61.85247942325026,0.09817517937326806,18,"[""HIP_45238"",""HIP_47854"",""HIP_48002"",""HIP_48774"",""HIP_50099"",""HIP_50371"",""HIP_51232"",""HIP_51576"",""HIP_52419"",""HIP_52727"",""HIP_53253"",""HIP_56561"",""HIP_57363"",""HIP_59196"",""HIP_59747"",""HIP_60260"",""HIP_61084"",""HIP_61585"",""HIP_61932"",""HIP_62322"",""HIP_62434"",""HIP_63613"",""HIP_65109"",""HIP_68702"",""HIP_71908"",""HIP_74946"",""HIP_89642"",""HIP_89931"",""HIP_90496"",""HIP_92041"",""HIP_92855"",""HIP_93085"",""HIP_93506"",""HIP_93864"",""HIP_94141""]",1,5,0,-0.06776138910173302,0.017024493001770225,-7534.722690500605,1556.5779674340238,7693.827415364799,1981997.0367543343
49,step,sample-000049,49,1,False,2026-09-22T15:57:51.144206Z,2026-09-22T20:24:51.030794Z,0.0,-22.778678203855517,169.97902543902615,-19.102509783275817,-179.99460672257166,4.251827708228188,27,"[""HIP_42536"",""HIP_45238"",""HIP_45556"",""HIP_45941"",""HIP_46651"",""HIP_46701"",""HIP_47854"",""HIP_48002"",""HIP_48774"",""HIP_50099"",""HIP_50371"",""HIP_51232"",""HIP_51576"",""HIP_52727"",""HIP_53253"",""HIP_56561"",""HIP_57363"",""HIP_59747"",""HIP_60260"",""HIP_60718"",""HIP_61084"",""HIP_61585"",""HIP_61932"",""HIP_62322"",""HIP_62434"",""HIP_63613""]",2,5,0,3.6761684205796996,10.026367838402166,408771.277859403,1041244.9933901484,1118210.6298549464,
49,step,sample-000049,49,2,False,2026-09-22T15:57:51.145478Z,2026-09-22T20:28:27.618271Z,0.0,-22.779814580968686,169.98168199284072,-19.26487234397558,-179.99999998711147,4.3752619260173855,30,"[""HIP_38827"",""HIP_41037"",""HIP_42913"",""HIP_45238"",""HIP_45941"",""HIP_46651"",""HIP_46701"",""HIP_47854"",""HIP_48002"",""HIP_48774"",""HIP_50099"",""HIP_50371"",""HIP_51232"",""HIP_51576"",""HIP_52419"",""HIP_52727"",""HIP_53253"",""HIP_56561"",""HIP_57363"",""HIP_59196"",""HIP_59747"",""HIP_60260"",""HIP_60718"",""HIP_61084"",""HIP_61585"",""HIP_61932"",""HIP_62322"",""HIP_62434"",""HIP_63613""]",2,5,0,3.5149422369931074,10.018318020047786,390843.74420230975,1039839.8927142264,1110486.6765170097,
49,step,sample-000049,49,3,False,2026-09-22T15:57:51.146877Z,2026-09-22T20:30:05.282616Z,0.0,-22.779816163815205,169.98088323999565,-19.825431004719675,-179.9999999844615,4.524084763657596,26,"[""HIP_32768"",""HIP_38827"",""HIP_41037"",""HIP_42536"",""HIP_45238"",""HIP_45556"",""HIP_45941"",""HIP_46701"",""HIP_47854"",""HIP_48774"",""HIP_50371"",""HIP_51232"",""HIP_51576"",""HIP_52419"",""HIP_52727"",""HIP_53253"",""HIP_56561"",""HIP_57363"",""HIP_59747"",""HIP_60260"",""HIP_60718"",""HIP_61585"",""HIP_62322"",""HIP_62434"",""HIP_63613""]",2,5,0,2.95438515909553,10.019116775542841,328512.64104540047,1037955.3304765559,1088375.2657403045,
49,step,sample-000049,49,4,False,2026-09-22T15:57:51.148151Z,2026-09-22T20:14:05.023783Z,0.0,-22.781006861470736,169.98093110438288,-18.802862670631523,-179.9999999844456,4.348249211782219,30,"[""HIP_42536"",""HIP_44511"",""HIP_45238"",""HIP_45556"",""HIP_45941"",""HIP_46651"",""HIP_46701"",""HIP_47854"",""HIP_48002"",""HIP_48774"",""HIP_50099"",""HIP_50371"",""HIP_51232"",""HIP_51576"",""HIP_52419"",""HIP_52727"",""HIP_53253"",""HIP_54463"",""HIP_56561"",""HIP_57363"",""HIP_59196"",""HIP_59747"",""HIP_60260"",""HIP_60718"",""HIP_61084"",""HIP_61585"",""HIP_61932"",""HIP_62322"",""HIP_62434""]",2,5,0,3.9781441908392132,10.01906891117153,442349.45148184383,1041516.5760958224,1131130.3352278753,
49,step,sample-000049,49,5,False,2026-09-22T15:57:51.149328Z,2026-09-22T20:23:53.721807Z,0.0,-22.781224500467985,169.98019140971894,-18.972934795786873,-179.9999999832083,4.047706561185167,23,"[""HIP_41037"",""HIP_45238"",""HIP_45941"",""HIP_46701"",""HIP_47854"",""HIP_48002"",""HIP_48774"",""HIP_50371"",""HIP_51576"",""HIP_52419"",""HIP_52727"",""HIP_53253"",""HIP_56561"",""HIP_57363"",""HIP_59747"",""HIP_60260"",""HIP_60718"",""HIP_61084"",""HIP_61585"",""HIP_61932"",""HIP_62322"",""HIP_62434""]",2,5,0,3.808289704681112,10.019808607072719,423462.49435324455,1041004.5892147773,1123425.9433417714,
49,summary,sample-000049,49,,,2026-09-22T15:57:51.150466Z,,,-22.779764843094352,169.9803403476305,-19.193722119677894,-179.9989213323597,4.309426114218711,27,"[""HIP_32768"",""HIP_38827"",""HIP_41037"",""HIP_42536"",""HIP_42913"",""HIP_44511"",""HIP_45238"",""HIP_45556"",""HIP_45941"",""HIP_46651"",""HIP_46701"",""HIP_47854"",""HIP_48002"",""HIP_48774"",""HIP_50099"",""HIP_50371"",""HIP_51232"",""HIP_51576"",""HIP_52419"",""HIP_52727"",""HIP_53253"",""HIP_54463"",""HIP_56561"",""HIP_57363"",""HIP_59196"",""HIP_59747"",""HIP_60260"",""HIP_60718"",""HIP_61084"",""HIP_61585"",""HIP_61932"",""HIP_62322"",""HIP_62434"",""HIP_63613""]",2,5,0,3.5860427234164582,10.020738320009798,398749.75757454673,1040339.2643648814,1113751.627379786,1964277.742685466
50,step,sample-000050,50,1,False,2026-09-22T15:58:46.358711Z,2026-09-22T20:34:41.341198Z,0.0,38.9864884278838,-131.5164505357144,38.941569383148845,-131.58042953880886,0.07747782787017732,14,"[""HIP_33018"",""HIP_34088"",""HIP_35350"",""HIP_35550"",""HIP_36850"",""HIP_37740"",""HIP_37826"",""HIP_69673"",""HIP_72105"",""HIP_73555"",""HIP_74666"",""HIP_76267"",""HIP_80816"",""HIP_81693""]",1,5,0,-0.04491904473495367,-0.06397900309445959,-4994.769884246826,-5531.535282192065,7452.892248994074,
50,step,sample-000050,50,2,False,2026-09-22T15:58:46.360201Z,2026-09-22T20:37:42.679097Z,0.0,38.98689277558042,-131.51692930603048,39.07372491353638,-131.60148745833027,0.039918442868460836,18,"[""HIP_11767"",""HIP_33018"",""HIP_34088"",""HIP_35350"",""HIP_35550"",""HIP_36046"",""HIP_36850"",""HIP_37740"",""HIP_37826"",""HIP_68756"",""HIP_72607"",""HIP_75097"",""HIP_75458"",""HIP_80331"",""HIP_85670"",""HIP_87833"",""HIP_89937"",""HIP_94376""]",1,5,0,0.0868321379559589,-0.0845581522997918,9655.293210403055,-7303.9352357915495,12106.697432701969,
50,step,sample-000050,50,3,False,2026-09-22T15:58:46.362170Z,2026-09-22T20:20:47.829170Z,0.0,38.986572902577244,-131.51992530481658,38.96745103590551,-131.5731022684068,0.051855193756726876,20,"[""HIP_32246"",""HIP_33018"",""HIP_35350"",""HIP_35550"",""HIP_36188"",""HIP_36850"",""HIP_37279"",""HIP_37740"",""HIP_37826"",""HIP_40526"",""HIP_67927"",""HIP_69673"",""HIP_71053"",""HIP_72105"",""HIP_73555"",""HIP_74666"",""HIP_76267"",""HIP_80816"",""HIP_81693""]",1,5,0,-0.01912186667173188,-0.05317696359023216,-2126.254561870259,-4596.763355679042,5064.700448056325,
50,step,sample-000050,50,4,False,2026-09-22T15:58:46.363885Z,2026-09-22T20:31:44.315263Z,0.0,38.98630806434801,-131.51651735472646,38.93744091159903,-131.57877458564553,0.0787645758599023,17,"[""HIP_32246"",""HIP_33018"",""HIP_35350"",""HIP_35550"",""HIP_36046"",""HIP_36850"",""HIP_37740"",""HIP_37826"",""HIP_40526"",""HIP_69673"",""HIP_71053"",""HIP_73555"",""HIP_74666"",""HIP_76267"",""HIP_77233"",""HIP_80816"",""HIP_81693""]",1,5,0,-0.048867152748975684,-0.06225723091907298,-5433.779465250798,-5382.83694800654,7648.587226163405,
50,step,sample-000050,50,5,False,2026-09-22T15:58:46.365270Z,2026-09-22T20:27:14.792627Z,0.0,38.9871249905666,-131.51647775065788,38.995223850720194,-131.5275415681734,0.08732583214969145,20,"[""HIP_32246"",""HIP_33018"",""HIP_34088"",""HIP_35350"",""HIP_35550"",""HIP_36850"",""HIP_37740"",""HIP_37826"",""HIP_67927"",""HIP_69673"",""HIP_71053"",""HIP_71075"",""HIP_72105"",""HIP_73555"",""HIP_74666"",""HIP_76267"",""HIP_77233"",""HIP_80816"",""HIP_81693""]",1,5,0,0.008098860153594956,-0.011063817515520213,900.5521606835308,-956.1955858865653,1313.5083505408943,
50,summary,sample-000050,50,,,2026-09-22T15:58:46.366625Z,,,38.986282227715485,-131.51797143999494,38.983082018981996,-131.572267083873,0.06706837462784203,18,"[""HIP_11767"",""HIP_32246"",""HIP_33018"",""HIP_34088"",""HIP_35350"",""HIP_35550"",""HIP_36046"",""HIP_36188"",""HIP_36850"",""HIP_37279"",""HIP_37740"",""HIP_37826"",""HIP_40526"",""HIP_67927"",""HIP_68756"",""HIP_69673"",""HIP_71053"",""HIP_71075"",""HIP_72105"",""HIP_72607"",""HIP_73555"",""HIP_74666"",""HIP_75097"",""HIP_75458"",""HIP_76267"",""HIP_77233"",""HIP_80331"",""HIP_80816"",""HIP_81693"",""HIP_85670"",""HIP_87833"",""HIP_89937"",""HIP_94376""]",1,5,0,-0.0032002087334888074,-0.054295643878049304,-355.8469753675642,-4692.956742785674,4706.428517490693,1925086.3164021065
