run_index,record_type,sample_id,sample_index,repetition_index,is_outlier,timestamp_utc,request_timestamp_utc,request_yaw_degrees,ground_truth_latitude,ground_truth_longitude,estimated_latitude,estimated_longitude,estimated_heading_degrees,identified_objects_used,identified_star_ids,cluster_id,inlier_count,outlier_count,latitude_error_degrees,longitude_error_degrees,latitude_error_meters,longitude_error_meters,error_distance_meters,cumulative_mean_error_meters
1,step,sample-000001,1,1,True,2026-09-23T19:56:03.858944Z,2026-09-23T18:56:47.227798Z,0.0,48.102655155569565,-105.34123947755451,27.383296163616343,-64.9508813028054,60.89627330724205,1,[],4,3,2,-20.71935899195322,40.39035817474911,-2303887.603232517,3551484.3854076695,4163159.488490023,
1,step,sample-000001,1,2,False,2026-09-23T19:56:03.860365Z,2026-09-23T20:01:33.435438Z,0.0,48.10262133576581,-105.3406784217924,48.13082188407212,-105.33720823381343,0.08609527515146666,28,"[""HIP_102422"",""HIP_105199"",""HIP_106032"",""HIP_11767"",""HIP_41704"",""HIP_44127"",""HIP_45860"",""HIP_46733"",""HIP_46853"",""HIP_47908"",""HIP_49669"",""HIP_50335"",""HIP_50372"",""HIP_50583"",""HIP_50801"",""HIP_53229"",""HIP_54872"",""HIP_81833"",""HIP_83000"",""HIP_83895"",""HIP_87585"",""HIP_87933"",""HIP_89937"",""HIP_91262"",""HIP_92420"",""HIP_93194"",""HIP_94376""]",1,3,2,0.028200548306308804,0.003470187978962258,3135.7579002563425,257.61091246269933,3146.321818392311,
1,step,sample-000001,1,3,True,2026-09-23T19:56:03.861454Z,2026-09-23T20:42:51.815269Z,0.0,48.10485846973837,-105.34308836649626,47.97611225683161,-105.11907409988135,0.20250662143190365,3,"[""HIP_92420"",""HIP_93194""]",1,3,2,-0.12874621290675492,0.2240142666149154,-14315.925699931353,16654.457305437427,21961.692366427313,
1,step,sample-000001,1,4,False,2026-09-23T19:56:03.862525Z,2026-09-23T20:25:43.336691Z,0.0,48.104402274713244,-105.3399301795701,48.13135101847635,-105.28625973294099,0.12824938296606617,25,"[""HIP_102422"",""HIP_105199"",""HIP_106032"",""HIP_11767"",""HIP_41704"",""HIP_44127"",""HIP_45860"",""HIP_46733"",""HIP_46853"",""HIP_50372"",""HIP_50801"",""HIP_81833"",""HIP_83000"",""HIP_83895"",""HIP_85670"",""HIP_87585"",""HIP_87833"",""HIP_87933"",""HIP_89937"",""HIP_91262"",""HIP_92420"",""HIP_93194"",""HIP_94376"",""HIP_97165""]",1,3,2,0.026948743763107075,0.05367044662909848,2996.563585901701,3984.1593554149053,4985.270009319363,
1,step,sample-000001,1,5,False,2026-09-23T19:56:03.863677Z,2026-09-23T19:48:29.549656Z,0.0,48.104301926720076,-105.3422138955167,48.116655850694436,-105.31833795381695,0.12055405408084786,20,"[""HIP_102422"",""HIP_105199"",""HIP_106032"",""HIP_11767"",""HIP_47508"",""HIP_47908"",""HIP_49669"",""HIP_50335"",""HIP_50583"",""HIP_54872"",""HIP_54879"",""HIP_81833"",""HIP_85670"",""HIP_87833"",""HIP_87933"",""HIP_91262"",""HIP_92420"",""HIP_94376"",""HIP_97165""]",1,3,2,0.012353923974359304,0.023875941699742498,1373.6936701013383,1772.65625608118,2242.6199898173586,
1,summary,sample-000001,1,,,2026-09-23T19:56:03.864790Z,,,48.10373485426907,-105.34125945145821,48.12627625108097,-105.31393530685712,0.11163290425832273,24,"[""HIP_102422"",""HIP_105199"",""HIP_106032"",""HIP_11767"",""HIP_41704"",""HIP_44127"",""HIP_45860"",""HIP_46733"",""HIP_46853"",""HIP_47508"",""HIP_47908"",""HIP_49669"",""HIP_50335"",""HIP_50372"",""HIP_50583"",""HIP_50801"",""HIP_53229"",""HIP_54872"",""HIP_54879"",""HIP_81833"",""HIP_83000"",""HIP_83895"",""HIP_85670"",""HIP_87585"",""HIP_87833"",""HIP_87933"",""HIP_89937"",""HIP_91262"",""HIP_92420"",""HIP_93194"",""HIP_94376"",""HIP_97165""]",1,3,2,0.02254139681189571,0.027324144601095668,2506.4889649646334,2028.4874962434233,3224.4764163537334,3224.4764163537334
2,step,sample-000002,2,1,True,2026-09-23T19:57:00.019514Z,2026-09-23T21:33:24.177071Z,0.0,-5.829821535954727,127.97395369777792,-2.55898673220376,-179.99999673019633,40.03859060965386,18,"[""HIP_30438"",""HIP_31685"",""HIP_32607"",""HIP_32759"",""HIP_36377"",""HIP_37819"",""HIP_38170"",""HIP_38414"",""HIP_39429"",""HIP_39953"",""HIP_41037"",""HIP_42536"",""HIP_42913"",""HIP_44816"",""HIP_45556"",""HIP_45941"",""HIP_46701""]",3,3,2,3.270834803750967,52.02604957202573,363700.2360695585,5769538.280777055,5779031.324122298,
2,step,sample-000002,2,2,False,2026-09-23T19:57:00.021818Z,2026-09-23T20:09:35.072925Z,0.0,-5.830172416689629,127.97257545603014,2.338778410303862,-179.99999999999113,2.5698018726482803,24,"[""HIP_17358"",""HIP_18246"",""HIP_23015"",""HIP_23416"",""HIP_23453"",""HIP_23767"",""HIP_24608"",""HIP_28360"",""HIP_28380"",""HIP_30122"",""HIP_30343"",""HIP_32246"",""HIP_32759"",""HIP_32768"",""HIP_33856"",""HIP_33977"",""HIP_34444"",""HIP_35264"",""HIP_35904"",""HIP_37229"",""HIP_38170"",""HIP_39429"",""HIP_39757"",""HIP_39953""]",3,3,2,8.168950826993491,52.027424543978725,908345.8879705487,5782500.644012645,5848287.169913014,
2,step,sample-000002,2,3,False,2026-09-23T19:57:00.022974Z,2026-09-23T21:11:38.762257Z,0.0,-5.831247842691838,127.9735951398992,2.080377832192323,-179.99999999941997,25.36635852693411,27,"[""HIP_23015"",""HIP_23416"",""HIP_23767"",""HIP_24608"",""HIP_28360"",""HIP_28380"",""HIP_30343"",""HIP_30438"",""HIP_31685"",""HIP_32246"",""HIP_32607"",""HIP_32759"",""HIP_32768"",""HIP_35264"",""HIP_37819"",""HIP_38170"",""HIP_38414"",""HIP_38827"",""HIP_39429"",""HIP_39757"",""HIP_39953"",""HIP_41037"",""HIP_42536"",""HIP_42570"",""HIP_42913"",""HIP_44816"",""HIP_45941""]",3,3,2,7.911625674884162,52.02640486068083,879732.6365579519,5781973.434669535,5843663.723256399,
2,step,sample-000002,2,4,False,2026-09-23T19:57:00.024169Z,2026-09-23T21:13:50.073683Z,0.0,-5.830413556226204,127.97118886579011,1.9546821190093004,-179.99999999989947,21.593913893221217,28,"[""HIP_15863"",""HIP_17358"",""HIP_23015"",""HIP_23416"",""HIP_23767"",""HIP_24608"",""HIP_27628"",""HIP_28360"",""HIP_28380"",""HIP_30438"",""HIP_31685"",""HIP_32246"",""HIP_32607"",""HIP_32768"",""HIP_33579"",""HIP_35264"",""HIP_36377"",""HIP_37819"",""HIP_38170"",""HIP_38414"",""HIP_39429"",""HIP_39757"",""HIP_39953"",""HIP_41037"",""HIP_42536"",""HIP_42913"",""HIP_44816"",""HIP_45941""]",3,3,2,7.785095675235504,52.028811134310445,865663.1425286833,5782031.120857929,5841749.49914647,
2,step,sample-000002,2,5,True,2026-09-23T19:57:00.025320Z,2026-09-23T21:32:21.009449Z,0.0,-5.828280834272232,127.9723087473352,4.5869602053473395,-179.999999998877,12.088835292938304,33,"[""HIP_17358"",""HIP_17702"",""HIP_18724"",""HIP_20889"",""HIP_20894"",""HIP_23015"",""HIP_23416"",""HIP_23453"",""HIP_23767"",""HIP_24608"",""HIP_25428"",""HIP_26451"",""HIP_28360"",""HIP_28380"",""HIP_31685"",""HIP_32607"",""HIP_35264"",""HIP_36377"",""HIP_37819"",""HIP_38414"",""HIP_38827"",""HIP_39429"",""HIP_39757"",""HIP_39953"",""HIP_41037"",""HIP_42536"",""HIP_42570"",""HIP_42913"",""HIP_44816"",""HIP_45556"",""HIP_45941"",""HIP_46701""]",3,3,2,10.415241039619572,52.02769125378779,1158121.9633858958,5784875.884209341,5891707.38405461,
2,summary,sample-000002,2,,,2026-09-23T19:57:00.026404Z,,,-5.829908008411593,127.97280205021934,2.1246127871684948,-179.99999999977018,16.542256651668705,26,"[""HIP_15863"",""HIP_17358"",""HIP_18246"",""HIP_23015"",""HIP_23416"",""HIP_23453"",""HIP_23767"",""HIP_24608"",""HIP_27628"",""HIP_28360"",""HIP_28380"",""HIP_30122"",""HIP_30343"",""HIP_30438"",""HIP_31685"",""HIP_32246"",""HIP_32607"",""HIP_32759"",""HIP_32768"",""HIP_33579"",""HIP_33856"",""HIP_33977"",""HIP_34444"",""HIP_35264"",""HIP_35904"",""HIP_36377"",""HIP_37229"",""HIP_37819"",""HIP_38170"",""HIP_38414"",""HIP_38827"",""HIP_39429"",""HIP_39757"",""HIP_39953"",""HIP_41037"",""HIP_42536"",""HIP_42570"",""HIP_42913"",""HIP_44816"",""HIP_45941""]",3,3,2,7.954520795580088,52.027197950010475,884502.3563571448,5782136.416655996,5844500.247932174,2923862.362174264
3,step,sample-000003,3,1,False,2026-09-23T19:57:35.142297Z,2026-09-23T20:56:42.497313Z,0.0,64.22601061369215,-47.146043741706535,64.18923468533458,-47.14729145692707,0.09674012959048793,14,"[""HIP_102488"",""HIP_103413"",""HIP_104060"",""HIP_104732"",""HIP_104887"",""HIP_106481"",""HIP_112158"",""HIP_67927"",""HIP_69673"",""HIP_71075"",""HIP_72105"",""HIP_73555"",""HIP_74666"",""HIP_93244""]",1,4,1,-0.03677592835757082,-0.001247715220529244,-4089.2966560056343,-60.36717110308988,4089.7422087991467,
3,step,sample-000003,3,2,False,2026-09-23T19:57:35.143872Z,2026-09-23T21:38:03.132548Z,0.0,64.22523733307902,-47.143124063233984,64.1365537239389,-47.23709951150225,-0.08165398722486684,4,"[""HIP_102488"",""HIP_88771"",""HIP_92420"",""HIP_93194""]",1,4,1,-0.0886836091401193,-0.09397544826828153,-9861.167412910283,-4551.1245833208795,10860.722665907337,
3,step,sample-000003,3,3,False,2026-09-23T19:57:35.145005Z,2026-09-23T21:15:55.381863Z,0.0,64.22430692012304,-47.14544987139877,64.1588849269774,-47.358947231846436,-0.1324188865631934,6,"[""HIP_100453"",""HIP_102488"",""HIP_81833"",""HIP_91262"",""HIP_92420"",""HIP_93194""]",1,4,1,-0.06542199314564812,-0.21349736044766132,-7274.593728771167,-10335.444323329693,12638.863185585908,
3,step,sample-000003,3,4,False,2026-09-23T19:57:35.146082Z,2026-09-23T22:13:21.117011Z,0.0,64.22499980554002,-47.14706474676899,64.1157906798788,-47.30785712468117,-0.12659544017309468,5,"[""HIP_100587"",""HIP_88601"",""HIP_88771"",""HIP_93244"",""HIP_96837""]",1,4,1,-0.10920912566122354,-0.16079237791217338,-12143.500716816148,-7789.9422673073705,14427.318680924416,
3,step,sample-000003,3,5,True,2026-09-23T19:57:35.147188Z,2026-09-23T22:08:03.235199Z,0.0,64.22701138090096,-47.148448704759716,64.1495097685127,-47.01930189146237,0.2531868723811573,4,"[""HIP_100587"",""HIP_87933"",""HIP_93244"",""HIP_96837""]",1,4,1,-0.07750161238826081,0.12914681329735345,-8617.786104347686,6252.772245994477,10647.22040146086,
3,summary,sample-000003,3,,,2026-09-23T19:57:35.148989Z,,,64.22593266314945,-47.14598890110119,64.15011600403241,-47.26279883123922,-0.060982087567337036,7,"[""HIP_100453"",""HIP_100587"",""HIP_102488"",""HIP_103413"",""HIP_104060"",""HIP_104732"",""HIP_104887"",""HIP_106481"",""HIP_112158"",""HIP_67927"",""HIP_69673"",""HIP_71075"",""HIP_72105"",""HIP_73555"",""HIP_74666"",""HIP_81833"",""HIP_88601"",""HIP_88771"",""HIP_91262"",""HIP_92420"",""HIP_93194"",""HIP_93244"",""HIP_96837""]",1,4,1,-0.07581665911703794,-0.11680993013803231,-8430.42784895455,-5655.517909687342,10151.695575068321,1952625.4733078657
4,step,sample-000004,4,1,False,2026-09-23T19:58:46.226579Z,2026-09-23T21:28:46.562641Z,0.0,-27.53798109171426,-167.64009715460008,-27.592242136344225,-167.60007874065573,0.09653726607312119,25,"[""HIP_42913"",""HIP_45238"",""HIP_45941"",""HIP_46701"",""HIP_47854"",""HIP_48002"",""HIP_50099"",""HIP_50371"",""HIP_52419"",""HIP_52727"",""HIP_53253"",""HIP_55425"",""HIP_56561"",""HIP_57363"",""HIP_59747"",""HIP_60260"",""HIP_60718"",""HIP_61585"",""HIP_62322"",""HIP_66657"",""HIP_68002"",""HIP_71683"",""HIP_71908"",""HIP_74946"",""HIP_77952""]",1,5,0,-0.05426104462996406,0.04001841394435246,-6033.552877285982,3944.7228239078754,7208.6473232668795,
4,step,sample-000004,4,2,False,2026-09-23T19:58:46.227986Z,2026-09-23T22:30:57.591585Z,0.0,-27.540135204014287,-167.63872629487082,-27.587759621675747,-167.63461388617628,0.04891974086792295,27,"[""HIP_30438"",""HIP_41037"",""HIP_42570"",""HIP_42913"",""HIP_45238"",""HIP_45556"",""HIP_45941"",""HIP_46651"",""HIP_48002"",""HIP_48774"",""HIP_50371"",""HIP_51576"",""HIP_52419"",""HIP_52727"",""HIP_53253"",""HIP_60718"",""HIP_61585"",""HIP_62322"",""HIP_62434"",""HIP_68002"",""HIP_68702"",""HIP_71683"",""HIP_71860"",""HIP_71908"",""HIP_74946"",""HIP_77952"",""HIP_82273""]",1,5,0,-0.04762441766145997,0.004112408694538772,-5295.593628355869,405.37549852191364,5311.08662650824,
4,step,sample-000004,4,3,False,2026-09-23T19:58:46.229757Z,2026-09-23T22:50:08.052649Z,0.0,-27.538874186750814,-167.6405137260645,-27.583983387862798,-167.63228652990597,0.08643294711478648,24,"[""HIP_39953"",""HIP_41037"",""HIP_42913"",""HIP_45238"",""HIP_45556"",""HIP_45941"",""HIP_46701"",""HIP_48774"",""HIP_50371"",""HIP_51232"",""HIP_51576"",""HIP_52419"",""HIP_57363"",""HIP_60260"",""HIP_60718"",""HIP_61585"",""HIP_62322"",""HIP_62434"",""HIP_68702"",""HIP_71683"",""HIP_71908"",""HIP_77952"",""HIP_82273""]",1,5,0,-0.04510920111198402,0.008227196158543393,-5015.914308641711,811.0040890399481,5081.055394511474,
4,step,sample-000004,4,4,False,2026-09-23T19:58:46.231616Z,2026-09-23T22:05:24.032088Z,0.0,-27.538716636893852,-167.6395109973546,-27.580996451457352,-167.67097457812542,0.0816698768753051,31,"[""HIP_30438"",""HIP_33579"",""HIP_33977"",""HIP_34444"",""HIP_35904"",""HIP_39757"",""HIP_41037"",""HIP_42536"",""HIP_45238"",""HIP_45556"",""HIP_45941"",""HIP_46701"",""HIP_47854"",""HIP_48002"",""HIP_50371"",""HIP_52419"",""HIP_54463"",""HIP_56561"",""HIP_59747"",""HIP_60260"",""HIP_60718"",""HIP_61585"",""HIP_62322"",""HIP_66657"",""HIP_68002"",""HIP_68702"",""HIP_71860"",""HIP_71908"",""HIP_74946"",""HIP_77952"",""HIP_82273""]",1,5,0,-0.04227981456349994,-0.03146358077083278,-4701.300878933922,-3101.5983599449933,5632.241249778255,
4,step,sample-000004,4,5,False,2026-09-23T19:58:46.232866Z,2026-09-23T23:03:49.529363Z,0.0,-27.539346212323956,-167.6401761999021,-27.592167446821936,-167.51272827814194,0.1703287872285582,28,"[""HIP_39953"",""HIP_41037"",""HIP_42913"",""HIP_44816"",""HIP_45238"",""HIP_45556"",""HIP_45941"",""HIP_46701"",""HIP_48002"",""HIP_48774"",""HIP_50371"",""HIP_51232"",""HIP_51576"",""HIP_52419"",""HIP_53253"",""HIP_56561"",""HIP_57363"",""HIP_59747"",""HIP_60718"",""HIP_61585"",""HIP_62322"",""HIP_62434"",""HIP_68002"",""HIP_68702"",""HIP_71683"",""HIP_71908"",""HIP_77952""]",1,5,0,-0.05282123449797993,0.12744792176016517,-5873.453295277914,12562.810988015604,13868.007761753628,
4,summary,sample-000004,4,,,2026-09-23T19:58:46.234111Z,,,-27.539257552262843,-167.63987331110474,-27.58742980883241,-167.61013640260106,0.09677772075102044,27,"[""HIP_30438"",""HIP_33579"",""HIP_33977"",""HIP_34444"",""HIP_35904"",""HIP_39757"",""HIP_39953"",""HIP_41037"",""HIP_42536"",""HIP_42570"",""HIP_42913"",""HIP_44816"",""HIP_45238"",""HIP_45556"",""HIP_45941"",""HIP_46651"",""HIP_46701"",""HIP_47854"",""HIP_48002"",""HIP_48774"",""HIP_50099"",""HIP_50371"",""HIP_51232"",""HIP_51576"",""HIP_52419"",""HIP_52727"",""HIP_53253"",""HIP_54463"",""HIP_55425"",""HIP_56561"",""HIP_57363"",""HIP_59747"",""HIP_60260"",""HIP_60718"",""HIP_61585"",""HIP_62322"",""HIP_62434"",""HIP_66657"",""HIP_68002"",""HIP_68702"",""HIP_71683"",""HIP_71860"",""HIP_71908"",""HIP_74946"",""HIP_77952"",""HIP_82273""]",1,5,0,-0.04817225656956836,0.02973690850367916,-5356.510535556016,2931.294359845303,6106.119125959582,1465995.6347623891
5,step,sample-000005,5,1,False,2026-09-23T19:59:45.059708Z,2026-09-24T00:03:03.785852Z,0.0,-25.939030737886096,130.43145093786416,-19.497505700715898,-179.9999999854076,19.039570255090776,27,"[""HIP_25336"",""HIP_26311"",""HIP_27989"",""HIP_31681"",""HIP_42536"",""HIP_42913"",""HIP_45238"",""HIP_45556"",""HIP_46701"",""HIP_47854"",""HIP_48002"",""HIP_50371"",""HIP_51232"",""HIP_51576"",""HIP_52419"",""HIP_53253"",""HIP_56561"",""HIP_59196"",""HIP_59747"",""HIP_60718"",""HIP_61084"",""HIP_61585"",""HIP_61932"",""HIP_62322"",""HIP_66657"",""HIP_68702""]",3,5,0,6.441525037170198,49.56854907672823,716264.9039872286,5084140.411921845,5105247.837192632,
5,step,sample-000005,5,2,False,2026-09-23T19:59:45.061214Z,2026-09-23T23:55:39.256957Z,0.0,-25.938952310951084,130.43161238425932,-16.633262140215813,-179.9999999920705,20.14905034223948,28,"[""HIP_25336"",""HIP_26311"",""HIP_27989"",""HIP_31681"",""HIP_45238"",""HIP_46701"",""HIP_47854"",""HIP_48002"",""HIP_48774"",""HIP_50371"",""HIP_51232"",""HIP_51576"",""HIP_52419"",""HIP_52727"",""HIP_53253"",""HIP_56561"",""HIP_57363"",""HIP_59196"",""HIP_59747"",""HIP_60260"",""HIP_60718"",""HIP_61084"",""HIP_61585"",""HIP_61932"",""HIP_62322"",""HIP_66657"",""HIP_68702""]",3,5,0,9.305690170735271,49.56838762367016,1034745.5359118996,5135737.448947091,5208612.525589774,
5,step,sample-000005,5,3,False,2026-09-23T19:59:45.062563Z,2026-09-23T22:58:04.482134Z,0.0,-25.93796070417299,130.43253795925824,-17.2149067694668,-179.99999999997138,26.261581716643068,30,"[""HIP_32768"",""HIP_38827"",""HIP_41037"",""HIP_42536"",""HIP_42913"",""HIP_45238"",""HIP_45556"",""HIP_46701"",""HIP_47854"",""HIP_48002"",""HIP_48774"",""HIP_50099"",""HIP_50371"",""HIP_51232"",""HIP_51576"",""HIP_52419"",""HIP_52727"",""HIP_53253"",""HIP_54463"",""HIP_56561"",""HIP_57363"",""HIP_59747"",""HIP_60260"",""HIP_60718"",""HIP_61084"",""HIP_61585"",""HIP_61932"",""HIP_62322"",""HIP_63613""]",3,5,0,8.72305393470619,49.56746204077035,969959.3423861843,5125436.954019088,5186433.744470556,
5,step,sample-000005,5,4,False,2026-09-23T19:59:45.067798Z,2026-09-23T22:56:27.627626Z,0.0,-25.939020996794476,130.4299473972236,-14.46993037587923,-179.999999999523,18.28792041457275,30,"[""HIP_26311"",""HIP_27989"",""HIP_30343"",""HIP_31681"",""HIP_38827"",""HIP_45238"",""HIP_45556"",""HIP_45941"",""HIP_46701"",""HIP_47854"",""HIP_48002"",""HIP_48774"",""HIP_50371"",""HIP_51232"",""HIP_51576"",""HIP_52419"",""HIP_52727"",""HIP_53253"",""HIP_56561"",""HIP_57363"",""HIP_59747"",""HIP_60260"",""HIP_60718"",""HIP_61084"",""HIP_61585"",""HIP_61932"",""HIP_62322"",""HIP_62434"",""HIP_63613""]",3,5,0,11.469090620915246,49.57005260325343,1275304.6902724674,5172767.005537785,5295620.907419531,
5,step,sample-000005,5,5,False,2026-09-23T19:59:45.069015Z,2026-09-23T22:51:26.557705Z,0.0,-25.93862458865137,130.4307944049243,-13.195458807699307,-179.99999999993847,24.57831319582819,27,"[""HIP_41037"",""HIP_42536"",""HIP_45238"",""HIP_46701"",""HIP_47854"",""HIP_48002"",""HIP_48774"",""HIP_50099"",""HIP_50371"",""HIP_51232"",""HIP_51576"",""HIP_52419"",""HIP_52727"",""HIP_53253"",""HIP_56561"",""HIP_57363"",""HIP_59196"",""HIP_59747"",""HIP_60260"",""HIP_60718"",""HIP_61084"",""HIP_61585"",""HIP_61932"",""HIP_62322"",""HIP_62434"",""HIP_63613""]",3,5,0,12.743165780952062,49.56920559513719,1416975.3842324156,5193536.606265829,5350047.919515956,
5,summary,sample-000005,5,,,2026-09-23T19:59:45.070151Z,,,-25.93837057339942,130.43126309037973,-16.20221275879541,-179.99999999538215,21.662656853714303,28,"[""HIP_25336"",""HIP_26311"",""HIP_27989"",""HIP_30343"",""HIP_31681"",""HIP_32768"",""HIP_38827"",""HIP_41037"",""HIP_42536"",""HIP_42913"",""HIP_45238"",""HIP_45556"",""HIP_45941"",""HIP_46701"",""HIP_47854"",""HIP_48002"",""HIP_48774"",""HIP_50099"",""HIP_50371"",""HIP_51232"",""HIP_51576"",""HIP_52419"",""HIP_52727"",""HIP_53253"",""HIP_54463"",""HIP_56561"",""HIP_57363"",""HIP_59196"",""HIP_59747"",""HIP_60260"",""HIP_60718"",""HIP_61084"",""HIP_61585"",""HIP_61932"",""HIP_62322"",""HIP_62434"",""HIP_63613"",""HIP_66657"",""HIP_68702""]",3,5,0,9.73615781460401,49.568736914238116,1082611.3539947402,5143274.037348277,5225362.944933833,2217869.096796678
6,step,sample-000006,6,1,True,2026-09-23T20:00:18.854620Z,2026-09-24T01:02:18.523866Z,0.0,32.06508454994384,78.5800571824991,-39.91172585847698,-179.99999999999983,82.66703212064827,13,"[""HIP_14576"",""HIP_30122"",""HIP_33579"",""HIP_33856"",""HIP_33977"",""HIP_34444"",""HIP_35037"",""HIP_35904"",""HIP_37229"",""HIP_37677"",""HIP_38170"",""HIP_39757""]",3,4,1,-71.97681040842082,101.41994281750107,-8003456.153473665,11250954.695119724,13119911.149404978,
6,step,sample-000006,6,2,False,2026-09-23T20:00:18.856066Z,2026-09-23T23:32:42.903390Z,0.0,32.06675224977631,78.57939793875676,-86.73764614446891,-179.99999999975296,94.17315770615552,3,"[""HIP_24305"",""HIP_24674"",""HIP_27072""]",4,4,1,-118.80439839424523,101.42060206149029,-13210446.364499029,10018140.197756564,13638738.234747263,
6,step,sample-000006,6,3,False,2026-09-23T20:00:18.857256Z,2026-09-24T00:07:42.042681Z,0.0,32.066438028383104,78.58121703260099,-89.99999999999999,-179.87017023253688,115.20735334993668,7,"[""HIP_14576"",""HIP_27072"",""HIP_30122"",""HIP_33579"",""HIP_33856"",""HIP_33977"",""HIP_34444""]",3,4,1,-122.06643802838309,101.5486127348621,-13573168.622328633,9879107.324349744,13573168.622328633,
6,step,sample-000006,6,4,False,2026-09-23T20:00:18.859670Z,2026-09-23T23:57:33.694197Z,0.0,32.06596120170573,78.58002762122408,-89.99999999999999,-172.45588668108334,118.56527410485478,12,"[""HIP_14328"",""HIP_24674"",""HIP_27072"",""HIP_30122"",""HIP_33579"",""HIP_33856"",""HIP_33977"",""HIP_34444"",""HIP_4427"",""HIP_6686"",""HIP_746"",""HIP_8886""]",3,4,1,-122.06596120170572,108.96408569769255,-13573115.60162122,10600493.582244525,13573115.601621222,
6,step,sample-000006,6,5,False,2026-09-23T20:00:18.861247Z,2026-09-24T00:03:23.780330Z,0.0,32.067634618785604,78.57971404801401,-89.99999999999929,-178.69171220016668,115.75492367878788,6,"[""HIP_27072"",""HIP_30122"",""HIP_33579"",""HIP_33856"",""HIP_33977"",""HIP_34444""]",3,4,1,-122.0676346187849,102.72857375181934,-13573301.677110584,9993957.024360502,13573301.677110681,
6,summary,sample-000006,6,,,2026-09-23T20:00:18.862546Z,,,32.06646529277189,78.58128998353953,-89.18441153611707,-177.75444227838494,110.97726086039725,7,"[""HIP_14328"",""HIP_14576"",""HIP_24305"",""HIP_24674"",""HIP_27072"",""HIP_30122"",""HIP_33579"",""HIP_33856"",""HIP_33977"",""HIP_34444"",""HIP_4427"",""HIP_6686"",""HIP_746"",""HIP_8886""]",3,4,1,-121.25087682888895,103.66426773807552,-13482482.354576733,10124406.132820245,13594212.09937012,4113926.263892252
7,step,sample-000007,7,1,False,2026-09-23T20:01:13.752353Z,2026-09-24T01:41:58.505904Z,0.0,11.476709659832656,5.474836230372972,-89.9999999970087,-145.2479844320055,134.09711116029425,28,"[""HIP_14328"",""HIP_15863"",""HIP_17358"",""HIP_18532"",""HIP_18543"",""HIP_20889"",""HIP_23015"",""HIP_23416"",""HIP_23453"",""HIP_23767"",""HIP_24608"",""HIP_25336"",""HIP_25428"",""HIP_26311"",""HIP_26451"",""HIP_27989"",""HIP_28360"",""HIP_28380"",""HIP_29655"",""HIP_30343"",""HIP_31681"",""HIP_32246"",""HIP_4427"",""HIP_6686"",""HIP_746"",""HIP_8886""]",3,3,2,-101.47670965684135,-150.72282066237847,-11283695.286423659,-12976365.541715233,11283695.287046408,
7,step,sample-000007,7,2,False,2026-09-23T20:01:13.753708Z,2026-09-24T00:49:12.758599Z,0.0,11.475655874664875,5.472893862545504,-89.99999999593629,-140.64017811609244,135.54800859186983,24,"[""HIP_109492"",""HIP_110991"",""HIP_111169"",""HIP_14576"",""HIP_15863"",""HIP_17358"",""HIP_17702"",""HIP_18246"",""HIP_18532"",""HIP_20894"",""HIP_21421"",""HIP_23015"",""HIP_23416"",""HIP_23453"",""HIP_23767"",""HIP_24608"",""HIP_25336"",""HIP_25428"",""HIP_26311"",""HIP_26451"",""HIP_4427"",""HIP_6686"",""HIP_746"",""HIP_8886""]",3,3,2,-101.47565587060117,-146.11307197863795,-11283578.110739984,-12579398.212377822,11283578.111566957,
7,step,sample-000007,7,3,False,2026-09-23T20:01:13.754930Z,2026-09-24T01:44:18.329807Z,0.0,11.47701705065993,5.472879832716615,-89.9999999959412,-141.50451389126138,124.66583958056734,26,"[""HIP_14328"",""HIP_17702"",""HIP_18246"",""HIP_18543"",""HIP_20889"",""HIP_21421"",""HIP_23015"",""HIP_23416"",""HIP_23453"",""HIP_23767"",""HIP_24674"",""HIP_25336"",""HIP_25428"",""HIP_26311"",""HIP_26451"",""HIP_27989"",""HIP_28360"",""HIP_28380"",""HIP_29655"",""HIP_30343"",""HIP_31681"",""HIP_32246"",""HIP_4427"",""HIP_6686"",""HIP_8886""]",3,3,2,-101.47701704660112,-146.977393723978,-11283729.466605447,-12653933.629610727,11283729.467435177,
7,step,sample-000007,7,4,True,2026-09-23T20:01:13.756310Z,2026-09-24T00:34:51.814080Z,0.0,11.477271363486299,5.473526103813896,11.339753418469842,6.201173129425639,359.2439494850079,18,"[""HIP_109492"",""HIP_110991"",""HIP_111169"",""HIP_116584"",""HIP_14328"",""HIP_14576"",""HIP_15863"",""HIP_17702"",""HIP_18246"",""HIP_18532"",""HIP_23015"",""HIP_23416"",""HIP_23767"",""HIP_24608"",""HIP_4427"",""HIP_6686"",""HIP_746"",""HIP_8886""]",2,3,2,-0.13751794501645698,0.7276470256117307,-15291.297808415397,79312.00851853301,80772.59304536376,
7,step,sample-000007,7,5,True,2026-09-23T20:01:13.757580Z,2026-09-24T02:00:50.516918Z,0.0,11.476764000904303,5.474104560851458,11.518210957349028,4.89626522731841,359.68286396233844,29,"[""HIP_14328"",""HIP_15863"",""HIP_17358"",""HIP_17529"",""HIP_18543"",""HIP_23015"",""HIP_23416"",""HIP_23453"",""HIP_23767"",""HIP_24608"",""HIP_24674"",""HIP_25336"",""HIP_25428"",""HIP_26311"",""HIP_26451"",""HIP_27989"",""HIP_28360"",""HIP_28380"",""HIP_29655"",""HIP_30343"",""HIP_30867"",""HIP_31681"",""HIP_32246"",""HIP_32362"",""HIP_4427"",""HIP_6686"",""HIP_746"",""HIP_8886""]",2,3,2,0.04144695644472485,-0.577839333533035,4608.6912815114,-62963.469997613814,63131.902078894265,
7,summary,sample-000007,7,,,2026-09-23T20:01:13.758880Z,,,11.477113468720006,5.473051262669344,-89.99999999629539,-142.46422547978645,131.44075585568157,26,"[""HIP_109492"",""HIP_110991"",""HIP_111169"",""HIP_14328"",""HIP_14576"",""HIP_15863"",""HIP_17358"",""HIP_17702"",""HIP_18246"",""HIP_18532"",""HIP_18543"",""HIP_20889"",""HIP_20894"",""HIP_21421"",""HIP_23015"",""HIP_23416"",""HIP_23453"",""HIP_23767"",""HIP_24608"",""HIP_24674"",""HIP_25336"",""HIP_25428"",""HIP_26311"",""HIP_26451"",""HIP_27989"",""HIP_28360"",""HIP_28380"",""HIP_29655"",""HIP_30343"",""HIP_31681"",""HIP_32246"",""HIP_4427"",""HIP_6686"",""HIP_746"",""HIP_8886""]",3,3,2,-101.47711346501539,-147.9372767424558,-11283740.18784395,-12736582.961829547,11283740.188604984,5138185.395994072
8,step,sample-000008,8,1,False,2026-09-23T20:02:05.039153Z,2026-09-24T02:48:34.622277Z,0.0,77.53967793444355,35.650811029899785,77.50760058983015,35.45853875431555,359.8961119928816,29,"[""HIP_100453"",""HIP_102098"",""HIP_102422"",""HIP_102488"",""HIP_104887"",""HIP_105199"",""HIP_109492"",""HIP_111169"",""HIP_18246"",""HIP_18532"",""HIP_20894"",""HIP_21421"",""HIP_23015"",""HIP_23453"",""HIP_23767"",""HIP_24608"",""HIP_25428"",""HIP_26451"",""HIP_28360"",""HIP_28380"",""HIP_29655"",""HIP_30343"",""HIP_31681"",""HIP_32246"",""HIP_36850"",""HIP_37826"",""HIP_97165"",""HIP_98110"",""HIP_99675""]",1,5,0,-0.032077344613398395,-0.1922722755842301,-3566.837981239066,-4618.802152409671,5835.718697712849,
8,step,sample-000008,8,2,False,2026-09-23T20:02:05.040650Z,2026-09-24T01:04:00.661629Z,0.0,77.5416914114644,35.64157401702454,77.34187485219178,34.945941352129495,359.73560676992975,21,"[""HIP_100453"",""HIP_102098"",""HIP_102422"",""HIP_102488"",""HIP_104732"",""HIP_104887"",""HIP_105199"",""HIP_106481"",""HIP_111169"",""HIP_14576"",""HIP_15863"",""HIP_17358"",""HIP_17702"",""HIP_18246"",""HIP_18532"",""HIP_23015"",""HIP_23416"",""HIP_23453"",""HIP_98110"",""HIP_99675""]",1,5,0,-0.19981655927261954,-0.6956326648950437,-22218.58765068705,-16818.504961950715,27865.87190917717,
8,step,sample-000008,8,3,False,2026-09-23T20:02:05.041952Z,2026-09-24T02:54:19.278352Z,0.0,77.54051106676721,35.647013132197515,77.43306508949628,35.38551875813213,359.79763317910306,17,"[""HIP_18532"",""HIP_20894"",""HIP_21421"",""HIP_23015"",""HIP_23453"",""HIP_23767"",""HIP_24608"",""HIP_25428"",""HIP_26451"",""HIP_28360"",""HIP_28380"",""HIP_29655"",""HIP_30343"",""HIP_31681"",""HIP_32246"",""HIP_36850"",""HIP_37826""]",1,5,0,-0.10744597727092753,-0.2614943740653928,-11947.447560893712,-6299.927475181911,13506.6577549242,
8,step,sample-000008,8,4,False,2026-09-23T20:02:05.043400Z,2026-09-24T01:07:54.471824Z,0.0,77.54131363533317,35.63922884401407,77.299639515103,34.71194530297835,359.51380787442275,19,"[""HIP_100453"",""HIP_102098"",""HIP_102422"",""HIP_102488"",""HIP_104732"",""HIP_104887"",""HIP_106481"",""HIP_109492"",""HIP_14576"",""HIP_17702"",""HIP_18246"",""HIP_18532"",""HIP_23015"",""HIP_23416"",""HIP_23767"",""HIP_97165"",""HIP_98110"",""HIP_99675""]",1,5,0,-0.2416741202301722,-0.9272835410357061,-26872.936070882268,-22456.617098964118,35019.96669983703,
8,step,sample-000008,8,5,False,2026-09-23T20:02:05.044563Z,2026-09-24T01:45:45.990082Z,0.0,77.5403589672614,35.6395666084926,77.36790374255747,34.658707978278855,359.4532573831492,19,"[""HIP_100453"",""HIP_102098"",""HIP_102422"",""HIP_102488"",""HIP_104887"",""HIP_105199"",""HIP_109492"",""HIP_111169"",""HIP_18532"",""HIP_23015"",""HIP_23416"",""HIP_23767"",""HIP_25428"",""HIP_26451"",""HIP_28360"",""HIP_28380"",""HIP_97165"",""HIP_98110""]",1,5,0,-0.17245522470392416,-0.9808586302137314,-19176.14606042374,-23691.548787119304,30479.089662332797,
8,summary,sample-000008,8,,,2026-09-23T20:02:05.045642Z,,,77.54048736572562,35.64446761352153,77.39001675783574,35.03213042916687,-0.3207165190018283,21,"[""HIP_100453"",""HIP_102098"",""HIP_102422"",""HIP_102488"",""HIP_104732"",""HIP_104887"",""HIP_105199"",""HIP_106481"",""HIP_109492"",""HIP_111169"",""HIP_14576"",""HIP_15863"",""HIP_17358"",""HIP_17702"",""HIP_18246"",""HIP_18532"",""HIP_20894"",""HIP_21421"",""HIP_23015"",""HIP_23416"",""HIP_23453"",""HIP_23767"",""HIP_24608"",""HIP_25428"",""HIP_26451"",""HIP_28360"",""HIP_28380"",""HIP_29655"",""HIP_30343"",""HIP_31681"",""HIP_32246"",""HIP_36850"",""HIP_37826"",""HIP_97165"",""HIP_98110"",""HIP_99675""]",1,5,0,-0.1504706078898863,-0.6123371843546579,-16731.56820647807,-14777.423048459577,22322.81083003947,4498702.572848568
9,step,sample-000009,9,1,True,2026-09-23T20:02:44.723016Z,2026-09-24T02:00:50.352241Z,0.0,47.080252629016606,149.14713053182584,89.99999935295016,72.28184853747999,314.16731040140576,3,"[""HIP_75695"",""HIP_81833""]",4,4,1,42.91974672393355,-76.86528199434585,4772458.08857083,-3126926.7456987253,4772458.144169775,
9,step,sample-000009,9,2,False,2026-09-23T20:02:44.724782Z,2026-09-24T02:11:50.645605Z,0.0,47.08271136664457,149.1475527135076,47.098312263592206,149.0606318221765,359.96628939358106,19,"[""HIP_43109"",""HIP_43813"",""HIP_45860"",""HIP_47908"",""HIP_49583"",""HIP_49669"",""HIP_50335"",""HIP_50583"",""HIP_54879"",""HIP_72607"",""HIP_75097"",""HIP_75695"",""HIP_80331"",""HIP_81833"",""HIP_83895"",""HIP_85670"",""HIP_87833"",""HIP_94376""]",1,4,1,0.015600896947638887,-0.08692089133108993,1734.7405916820264,-6580.449949875214,6805.265667971751,
9,step,sample-000009,9,3,False,2026-09-23T20:02:44.725982Z,2026-09-24T02:18:44.498633Z,0.0,47.07970441979246,149.14753791190458,47.07396902818066,149.09869725164515,359.99999999696365,15,"[""HIP_43109"",""HIP_43813"",""HIP_45860"",""HIP_47908"",""HIP_49583"",""HIP_49669"",""HIP_50335"",""HIP_50583"",""HIP_54879"",""HIP_75695"",""HIP_81833"",""HIP_85670"",""HIP_87933"",""HIP_91262""]",1,4,1,-0.005735391611800367,-0.04884066025942957,-637.7464495519592,-3698.4898253910333,3753.0716789387648,
9,step,sample-000009,9,4,False,2026-09-23T20:02:44.727100Z,2026-09-24T03:47:47.996624Z,0.0,47.082684067935006,149.14910651294866,46.841011890593734,149.2808445752457,359.9999999999138,5,"[""HIP_88771"",""HIP_91262"",""HIP_92420"",""HIP_93194""]",1,4,1,-0.24167217734127178,0.1317380622970461,-26872.720031493503,9997.45557019957,28672.138361035133,
9,step,sample-000009,9,5,False,2026-09-23T20:02:44.728177Z,2026-09-24T02:47:56.282410Z,0.0,47.08040149287388,149.14721264628156,46.98589575502635,149.19684252172615,359.99999998152583,7,"[""HIP_75695"",""HIP_81833"",""HIP_83000"",""HIP_85670"",""HIP_87933"",""HIP_91262""]",1,4,1,-0.09450573784753402,0.04962987544459452,-10508.558587446445,3761.333882812701,11161.425598510055,
9,summary,sample-000009,9,,,2026-09-23T20:02:44.729230Z,,,47.08105654071766,149.14855196015208,46.999797234348236,149.15925404269836,-0.008427656821563682,12,"[""HIP_43109"",""HIP_43813"",""HIP_45860"",""HIP_47908"",""HIP_49583"",""HIP_49669"",""HIP_50335"",""HIP_50583"",""HIP_54879"",""HIP_72607"",""HIP_75097"",""HIP_75695"",""HIP_80331"",""HIP_81833"",""HIP_83000"",""HIP_83895"",""HIP_85670"",""HIP_87833"",""HIP_87933"",""HIP_88771"",""HIP_91262"",""HIP_92420"",""HIP_93194"",""HIP_94376""]",1,4,1,-0.08125930636942513,0.010702082546288239,-9035.622610935952,810.9755490587187,9071.943386935616,3999854.7251306083
10,step,sample-000010,10,1,False,2026-09-23T20:03:54.043592Z,2026-09-24T04:10:34.828042Z,0.0,-44.4725340731575,-118.4573254737046,-88.64105371430216,179.93424893701234,101.0480416255669,28,"[""HIP_50099"",""HIP_57363"",""HIP_60718"",""HIP_61585"",""HIP_62322"",""HIP_62434"",""HIP_66657"",""HIP_68702"",""HIP_71683"",""HIP_71908"",""HIP_74946"",""HIP_77952"",""HIP_78401"",""HIP_78820"",""HIP_80112"",""HIP_80763"",""HIP_81266"",""HIP_81377"",""HIP_82396"",""HIP_82514"",""HIP_82729"",""HIP_83081"",""HIP_84012"",""HIP_84143"",""HIP_84970"",""HIP_86670"",""HIP_87261""]",3,4,1,-44.16851964114466,-61.60842558928306,-4911315.301495832,-2725419.5158175975,4991954.096486535,
10,step,sample-000010,10,2,True,2026-09-23T20:03:54.044875Z,2026-09-24T04:33:46.283317Z,0.0,-44.473934227468725,-118.45605789816273,-78.86031523093924,179.9999999861296,99.59568872475998,30,"[""HIP_62322"",""HIP_68702"",""HIP_71683"",""HIP_71908"",""HIP_77952"",""HIP_78401"",""HIP_78820"",""HIP_80112"",""HIP_80763"",""HIP_81377"",""HIP_82273"",""HIP_82396"",""HIP_82514"",""HIP_82729"",""HIP_83081"",""HIP_84012"",""HIP_84143"",""HIP_85258"",""HIP_85792"",""HIP_86670"",""HIP_88635"",""HIP_89341"",""HIP_89642"",""HIP_90185"",""HIP_90496"",""HIP_92041"",""HIP_93085"",""HIP_93506"",""HIP_94141""]",3,4,1,-34.38638100347051,-61.54394211570764,-3823591.113252752,-3247819.7353769154,4574847.4581858255,
10,step,sample-000010,10,3,False,2026-09-23T20:03:54.046149Z,2026-09-24T04:14:36.149110Z,0.0,-44.471455312038785,-118.45733100347069,-88.63038185654598,179.97951390760662,101.50803516913504,23,"[""HIP_60718"",""HIP_61585"",""HIP_62322"",""HIP_62434"",""HIP_66657"",""HIP_68702"",""HIP_71683"",""HIP_71908"",""HIP_74946"",""HIP_78401"",""HIP_78820"",""HIP_80112"",""HIP_80763"",""HIP_81377"",""HIP_82396"",""HIP_82514"",""HIP_84012"",""HIP_84143"",""HIP_85258"",""HIP_86228"",""HIP_86670"",""HIP_87073""]",3,4,1,-44.158926544507196,-61.56315508892271,-4910248.597818935,-2724060.8543852596,4991424.696704591,
10,step,sample-000010,10,4,False,2026-09-23T20:03:54.047305Z,2026-09-24T02:58:19.608938Z,0.0,-44.473069181689986,-118.45711842529533,-89.99999999803234,179.0781668927669,112.32940167660846,27,"[""HIP_45238"",""HIP_50099"",""HIP_52419"",""HIP_56561"",""HIP_57363"",""HIP_59747"",""HIP_60009"",""HIP_60260"",""HIP_60718"",""HIP_61084"",""HIP_61585"",""HIP_61932"",""HIP_62322"",""HIP_62434"",""HIP_66657"",""HIP_68933"",""HIP_71352"",""HIP_71683"",""HIP_71860"",""HIP_71908"",""HIP_73273"",""HIP_74395"",""HIP_74946"",""HIP_75264"",""HIP_76297"",""HIP_77952""]",3,4,1,-45.52693081634235,-62.46471468193778,-5062363.732475088,-2687506.576445646,5062363.732592735,
10,step,sample-000010,10,5,False,2026-09-23T20:03:54.048438Z,2026-09-24T03:43:16.961591Z,0.0,-44.47344580766122,-118.45705479442762,-89.99999999484874,174.64238297712092,107.28074360884094,31,"[""HIP_45238"",""HIP_50099"",""HIP_56561"",""HIP_57363"",""HIP_59747"",""HIP_60009"",""HIP_60260"",""HIP_60718"",""HIP_61084"",""HIP_61585"",""HIP_62322"",""HIP_62434"",""HIP_66657"",""HIP_68702"",""HIP_71352"",""HIP_71683"",""HIP_71860"",""HIP_71908"",""HIP_73273"",""HIP_74395"",""HIP_74946"",""HIP_77952"",""HIP_78401"",""HIP_78820"",""HIP_80112"",""HIP_81266"",""HIP_81377"",""HIP_82363"",""HIP_82396"",""HIP_84012""]",3,4,1,-45.526554187187514,-66.90056222845146,-5062321.853223844,-2878333.689674554,5062321.853571915,
10,summary,sample-000010,10,,,2026-09-23T20:03:54.049774Z,,,-44.47263235185444,-118.4570207012429,-89.31785889093231,178.40857817862673,105.53949925688823,27,"[""HIP_45238"",""HIP_50099"",""HIP_52419"",""HIP_56561"",""HIP_57363"",""HIP_59747"",""HIP_60009"",""HIP_60260"",""HIP_60718"",""HIP_61084"",""HIP_61585"",""HIP_61932"",""HIP_62322"",""HIP_62434"",""HIP_66657"",""HIP_68702"",""HIP_68933"",""HIP_71352"",""HIP_71683"",""HIP_71860"",""HIP_71908"",""HIP_73273"",""HIP_74395"",""HIP_74946"",""HIP_75264"",""HIP_76297"",""HIP_77952"",""HIP_78401"",""HIP_78820"",""HIP_80112"",""HIP_80763"",""HIP_81266"",""HIP_81377"",""HIP_82363"",""HIP_82396"",""HIP_82514"",""HIP_82729"",""HIP_83081"",""HIP_84012"",""HIP_84143"",""HIP_84970"",""HIP_85258"",""HIP_86228"",""HIP_86670"",""HIP_87073"",""HIP_87261""]",3,4,1,-44.84522653907787,-63.134401120130406,-4986561.675371382,-2754830.6930636945,5028490.7419511955,4102718.3268126673
11,step,sample-000011,11,1,False,2026-09-23T20:04:36.220389Z,2026-09-24T05:01:47.981923Z,0.0,18.913149790110943,-50.39909926600518,-89.9999999974949,174.4233897162784,114.62314514711453,22,"[""HIP_14328"",""HIP_15863"",""HIP_17358"",""HIP_17529"",""HIP_17702"",""HIP_18246"",""HIP_18532"",""HIP_23015"",""HIP_23416"",""HIP_23453"",""HIP_23767"",""HIP_24608"",""HIP_24674"",""HIP_25336"",""HIP_26311"",""HIP_26451"",""HIP_27989"",""HIP_28360"",""HIP_28380"",""HIP_29655"",""HIP_30343""]",3,3,2,-108.91314978760585,-135.17751101771643,-12110589.70126067,-12230394.848796887,12110589.701736802,
11,step,sample-000011,11,2,False,2026-09-23T20:04:36.221739Z,2026-09-24T04:56:12.615234Z,0.0,18.911831776809972,-50.40153535452879,-89.99999999637001,173.75285483835023,113.78981607331384,23,"[""HIP_109492"",""HIP_17702"",""HIP_18246"",""HIP_18724"",""HIP_20889"",""HIP_20894"",""HIP_23015"",""HIP_23416"",""HIP_23767"",""HIP_25336"",""HIP_25428"",""HIP_26311"",""HIP_26451"",""HIP_27989"",""HIP_28360"",""HIP_28380"",""HIP_2920"",""HIP_29655"",""HIP_30343"",""HIP_4427"",""HIP_6686"",""HIP_746""]",3,3,2,-108.91183177317998,-135.84560980712098,-12110443.14474327,-12290741.123642405,12110443.145436501,
11,step,sample-000011,11,3,False,2026-09-23T20:04:36.222852Z,2026-09-24T04:09:38.129864Z,0.0,18.91333131473038,-50.40021003754609,-89.99999999708915,172.00264105584543,134.4038598667864,26,"[""HIP_100453"",""HIP_102098"",""HIP_102422"",""HIP_102488"",""HIP_104732"",""HIP_104887"",""HIP_105199"",""HIP_106032"",""HIP_106481"",""HIP_109492"",""HIP_111169"",""HIP_116584"",""HIP_14328"",""HIP_15863"",""HIP_17358"",""HIP_18532"",""HIP_23015"",""HIP_23416"",""HIP_23453"",""HIP_23767"",""HIP_24608"",""HIP_25428"",""HIP_4427"",""HIP_6686"",""HIP_746"",""HIP_99675""]",3,3,2,-108.91333131181953,-137.59714890660848,-12110609.885832295,-12449329.426903598,12110609.886394972,
11,step,sample-000011,11,4,True,2026-09-23T20:04:36.223906Z,2026-09-24T03:37:40.150193Z,0.0,18.91289916254807,-50.4010731947794,89.99999999999999,138.3485770589534,109.29455373324224,12,"[""HIP_100453"",""HIP_102098"",""HIP_102488"",""HIP_104732"",""HIP_104887"",""HIP_105199"",""HIP_106481"",""HIP_109492"",""HIP_110538"",""HIP_111169"",""HIP_97165"",""HIP_98110""]",3,3,2,71.08710083745191,-171.2503497462672,7904524.962994816,-11069624.694108514,7904524.962994819,
11,step,sample-000011,11,5,True,2026-09-23T20:04:36.225014Z,2026-09-24T05:06:34.164416Z,0.0,18.911573592205613,-50.39914174313057,89.99999999999999,46.1690933202918,167.76572483532198,21,"[""HIP_109492"",""HIP_14328"",""HIP_17358"",""HIP_18246"",""HIP_23015"",""HIP_23416"",""HIP_23453"",""HIP_23767"",""HIP_24608"",""HIP_25336"",""HIP_26311"",""HIP_26451"",""HIP_27989"",""HIP_28360"",""HIP_28380"",""HIP_2920"",""HIP_30343"",""HIP_4427"",""HIP_6686"",""HIP_746""]",3,3,2,71.08842640779437,96.56823506342238,7904672.359691808,6242272.960092715,7904672.359691809,
11,summary,sample-000011,11,,,2026-09-23T20:04:36.226087Z,,,18.912847967049196,-50.40032952610494,-89.99999999698466,173.39296187015805,120.90775064396524,24,"[""HIP_100453"",""HIP_102098"",""HIP_102422"",""HIP_102488"",""HIP_104732"",""HIP_104887"",""HIP_105199"",""HIP_106032"",""HIP_106481"",""HIP_109492"",""HIP_111169"",""HIP_116584"",""HIP_14328"",""HIP_15863"",""HIP_17358"",""HIP_17529"",""HIP_17702"",""HIP_18246"",""HIP_18532"",""HIP_18724"",""HIP_20889"",""HIP_20894"",""HIP_23015"",""HIP_23416"",""HIP_23453"",""HIP_23767"",""HIP_24608"",""HIP_24674"",""HIP_25336"",""HIP_25428"",""HIP_26311"",""HIP_26451"",""HIP_27989"",""HIP_28360"",""HIP_28380"",""HIP_2920"",""HIP_29655"",""HIP_30343"",""HIP_4427"",""HIP_6686"",""HIP_746"",""HIP_99675""]",3,3,2,-108.91284796403386,-136.206708603737,-12110556.140010724,-12323489.905879797,12110556.140588041,4830703.582610428
12,step,sample-000012,12,1,False,2026-09-23T20:05:26.172004Z,2026-09-24T04:22:32.593598Z,0.0,67.3636369161782,171.28277228150966,89.9999630876801,-28.601874163073646,176.0145857594624,22,"[""HIP_100453"",""HIP_102098"",""HIP_102422"",""HIP_102488"",""HIP_102589"",""HIP_104732"",""HIP_104887"",""HIP_106032"",""HIP_106481"",""HIP_109492"",""HIP_110991"",""HIP_4427"",""HIP_6686"",""HIP_746"",""HIP_77070"",""HIP_83000"",""HIP_91262"",""HIP_93194"",""HIP_96837"",""HIP_98110"",""HIP_99675""]",3,5,0,22.636326171501906,160.11535355541668,2517044.62814246,3494173.724574689,2517052.5923573133,
12,step,sample-000012,12,2,False,2026-09-23T20:05:26.173145Z,2026-09-24T04:20:06.340931Z,0.0,67.36568713516212,171.28189109145683,89.9999999983776,-29.827706135659778,177.4509732698735,21,"[""HIP_100453"",""HIP_102098"",""HIP_102488"",""HIP_102589"",""HIP_104732"",""HIP_104887"",""HIP_106032"",""HIP_106481"",""HIP_109492"",""HIP_4427"",""HIP_6686"",""HIP_746"",""HIP_91262"",""HIP_93194"",""HIP_94779"",""HIP_95853"",""HIP_96837"",""HIP_97165"",""HIP_98110"",""HIP_99675""]",3,5,0,22.634312863215484,158.89040277288336,2516820.758475238,3467126.2669382724,2516820.7588239354,
12,step,sample-000012,12,3,False,2026-09-23T20:05:26.174204Z,2026-09-24T05:42:43.642513Z,0.0,67.36420587913378,171.2822553529981,89.99999999270567,-29.269061714596965,176.0200616083068,17,"[""HIP_100453"",""HIP_102098"",""HIP_102488"",""HIP_103413"",""HIP_104060"",""HIP_104732"",""HIP_104887"",""HIP_106481"",""HIP_107259"",""HIP_109492"",""HIP_109857"",""HIP_110991"",""HIP_111169"",""HIP_83000"",""HIP_86742"",""HIP_88771""]",3,5,0,22.63579411357189,159.44868293240495,2516985.465999961,3479533.151614023,2516985.467570527,
12,step,sample-000012,12,4,False,2026-09-23T20:05:26.175389Z,2026-09-24T05:36:53.136483Z,0.0,67.36382996191753,171.28096479378667,89.99999999371425,-28.233138899480014,173.22280819041805,21,"[""HIP_102098"",""HIP_102488"",""HIP_104060"",""HIP_104732"",""HIP_104887"",""HIP_106481"",""HIP_112158"",""HIP_14328"",""HIP_15863"",""HIP_4427"",""HIP_6686"",""HIP_746"",""HIP_83000"",""HIP_86742"",""HIP_88771"",""HIP_8886"",""HIP_91262"",""HIP_92420"",""HIP_93194"",""HIP_98110""]",3,5,0,22.636170031796723,160.4858963067333,2517027.2661993955,3502224.91061608,2517027.2675571344,
12,step,sample-000012,12,5,False,2026-09-23T20:05:26.176449Z,2026-09-24T05:37:54.369104Z,0.0,67.36584648274508,171.2799541749622,89.99999999338728,-30.312127927922322,175.78138699854026,24,"[""HIP_100453"",""HIP_102098"",""HIP_102488"",""HIP_104060"",""HIP_104732"",""HIP_104887"",""HIP_106481"",""HIP_109492"",""HIP_110991"",""HIP_111169"",""HIP_112158"",""HIP_14328"",""HIP_15863"",""HIP_4427"",""HIP_6686"",""HIP_746"",""HIP_81833"",""HIP_8886"",""HIP_91262"",""HIP_92420"",""HIP_93194"",""HIP_98110"",""HIP_99675""]",3,5,0,22.634153510642193,158.40791789711545,2516803.03927754,3456574.0121644447,2516803.040696545,
12,summary,sample-000012,12,,,2026-09-23T20:05:26.177486Z,,,67.36417182252764,171.28012313298103,89.99999261317298,-29.2487817681465,175.69806178596554,21,"[""HIP_100453"",""HIP_102098"",""HIP_102422"",""HIP_102488"",""HIP_102589"",""HIP_103413"",""HIP_104060"",""HIP_104732"",""HIP_104887"",""HIP_106032"",""HIP_106481"",""HIP_107259"",""HIP_109492"",""HIP_109857"",""HIP_110991"",""HIP_111169"",""HIP_112158"",""HIP_14328"",""HIP_15863"",""HIP_4427"",""HIP_6686"",""HIP_746"",""HIP_77070"",""HIP_81833"",""HIP_83000"",""HIP_86742"",""HIP_88771"",""HIP_8886"",""HIP_91262"",""HIP_92420"",""HIP_93194"",""HIP_94779"",""HIP_95853"",""HIP_96837"",""HIP_97165"",""HIP_98110"",""HIP_99675""]",3,5,0,22.63582079064534,159.47109509887247,2516988.432355186,3480028.5234037642,2516990.022949314,4637894.119305336
13,step,sample-000013,13,1,False,2026-09-23T20:06:27.956609Z,2026-09-24T05:14:49.653895Z,0.0,-34.45500684100721,-130.26109046496703,-89.99999999999983,83.1828871615758,-160.87632883382514,31,"[""HIP_74946"",""HIP_76297"",""HIP_77952"",""HIP_78265"",""HIP_78401"",""HIP_78820"",""HIP_80000"",""HIP_80112"",""HIP_80763"",""HIP_81266"",""HIP_81377"",""HIP_82273"",""HIP_82396"",""HIP_82514"",""HIP_82729"",""HIP_83081"",""HIP_83153"",""HIP_84012"",""HIP_84143"",""HIP_84970"",""HIP_85258"",""HIP_85792"",""HIP_85927"",""HIP_86170"",""HIP_87073"",""HIP_87261"",""HIP_88635"",""HIP_88714"",""HIP_89341"",""HIP_89931""]",3,5,0,-55.54499315899262,-146.55602237345715,-6176321.4397867005,-7593449.526905475,6176321.439786735,
13,step,sample-000013,13,2,False,2026-09-23T20:06:27.957776Z,2026-09-24T06:27:37.569904Z,0.0,-34.456611454075734,-130.26208723087424,-89.99999999761486,79.77851408364468,-160.89944549298758,10,"[""HIP_82396"",""HIP_82514"",""HIP_82729"",""HIP_84143"",""HIP_85792"",""HIP_85927"",""HIP_86670"",""HIP_87073"",""HIP_87261"",""HIP_89642""]",3,5,0,-55.54338854353913,-149.95939868548106,-6176143.014689057,-7769580.727394537,6176143.015183861,
13,step,sample-000013,13,3,False,2026-09-23T20:06:27.958760Z,2026-09-24T05:41:02.918553Z,0.0,-34.45550939027686,-130.2622317906782,-89.99999999998113,80.04191187205578,-159.51384425406985,35,"[""HIP_71683"",""HIP_71908"",""HIP_74946"",""HIP_77952"",""HIP_80112"",""HIP_80763"",""HIP_81266"",""HIP_82273"",""HIP_82396"",""HIP_82514"",""HIP_82729"",""HIP_83081"",""HIP_84012"",""HIP_84143"",""HIP_84970"",""HIP_85258"",""HIP_85423"",""HIP_85792"",""HIP_85927"",""HIP_86170"",""HIP_86228"",""HIP_86670"",""HIP_87072"",""HIP_87073"",""HIP_87261"",""HIP_88635"",""HIP_88839"",""HIP_89341"",""HIP_89642"",""HIP_89931"",""HIP_90496"",""HIP_93085"",""HIP_93506"",""HIP_93864"",""HIP_94141""]",3,5,0,-55.54449060970427,-149.69585633726604,-6176265.558855448,-7756067.918242311,6176265.558859358,
13,step,sample-000013,13,4,False,2026-09-23T20:06:27.959981Z,2026-09-24T04:54:47.128231Z,0.0,-34.45598443326187,-130.26119072399027,-89.99999999997934,80.73675539675719,-155.89241065451088,37,"[""HIP_63613"",""HIP_68702"",""HIP_71683"",""HIP_71860"",""HIP_71908"",""HIP_73273"",""HIP_74395"",""HIP_74946"",""HIP_76297"",""HIP_77952"",""HIP_78265"",""HIP_78401"",""HIP_78820"",""HIP_79664"",""HIP_80000"",""HIP_80112"",""HIP_80763"",""HIP_81266"",""HIP_81377"",""HIP_82273"",""HIP_82363"",""HIP_82396"",""HIP_82514"",""HIP_82729"",""HIP_83081"",""HIP_83153"",""HIP_84012"",""HIP_84143"",""HIP_84970"",""HIP_85258"",""HIP_85792"",""HIP_85927"",""HIP_86263"",""HIP_87073"",""HIP_90422"",""HIP_90496""]",3,5,0,-55.54401556671747,-149.00205387925257,-6176212.736485378,-7720059.731406495,6176212.736489645,
13,step,sample-000013,13,5,False,2026-09-23T20:06:27.962003Z,2026-09-24T05:38:55.876162Z,0.0,-34.45539695886173,-130.2611812081983,-89.99999999298329,77.74450665405938,-158.23477156830575,28,"[""HIP_71908"",""HIP_74946"",""HIP_77952"",""HIP_80112"",""HIP_80763"",""HIP_81266"",""HIP_82273"",""HIP_82396"",""HIP_82514"",""HIP_82729"",""HIP_83081"",""HIP_84012"",""HIP_84143"",""HIP_84970"",""HIP_85258"",""HIP_85423"",""HIP_85927"",""HIP_86170"",""HIP_86228"",""HIP_86263"",""HIP_86670"",""HIP_87073"",""HIP_87261"",""HIP_88635"",""HIP_89341"",""HIP_89642"",""HIP_90496"",""HIP_93683""]",3,5,0,-55.54460303412156,-151.99431213774233,-6176278.059880281,-7875170.58573337,6176278.061349364,
13,summary,sample-000013,13,,,2026-09-23T20:06:27.963193Z,,,-34.45650342285674,-130.2607856257751,-89.99999999811169,80.29691503361852,-159.08357618850212,28,"[""HIP_63613"",""HIP_68702"",""HIP_71683"",""HIP_71860"",""HIP_71908"",""HIP_73273"",""HIP_74395"",""HIP_74946"",""HIP_76297"",""HIP_77952"",""HIP_78265"",""HIP_78401"",""HIP_78820"",""HIP_79664"",""HIP_80000"",""HIP_80112"",""HIP_80763"",""HIP_81266"",""HIP_81377"",""HIP_82273"",""HIP_82363"",""HIP_82396"",""HIP_82514"",""HIP_82729"",""HIP_83081"",""HIP_83153"",""HIP_84012"",""HIP_84143"",""HIP_84970"",""HIP_85258"",""HIP_85423"",""HIP_85792"",""HIP_85927"",""HIP_86170"",""HIP_86228"",""HIP_86263"",""HIP_86670"",""HIP_87072"",""HIP_87073"",""HIP_87261"",""HIP_88635"",""HIP_88714"",""HIP_88839"",""HIP_89341"",""HIP_89642"",""HIP_89931"",""HIP_90422"",""HIP_90496"",""HIP_93085"",""HIP_93506"",""HIP_93683"",""HIP_93864"",""HIP_94141""]",3,5,0,-55.54349657525495,-149.44229934060638,-6176155.027267773,-7742803.036177406,6176155.027658554,4756221.8814863525
14,step,sample-000014,14,1,True,2026-09-23T20:07:07.792623Z,2026-09-24T06:42:16.635080Z,0.0,-19.617248044652356,-70.70931965901329,-89.99999999396385,69.09870456138266,-164.12389211426373,11,"[""HIP_14576"",""HIP_17702"",""HIP_18246"",""HIP_18532"",""HIP_20894"",""HIP_21421"",""HIP_24305"",""HIP_24674"",""HIP_27288"",""HIP_30122""]",3,3,2,-70.3827519493115,139.80802422039596,-7826204.940045866,8959271.760038396,7826204.941229766,
14,step,sample-000014,14,2,True,2026-09-23T20:07:07.793850Z,2026-09-24T06:45:19.171159Z,0.0,-19.617156205152163,-70.70693366228015,-89.99999999447041,67.38830021068233,-156.74894490759996,16,"[""HIP_14576"",""HIP_15900"",""HIP_17702"",""HIP_18246"",""HIP_18532"",""HIP_18724"",""HIP_20894"",""HIP_21421"",""HIP_24305"",""HIP_24674"",""HIP_25336"",""HIP_26311"",""HIP_26451"",""HIP_27989"",""HIP_30122""]",3,3,2,-70.38284378931826,138.09523387296247,-7826215.15218868,8849521.635329084,7826215.153261155,
14,step,sample-000014,14,3,False,2026-09-23T20:07:07.795168Z,2026-09-24T05:40:15.698601Z,0.0,-19.61743097054907,-70.70741832540918,-77.43448415737946,149.45080157779077,-359.9997034261177,9,"[""HIP_10602"",""HIP_19780"",""HIP_2021"",""HIP_677"",""HIP_7083"",""HIP_7588"",""HIP_9007"",""HIP_9236""]",3,3,2,-57.81705318683039,-139.84178009680005,-6428962.987914156,-10298263.396871747,8912224.01290258,
14,step,sample-000014,14,4,False,2026-09-23T20:07:07.796502Z,2026-09-24T06:59:53.751954Z,0.0,-19.617748036537026,-70.70886015607817,-89.99999999999999,130.6258769355678,-249.24162417653446,10,"[""HIP_14576"",""HIP_24305"",""HIP_30122"",""HIP_33579"",""HIP_33856"",""HIP_33977"",""HIP_34444"",""HIP_35264""]",3,3,2,-70.38225196346296,-158.66526290835407,-7826149.344156114,-10167631.090593237,7826149.344156117,
14,step,sample-000014,14,5,False,2026-09-23T20:07:07.798028Z,2026-09-24T07:12:34.983281Z,0.0,-19.616503394573428,-70.7076707638724,-89.9999999945253,131.71533527255448,-235.7984702211129,21,"[""HIP_14576"",""HIP_17702"",""HIP_18246"",""HIP_18724"",""HIP_20894"",""HIP_21421"",""HIP_23015"",""HIP_24305"",""HIP_24674"",""HIP_25336"",""HIP_26311"",""HIP_27989"",""HIP_30122"",""HIP_33579"",""HIP_33856"",""HIP_33977"",""HIP_34444"",""HIP_35264"",""HIP_35904"",""HIP_36377""]",3,3,2,-70.38349659995187,-157.5769939635731,-7826287.741419197,-10098047.871034138,7826287.742590689,
14,summary,sample-000014,14,,,2026-09-23T20:07:07.799818Z,,,-19.616395173132847,-70.70792642140187,-85.81149471730158,137.2640045953044,87.28813519823143,13,"[""HIP_10602"",""HIP_14576"",""HIP_17702"",""HIP_18246"",""HIP_18724"",""HIP_19780"",""HIP_2021"",""HIP_20894"",""HIP_21421"",""HIP_23015"",""HIP_24305"",""HIP_24674"",""HIP_25336"",""HIP_26311"",""HIP_27989"",""HIP_30122"",""HIP_33579"",""HIP_33856"",""HIP_33977"",""HIP_34444"",""HIP_35264"",""HIP_35904"",""HIP_36377"",""HIP_677"",""HIP_7083"",""HIP_7588"",""HIP_9007"",""HIP_9236""]",3,3,2,-66.19509954416874,-152.02806898329374,-7360559.238043107,-10240809.223875523,8238858.801290102,5004981.6614723345
15,step,sample-000015,15,1,False,2026-09-23T20:07:46.070577Z,2026-09-24T07:57:38.783766Z,0.0,19.695677277714648,-64.23833157673722,-89.99999999627818,130.96444242211447,-235.8244435161696,21,"[""HIP_14328"",""HIP_24305"",""HIP_27989"",""HIP_28380"",""HIP_29655"",""HIP_30343"",""HIP_31681"",""HIP_32246"",""HIP_32362"",""HIP_34769"",""HIP_35350"",""HIP_35550"",""HIP_36188"",""HIP_37279"",""HIP_37826"",""HIP_40526"",""HIP_4427"",""HIP_6686"",""HIP_746"",""HIP_8886""]",3,5,0,-109.69567727399283,-164.79722600114832,-12197602.78770682,-14982680.220875526,12197602.788520033,
15,step,sample-000015,15,2,False,2026-09-23T20:07:46.071940Z,2026-09-24T06:16:06.333482Z,0.0,19.696165709551472,-64.23760264701734,-89.99999999638102,132.16813990045327,-218.25316323672044,27,"[""HIP_109492"",""HIP_17358"",""HIP_20455"",""HIP_20889"",""HIP_20894"",""HIP_23015"",""HIP_23416"",""HIP_23453"",""HIP_23767"",""HIP_24608"",""HIP_25336"",""HIP_25428"",""HIP_26311"",""HIP_26451"",""HIP_27989"",""HIP_28360"",""HIP_28380"",""HIP_2920"",""HIP_29655"",""HIP_30343"",""HIP_31681"",""HIP_32246"",""HIP_4427"",""HIP_6686"",""HIP_746"",""HIP_8886""]",3,5,0,-109.69616570593249,-163.5942574525294,-12197657.098860523,-14873355.951558359,12197657.099648966,
15,step,sample-000015,15,3,False,2026-09-23T20:07:46.073143Z,2026-09-24T06:25:27.704135Z,0.0,19.6963736891597,-64.2382667588449,-89.99999999551177,131.8686358624042,-217.04464503681,28,"[""HIP_109492"",""HIP_110991"",""HIP_111169"",""HIP_14328"",""HIP_15863"",""HIP_20894"",""HIP_23015"",""HIP_23416"",""HIP_23453"",""HIP_23767"",""HIP_24608"",""HIP_25336"",""HIP_26311"",""HIP_26451"",""HIP_27989"",""HIP_28360"",""HIP_28380"",""HIP_2920"",""HIP_29655"",""HIP_30343"",""HIP_31681"",""HIP_32246"",""HIP_32362"",""HIP_4427"",""HIP_6686"",""HIP_746"",""HIP_8886""]",3,5,0,-109.69637368467147,-163.8930973787509,-12197680.225041147,-14900544.363106502,12197680.226019692,
15,step,sample-000015,15,4,False,2026-09-23T20:07:46.074515Z,2026-09-24T06:24:35.556323Z,0.0,19.697692652989524,-64.24008211812196,-89.99999999543672,131.60820581111878,-217.0357233625679,29,"[""HIP_109492"",""HIP_14328"",""HIP_15863"",""HIP_17358"",""HIP_17529"",""HIP_17702"",""HIP_18532"",""HIP_18724"",""HIP_23015"",""HIP_23416"",""HIP_23453"",""HIP_23767"",""HIP_24608"",""HIP_25336"",""HIP_26311"",""HIP_26451"",""HIP_27989"",""HIP_28360"",""HIP_28380"",""HIP_29655"",""HIP_30343"",""HIP_31681"",""HIP_32246"",""HIP_32362"",""HIP_4427"",""HIP_6686"",""HIP_746"",""HIP_8886""]",3,5,0,-109.69769264842625,-164.15171207075923,-12197826.887119107,-14924177.597534906,12197826.888114644,
15,step,sample-000015,15,5,False,2026-09-23T20:07:46.075878Z,2026-09-24T07:14:48.351020Z,0.0,19.69703410236872,-64.23823250414924,-89.9999999949131,131.58006457193943,-216.92231622052353,21,"[""HIP_111169"",""HIP_14328"",""HIP_21421"",""HIP_25428"",""HIP_26451"",""HIP_27989"",""HIP_28380"",""HIP_29655"",""HIP_30343"",""HIP_31681"",""HIP_32246"",""HIP_32362"",""HIP_35550"",""HIP_36188"",""HIP_36850"",""HIP_37826"",""HIP_4427"",""HIP_6686"",""HIP_746"",""HIP_8886""]",3,5,0,-109.69703409728181,-164.1817029239113,-12197753.65957291,-14926843.870579498,12197753.660682766,
15,summary,sample-000015,15,,,2026-09-23T20:07:46.077519Z,,,19.696834953862147,-64.23871065224266,-89.99999999570416,131.63789771360604,139.0148762842128,25,"[""HIP_109492"",""HIP_110991"",""HIP_111169"",""HIP_14328"",""HIP_15863"",""HIP_17358"",""HIP_17529"",""HIP_17702"",""HIP_18532"",""HIP_18724"",""HIP_20455"",""HIP_20889"",""HIP_20894"",""HIP_21421"",""HIP_23015"",""HIP_23416"",""HIP_23453"",""HIP_23767"",""HIP_24305"",""HIP_24608"",""HIP_25336"",""HIP_25428"",""HIP_26311"",""HIP_26451"",""HIP_27989"",""HIP_28360"",""HIP_28380"",""HIP_2920"",""HIP_29655"",""HIP_30343"",""HIP_31681"",""HIP_32246"",""HIP_32362"",""HIP_34769"",""HIP_35350"",""HIP_35550"",""HIP_36188"",""HIP_36850"",""HIP_37279"",""HIP_37826"",""HIP_40526"",""HIP_4427"",""HIP_6686"",""HIP_746"",""HIP_8886""]",3,5,0,-109.69683494956631,-164.1233916341513,-12197731.515357293,-14921524.145451779,12197731.516294422,5484498.318460474
16,step,sample-000016,16,1,False,2026-09-23T20:08:24.237422Z,2026-09-24T08:27:51.174435Z,0.0,69.24854734871553,91.8461887517442,-89.99999999991138,12.74258905052138,-268.923254714552,13,"[""HIP_100453"",""HIP_102422"",""HIP_102488"",""HIP_104732"",""HIP_104887"",""HIP_105199"",""HIP_109492"",""HIP_91262"",""HIP_93194"",""HIP_97165"",""HIP_98110"",""HIP_99675""]",3,5,0,-159.24854734862691,-79.10359970122282,-17707630.540683106,-8652086.871952122,17707630.540691104,
16,step,sample-000016,16,2,False,2026-09-23T20:08:24.238951Z,2026-09-24T07:40:56.401609Z,0.0,69.24876660187887,91.84390600357568,-89.99999999978671,17.694840632043388,-239.9119575991841,19,"[""HIP_100453"",""HIP_102098"",""HIP_102422"",""HIP_102488"",""HIP_104887"",""HIP_105199"",""HIP_109492"",""HIP_14328"",""HIP_15863"",""HIP_4427"",""HIP_6686"",""HIP_746"",""HIP_8886"",""HIP_91262"",""HIP_93194"",""HIP_97165"",""HIP_98110"",""HIP_99675""]",3,5,0,-159.24876660166558,-74.14906537153229,-17707654.92050866,-8110179.33748471,17707654.920525897,
16,step,sample-000016,16,3,False,2026-09-23T20:08:24.241525Z,2026-09-24T08:54:57.404868Z,0.0,69.2481671101232,91.84441178218947,-89.99999999904821,-16.53571644785476,-256.12573537768765,14,"[""HIP_100453"",""HIP_102422"",""HIP_102488"",""HIP_104732"",""HIP_104887"",""HIP_105199"",""HIP_109492"",""HIP_91262"",""HIP_93194"",""HIP_97165"",""HIP_98110"",""HIP_99675""]",3,5,0,-159.24816710917142,-108.38012823004422,-17707588.259984747,-11854248.333417464,17707588.26012395,
16,step,sample-000016,16,4,False,2026-09-23T20:08:24.242835Z,2026-09-24T07:52:15.637752Z,0.0,69.24873207210288,91.84273486581901,-89.9999999986078,-7.92888405505188,-228.96966698656067,18,"[""HIP_100453"",""HIP_102422"",""HIP_102488"",""HIP_104887"",""HIP_105199"",""HIP_106032"",""HIP_109492"",""HIP_14328"",""HIP_4427"",""HIP_6686"",""HIP_746"",""HIP_91262"",""HIP_92420"",""HIP_93194"",""HIP_97165"",""HIP_98110"",""HIP_99675""]",3,5,0,-159.24873207071067,-99.77161892087089,-17707651.08084166,-10912688.832198594,17707651.08102274,
16,step,sample-000016,16,5,False,2026-09-23T20:08:24.244115Z,2026-09-24T08:21:30.195013Z,0.0,69.24720858317822,91.84982939694322,-89.99999999917709,-12.533869964353377,-231.42638561601674,18,"[""HIP_100453"",""HIP_102098"",""HIP_102422"",""HIP_102488"",""HIP_104732"",""HIP_104887"",""HIP_105199"",""HIP_106032"",""HIP_109492"",""HIP_4427"",""HIP_6686"",""HIP_746"",""HIP_91262"",""HIP_93194"",""HIP_97165"",""HIP_98110"",""HIP_99675""]",3,5,0,-159.2472085823553,-104.38369936129659,-17707481.676665742,-11417115.103952084,17707481.67677997,
16,summary,sample-000016,16,,,2026-09-23T20:08:24.245402Z,,,69.24806372799554,91.8465605559781,-89.99999999930623,-1.3122081569390502,115.0124909786251,16,"[""HIP_100453"",""HIP_102098"",""HIP_102422"",""HIP_102488"",""HIP_104732"",""HIP_104887"",""HIP_105199"",""HIP_106032"",""HIP_109492"",""HIP_14328"",""HIP_15863"",""HIP_4427"",""HIP_6686"",""HIP_746"",""HIP_8886"",""HIP_91262"",""HIP_92420"",""HIP_93194"",""HIP_97165"",""HIP_98110"",""HIP_99675""]",3,5,0,-159.24806372730177,-93.15876871291715,-17707576.764445335,-10189386.323577676,17707576.76452673,6248440.721339614
17,step,sample-000017,17,1,True,2026-09-23T20:09:21.148739Z,2026-09-24T08:18:58.459631Z,0.0,19.475997804671515,-54.65168052995125,19.400981076718978,-54.57676712268103,0.14161486586170238,13,"[""HIP_24305"",""HIP_24674"",""HIP_27288"",""HIP_27628"",""HIP_30122"",""HIP_33579"",""HIP_33856"",""HIP_33977"",""HIP_34444"",""HIP_35904"",""HIP_37229"",""HIP_38170"",""HIP_39757""]",1,3,2,-0.07501672795253711,0.07491340727023044,-8341.479561797183,7855.175602135925,11457.925289452964,
17,step,sample-000017,17,2,False,2026-09-23T20:09:21.150475Z,2026-09-24T09:39:35.517767Z,0.0,19.477331055067236,-54.65456186761652,19.387253192810554,-54.66472080303039,0.08639340671413216,26,"[""HIP_14576"",""HIP_15863"",""HIP_17358"",""HIP_18246"",""HIP_18532"",""HIP_24608"",""HIP_30867"",""HIP_31592"",""HIP_31685"",""HIP_33160"",""HIP_33579"",""HIP_33856"",""HIP_33977"",""HIP_34045"",""HIP_34444"",""HIP_35037"",""HIP_35264"",""HIP_35904"",""HIP_37229"",""HIP_37677"",""HIP_37819"",""HIP_38170"",""HIP_38414"",""HIP_39429"",""HIP_39757""]",1,3,2,-0.09007786225668113,-0.010158935413869585,-10016.201285930325,-1065.2734962935851,10072.690579027867,
17,step,sample-000017,17,3,False,2026-09-23T20:09:21.151625Z,2026-09-24T09:48:48.165206Z,0.0,19.47654044123148,-54.65366203859827,19.389704835253692,-54.676596708902785,0.08382034055077657,28,"[""HIP_14576"",""HIP_15863"",""HIP_17358"",""HIP_18246"",""HIP_18532"",""HIP_23416"",""HIP_24608"",""HIP_27288"",""HIP_27628"",""HIP_30122"",""HIP_31592"",""HIP_31685"",""HIP_33579"",""HIP_33856"",""HIP_33977"",""HIP_34444"",""HIP_35264"",""HIP_35904"",""HIP_36377"",""HIP_37229"",""HIP_37447"",""HIP_37677"",""HIP_37819"",""HIP_38170"",""HIP_38414"",""HIP_39429"",""HIP_39757""]",1,3,2,-0.0868356059777895,-0.022934670304522342,-9655.678836836109,-2404.934226478667,9950.67037464303,
17,step,sample-000017,17,4,False,2026-09-23T20:09:21.152842Z,2026-09-24T09:27:24.373028Z,0.0,19.475795787983724,-54.652330732370615,19.40957348693857,-54.67386671821088,0.08881331967359948,30,"[""HIP_14328"",""HIP_14576"",""HIP_15863"",""HIP_17358"",""HIP_17529"",""HIP_17702"",""HIP_18246"",""HIP_18532"",""HIP_23416"",""HIP_24608"",""HIP_27628"",""HIP_30122"",""HIP_30867"",""HIP_31592"",""HIP_31685"",""HIP_33160"",""HIP_33579"",""HIP_33856"",""HIP_33977"",""HIP_34444"",""HIP_35037"",""HIP_35264"",""HIP_35904"",""HIP_37229"",""HIP_37677"",""HIP_37819"",""HIP_38170"",""HIP_39757"",""HIP_6686"",""HIP_8886""]",1,3,2,-0.06622230104515481,-0.021535985840273497,-7363.583906949874,-2258.134890714203,7702.047802555778,
17,step,sample-000017,17,5,True,2026-09-23T20:09:21.155163Z,2026-09-24T09:06:09.904765Z,0.0,19.476563815848476,-54.65380216539094,19.40738183398938,-54.55342887647837,0.20470666524041575,19,"[""HIP_24305"",""HIP_27288"",""HIP_27628"",""HIP_30122"",""HIP_30867"",""HIP_31592"",""HIP_31685"",""HIP_33579"",""HIP_33856"",""HIP_33977"",""HIP_34045"",""HIP_34444"",""HIP_35264"",""HIP_35904"",""HIP_37229"",""HIP_37677"",""HIP_37819"",""HIP_38170"",""HIP_39757""]",1,3,2,-0.06918198185909574,0.10037328891257857,-7692.6853979473435,10524.58993203957,13036.271715600144,
17,summary,sample-000017,17,,,2026-09-23T20:09:21.156818Z,,,19.47611098814823,-54.65333512710204,19.39551050500094,-54.671728076714686,0.08634235564618555,28,"[""HIP_14328"",""HIP_14576"",""HIP_15863"",""HIP_17358"",""HIP_17529"",""HIP_17702"",""HIP_18246"",""HIP_18532"",""HIP_23416"",""HIP_24608"",""HIP_27288"",""HIP_27628"",""HIP_30122"",""HIP_30867"",""HIP_31592"",""HIP_31685"",""HIP_33160"",""HIP_33579"",""HIP_33856"",""HIP_33977"",""HIP_34045"",""HIP_34444"",""HIP_35037"",""HIP_35264"",""HIP_35904"",""HIP_36377"",""HIP_37229"",""HIP_37447"",""HIP_37677"",""HIP_37819"",""HIP_38170"",""HIP_38414"",""HIP_39429"",""HIP_39757"",""HIP_6686"",""HIP_8886""]",1,3,2,-0.08060048314728974,-0.018392949612632492,-8962.364811078876,-1928.656537882903,9167.535012308228,5881424.651555655
18,step,sample-000018,18,1,False,2026-09-23T20:10:32.982172Z,2026-09-24T10:41:33.592305Z,0.0,-24.809013015977374,-45.93275602522232,-24.872134901777454,-45.8832012636426,0.09292386336986305,32,"[""HIP_25336"",""HIP_27989"",""HIP_38827"",""HIP_41037"",""HIP_42536"",""HIP_45238"",""HIP_45556"",""HIP_45941"",""HIP_46701"",""HIP_47854"",""HIP_48002"",""HIP_48774"",""HIP_50099"",""HIP_50371"",""HIP_51232"",""HIP_51576"",""HIP_52419"",""HIP_52727"",""HIP_53253"",""HIP_56561"",""HIP_57363"",""HIP_59196"",""HIP_59747"",""HIP_60260"",""HIP_60718"",""HIP_61084"",""HIP_61585"",""HIP_61932"",""HIP_62322"",""HIP_62434"",""HIP_63613""]",1,5,0,-0.06312188580007927,0.04955476157971361,-7018.833461206028,5000.432043555532,8617.908061032016,
18,step,sample-000018,18,2,False,2026-09-23T20:10:32.983606Z,2026-09-24T09:11:15.432074Z,0.0,-24.81108332670238,-45.93432577868782,-24.812924804723323,-45.884204204969215,0.10280011159690769,36,"[""HIP_25428"",""HIP_27989"",""HIP_28380"",""HIP_29655"",""HIP_30343"",""HIP_30438"",""HIP_31681"",""HIP_32246"",""HIP_32362"",""HIP_32607"",""HIP_36188"",""HIP_36850"",""HIP_37279"",""HIP_37826"",""HIP_38827"",""HIP_41037"",""HIP_42536"",""HIP_42570"",""HIP_42913"",""HIP_44816"",""HIP_45556"",""HIP_45941"",""HIP_46701"",""HIP_47854"",""HIP_48002"",""HIP_48774"",""HIP_50099"",""HIP_50371"",""HIP_51232"",""HIP_51576"",""HIP_52419"",""HIP_53253"",""HIP_56561"",""HIP_57363""]",1,5,0,-0.0018414780209425885,0.05012157371859871,-204.76301345627832,5058.79430099276,5062.9366360274,
18,step,sample-000018,18,3,False,2026-09-23T20:10:32.985354Z,2026-09-24T09:18:41.069123Z,0.0,-24.811538046832002,-45.93330902813952,-24.821553970582634,-45.929740125892714,0.08220777849700309,37,"[""HIP_23015"",""HIP_25428"",""HIP_26451"",""HIP_27989"",""HIP_28380"",""HIP_29655"",""HIP_30343"",""HIP_31681"",""HIP_32246"",""HIP_32362"",""HIP_32607"",""HIP_32768"",""HIP_36188"",""HIP_36850"",""HIP_37279"",""HIP_37826"",""HIP_42536"",""HIP_42570"",""HIP_42828"",""HIP_44511"",""HIP_44816"",""HIP_45556"",""HIP_45941"",""HIP_46651"",""HIP_46701"",""HIP_48002"",""HIP_48774"",""HIP_50099"",""HIP_50371"",""HIP_51232"",""HIP_51576"",""HIP_52419"",""HIP_53253"",""HIP_55425"",""HIP_56561"",""HIP_57363""]",2,5,0,-0.010015923750632538,0.003568902246797734,-1113.7199067290787,360.197800647457,1170.518895911464,
18,step,sample-000018,18,4,False,2026-09-23T20:10:32.986566Z,2026-09-24T10:27:14.962595Z,0.0,-24.810602337232393,-45.93136345657388,-24.8682846448627,-45.89360586628144,0.10155951509034979,32,"[""HIP_25336"",""HIP_26311"",""HIP_27989"",""HIP_32607"",""HIP_42536"",""HIP_45238"",""HIP_45556"",""HIP_45941"",""HIP_46651"",""HIP_46701"",""HIP_47854"",""HIP_48002"",""HIP_48774"",""HIP_50371"",""HIP_51232"",""HIP_51576"",""HIP_52419"",""HIP_52727"",""HIP_53253"",""HIP_56561"",""HIP_57363"",""HIP_59196"",""HIP_59747"",""HIP_60260"",""HIP_60718"",""HIP_61084"",""HIP_61585"",""HIP_61932"",""HIP_62322"",""HIP_62434"",""HIP_63613""]",1,5,0,-0.05768230763030857,0.03775759029244341,-6413.979965641032,3810.047365939218,7460.267945817557,
18,step,sample-000018,18,5,False,2026-09-23T20:10:32.987907Z,2026-09-24T10:33:27.018006Z,0.0,-24.81096661999985,-45.932368665262345,-24.89255136530779,-45.91294122605907,0.09009252437975172,26,"[""HIP_27989"",""HIP_32607"",""HIP_45238"",""HIP_45941"",""HIP_46701"",""HIP_47854"",""HIP_48002"",""HIP_48774"",""HIP_50099"",""HIP_50371"",""HIP_51232"",""HIP_51576"",""HIP_52419"",""HIP_52727"",""HIP_53253"",""HIP_56561"",""HIP_57363"",""HIP_59747"",""HIP_60260"",""HIP_60718"",""HIP_61084"",""HIP_61585"",""HIP_61932"",""HIP_62322"",""HIP_62434""]",1,5,0,-0.08158474530793924,0.019427439203269614,-9071.809769831312,1960.1912210000446,9281.168086473272,
18,summary,sample-000018,18,,,2026-09-23T20:10:32.989180Z,,,-24.810246177039346,-45.932837179885354,-24.85348993745078,-45.90073853736902,0.09391675859200192,33,"[""HIP_23015"",""HIP_25336"",""HIP_25428"",""HIP_26311"",""HIP_26451"",""HIP_27989"",""HIP_28380"",""HIP_29655"",""HIP_30343"",""HIP_30438"",""HIP_31681"",""HIP_32246"",""HIP_32362"",""HIP_32607"",""HIP_32768"",""HIP_36188"",""HIP_36850"",""HIP_37279"",""HIP_37826"",""HIP_38827"",""HIP_41037"",""HIP_42536"",""HIP_42570"",""HIP_42828"",""HIP_42913"",""HIP_44511"",""HIP_44816"",""HIP_45238"",""HIP_45556"",""HIP_45941"",""HIP_46651"",""HIP_46701"",""HIP_47854"",""HIP_48002"",""HIP_48774"",""HIP_50099"",""HIP_50371"",""HIP_51232"",""HIP_51576"",""HIP_52419"",""HIP_52727"",""HIP_53253"",""HIP_55425"",""HIP_56561"",""HIP_57363"",""HIP_59196"",""HIP_59747"",""HIP_60260"",""HIP_60718"",""HIP_61084"",""HIP_61585"",""HIP_61932"",""HIP_62322"",""HIP_62434"",""HIP_63613""]",1,5,0,-0.04324376041143552,0.03209864251633121,-4808.486766784445,3239.2118065610152,5797.761399683985,5555000.935435879
19,step,sample-000019,19,1,False,2026-09-23T20:11:53.891369Z,2026-09-24T10:42:46.649065Z,0.0,-37.840985193464654,145.3312306286386,-38.53608965334666,146.44266161196677,-359.16186206109086,30,"[""HIP_71908"",""HIP_74946"",""HIP_76297"",""HIP_77952"",""HIP_78265"",""HIP_78401"",""HIP_78820"",""HIP_80112"",""HIP_80763"",""HIP_81266"",""HIP_81377"",""HIP_82273"",""HIP_82396"",""HIP_82514"",""HIP_82729"",""HIP_83081"",""HIP_84012"",""HIP_84143"",""HIP_84970"",""HIP_85258"",""HIP_85792"",""HIP_87073"",""HIP_87261"",""HIP_88635"",""HIP_88714"",""HIP_89341"",""HIP_89931"",""HIP_90185"",""HIP_90496""]",2,5,0,-0.6951044598820033,1.1114309833281766,-77292.08942688498,97135.79446916301,124132.93688552649,
19,step,sample-000019,19,2,False,2026-09-23T20:11:53.892637Z,2026-09-24T11:11:08.430394Z,0.0,-37.83996064745962,145.33149769936904,-38.304062195550905,146.16088890112718,-359.4422469187523,31,"[""HIP_71908"",""HIP_77952"",""HIP_78265"",""HIP_80000"",""HIP_80112"",""HIP_80763"",""HIP_81266"",""HIP_82396"",""HIP_82514"",""HIP_82729"",""HIP_83081"",""HIP_84012"",""HIP_84143"",""HIP_84970"",""HIP_85258"",""HIP_85423"",""HIP_85792"",""HIP_85927"",""HIP_86170"",""HIP_86228"",""HIP_86263"",""HIP_86670"",""HIP_87073"",""HIP_87261"",""HIP_88635"",""HIP_88714"",""HIP_89341"",""HIP_93506"",""HIP_93864"",""HIP_94141""]",2,5,0,-0.46410154809128557,0.829391201758142,-51605.737595636645,72602.15861663577,89073.61403264584,
19,step,sample-000019,19,3,False,2026-09-23T20:11:53.893726Z,2026-09-24T10:32:32.774184Z,0.0,-37.84170532952647,145.3322008341613,-38.195657904309094,146.98975055696252,-359.62984749691054,17,"[""HIP_78265"",""HIP_78401"",""HIP_78820"",""HIP_80112"",""HIP_80763"",""HIP_81266"",""HIP_81377"",""HIP_82396"",""HIP_82514"",""HIP_83081"",""HIP_84012"",""HIP_84143"",""HIP_84970"",""HIP_85927"",""HIP_86670"",""HIP_87261""]",2,5,0,-0.35395257478262465,1.6575497228012068,-39357.73058860664,145202.13811611058,150439.17048629787,
19,step,sample-000019,19,4,False,2026-09-23T20:11:53.894856Z,2026-09-24T10:16:06.694249Z,0.0,-37.84075611637444,145.33332426761882,-38.74256296178173,147.0323854809119,-358.9802030526207,27,"[""HIP_71683"",""HIP_71908"",""HIP_74395"",""HIP_74946"",""HIP_77952"",""HIP_78265"",""HIP_78401"",""HIP_78820"",""HIP_80112"",""HIP_82363"",""HIP_82396"",""HIP_82514"",""HIP_82729"",""HIP_83081"",""HIP_84012"",""HIP_84143"",""HIP_84970"",""HIP_85258"",""HIP_85792"",""HIP_85927"",""HIP_86670"",""HIP_86929"",""HIP_87073"",""HIP_87261"",""HIP_88635"",""HIP_90185""]",2,5,0,-0.9018068454072861,1.6990612132930778,-100276.3460226241,148282.47861510076,179000.32827120827,
19,step,sample-000019,19,5,False,2026-09-23T20:11:53.895945Z,2026-09-24T11:37:59.136516Z,0.0,-37.84130036740243,145.3334038858103,-37.90204772007182,145.2523177666053,-359.79221946641894,31,"[""HIP_77952"",""HIP_80763"",""HIP_81266"",""HIP_82273"",""HIP_82396"",""HIP_82514"",""HIP_82729"",""HIP_83081"",""HIP_84012"",""HIP_84143"",""HIP_84970"",""HIP_85258"",""HIP_85423"",""HIP_85792"",""HIP_85927"",""HIP_86170"",""HIP_86228"",""HIP_86263"",""HIP_86670"",""HIP_87072"",""HIP_87073"",""HIP_87261"",""HIP_88635"",""HIP_88839"",""HIP_89341"",""HIP_89642"",""HIP_89931"",""HIP_90185"",""HIP_90496"",""HIP_93864"",""HIP_94141""]",1,5,0,-0.06074735266938802,-0.08108611920499698,-6754.79742392374,-7117.407505084686,9812.479874626595,
19,summary,sample-000019,19,,,2026-09-23T20:11:53.897153Z,,,-37.84111870298543,145.33127741536663,-38.33608408701204,146.3756008635147,0.598724032092423,27,"[""HIP_71683"",""HIP_71908"",""HIP_74395"",""HIP_74946"",""HIP_76297"",""HIP_77952"",""HIP_78265"",""HIP_78401"",""HIP_78820"",""HIP_80000"",""HIP_80112"",""HIP_80763"",""HIP_81266"",""HIP_81377"",""HIP_82273"",""HIP_82363"",""HIP_82396"",""HIP_82514"",""HIP_82729"",""HIP_83081"",""HIP_84012"",""HIP_84143"",""HIP_84970"",""HIP_85258"",""HIP_85423"",""HIP_85792"",""HIP_85927"",""HIP_86170"",""HIP_86228"",""HIP_86263"",""HIP_86670"",""HIP_86929"",""HIP_87072"",""HIP_87073"",""HIP_87261"",""HIP_88635"",""HIP_88714"",""HIP_88839"",""HIP_89341"",""HIP_89642"",""HIP_89931"",""HIP_90185"",""HIP_90496"",""HIP_93506"",""HIP_93864"",""HIP_94141""]",2,5,0,-0.4949653840266066,1.0443234481480772,-55037.639568434366,91395.87773073693,106686.98394431185,5268247.569567901
20,step,sample-000020,20,1,False,2026-09-23T20:12:53.358017Z,2026-09-24T12:02:03.754612Z,0.0,-27.244103227042405,-91.47194776697894,-60.63205057587339,179.99999997838745,-329.7411657679521,36,"[""HIP_25428"",""HIP_26451"",""HIP_27989"",""HIP_28380"",""HIP_30343"",""HIP_30438"",""HIP_31681"",""HIP_32246"",""HIP_32362"",""HIP_32607"",""HIP_36188"",""HIP_36850"",""HIP_37279"",""HIP_37826"",""HIP_38827"",""HIP_39953"",""HIP_41037"",""HIP_42536"",""HIP_42570"",""HIP_42913"",""HIP_45556"",""HIP_45941"",""HIP_46701"",""HIP_48002"",""HIP_48774"",""HIP_50099"",""HIP_50371"",""HIP_51232"",""HIP_51576"",""HIP_52419"",""HIP_52727"",""HIP_53253"",""HIP_54463"",""HIP_56561"",""HIP_57363""]",3,5,0,-33.38794734883099,-88.52805225463362,-3712570.3562656515,-7088473.929620479,7315026.348469731,
20,step,sample-000020,20,2,False,2026-09-23T20:12:53.359289Z,2026-09-24T11:53:47.334664Z,0.0,-27.244403240859768,-91.46820071203899,-64.79791031020966,179.99999999999883,-338.44397134906706,34,"[""HIP_27989"",""HIP_30343"",""HIP_30438"",""HIP_31681"",""HIP_32246"",""HIP_32362"",""HIP_32607"",""HIP_36188"",""HIP_37279"",""HIP_38827"",""HIP_39953"",""HIP_41037"",""HIP_42536"",""HIP_42570"",""HIP_42913"",""HIP_44816"",""HIP_45238"",""HIP_45556"",""HIP_45941"",""HIP_46701"",""HIP_47854"",""HIP_48002"",""HIP_48774"",""HIP_50099"",""HIP_50371"",""HIP_51232"",""HIP_51576"",""HIP_52419"",""HIP_52727"",""HIP_53253"",""HIP_54463"",""HIP_56561"",""HIP_57363""]",3,5,0,-37.55350706934989,-88.53179928796214,-4175759.463822279,-6835801.008785745,7218580.6079233335,
20,step,sample-000020,20,3,False,2026-09-23T20:12:53.360452Z,2026-09-24T11:58:31.972358Z,0.0,-27.244393363866262,-91.46862533241666,-60.73983930403625,179.99999999960835,-333.6573536348063,28,"[""HIP_28380"",""HIP_30343"",""HIP_31681"",""HIP_32246"",""HIP_36188"",""HIP_36850"",""HIP_37826"",""HIP_42536"",""HIP_42570"",""HIP_42913"",""HIP_44816"",""HIP_45238"",""HIP_45556"",""HIP_45941"",""HIP_46701"",""HIP_47854"",""HIP_48002"",""HIP_48774"",""HIP_50099"",""HIP_50371"",""HIP_51232"",""HIP_51576"",""HIP_52419"",""HIP_53253"",""HIP_54463"",""HIP_56561"",""HIP_57363""]",3,5,0,-33.495445940169986,-88.531374667975,-3724523.6542439843,-7082294.295578235,7312491.098817257,
20,step,sample-000020,20,4,False,2026-09-23T20:12:53.362009Z,2026-09-24T11:39:48.310183Z,0.0,-27.244453803797928,-91.47009568523256,-59.51682902578536,179.99999999942318,-328.65918417166915,37,"[""HIP_23015"",""HIP_25428"",""HIP_26451"",""HIP_27989"",""HIP_28380"",""HIP_29655"",""HIP_30343"",""HIP_30438"",""HIP_31681"",""HIP_32246"",""HIP_32362"",""HIP_32607"",""HIP_32768"",""HIP_36188"",""HIP_36850"",""HIP_37826"",""HIP_38827"",""HIP_42536"",""HIP_42570"",""HIP_42913"",""HIP_44816"",""HIP_45238"",""HIP_45556"",""HIP_45941"",""HIP_46701"",""HIP_47854"",""HIP_48002"",""HIP_48774"",""HIP_50099"",""HIP_50371"",""HIP_51232"",""HIP_51576"",""HIP_52419"",""HIP_53253"",""HIP_54463"",""HIP_56561""]",3,5,0,-32.27237522198743,-88.52990431534425,-3588524.395454567,-7154741.302054973,7343427.865472081,
20,step,sample-000020,20,5,False,2026-09-23T20:12:53.364472Z,2026-09-24T10:49:38.899000Z,0.0,-27.24335974022397,-91.47078688305713,-63.68225955890256,179.99999999999997,-327.15967122696605,30,"[""HIP_23015"",""HIP_25336"",""HIP_25428"",""HIP_26451"",""HIP_27989"",""HIP_29655"",""HIP_30343"",""HIP_31681"",""HIP_32246"",""HIP_32607"",""HIP_36377"",""HIP_37819"",""HIP_38414"",""HIP_39429"",""HIP_41037"",""HIP_42570"",""HIP_42913"",""HIP_44816"",""HIP_45238"",""HIP_45556"",""HIP_45941"",""HIP_46701"",""HIP_47854"",""HIP_48002"",""HIP_48774"",""HIP_50099"",""HIP_50371"",""HIP_51232"",""HIP_51576"",""HIP_52419""]",3,5,0,-36.43889981867859,-88.52921311694291,-4051820.792346391,-6904306.3375024265,7242975.599680566,
20,summary,sample-000020,20,,,2026-09-23T20:12:53.365649Z,,,-27.244752349597192,-91.4701416812658,-61.873777754961445,179.9999999954835,28.470036470587047,33,"[""HIP_23015"",""HIP_25336"",""HIP_25428"",""HIP_26451"",""HIP_27989"",""HIP_28380"",""HIP_29655"",""HIP_30343"",""HIP_30438"",""HIP_31681"",""HIP_32246"",""HIP_32362"",""HIP_32607"",""HIP_32768"",""HIP_36188"",""HIP_36377"",""HIP_36850"",""HIP_37279"",""HIP_37819"",""HIP_37826"",""HIP_38414"",""HIP_38827"",""HIP_39429"",""HIP_39953"",""HIP_41037"",""HIP_42536"",""HIP_42570"",""HIP_42913"",""HIP_44816"",""HIP_45238"",""HIP_45556"",""HIP_45941"",""HIP_46701"",""HIP_47854"",""HIP_48002"",""HIP_48774"",""HIP_50099"",""HIP_50371"",""HIP_51232"",""HIP_51576"",""HIP_52419"",""HIP_52727"",""HIP_53253"",""HIP_54463"",""HIP_56561"",""HIP_57363""]",3,5,0,-34.62902540536425,-88.52985832325066,-3850571.939722039,-7014147.431433813,7284724.39604219,5369071.410891616
21,step,sample-000021,21,1,True,2026-09-23T20:14:08.181154Z,2026-09-24T12:18:16.219673Z,0.0,-53.48296312085896,82.82506073056402,-52.6894303410606,79.0168096040107,-357.9480539058471,21,"[""HIP_32607"",""HIP_41037"",""HIP_45238"",""HIP_45556"",""HIP_45941"",""HIP_46701"",""HIP_47854"",""HIP_48002"",""HIP_48774"",""HIP_50371"",""HIP_51576"",""HIP_52419"",""HIP_53253"",""HIP_56561"",""HIP_57363"",""HIP_59747"",""HIP_60260"",""HIP_60718"",""HIP_61585"",""HIP_62322"",""HIP_63613""]",2,3,2,0.7935327797983618,-3.80825112655333,88236.81923973162,-254334.44420686248,269165.3598786737,
21,step,sample-000021,21,2,True,2026-09-23T20:14:08.182426Z,2026-09-24T12:59:49.549760Z,0.0,-53.48452838108471,82.82483950715095,-54.58182197906344,85.27593095819788,-359.9595050412197,34,"[""HIP_45238"",""HIP_45556"",""HIP_46701"",""HIP_47854"",""HIP_48002"",""HIP_48774"",""HIP_50371"",""HIP_51232"",""HIP_51576"",""HIP_52419"",""HIP_53253"",""HIP_59747"",""HIP_60260"",""HIP_61084"",""HIP_61585"",""HIP_61932"",""HIP_62322"",""HIP_63613"",""HIP_65109"",""HIP_66657"",""HIP_68002"",""HIP_68702"",""HIP_68933"",""HIP_71352"",""HIP_71860"",""HIP_71908"",""HIP_73273"",""HIP_73334"",""HIP_74395"",""HIP_75264"",""HIP_76297"",""HIP_82396"",""HIP_82514""]",2,3,2,-1.0972935979787337,2.4510914510469206,-122013.48113478921,160072.5459883076,201252.83817279944,
21,step,sample-000021,21,3,False,2026-09-23T20:14:08.183494Z,2026-09-24T11:39:25.232289Z,0.0,-53.48480061074779,82.8269239843388,-53.53934336065346,82.80901096939007,-359.8967388659332,28,"[""HIP_32607"",""HIP_41037"",""HIP_42913"",""HIP_45238"",""HIP_45556"",""HIP_45941"",""HIP_46701"",""HIP_48002"",""HIP_48774"",""HIP_50371"",""HIP_51576"",""HIP_52419"",""HIP_52727"",""HIP_56561"",""HIP_59196"",""HIP_59747"",""HIP_60260"",""HIP_61585"",""HIP_61932"",""HIP_62322"",""HIP_89931"",""HIP_90496"",""HIP_92041"",""HIP_93085"",""HIP_93506"",""HIP_93864"",""HIP_94141""]",1,3,2,-0.05454274990567143,-0.017913014948732098,-6064.877074753647,-1184.452285897067,6179.454705321359,
21,step,sample-000021,21,4,False,2026-09-23T20:14:08.184457Z,2026-09-24T12:00:29.107725Z,0.0,-53.484157973902484,82.8240468631027,-53.54541433972577,82.74189343639691,-359.87055769071713,33,"[""HIP_32607"",""HIP_41037"",""HIP_45238"",""HIP_45556"",""HIP_45941"",""HIP_46701"",""HIP_47854"",""HIP_48002"",""HIP_48774"",""HIP_50099"",""HIP_50371"",""HIP_51232"",""HIP_51576"",""HIP_52419"",""HIP_52727"",""HIP_53253"",""HIP_56561"",""HIP_57363"",""HIP_59196"",""HIP_59747"",""HIP_60260"",""HIP_60718"",""HIP_61084"",""HIP_61585"",""HIP_61932"",""HIP_62322"",""HIP_63613"",""HIP_65109"",""HIP_66657"",""HIP_68002"",""HIP_68702"",""HIP_73273""]",1,3,2,-0.06125636582328298,-0.08215342670578707,-6811.3971042322055,-5431.837244596535,8712.058589695602,
21,step,sample-000021,21,5,False,2026-09-23T20:14:08.185514Z,2026-09-24T11:21:44.661332Z,0.0,-53.485276233383665,82.82505018163988,-53.536169331535426,82.72275445498843,-359.8610264788769,24,"[""HIP_32607"",""HIP_41037"",""HIP_42913"",""HIP_45238"",""HIP_45556"",""HIP_45941"",""HIP_46701"",""HIP_48002"",""HIP_48774"",""HIP_50099"",""HIP_50371"",""HIP_51576"",""HIP_52419"",""HIP_52727"",""HIP_56561"",""HIP_57363"",""HIP_59196"",""HIP_59747"",""HIP_60260"",""HIP_61084"",""HIP_61585"",""HIP_61932"",""HIP_63613""]",1,3,2,-0.050893098151760796,-0.10229572665144815,-5659.05431569937,-6764.258565052313,8819.300557447206,
21,summary,sample-000021,21,,,2026-09-23T20:14:08.186614Z,,,-53.484592059604665,82.82459060688666,-53.54030901063822,82.75788628692516,0.12389232157860629,28,"[""HIP_32607"",""HIP_41037"",""HIP_42913"",""HIP_45238"",""HIP_45556"",""HIP_45941"",""HIP_46701"",""HIP_47854"",""HIP_48002"",""HIP_48774"",""HIP_50099"",""HIP_50371"",""HIP_51232"",""HIP_51576"",""HIP_52419"",""HIP_52727"",""HIP_53253"",""HIP_56561"",""HIP_57363"",""HIP_59196"",""HIP_59747"",""HIP_60260"",""HIP_60718"",""HIP_61084"",""HIP_61585"",""HIP_61932"",""HIP_62322"",""HIP_63613"",""HIP_65109"",""HIP_66657"",""HIP_68002"",""HIP_68702"",""HIP_73273"",""HIP_89931"",""HIP_90496"",""HIP_92041"",""HIP_93085"",""HIP_93506"",""HIP_93864"",""HIP_94141""]",1,3,2,-0.055716951033552675,-0.06670431996150228,-6195.442283034361,-4410.613105999287,7605.064213592101,5113763.489621233
22,step,sample-000022,22,1,True,2026-09-23T20:15:26.389123Z,2026-09-24T13:58:23.638057Z,0.0,15.797597680319326,-89.24957980439804,15.276145669132568,-88.51854868258447,-358.3766113637136,27,"[""HIP_17702"",""HIP_18246"",""HIP_23015"",""HIP_23416"",""HIP_24608"",""HIP_26311"",""HIP_26451"",""HIP_27989"",""HIP_28360"",""HIP_28380"",""HIP_31685"",""HIP_33579"",""HIP_33977"",""HIP_34444"",""HIP_35264"",""HIP_35904"",""HIP_36377"",""HIP_37229"",""HIP_37447"",""HIP_37819"",""HIP_38170"",""HIP_38414"",""HIP_39429"",""HIP_39757"",""HIP_39953"",""HIP_44816""]",2,4,1,-0.5214520111867582,0.7310311218135723,-57982.8181325692,78316.58669936923,97444.53205630145,
22,step,sample-000022,22,2,False,2026-09-23T20:15:26.391697Z,2026-09-24T13:22:21.636348Z,0.0,15.797142105760205,-89.24948898826386,15.70661479878945,-89.20133060671054,-359.85721808882585,20,"[""HIP_26311"",""HIP_27989"",""HIP_33856"",""HIP_33977"",""HIP_34045"",""HIP_34444"",""HIP_35264"",""HIP_35904"",""HIP_36377"",""HIP_37229"",""HIP_37677"",""HIP_37819"",""HIP_38170"",""HIP_38414"",""HIP_39429"",""HIP_39757"",""HIP_39953"",""HIP_42570"",""HIP_44816""]",1,4,1,-0.0905273069707544,0.048158381553321306,-10066.177257942485,5153.869050069127,11308.858643274058,
22,step,sample-000022,22,3,False,2026-09-23T20:15:26.393135Z,2026-09-24T12:04:09.092828Z,0.0,15.797759237002643,-89.24953007507078,15.739376014396274,-89.26961970661927,-359.9099930529502,32,"[""HIP_14328"",""HIP_14576"",""HIP_15863"",""HIP_17358"",""HIP_17702"",""HIP_18246"",""HIP_18532"",""HIP_23416"",""HIP_24305"",""HIP_24608"",""HIP_27288"",""HIP_27628"",""HIP_28103"",""HIP_31592"",""HIP_31685"",""HIP_32759"",""HIP_33152"",""HIP_33856"",""HIP_33977"",""HIP_34444"",""HIP_35264"",""HIP_35904"",""HIP_36377"",""HIP_37229"",""HIP_37447"",""HIP_37677"",""HIP_37819"",""HIP_38170"",""HIP_38414"",""HIP_39429"",""HIP_39757""]",1,4,1,-0.05838322260636808,-0.020089631548501075,-6491.918154988041,-2149.7985550277504,6838.613504155117,
22,step,sample-000022,22,4,False,2026-09-23T20:15:26.394423Z,2026-09-24T13:32:15.143337Z,0.0,15.79785997410708,-89.2498186905211,15.709134521140717,-89.21385264789896,-359.8689467505908,19,"[""HIP_31592"",""HIP_31685"",""HIP_33160"",""HIP_33579"",""HIP_33856"",""HIP_34444"",""HIP_35264"",""HIP_35904"",""HIP_36377"",""HIP_37229"",""HIP_37677"",""HIP_37819"",""HIP_38170"",""HIP_38414"",""HIP_39429"",""HIP_39757"",""HIP_39953"",""HIP_44816""]",1,4,1,-0.08872545296636325,0.03596604262213532,-9865.820234100009,3849.024627808708,10590.061178948674,
22,step,sample-000022,22,5,False,2026-09-23T20:15:26.395796Z,2026-09-24T13:55:16.885386Z,0.0,15.798915452730121,-89.24916465835217,15.74134335946642,-89.28614877306505,-359.92625757195935,28,"[""HIP_18246"",""HIP_21421"",""HIP_23015"",""HIP_23416"",""HIP_23767"",""HIP_24608"",""HIP_25428"",""HIP_26451"",""HIP_28360"",""HIP_28380"",""HIP_30343"",""HIP_33579"",""HIP_33977"",""HIP_34444"",""HIP_35264"",""HIP_35904"",""HIP_36377"",""HIP_37229"",""HIP_37677"",""HIP_37819"",""HIP_38170"",""HIP_38414"",""HIP_39429"",""HIP_39757"",""HIP_39953"",""HIP_44511"",""HIP_44816""]",1,4,1,-0.05757209326370116,-0.036984114712879546,-6401.724687230945,-3957.652690613216,7526.293385011038,
22,summary,sample-000022,22,,,2026-09-23T20:15:26.396974Z,,,15.797678265179822,-89.2503784185834,15.724117173448215,-89.24273793357345,0.10939613398499151,25,"[""HIP_14328"",""HIP_14576"",""HIP_15863"",""HIP_17358"",""HIP_17702"",""HIP_18246"",""HIP_18532"",""HIP_21421"",""HIP_23015"",""HIP_23416"",""HIP_23767"",""HIP_24305"",""HIP_24608"",""HIP_25428"",""HIP_26311"",""HIP_26451"",""HIP_27288"",""HIP_27628"",""HIP_27989"",""HIP_28103"",""HIP_28360"",""HIP_28380"",""HIP_30343"",""HIP_31592"",""HIP_31685"",""HIP_32759"",""HIP_33152"",""HIP_33160"",""HIP_33579"",""HIP_33856"",""HIP_33977"",""HIP_34045"",""HIP_34444"",""HIP_35264"",""HIP_35904"",""HIP_36377"",""HIP_37229"",""HIP_37447"",""HIP_37677"",""HIP_37819"",""HIP_38170"",""HIP_38414"",""HIP_39429"",""HIP_39757"",""HIP_39953"",""HIP_42570"",""HIP_44511"",""HIP_44816""]",1,4,1,-0.07356109173160696,0.007640485009943632,-8179.620198989692,817.641893673633,8220.384708282218,4881693.348488826
23,step,sample-000023,23,1,False,2026-09-23T20:16:38.530740Z,2026-09-24T14:44:00.051969Z,0.0,-21.35677677675456,-83.3654952738125,-21.429168099693687,-83.41424210941719,-359.9291096976985,23,"[""HIP_25336"",""HIP_26311"",""HIP_27989"",""HIP_31681"",""HIP_41037"",""HIP_45238"",""HIP_45556"",""HIP_46701"",""HIP_48002"",""HIP_50371"",""HIP_51576"",""HIP_52419"",""HIP_52727"",""HIP_53253"",""HIP_56561"",""HIP_59196"",""HIP_59747"",""HIP_60718"",""HIP_61585"",""HIP_61932"",""HIP_62322"",""HIP_66657"",""HIP_68702""]",1,5,0,-0.07239132293912576,-0.04874683560467474,-8049.54784391865,-5046.938242379444,9500.88421995231,
23,step,sample-000023,23,2,False,2026-09-23T20:16:38.532049Z,2026-09-24T12:59:00.231651Z,0.0,-21.355821810822547,-83.3685841802115,-21.436778318171964,-83.3342085859081,-359.8906470724319,26,"[""HIP_32768"",""HIP_38827"",""HIP_41037"",""HIP_42913"",""HIP_45556"",""HIP_45941"",""HIP_46701"",""HIP_47854"",""HIP_48002"",""HIP_48774"",""HIP_50099"",""HIP_50371"",""HIP_51232"",""HIP_51576"",""HIP_52419"",""HIP_52727"",""HIP_53253"",""HIP_56561"",""HIP_57363"",""HIP_59196"",""HIP_59747"",""HIP_60260"",""HIP_60718"",""HIP_61084"",""HIP_61585""]",1,5,0,-0.08095650734941628,0.03437559430341253,-9001.952896118024,3558.9500675558593,9679.942065884967,
23,step,sample-000023,23,3,False,2026-09-23T20:16:38.533246Z,2026-09-24T14:57:13.533547Z,0.0,-21.35564374627337,-83.36874279736479,-21.406300086169683,-83.35412626158197,-359.89743423372937,14,"[""HIP_41037"",""HIP_45238"",""HIP_45556"",""HIP_45941"",""HIP_46701"",""HIP_48774"",""HIP_50371"",""HIP_51576"",""HIP_52419"",""HIP_59196"",""HIP_59747"",""HIP_60718"",""HIP_61084"",""HIP_62322""]",1,5,0,-0.050656339896313796,0.01461653578280675,-5632.727998852447,1513.4275647255952,5832.502677519251,
23,step,sample-000023,23,4,False,2026-09-23T20:16:38.534375Z,2026-09-24T14:23:17.394541Z,0.0,-21.357270441337338,-83.36779800719617,-21.431862026007988,-83.39603880127954,-359.91152457121416,25,"[""HIP_25336"",""HIP_26311"",""HIP_27989"",""HIP_41037"",""HIP_42536"",""HIP_45238"",""HIP_46701"",""HIP_47854"",""HIP_48002"",""HIP_50371"",""HIP_51232"",""HIP_51576"",""HIP_52419"",""HIP_52727"",""HIP_53253"",""HIP_59747"",""HIP_60260"",""HIP_60718"",""HIP_61585"",""HIP_61932"",""HIP_62322"",""HIP_62434"",""HIP_66657"",""HIP_68702""]",1,5,0,-0.07459158467064952,-0.028240794083387755,-8294.205785754266,-2923.8408735122794,8794.469471412156,
23,step,sample-000023,23,5,False,2026-09-23T20:16:38.535496Z,2026-09-24T13:13:44.813683Z,0.0,-21.355540557426423,-83.36713378740606,-21.426678840468863,-83.30281776757485,-359.8841483744259,30,"[""HIP_32607"",""HIP_38827"",""HIP_41037"",""HIP_42536"",""HIP_45238"",""HIP_45941"",""HIP_46651"",""HIP_46701"",""HIP_47854"",""HIP_48002"",""HIP_48774"",""HIP_50099"",""HIP_50371"",""HIP_51232"",""HIP_51576"",""HIP_52419"",""HIP_52727"",""HIP_53253"",""HIP_54463"",""HIP_56561"",""HIP_57363"",""HIP_59196"",""HIP_59747"",""HIP_60260"",""HIP_60718"",""HIP_61084"",""HIP_61585"",""HIP_62322"",""HIP_62434""]",1,5,0,-0.07113828304244052,0.06431601983121027,-7910.21616452403,6658.957654877866,10339.885293420766,
23,summary,sample-000023,23,,,2026-09-23T20:16:38.537907Z,,,-21.356573721451266,-83.36730266770692,-21.426157474102435,-83.36028670515233,0.09742721021498926,24,"[""HIP_25336"",""HIP_26311"",""HIP_27989"",""HIP_31681"",""HIP_32607"",""HIP_32768"",""HIP_38827"",""HIP_41037"",""HIP_42536"",""HIP_42913"",""HIP_45238"",""HIP_45556"",""HIP_45941"",""HIP_46651"",""HIP_46701"",""HIP_47854"",""HIP_48002"",""HIP_48774"",""HIP_50099"",""HIP_50371"",""HIP_51232"",""HIP_51576"",""HIP_52419"",""HIP_52727"",""HIP_53253"",""HIP_54463"",""HIP_56561"",""HIP_57363"",""HIP_59196"",""HIP_59747"",""HIP_60260"",""HIP_60718"",""HIP_61084"",""HIP_61585"",""HIP_61932"",""HIP_62322"",""HIP_62434"",""HIP_66657"",""HIP_68702""]",1,5,0,-0.06958375265116956,0.007015962554589805,-7737.3602716999185,726.3962531536557,7771.383107007169,4669783.697820052
24,step,sample-000024,24,1,False,2026-09-23T20:18:18.921780Z,2026-09-24T14:20:24.992870Z,0.0,-58.89623103515375,17.6949381595673,-58.88072234693357,17.589989062693757,-359.7484326144593,35,"[""HIP_30438"",""HIP_32768"",""HIP_39953"",""HIP_41037"",""HIP_42913"",""HIP_45556"",""HIP_45941"",""HIP_46651"",""HIP_46701"",""HIP_48002"",""HIP_48774"",""HIP_50371"",""HIP_51576"",""HIP_52419"",""HIP_52727"",""HIP_59196"",""HIP_78401"",""HIP_78820"",""HIP_79593"",""HIP_79882"",""HIP_81377"",""HIP_84012"",""HIP_84970"",""HIP_88635"",""HIP_89642"",""HIP_89931"",""HIP_90496"",""HIP_92041"",""HIP_92855"",""HIP_93085"",""HIP_93506"",""HIP_93683"",""HIP_93864"",""HIP_94141""]",1,5,0,0.015508688220180034,-0.10494909687355403,1724.4874489962508,-6029.8538840079955,6271.601495794017,
24,step,sample-000024,24,2,False,2026-09-23T20:18:18.923236Z,2026-09-24T13:58:00.402502Z,0.0,-58.89463041364443,17.696671063824,-58.892091825622785,17.61822545511013,-359.75839909686044,34,"[""HIP_30438"",""HIP_39953"",""HIP_41037"",""HIP_42913"",""HIP_44816"",""HIP_45238"",""HIP_45556"",""HIP_45941"",""HIP_46701"",""HIP_48002"",""HIP_48774"",""HIP_50371"",""HIP_51576"",""HIP_52419"",""HIP_52727"",""HIP_78265"",""HIP_78401"",""HIP_78820"",""HIP_80112"",""HIP_81266"",""HIP_82514"",""HIP_84012"",""HIP_84970"",""HIP_85927"",""HIP_87261"",""HIP_89642"",""HIP_89931"",""HIP_90496"",""HIP_92041"",""HIP_92855"",""HIP_93506"",""HIP_93864"",""HIP_94141""]",1,5,0,0.0025385880216433065,-0.07844560871387785,282.27810884738295,-4506.458414894336,4515.290247546355,
24,step,sample-000024,24,3,False,2026-09-23T20:18:18.924399Z,2026-09-24T14:27:08.944357Z,0.0,-58.89364904804955,17.693880766977372,-58.88054383891393,17.671370505720617,-359.88421039373895,43,"[""HIP_30438"",""HIP_32768"",""HIP_39953"",""HIP_41037"",""HIP_42913"",""HIP_44816"",""HIP_45238"",""HIP_45556"",""HIP_45941"",""HIP_46701"",""HIP_48002"",""HIP_48774"",""HIP_50371"",""HIP_52419"",""HIP_52727"",""HIP_59747"",""HIP_68895"",""HIP_72622"",""HIP_73714"",""HIP_74785"",""HIP_76470"",""HIP_78265"",""HIP_78401"",""HIP_78820"",""HIP_80112"",""HIP_80763"",""HIP_81266"",""HIP_81377"",""HIP_84012"",""HIP_84970"",""HIP_85927"",""HIP_88635"",""HIP_89642"",""HIP_89931"",""HIP_90185"",""HIP_90496"",""HIP_92041"",""HIP_92855"",""HIP_93085"",""HIP_93506"",""HIP_93864"",""HIP_94141""]",1,5,0,0.013105209135616747,-0.02251026125674116,1457.232768496505,-1293.3794403654033,1948.424398125546,
24,step,sample-000024,24,4,False,2026-09-23T20:18:18.925415Z,2026-09-24T15:44:33.696820Z,0.0,-58.89509878108967,17.696600314702863,-58.9115803795117,17.652303216702858,-359.8596622407127,40,"[""HIP_41037"",""HIP_42913"",""HIP_45238"",""HIP_45556"",""HIP_45941"",""HIP_46701"",""HIP_47854"",""HIP_48002"",""HIP_48774"",""HIP_50099"",""HIP_50371"",""HIP_51576"",""HIP_52419"",""HIP_52727"",""HIP_53253"",""HIP_57363"",""HIP_59196"",""HIP_59747"",""HIP_60260"",""HIP_61084"",""HIP_61585"",""HIP_61932"",""HIP_63613"",""HIP_68002"",""HIP_78265"",""HIP_78401"",""HIP_78820"",""HIP_79593"",""HIP_80112"",""HIP_81377"",""HIP_84012"",""HIP_89931"",""HIP_90496"",""HIP_92041"",""HIP_92855"",""HIP_93085"",""HIP_93506"",""HIP_93864"",""HIP_94141""]",1,5,0,-0.016481598422025456,-0.04429709800001547,-1832.6701275221958,-2543.997217192531,3135.3789226149734,
24,step,sample-000024,24,5,False,2026-09-23T20:18:18.926555Z,2026-09-24T15:40:27.068049Z,0.0,-58.8930821808279,17.69469999352296,-58.893630612614565,17.640517412400225,-359.8605923603938,38,"[""HIP_41037"",""HIP_42913"",""HIP_45556"",""HIP_45941"",""HIP_46701"",""HIP_47854"",""HIP_48774"",""HIP_50099"",""HIP_50371"",""HIP_51576"",""HIP_52419"",""HIP_52727"",""HIP_56561"",""HIP_57363"",""HIP_59196"",""HIP_59747"",""HIP_60260"",""HIP_61585"",""HIP_61932"",""HIP_78401"",""HIP_78820"",""HIP_79593"",""HIP_79882"",""HIP_80112"",""HIP_80763"",""HIP_81377"",""HIP_84012"",""HIP_84970"",""HIP_86263"",""HIP_89931"",""HIP_90496"",""HIP_92041"",""HIP_92855"",""HIP_93085"",""HIP_93506"",""HIP_93864"",""HIP_94141""]",1,5,0,-0.0005484317866617516,-0.05418258112274543,-60.98283228739776,-3112.6226948955364,3113.219943503354,
24,summary,sample-000024,24,,,2026-09-23T20:18:18.927713Z,,,-58.894773924370554,17.694122433889675,-58.89171380071931,17.6344811305255,0.1777406555543079,38,"[""HIP_30438"",""HIP_32768"",""HIP_39953"",""HIP_41037"",""HIP_42913"",""HIP_44816"",""HIP_45238"",""HIP_45556"",""HIP_45941"",""HIP_46651"",""HIP_46701"",""HIP_47854"",""HIP_48002"",""HIP_48774"",""HIP_50099"",""HIP_50371"",""HIP_51576"",""HIP_52419"",""HIP_52727"",""HIP_53253"",""HIP_56561"",""HIP_57363"",""HIP_59196"",""HIP_59747"",""HIP_60260"",""HIP_61084"",""HIP_61585"",""HIP_61932"",""HIP_63613"",""HIP_68002"",""HIP_68895"",""HIP_72622"",""HIP_73714"",""HIP_74785"",""HIP_76470"",""HIP_78265"",""HIP_78401"",""HIP_78820"",""HIP_79593"",""HIP_79882"",""HIP_80112"",""HIP_80763"",""HIP_81266"",""HIP_81377"",""HIP_82514"",""HIP_84012"",""HIP_84970"",""HIP_85927"",""HIP_86263"",""HIP_87261"",""HIP_88635"",""HIP_89642"",""HIP_89931"",""HIP_90185"",""HIP_90496"",""HIP_92041"",""HIP_92855"",""HIP_93085"",""HIP_93506"",""HIP_93683"",""HIP_93864"",""HIP_94141""]",1,5,0,0.0030601236512453056,-0.05964130336417384,340.270224923501,-3426.220656700562,3443.07580682248,4475352.8385695005
25,step,sample-000025,25,1,True,2026-09-23T20:19:34.033084Z,2026-09-24T15:17:47.564904Z,0.0,-5.163160836278794,-50.941488483225385,-58.893630612614565,17.640517412400225,-359.8605923603938,0,[],4,3,2,-53.730469776335774,68.58200589562563,-5974555.645357336,6465186.702077976,8299189.1693291245,
25,step,sample-000025,25,2,False,2026-09-23T20:19:34.034557Z,2026-09-24T15:46:38.428122Z,0.0,-5.162726698908746,-50.941398789787854,-5.279189831020643,-50.86511966850855,-359.8569986565168,32,"[""HIP_45941"",""HIP_46701"",""HIP_48774"",""HIP_50371"",""HIP_51232"",""HIP_51576"",""HIP_52419"",""HIP_52727"",""HIP_53253"",""HIP_54463"",""HIP_56561"",""HIP_57363"",""HIP_59196"",""HIP_59747"",""HIP_60260"",""HIP_60718"",""HIP_61084"",""HIP_61585"",""HIP_61932"",""HIP_62322"",""HIP_62434"",""HIP_65109"",""HIP_66657"",""HIP_68002"",""HIP_68702"",""HIP_68933"",""HIP_71352"",""HIP_71683"",""HIP_71860"",""HIP_71908"",""HIP_73273"",""HIP_74395""]",1,3,2,-0.11646313211189696,0.07627912127929903,-12950.109431977935,8446.661616063677,15461.287187316686,
25,step,sample-000025,25,3,True,2026-09-23T20:19:34.035708Z,2026-09-24T16:02:35.646718Z,0.0,-5.162839372082685,-50.939398219198495,-5.287035951740269,-50.97600011760653,-359.9491737285244,34,"[""HIP_48774"",""HIP_50371"",""HIP_51232"",""HIP_51576"",""HIP_52419"",""HIP_52727"",""HIP_53253"",""HIP_54463"",""HIP_56561"",""HIP_57363"",""HIP_57439"",""HIP_59072"",""HIP_59196"",""HIP_59747"",""HIP_59929"",""HIP_60009"",""HIP_60260"",""HIP_60718"",""HIP_61084"",""HIP_61585"",""HIP_61932"",""HIP_62322"",""HIP_62434"",""HIP_65109"",""HIP_66657"",""HIP_68002"",""HIP_68702"",""HIP_68933"",""HIP_71352"",""HIP_71683"",""HIP_71860"",""HIP_71908"",""HIP_73273"",""HIP_74395""]",1,3,2,-0.12419657965758457,-0.03660189840803696,-13810.029564530214,-4053.034203251077,14392.497914810288,
25,step,sample-000025,25,4,False,2026-09-23T20:19:34.036872Z,2026-09-24T14:59:44.345615Z,0.0,-5.160895637499812,-50.94014045519367,-5.292738810025266,-50.938352554713326,-359.90410350027446,40,"[""HIP_39429"",""HIP_39953"",""HIP_42536"",""HIP_42570"",""HIP_42913"",""HIP_44816"",""HIP_45556"",""HIP_45941"",""HIP_46701"",""HIP_47854"",""HIP_48002"",""HIP_48774"",""HIP_50371"",""HIP_51232"",""HIP_51576"",""HIP_52419"",""HIP_52727"",""HIP_53253"",""HIP_54463"",""HIP_56561"",""HIP_57363"",""HIP_57439"",""HIP_59072"",""HIP_59196"",""HIP_59747"",""HIP_59929"",""HIP_60260"",""HIP_60718"",""HIP_61084"",""HIP_61585"",""HIP_61932"",""HIP_62322"",""HIP_62434"",""HIP_63003"",""HIP_66657"",""HIP_68002"",""HIP_68702"",""HIP_71683"",""HIP_74395""]",1,3,2,-0.1318431725254543,0.001787900480337612,-14660.291897553792,197.97880361286386,14661.628630900188,
25,step,sample-000025,25,5,False,2026-09-23T20:19:34.038034Z,2026-09-24T16:37:28.566495Z,0.0,-5.1608901567855145,-50.93945002663844,-5.254916602252677,-50.90018250703696,-359.89834211111804,25,"[""HIP_51232"",""HIP_53253"",""HIP_54463"",""HIP_56561"",""HIP_57439"",""HIP_59196"",""HIP_59747"",""HIP_60009"",""HIP_60260"",""HIP_60718"",""HIP_61084"",""HIP_61585"",""HIP_61932"",""HIP_62322"",""HIP_62434"",""HIP_65109"",""HIP_66657"",""HIP_68702"",""HIP_71352"",""HIP_71683"",""HIP_71860"",""HIP_71908"",""HIP_73273"",""HIP_77952""]",1,3,2,-0.09402644546716221,0.03926751960148067,-10455.263706369706,4348.324180928739,11323.447266486126,
25,summary,sample-000025,25,,,2026-09-23T20:19:34.039139Z,,,-5.162258704128812,-50.940488271428706,-5.275615081099529,-50.901218243419606,0.11351857705071974,32,"[""HIP_39429"",""HIP_39953"",""HIP_42536"",""HIP_42570"",""HIP_42913"",""HIP_44816"",""HIP_45556"",""HIP_45941"",""HIP_46701"",""HIP_47854"",""HIP_48002"",""HIP_48774"",""HIP_50371"",""HIP_51232"",""HIP_51576"",""HIP_52419"",""HIP_52727"",""HIP_53253"",""HIP_54463"",""HIP_56561"",""HIP_57363"",""HIP_57439"",""HIP_59072"",""HIP_59196"",""HIP_59747"",""HIP_59929"",""HIP_60009"",""HIP_60260"",""HIP_60718"",""HIP_61084"",""HIP_61585"",""HIP_61932"",""HIP_62322"",""HIP_62434"",""HIP_63003"",""HIP_65109"",""HIP_66657"",""HIP_68002"",""HIP_68702"",""HIP_68933"",""HIP_71352"",""HIP_71683"",""HIP_71860"",""HIP_71908"",""HIP_73273"",""HIP_74395"",""HIP_77952""]",1,3,2,-0.11335637697071732,0.03927002800909918,-12604.65402195186,4348.525543852613,13333.678078087343,4296872.072149844
26,step,sample-000026,26,1,False,2026-09-23T20:20:54.688428Z,2026-09-24T15:58:16.958808Z,0.0,-39.77448303739446,28.459651074519343,-39.85652227346051,28.405052086406357,-359.87574411247755,25,"[""HIP_50099"",""HIP_52419"",""HIP_56561"",""HIP_57363"",""HIP_59196"",""HIP_59747"",""HIP_60260"",""HIP_60718"",""HIP_61084"",""HIP_61585"",""HIP_61932"",""HIP_62322"",""HIP_62434"",""HIP_63613"",""HIP_65109"",""HIP_66657"",""HIP_68002"",""HIP_68702"",""HIP_69996"",""HIP_71683"",""HIP_73273"",""HIP_74395"",""HIP_74946"",""HIP_77952""]",1,5,0,-0.08203923606605201,-0.05459898811298558,-9122.346836340292,-4663.29784963536,10245.171862930325,
26,step,sample-000026,26,2,False,2026-09-23T20:20:54.689710Z,2026-09-24T15:50:50.527400Z,0.0,-39.77423828669903,28.4604452891993,-39.834034380724,28.38573371995166,-359.8840736727937,34,"[""HIP_45238"",""HIP_50099"",""HIP_51576"",""HIP_52419"",""HIP_53253"",""HIP_56561"",""HIP_57363"",""HIP_59196"",""HIP_59747"",""HIP_60260"",""HIP_60718"",""HIP_61084"",""HIP_61585"",""HIP_61932"",""HIP_62434"",""HIP_63613"",""HIP_64962"",""HIP_65109"",""HIP_66657"",""HIP_68002"",""HIP_68702"",""HIP_68895"",""HIP_68933"",""HIP_69996"",""HIP_71352"",""HIP_71683"",""HIP_71860"",""HIP_71908"",""HIP_72622"",""HIP_73273"",""HIP_73714"",""HIP_75141"",""HIP_76297"",""HIP_77952""]",1,5,0,-0.05979609402496777,-0.0747115692476541,-6649.0222887374275,-6382.16791806367,9216.374068299121,
26,step,sample-000026,26,3,False,2026-09-23T20:20:54.690709Z,2026-09-24T17:19:07.020807Z,0.0,-39.77510002260059,28.45794423992845,-43.101127740544236,34.5134989650683,-359.3451740923099,26,"[""HIP_57363"",""HIP_59747"",""HIP_60260"",""HIP_60718"",""HIP_61084"",""HIP_61585"",""HIP_62322"",""HIP_62434"",""HIP_66657"",""HIP_68702"",""HIP_68933"",""HIP_71352"",""HIP_71683"",""HIP_71860"",""HIP_71908"",""HIP_73273"",""HIP_74376"",""HIP_74395"",""HIP_74946"",""HIP_75264"",""HIP_76297"",""HIP_77952"",""HIP_79664"",""HIP_80000"",""HIP_82273""]",2,5,0,-3.3260277179436457,6.055554725139842,-369837.4081145128,504788.6851305588,625498.589495093,
26,step,sample-000026,26,4,False,2026-09-23T20:20:54.691964Z,2026-09-24T17:03:17.203565Z,0.0,-39.77405878746436,28.45836314500474,-43.20717429486114,35.12006031721658,-359.4046358286643,25,"[""HIP_56561"",""HIP_57363"",""HIP_59747"",""HIP_60260"",""HIP_60718"",""HIP_61084"",""HIP_61585"",""HIP_62322"",""HIP_62434"",""HIP_63613"",""HIP_66657"",""HIP_68933"",""HIP_71352"",""HIP_71683"",""HIP_71860"",""HIP_71908"",""HIP_73273"",""HIP_74395"",""HIP_74946"",""HIP_75264"",""HIP_76297"",""HIP_77952"",""HIP_79664"",""HIP_82273""]",2,5,0,-3.433115507396778,6.661697172211831,-381745.0270072818,554867.0271870022,673161.2209696821,
26,step,sample-000026,26,5,False,2026-09-23T20:20:54.693503Z,2026-09-24T17:34:32.708380Z,0.0,-39.776390522329734,28.457831950267916,-40.331266605706745,29.770111110253918,-359.73603146905253,37,"[""HIP_57363"",""HIP_59929"",""HIP_60009"",""HIP_60260"",""HIP_60718"",""HIP_61585"",""HIP_62322"",""HIP_62434"",""HIP_63613"",""HIP_66657"",""HIP_68002"",""HIP_68702"",""HIP_68933"",""HIP_71352"",""HIP_71683"",""HIP_71860"",""HIP_71908"",""HIP_73273"",""HIP_74395"",""HIP_74946"",""HIP_75264"",""HIP_76297"",""HIP_77952"",""HIP_78401"",""HIP_78820"",""HIP_79593"",""HIP_80000"",""HIP_80112"",""HIP_80763"",""HIP_81266"",""HIP_81377"",""HIP_82273"",""HIP_82363"",""HIP_84012"",""HIP_86263"",""HIP_88048""]",2,5,0,-0.5548760833770103,1.3122791599859909,-61699.40538792672,111692.10616753246,127598.64079615753,
26,summary,sample-000026,26,,,2026-09-23T20:20:54.694954Z,,,-39.77473488221591,28.458245203994124,-41.266025059059324,31.23889123977935,0.3508679878896724,29,"[""HIP_45238"",""HIP_50099"",""HIP_51576"",""HIP_52419"",""HIP_53253"",""HIP_56561"",""HIP_57363"",""HIP_59196"",""HIP_59747"",""HIP_59929"",""HIP_60009"",""HIP_60260"",""HIP_60718"",""HIP_61084"",""HIP_61585"",""HIP_61932"",""HIP_62322"",""HIP_62434"",""HIP_63613"",""HIP_64962"",""HIP_65109"",""HIP_66657"",""HIP_68002"",""HIP_68702"",""HIP_68895"",""HIP_68933"",""HIP_69996"",""HIP_71352"",""HIP_71683"",""HIP_71860"",""HIP_71908"",""HIP_72622"",""HIP_73273"",""HIP_73714"",""HIP_74376"",""HIP_74395"",""HIP_74946"",""HIP_75141"",""HIP_75264"",""HIP_76297"",""HIP_77952"",""HIP_78401"",""HIP_78820"",""HIP_79593"",""HIP_79664"",""HIP_80000"",""HIP_80112"",""HIP_80763"",""HIP_81266"",""HIP_81377"",""HIP_82273"",""HIP_82363"",""HIP_84012"",""HIP_86263"",""HIP_88048""]",2,5,0,-1.491290176843414,2.7806460357852245,-165823.90181985442,235041.31749814464,287623.8090309157,4142670.2158760396
27,step,sample-000027,27,1,False,2026-09-23T20:21:59.509261Z,2026-09-24T18:16:12.443459Z,0.0,-24.1583264260848,161.56938755668887,-24.226121233230973,161.6134058880135,-359.9053189620306,20,"[""HIP_32768"",""HIP_35264"",""HIP_36377"",""HIP_38170"",""HIP_39429"",""HIP_41037"",""HIP_42570"",""HIP_42913"",""HIP_44816"",""HIP_45238"",""HIP_45556"",""HIP_45941"",""HIP_46701"",""HIP_47854"",""HIP_48002"",""HIP_48774"",""HIP_50099"",""HIP_50371"",""HIP_51576"",""HIP_52419""]",1,5,0,-0.06779480714617492,0.044018331324622295,-7538.438607500926,4464.749183437267,8761.394752632854,
27,step,sample-000027,27,2,False,2026-09-23T20:21:59.510742Z,2026-09-24T18:29:34.353570Z,0.0,-24.15958368798398,161.56917842770008,-24.23472729364023,161.6292825625312,-359.8991780508126,21,"[""HIP_36377"",""HIP_37819"",""HIP_38414"",""HIP_39429"",""HIP_41037"",""HIP_42570"",""HIP_42913"",""HIP_44816"",""HIP_45238"",""HIP_45556"",""HIP_45941"",""HIP_46701"",""HIP_47854"",""HIP_48002"",""HIP_48774"",""HIP_50099"",""HIP_50371"",""HIP_51232"",""HIP_51576"",""HIP_52419"",""HIP_53253""]",1,5,0,-0.07514360565625111,0.0601041348311071,-8355.58771875449,6096.085449193502,10343.021550962429,
27,step,sample-000027,27,3,False,2026-09-23T20:21:59.512003Z,2026-09-24T18:13:35.436703Z,0.0,-24.159975700039166,161.56886868927427,-24.19186107307156,161.64445351253764,-359.8863818285637,19,"[""HIP_17702"",""HIP_20894"",""HIP_21421"",""HIP_25336"",""HIP_25428"",""HIP_39429"",""HIP_41037"",""HIP_42913"",""HIP_44816"",""HIP_45238"",""HIP_45556"",""HIP_45941"",""HIP_46701"",""HIP_47854"",""HIP_48002"",""HIP_48774"",""HIP_50099"",""HIP_50371"",""HIP_51576""]",1,5,0,-0.03188537303239514,0.07558482326336957,-3545.4917153715683,7667.4966883091265,8447.54479741975,
27,step,sample-000027,27,4,False,2026-09-23T20:21:59.513202Z,2026-09-24T18:27:27.648564Z,0.0,-24.159753311222605,161.56844909428492,-24.159720399994296,161.6314156058211,-359.88445343810463,34,"[""HIP_25428"",""HIP_26451"",""HIP_27989"",""HIP_28380"",""HIP_29655"",""HIP_30343"",""HIP_30438"",""HIP_31681"",""HIP_32246"",""HIP_32362"",""HIP_32607"",""HIP_32768"",""HIP_36188"",""HIP_36377"",""HIP_36850"",""HIP_37819"",""HIP_37826"",""HIP_38827"",""HIP_41037"",""HIP_42536"",""HIP_42570"",""HIP_42913"",""HIP_44816"",""HIP_45238"",""HIP_45556"",""HIP_45941"",""HIP_46701"",""HIP_48002"",""HIP_48774"",""HIP_50099"",""HIP_50371"",""HIP_51232"",""HIP_51576"",""HIP_52419""]",1,5,0,3.291122830972881e-05,0.06296651153618882,3.6595616176826202,6388.275959892465,6388.276954242251,
27,step,sample-000027,27,5,False,2026-09-23T20:21:59.514360Z,2026-09-24T16:49:04.365092Z,0.0,-24.159674229034948,161.56692159806977,-24.21691040103214,161.6253679099576,-359.97135462398955,19,"[""HIP_27628"",""HIP_30122"",""HIP_30438"",""HIP_31685"",""HIP_32768"",""HIP_33152"",""HIP_33856"",""HIP_33977"",""HIP_34444"",""HIP_35264"",""HIP_35904"",""HIP_37229"",""HIP_37677"",""HIP_38170"",""HIP_39429"",""HIP_39757"",""HIP_39953"",""HIP_41037"",""HIP_42570""]",1,5,0,-0.057236171997193,0.05844631188782046,-6364.371946643221,5928.352098575371,8697.73439905836,
27,summary,sample-000027,27,,,2026-09-23T20:21:59.515439Z,,,-24.158528010993273,161.56793531542064,-24.20586808019384,161.62878509577217,0.090662621431179,23,"[""HIP_17702"",""HIP_20894"",""HIP_21421"",""HIP_25336"",""HIP_25428"",""HIP_26451"",""HIP_27628"",""HIP_27989"",""HIP_28380"",""HIP_29655"",""HIP_30122"",""HIP_30343"",""HIP_30438"",""HIP_31681"",""HIP_31685"",""HIP_32246"",""HIP_32362"",""HIP_32607"",""HIP_32768"",""HIP_33152"",""HIP_33856"",""HIP_33977"",""HIP_34444"",""HIP_35264"",""HIP_35904"",""HIP_36188"",""HIP_36377"",""HIP_36850"",""HIP_37229"",""HIP_37677"",""HIP_37819"",""HIP_37826"",""HIP_38170"",""HIP_38414"",""HIP_38827"",""HIP_39429"",""HIP_39757"",""HIP_39953"",""HIP_41037"",""HIP_42536"",""HIP_42570"",""HIP_42913"",""HIP_44816"",""HIP_45238"",""HIP_45556"",""HIP_45941"",""HIP_46701"",""HIP_47854"",""HIP_48002"",""HIP_48774"",""HIP_50099"",""HIP_50371"",""HIP_51232"",""HIP_51576"",""HIP_52419"",""HIP_53253""]",1,5,0,-0.04734006920056899,0.06084978035153199,-5263.975522105604,6172.43661916785,8112.238164372944,3989538.4389237557
28,step,sample-000028,28,1,False,2026-09-23T20:23:10.131740Z,2026-09-24T17:42:17.769370Z,0.0,-3.630193034320051,145.46731451642,-2.88457508303716,146.66182026657032,-359.18076832415403,22,"[""HIP_17358"",""HIP_18246"",""HIP_23015"",""HIP_23416"",""HIP_23767"",""HIP_24608"",""HIP_25428"",""HIP_26451"",""HIP_27072"",""HIP_28103"",""HIP_28360"",""HIP_29655"",""HIP_30343"",""HIP_33579"",""HIP_33856"",""HIP_33977"",""HIP_34444"",""HIP_35264"",""HIP_35904"",""HIP_37229"",""HIP_38170""]",2,5,0,0.7456179512828909,1.194505750150313,82908.93339776722,132608.3846041704,156392.52624226955,
28,step,sample-000028,28,2,False,2026-09-23T20:23:10.132972Z,2026-09-24T17:53:12.969007Z,0.0,-3.629725815042423,145.46770933586197,-4.868781933196726,144.10729634021678,-359.82040944839156,10,"[""HIP_27628"",""HIP_33579"",""HIP_33977"",""HIP_34444"",""HIP_35264"",""HIP_35904"",""HIP_37229"",""HIP_37677"",""HIP_38170""]",2,5,0,-1.2390561181543034,-1.3604129956451914,-137776.75416665946,-150855.20191717517,204300.80385736166,
28,step,sample-000028,28,3,False,2026-09-23T20:23:10.134111Z,2026-09-24T18:16:45.728075Z,0.0,-3.6300289537089987,145.46776116604434,-3.6192215239702996,145.2422830619967,-359.89978958401855,30,"[""HIP_18246"",""HIP_23015"",""HIP_23416"",""HIP_23453"",""HIP_23767"",""HIP_24608"",""HIP_26451"",""HIP_27628"",""HIP_27989"",""HIP_28360"",""HIP_28380"",""HIP_29655"",""HIP_30122"",""HIP_30343"",""HIP_31681"",""HIP_32246"",""HIP_32362"",""HIP_33579"",""HIP_33856"",""HIP_33977"",""HIP_34444"",""HIP_35904"",""HIP_36188"",""HIP_36850"",""HIP_37279"",""HIP_37826"",""HIP_38170"",""HIP_39429"",""HIP_39757""]",2,5,0,0.010807429738699081,-0.225478104047653,1201.731357010867,-25021.868407295024,25050.709605484393,
28,step,sample-000028,28,4,False,2026-09-23T20:23:10.135201Z,2026-09-24T17:41:20.888152Z,0.0,-3.629110140858629,145.4680422751547,-1.9651972725759652,146.69854253285826,-358.3854767604867,18,"[""HIP_26451"",""HIP_27628"",""HIP_27989"",""HIP_29655"",""HIP_30343"",""HIP_31681"",""HIP_32362"",""HIP_33579"",""HIP_33977"",""HIP_34444"",""HIP_35264"",""HIP_35904"",""HIP_36188"",""HIP_37229"",""HIP_37279"",""HIP_37677"",""HIP_38170""]",2,5,0,1.6639128682826638,1.230500257703568,185018.6693316281,136662.36704066928,230015.62300616023,
28,step,sample-000028,28,5,False,2026-09-23T20:23:10.136985Z,2026-09-24T18:31:21.933665Z,0.0,-3.6291328855703493,145.46698138686497,-3.5109934555956563,145.48601811041337,-359.59143097576236,30,"[""HIP_17702"",""HIP_18246"",""HIP_23015"",""HIP_23416"",""HIP_23767"",""HIP_24608"",""HIP_26451"",""HIP_27628"",""HIP_28360"",""HIP_28380"",""HIP_29655"",""HIP_30122"",""HIP_30343"",""HIP_31681"",""HIP_32246"",""HIP_32362"",""HIP_32768"",""HIP_33856"",""HIP_33977"",""HIP_34444"",""HIP_35264"",""HIP_35904"",""HIP_36188"",""HIP_36850"",""HIP_37279"",""HIP_37826"",""HIP_38170"",""HIP_39429"",""HIP_39757"",""HIP_39953""]",1,5,0,0.11813942997469296,0.01903672354839614,13136.505249865968,2112.6792415235036,13305.306541276508,
28,summary,sample-000028,28,,,2026-09-23T20:23:10.138544Z,,,-3.6287054671146284,145.4672506916362,-3.3697538536751614,145.6391920624111,0.6244175095108212,22,"[""HIP_17358"",""HIP_17702"",""HIP_18246"",""HIP_23015"",""HIP_23416"",""HIP_23453"",""HIP_23767"",""HIP_24608"",""HIP_25428"",""HIP_26451"",""HIP_27072"",""HIP_27628"",""HIP_27989"",""HIP_28103"",""HIP_28360"",""HIP_28380"",""HIP_29655"",""HIP_30122"",""HIP_30343"",""HIP_31681"",""HIP_32246"",""HIP_32362"",""HIP_32768"",""HIP_33579"",""HIP_33856"",""HIP_33977"",""HIP_34444"",""HIP_35264"",""HIP_35904"",""HIP_36188"",""HIP_36850"",""HIP_37229"",""HIP_37279"",""HIP_37677"",""HIP_37826"",""HIP_38170"",""HIP_39429"",""HIP_39757"",""HIP_39953""]",1,5,0,0.25895161343946693,0.17194137077490268,28794.10566089166,19083.362997447788,34543.80749471956,3848288.630658433
29,step,sample-000029,29,1,False,2026-09-23T20:24:24.373076Z,2026-09-24T17:31:53.008891Z,0.0,75.3255022774665,63.98329744909228,75.29180146442786,63.97683134606385,0.0701448012460135,29,"[""HIP_100453"",""HIP_102488"",""HIP_103413"",""HIP_104060"",""HIP_104732"",""HIP_104887"",""HIP_14328"",""HIP_14576"",""HIP_15863"",""HIP_17358"",""HIP_18246"",""HIP_18532"",""HIP_23015"",""HIP_23416"",""HIP_23453"",""HIP_23767"",""HIP_24608"",""HIP_28360"",""HIP_28380"",""HIP_80331"",""HIP_85670"",""HIP_87585"",""HIP_87833"",""HIP_91262"",""HIP_93194"",""HIP_94779"",""HIP_95853"",""HIP_97165"",""HIP_98110""]",1,5,0,-0.03370081303863515,-0.00646610302842987,-3747.3594336930237,-182.34639747842442,3751.7932900329074,
29,step,sample-000029,29,2,False,2026-09-23T20:24:24.374579Z,2026-09-24T17:58:50.560416Z,0.0,75.32689857379206,63.97616638986244,75.2807875842258,64.28902838849164,0.36920739478073694,24,"[""HIP_100453"",""HIP_102488"",""HIP_103413"",""HIP_104732"",""HIP_104887"",""HIP_111169"",""HIP_14328"",""HIP_14576"",""HIP_15863"",""HIP_17358"",""HIP_17702"",""HIP_18246"",""HIP_18532"",""HIP_23015"",""HIP_23416"",""HIP_23453"",""HIP_23767"",""HIP_24608"",""HIP_28360"",""HIP_28380"",""HIP_91262"",""HIP_93194"",""HIP_98110"",""HIP_99675""]",1,5,0,-0.04611098956625881,0.3128619986292165,-5127.308102328161,8825.643559733404,10206.904720772107,
29,step,sample-000029,29,3,False,2026-09-23T20:24:24.375735Z,2026-09-24T18:31:12.551829Z,0.0,75.32564610349344,63.9792396226116,75.30744895689071,64.11617436315974,0.22006118916224474,27,"[""HIP_100453"",""HIP_102488"",""HIP_104060"",""HIP_104732"",""HIP_104887"",""HIP_106481"",""HIP_14576"",""HIP_17358"",""HIP_17702"",""HIP_18246"",""HIP_18532"",""HIP_23015"",""HIP_23453"",""HIP_23767"",""HIP_24608"",""HIP_25428"",""HIP_28360"",""HIP_28380"",""HIP_85670"",""HIP_87833"",""HIP_91262"",""HIP_93194"",""HIP_94779"",""HIP_95853"",""HIP_97165"",""HIP_98110"",""HIP_99675""]",1,5,0,-0.01819714660273064,0.13693474054815624,-2023.4303816309148,3859.5785034917067,4357.821072834301,
29,step,sample-000029,29,4,False,2026-09-23T20:24:24.376841Z,2026-09-24T18:01:10.742037Z,0.0,75.32684079414372,63.97670363587741,75.30685875354806,64.26928572066873,0.3739747218837569,25,"[""HIP_100453"",""HIP_102488"",""HIP_103413"",""HIP_104060"",""HIP_104732"",""HIP_104887"",""HIP_106481"",""HIP_111169"",""HIP_14576"",""HIP_17358"",""HIP_17702"",""HIP_18246"",""HIP_18532"",""HIP_23015"",""HIP_23416"",""HIP_23453"",""HIP_23767"",""HIP_24608"",""HIP_28360"",""HIP_28380"",""HIP_91262"",""HIP_93194"",""HIP_95853"",""HIP_97165"",""HIP_98110""]",1,5,0,-0.01998204059566433,0.2925820847913201,-2221.90153824349,8246.41568118614,8540.494654708937,
29,step,sample-000029,29,5,False,2026-09-23T20:24:24.377904Z,2026-09-24T18:08:38.736596Z,0.0,75.32473466737616,63.97757059269125,75.30303349156578,64.09805127656651,0.2238289857173927,27,"[""HIP_100453"",""HIP_102098"",""HIP_102488"",""HIP_103413"",""HIP_104732"",""HIP_104887"",""HIP_106481"",""HIP_111169"",""HIP_15863"",""HIP_17358"",""HIP_23015"",""HIP_23416"",""HIP_23453"",""HIP_23767"",""HIP_24608"",""HIP_28360"",""HIP_28380"",""HIP_85670"",""HIP_87833"",""HIP_91262"",""HIP_92420"",""HIP_93194"",""HIP_95853"",""HIP_97165"",""HIP_98110"",""HIP_99675""]",1,5,0,-0.021701175810378004,0.12048068387525745,-2413.0606523356546,3396.414586358318,4166.351355317308,
29,summary,sample-000029,29,,,2026-09-23T20:24:24.379050Z,,,75.32568055894197,63.97964757597097,75.29798605013164,64.14987421899008,0.2514434443310751,26,"[""HIP_100453"",""HIP_102098"",""HIP_102488"",""HIP_103413"",""HIP_104060"",""HIP_104732"",""HIP_104887"",""HIP_106481"",""HIP_111169"",""HIP_14328"",""HIP_14576"",""HIP_15863"",""HIP_17358"",""HIP_17702"",""HIP_18246"",""HIP_18532"",""HIP_23015"",""HIP_23416"",""HIP_23453"",""HIP_23767"",""HIP_24608"",""HIP_25428"",""HIP_28360"",""HIP_28380"",""HIP_80331"",""HIP_85670"",""HIP_87585"",""HIP_87833"",""HIP_91262"",""HIP_92420"",""HIP_93194"",""HIP_94779"",""HIP_95853"",""HIP_97165"",""HIP_98110"",""HIP_99675""]",1,5,0,-0.027694508810327534,0.17022664301910595,-3079.488875621456,4799.435004827968,5702.43739257388,3715785.6584768514
30,step,sample-000030,30,1,False,2026-09-23T20:25:26.485141Z,2026-09-24T19:23:43.102032Z,0.0,22.179438411109505,157.2004241086188,22.100841855348104,157.1646756015641,0.08115421716930717,21,"[""HIP_14328"",""HIP_14576"",""HIP_17358"",""HIP_17702"",""HIP_18532"",""HIP_27628"",""HIP_30122"",""HIP_31592"",""HIP_33579"",""HIP_33856"",""HIP_33977"",""HIP_34444"",""HIP_35264"",""HIP_35904"",""HIP_37229"",""HIP_37677"",""HIP_37819"",""HIP_38170"",""HIP_39757"",""HIP_6686"",""HIP_8886""]",1,5,0,-0.07859655576140057,-0.03574850705467725,-8739.538252403907,-3681.951436032043,9483.474679588888,
30,step,sample-000030,30,2,False,2026-09-23T20:25:26.487303Z,2026-09-24T18:55:09.897770Z,0.0,22.179354435900652,157.19965485085572,22.0847304415582,157.23771305696718,0.12634294173171243,21,"[""HIP_24305"",""HIP_27288"",""HIP_27628"",""HIP_28103"",""HIP_30122"",""HIP_31592"",""HIP_32759"",""HIP_33160"",""HIP_33579"",""HIP_33856"",""HIP_33977"",""HIP_34045"",""HIP_34444"",""HIP_34769"",""HIP_35037"",""HIP_35264"",""HIP_35904"",""HIP_37229"",""HIP_37677"",""HIP_38170"",""HIP_39757""]",1,5,0,-0.09462399434245228,0.03805820611145805,-10521.70810972412,3920.0664518517506,11228.234822403716,
30,step,sample-000030,30,3,False,2026-09-23T20:25:26.488828Z,2026-09-24T19:28:51.744794Z,0.0,22.177961880491495,157.2003553779025,22.094791992552217,157.16961483328964,0.05757636942337934,27,"[""HIP_14328"",""HIP_14576"",""HIP_15863"",""HIP_17358"",""HIP_18532"",""HIP_24608"",""HIP_27288"",""HIP_27628"",""HIP_30122"",""HIP_31592"",""HIP_33160"",""HIP_33579"",""HIP_33856"",""HIP_33977"",""HIP_34045"",""HIP_34444"",""HIP_35037"",""HIP_35264"",""HIP_35904"",""HIP_37229"",""HIP_37447"",""HIP_37677"",""HIP_37819"",""HIP_38170"",""HIP_39757"",""HIP_6686""]",1,5,0,-0.08316988793927749,-0.030740544612854137,-9248.06958844413,-3166.236192094092,9775.06215164125,
30,step,sample-000030,30,4,False,2026-09-23T20:25:26.490057Z,2026-09-24T18:20:57.248272Z,0.0,22.177697919440806,157.19996187910192,22.017890783235142,157.15907715815155,0.018194631892110832,9,"[""HIP_27628"",""HIP_30122"",""HIP_33856"",""HIP_33977"",""HIP_34444"",""HIP_35904"",""HIP_37229"",""HIP_38170"",""HIP_39757""]",1,5,0,-0.15980713620566434,-0.04088472095037332,-17769.74278766585,-4212.225791579999,18262.16272958059,
30,step,sample-000030,30,5,False,2026-09-23T20:25:26.491233Z,2026-09-24T18:44:48.155099Z,0.0,22.17988560387446,157.20249942654164,22.107045685663767,157.2965508937323,0.18598599868504562,16,"[""HIP_27288"",""HIP_27628"",""HIP_30122"",""HIP_30867"",""HIP_33160"",""HIP_33579"",""HIP_33856"",""HIP_33977"",""HIP_34444"",""HIP_35037"",""HIP_35264"",""HIP_35904"",""HIP_37229"",""HIP_37677"",""HIP_38170"",""HIP_39757""]",1,5,0,-0.07283991821069336,0.09405146719066693,-8099.429362233705,9686.691410959253,12626.667199841571,
30,summary,sample-000030,30,,,2026-09-23T20:25:26.492368Z,,,22.178579289656103,157.2012678552125,22.081060151671487,157.20552630874096,0.09385082839291574,19,"[""HIP_14328"",""HIP_14576"",""HIP_15863"",""HIP_17358"",""HIP_17702"",""HIP_18532"",""HIP_24305"",""HIP_24608"",""HIP_27288"",""HIP_27628"",""HIP_28103"",""HIP_30122"",""HIP_30867"",""HIP_31592"",""HIP_32759"",""HIP_33160"",""HIP_33579"",""HIP_33856"",""HIP_33977"",""HIP_34045"",""HIP_34444"",""HIP_34769"",""HIP_35037"",""HIP_35264"",""HIP_35904"",""HIP_37229"",""HIP_37447"",""HIP_37677"",""HIP_37819"",""HIP_38170"",""HIP_39757"",""HIP_6686"",""HIP_8886""]",1,5,0,-0.09751913798461587,0.0042584535284504454,-10843.633394639963,438.63560298711803,10852.501385397674,3592287.886573803
31,step,sample-000031,31,1,False,2026-09-23T20:26:38.318228Z,2026-09-24T19:55:34.563267Z,0.0,-20.063161642793492,-108.69774197727752,-26.216414660196282,179.9974017229157,-31.984836739934515,34,"[""HIP_39429"",""HIP_39953"",""HIP_41037"",""HIP_42913"",""HIP_44816"",""HIP_45238"",""HIP_45556"",""HIP_45941"",""HIP_46701"",""HIP_48002"",""HIP_48774"",""HIP_50371"",""HIP_51232"",""HIP_51576"",""HIP_52419"",""HIP_52727"",""HIP_53253"",""HIP_56561"",""HIP_59196"",""HIP_59747"",""HIP_60260"",""HIP_61585"",""HIP_61932"",""HIP_62322"",""HIP_66657"",""HIP_68702"",""HIP_71352"",""HIP_71683"",""HIP_71908"",""HIP_73273"",""HIP_74395"",""HIP_74946"",""HIP_77952"",""HIP_82273""]",3,5,0,-6.15325301740279,-71.30485629980677,-684210.5178955129,-7290861.941858097,7234412.847700599,
31,step,sample-000031,31,2,False,2026-09-23T20:26:38.320573Z,2026-09-24T20:17:23.074984Z,0.0,-20.064027531211696,-108.69648791580218,-34.532011556260315,179.99999862406892,-18.27699546406885,40,"[""HIP_41037"",""HIP_42913"",""HIP_45238"",""HIP_45556"",""HIP_45941"",""HIP_48002"",""HIP_48774"",""HIP_50371"",""HIP_51232"",""HIP_51576"",""HIP_52419"",""HIP_52727"",""HIP_53253"",""HIP_54463"",""HIP_56561"",""HIP_59196"",""HIP_59747"",""HIP_60260"",""HIP_61084"",""HIP_61585"",""HIP_62322"",""HIP_62434"",""HIP_66657"",""HIP_68702"",""HIP_71908"",""HIP_73273"",""HIP_74395"",""HIP_74946"",""HIP_76297"",""HIP_77952"",""HIP_78401"",""HIP_78820"",""HIP_82273"",""HIP_82396"",""HIP_82514"",""HIP_85927"",""HIP_86228"",""HIP_86670"",""HIP_87073"",""HIP_87261""]",3,5,0,-14.467984025048619,-71.3035134601289,-1608766.422359929,-7045606.461676177,7087002.666043135,
31,step,sample-000031,31,3,False,2026-09-23T20:26:38.321683Z,2026-09-24T20:20:14.423677Z,0.0,-20.062900555580267,-108.69748749689836,-35.747711853686965,179.99999999996083,-14.940818375389123,34,"[""HIP_41037"",""HIP_42913"",""HIP_45238"",""HIP_45556"",""HIP_45941"",""HIP_48002"",""HIP_48774"",""HIP_50371"",""HIP_51576"",""HIP_52419"",""HIP_52727"",""HIP_56561"",""HIP_59747"",""HIP_60260"",""HIP_60718"",""HIP_61585"",""HIP_62322"",""HIP_62434"",""HIP_68702"",""HIP_71683"",""HIP_71908"",""HIP_73273"",""HIP_74395"",""HIP_74946"",""HIP_76297"",""HIP_77952"",""HIP_82396"",""HIP_82514"",""HIP_85927"",""HIP_86228"",""HIP_86670"",""HIP_87073"",""HIP_87261"",""HIP_88635""]",3,5,0,-15.684811298106698,-71.3025125031408,-1744071.4417267204,-7006572.430442448,7070801.747879226,
31,step,sample-000031,31,4,False,2026-09-23T20:26:38.323227Z,2026-09-24T19:44:37.770621Z,0.0,-20.064663724128973,-108.69723503261113,-29.276895655899775,179.99999999986136,-30.52031504515098,29,"[""HIP_39953"",""HIP_41037"",""HIP_42913"",""HIP_44816"",""HIP_45238"",""HIP_45556"",""HIP_45941"",""HIP_48774"",""HIP_50371"",""HIP_51232"",""HIP_51576"",""HIP_52419"",""HIP_52727"",""HIP_53253"",""HIP_56561"",""HIP_59196"",""HIP_59747"",""HIP_60260"",""HIP_61585"",""HIP_62322"",""HIP_66657"",""HIP_71352"",""HIP_71683"",""HIP_71860"",""HIP_71908"",""HIP_74395"",""HIP_74946"",""HIP_77952"",""HIP_82273""]",3,5,0,-9.212231931770802,-71.30276496752754,-1024353.4538859159,-7204800.9757646425,7172675.183997785,
31,step,sample-000031,31,5,False,2026-09-23T20:26:38.324609Z,2026-09-24T19:34:21.823627Z,0.0,-20.061632389805496,-108.69597057448709,-32.335968321895386,179.99999999999997,-26.835251349875996,37,"[""HIP_39429"",""HIP_39953"",""HIP_41037"",""HIP_42913"",""HIP_44816"",""HIP_45238"",""HIP_45556"",""HIP_45941"",""HIP_48002"",""HIP_48774"",""HIP_50371"",""HIP_51232"",""HIP_51576"",""HIP_52419"",""HIP_52727"",""HIP_53253"",""HIP_54463"",""HIP_56561"",""HIP_59196"",""HIP_59747"",""HIP_60260"",""HIP_60718"",""HIP_61585"",""HIP_62322"",""HIP_66657"",""HIP_68002"",""HIP_68702"",""HIP_71352"",""HIP_71683"",""HIP_71860"",""HIP_71908"",""HIP_73273"",""HIP_74946"",""HIP_77952"",""HIP_82273"",""HIP_83081"",""HIP_85258""]",3,5,0,-12.27433593208989,-71.30402942551291,-1364843.883579407,-7114117.564008434,7119913.812781722,
31,summary,sample-000031,31,,,2026-09-23T20:26:38.326062Z,,,-20.063072074980788,-108.6968888034248,-31.62180040958775,179.99948006936137,-24.516462310120403,35,"[""HIP_39429"",""HIP_39953"",""HIP_41037"",""HIP_42913"",""HIP_44816"",""HIP_45238"",""HIP_45556"",""HIP_45941"",""HIP_46701"",""HIP_48002"",""HIP_48774"",""HIP_50371"",""HIP_51232"",""HIP_51576"",""HIP_52419"",""HIP_52727"",""HIP_53253"",""HIP_54463"",""HIP_56561"",""HIP_59196"",""HIP_59747"",""HIP_60260"",""HIP_60718"",""HIP_61084"",""HIP_61585"",""HIP_61932"",""HIP_62322"",""HIP_62434"",""HIP_66657"",""HIP_68002"",""HIP_68702"",""HIP_71352"",""HIP_71683"",""HIP_71860"",""HIP_71908"",""HIP_73273"",""HIP_74395"",""HIP_74946"",""HIP_76297"",""HIP_77952"",""HIP_78401"",""HIP_78820"",""HIP_82273"",""HIP_82396"",""HIP_82514"",""HIP_83081"",""HIP_85258"",""HIP_85927"",""HIP_86228"",""HIP_86670"",""HIP_87073"",""HIP_87261"",""HIP_88635""]",3,5,0,-11.558728334606961,-71.30363112721386,-1285271.9492710037,-7135711.460014666,7131416.740746952,3706453.333482614
32,step,sample-000032,32,1,True,2026-09-23T20:27:22.210988Z,2026-09-24T20:39:40.416450Z,0.0,-38.81637703514335,52.02495026897316,-32.01575546114493,51.577801920158656,-7.1019320251277245,8,"[""HIP_102618"",""HIP_105881"",""HIP_106278"",""HIP_106985"",""HIP_107315"",""HIP_107556"",""HIP_109074""]",2,3,2,6.80062157399842,-0.44714834881449406,756194.6170581578,-40520.58778415707,757276.2762192358,
32,step,sample-000032,32,2,False,2026-09-23T20:27:22.214261Z,2026-09-24T19:23:02.110538Z,0.0,-38.81610925043648,52.02536860997208,-38.92908821510685,51.938930845617584,0.24465349180329765,14,"[""HIP_85927"",""HIP_86228"",""HIP_86670"",""HIP_87073"",""HIP_87261"",""HIP_88635"",""HIP_88839"",""HIP_89341"",""HIP_89642"",""HIP_89678"",""HIP_89931"",""HIP_90185"",""HIP_90496"",""HIP_92855""]",1,3,2,-0.1129789646703685,-0.08643776435448558,-12562.687688899818,-7482.92364014449,14622.421498448375,
32,step,sample-000032,32,3,True,2026-09-23T20:27:22.215586Z,2026-09-24T21:06:22.525547Z,0.0,-38.81525295999106,52.026627756741846,-41.01023755967594,-59.927690177551455,-13.53444620744584,1,[],4,3,2,-2.1949845996848865,-111.9543179342933,-244071.15154789708,-9548472.319988856,8779965.946632024,
32,step,sample-000032,32,4,False,2026-09-23T20:27:22.216822Z,2026-09-24T19:28:06.795296Z,0.0,-38.814255373609555,52.026300380109745,-38.858403978422686,51.916934009921476,0.2119078234876281,13,"[""HIP_85927"",""HIP_86670"",""HIP_87073"",""HIP_87261"",""HIP_88635"",""HIP_88839"",""HIP_89341"",""HIP_89642"",""HIP_89678"",""HIP_89931"",""HIP_90185"",""HIP_90496"",""HIP_92855""]",1,3,2,-0.04414860481313099,-0.109366370188269,-4909.100873655712,-9472.684086231455,10669.160763570195,
32,step,sample-000032,32,5,False,2026-09-23T20:27:22.218048Z,2026-09-24T19:47:07.904250Z,0.0,-38.81608294494142,52.02652159604412,-38.85145137575314,51.883454633299415,0.21299018514948664,15,"[""HIP_86228"",""HIP_86670"",""HIP_87073"",""HIP_87261"",""HIP_88635"",""HIP_89642"",""HIP_89678"",""HIP_89931"",""HIP_90185"",""HIP_90496"",""HIP_92041"",""HIP_92855"",""HIP_93085"",""HIP_93506"",""HIP_94141""]",1,3,2,-0.03536843081172236,-0.14306696274471165,-3932.790069642619,-12392.081166433345,13001.171779410386,
32,summary,sample-000032,32,,,2026-09-23T20:27:22.219146Z,,,-38.81536525465618,52.02516198760398,-38.87964785642756,51.91310649627948,0.22318383335484823,14,"[""HIP_85927"",""HIP_86228"",""HIP_86670"",""HIP_87073"",""HIP_87261"",""HIP_88635"",""HIP_88839"",""HIP_89341"",""HIP_89642"",""HIP_89678"",""HIP_89931"",""HIP_90185"",""HIP_90496"",""HIP_92041"",""HIP_92855"",""HIP_93085"",""HIP_93506"",""HIP_94141""]",1,3,2,-0.06428260177138156,-0.11205549132449732,-7147.899188490155,-9704.075828716255,12052.448281939996,3591003.305820093
33,step,sample-000033,33,1,False,2026-09-23T20:28:33.190589Z,2026-09-24T21:20:19.303835Z,0.0,-49.720568063846905,99.48706960564255,-49.76110417624766,99.5771896955909,0.02489165744639617,27,"[""HIP_25336"",""HIP_26311"",""HIP_27989"",""HIP_33579"",""HIP_34444"",""HIP_35264"",""HIP_35904"",""HIP_39757"",""HIP_42913"",""HIP_44816"",""HIP_45556"",""HIP_45941"",""HIP_48002"",""HIP_48774"",""HIP_50371"",""HIP_51576"",""HIP_52419"",""HIP_53253"",""HIP_56561"",""HIP_59747"",""HIP_60718"",""HIP_61084"",""HIP_61585"",""HIP_62322"",""HIP_62434"",""HIP_71908"",""HIP_74946""]",1,3,2,-0.040536112400758384,0.09012008994835696,-4507.410044857917,6475.964895353536,7890.174430000843,
33,step,sample-000033,33,2,True,2026-09-23T20:28:33.193053Z,2026-09-24T21:06:16.114529Z,0.0,-49.720942963933275,99.48485834817848,-52.69418239628726,94.65699714331421,-0.13518335702081222,27,"[""HIP_39429"",""HIP_39953"",""HIP_42913"",""HIP_44816"",""HIP_45238"",""HIP_45556"",""HIP_45941"",""HIP_46701"",""HIP_48002"",""HIP_48774"",""HIP_50371"",""HIP_51232"",""HIP_51576"",""HIP_52419"",""HIP_53253"",""HIP_56561"",""HIP_59747"",""HIP_60009"",""HIP_60260"",""HIP_60718"",""HIP_61084"",""HIP_61585"",""HIP_62322"",""HIP_62434"",""HIP_71908"",""HIP_74946""]",2,3,2,-2.973239432353985,-4.827861204864263,-330609.1405773108,-336326.79951012414,471417.229838269,
33,step,sample-000033,33,3,False,2026-09-23T20:28:33.194825Z,2026-09-24T20:43:26.131563Z,0.0,-49.71918354067313,99.48506035037497,-49.79573935970898,99.57388280479391,0.02831415955233356,27,"[""HIP_33579"",""HIP_34444"",""HIP_35264"",""HIP_35904"",""HIP_39429"",""HIP_39757"",""HIP_39953"",""HIP_41037"",""HIP_42913"",""HIP_44816"",""HIP_45238"",""HIP_45556"",""HIP_45941"",""HIP_50371"",""HIP_51232"",""HIP_51576"",""HIP_52419"",""HIP_53253"",""HIP_54463"",""HIP_56561"",""HIP_59747"",""HIP_60260"",""HIP_60718"",""HIP_61585"",""HIP_62322"",""HIP_71908"",""HIP_74946""]",1,3,2,-0.07655581903585329,0.08882245441895975,-8512.61868190582,6380.530446817268,10638.411978840888,
33,step,sample-000033,33,4,False,2026-09-23T20:28:33.196005Z,2026-09-24T21:47:38.714432Z,0.0,-49.72113284072119,99.48565270616143,-49.78040057130577,99.56937770812912,0.002724087860562951,30,"[""HIP_25336"",""HIP_26311"",""HIP_27989"",""HIP_32768"",""HIP_35264"",""HIP_39953"",""HIP_42570"",""HIP_42913"",""HIP_44816"",""HIP_45941"",""HIP_46701"",""HIP_48002"",""HIP_48774"",""HIP_50371"",""HIP_51232"",""HIP_51576"",""HIP_52419"",""HIP_53253"",""HIP_54463"",""HIP_56561"",""HIP_59747"",""HIP_60009"",""HIP_60260"",""HIP_60718"",""HIP_61585"",""HIP_62322"",""HIP_62434"",""HIP_71908"",""HIP_74946""]",1,3,2,-0.05926773058457968,0.08372500196770716,-6590.270954741808,6015.187003569682,8922.674792997665,
33,step,sample-000033,33,5,True,2026-09-23T20:28:33.197474Z,2026-09-24T20:26:22.597167Z,0.0,-49.72121116394355,99.48578742970665,-53.71141174422637,93.70164960831664,-0.1562316076447535,22,"[""HIP_32768"",""HIP_35264"",""HIP_39429"",""HIP_39953"",""HIP_41037"",""HIP_42913"",""HIP_44816"",""HIP_45238"",""HIP_45556"",""HIP_45941"",""HIP_50371"",""HIP_51232"",""HIP_51576"",""HIP_52419"",""HIP_53253"",""HIP_54463"",""HIP_56561"",""HIP_60260"",""HIP_60718"",""HIP_61585"",""HIP_62322""]",2,3,2,-3.990200580282817,-5.784137821390004,-443690.06082162354,-398477.57419606653,595977.2519700519,
33,summary,sample-000033,33,,,2026-09-23T20:28:33.198601Z,,,-49.7197906094813,99.48507564463358,-49.77908136908747,99.57348340283801,0.018643301668602005,28,"[""HIP_25336"",""HIP_26311"",""HIP_27989"",""HIP_32768"",""HIP_33579"",""HIP_34444"",""HIP_35264"",""HIP_35904"",""HIP_39429"",""HIP_39757"",""HIP_39953"",""HIP_41037"",""HIP_42570"",""HIP_42913"",""HIP_44816"",""HIP_45238"",""HIP_45556"",""HIP_45941"",""HIP_46701"",""HIP_48002"",""HIP_48774"",""HIP_50371"",""HIP_51232"",""HIP_51576"",""HIP_52419"",""HIP_53253"",""HIP_54463"",""HIP_56561"",""HIP_59747"",""HIP_60009"",""HIP_60260"",""HIP_60718"",""HIP_61084"",""HIP_61585"",""HIP_62322"",""HIP_62434"",""HIP_71908"",""HIP_74946""]",1,3,2,-0.059290759606170695,0.08840775820442559,-6592.831665108317,6351.79188441921,9154.816555989293,3482462.44250906
34,step,sample-000034,34,1,True,2026-09-23T20:29:12.612976Z,2026-09-24T21:48:43.430528Z,0.0,9.128301479979202,-108.87374618812332,-53.71141174422637,93.70164960831664,-0.1562316076447535,0,[],4,3,2,-62.83971322420557,-157.42460420356002,-6987457.302330645,-16196605.938998194,14663394.564301522,
34,step,sample-000034,34,2,True,2026-09-23T20:29:12.614240Z,2026-09-24T21:11:44.175678Z,0.0,9.126018470106986,-108.87157608711568,-47.863460710763555,179.99996787577652,-33.001558870079656,25,"[""HIP_61932"",""HIP_64962"",""HIP_66657"",""HIP_68002"",""HIP_68895"",""HIP_68933"",""HIP_71352"",""HIP_71860"",""HIP_73273"",""HIP_73334"",""HIP_74395"",""HIP_75264"",""HIP_76297"",""HIP_78265"",""HIP_78401"",""HIP_78820"",""HIP_80763"",""HIP_81377"",""HIP_82396"",""HIP_82514"",""HIP_82729"",""HIP_84012"",""HIP_84970"",""HIP_86263"",""HIP_88048""]",3,3,2,-56.98947918087054,-71.12845603710781,-6336940.957028507,-7461497.518934354,9390889.555460365,
34,step,sample-000034,34,3,False,2026-09-23T20:29:12.615411Z,2026-09-24T22:00:44.276738Z,0.0,9.126567960345119,-108.87358461041177,-65.50285144698027,179.99999999999713,-24.90824001872909,11,"[""HIP_80000"",""HIP_82396"",""HIP_82514"",""HIP_82729"",""HIP_84143"",""HIP_85927"",""HIP_86228"",""HIP_86670"",""HIP_87073"",""HIP_87261"",""HIP_88635""]",3,3,2,-74.62941940732539,-71.1264153895911,-8298412.816523555,-6970911.178996607,10083390.910791976,
34,step,sample-000034,34,4,False,2026-09-23T20:29:12.616554Z,2026-09-24T22:00:54.966502Z,0.0,9.128111447031074,-108.87364500334795,-65.50285144698027,179.999999982,-24.90824001872909,0,[],4,3,2,-74.63096289401135,-71.12635501465206,-8298584.444412378,-6970955.5818659915,10083546.173666662,
34,step,sample-000034,34,5,False,2026-09-23T20:29:12.617815Z,2026-09-24T21:29:20.020341Z,0.0,9.128497645049825,-108.87230642153818,-65.50285144698027,179.999999982,-24.90824001872909,0,[],4,3,2,-74.63134909203009,-71.12769359646182,-8298627.387672741,-6971099.364355923,10083643.337051792,
34,summary,sample-000034,34,,,2026-09-23T20:29:12.618941Z,,,9.127557956962852,-108.87233300796554,-65.50285144698027,179.999999987999,-24.90824001872909,4,"[""HIP_80000"",""HIP_82396"",""HIP_82514"",""HIP_82729"",""HIP_84143"",""HIP_85927"",""HIP_86228"",""HIP_86670"",""HIP_87073"",""HIP_87261"",""HIP_88635""]",4,3,2,-74.63040940394312,-71.12766700403546,-8298522.899124841,-6971066.122570187,10083546.082813146,3676611.961341533
35,step,sample-000035,35,1,True,2026-09-23T20:30:11.930748Z,2026-09-24T21:31:41.628745Z,0.0,77.39091604547644,7.363543132636238,77.23468549567971,13.481300329008311,-352.4479396237645,23,"[""HIP_102488"",""HIP_103413"",""HIP_104060"",""HIP_104732"",""HIP_104887"",""HIP_106481"",""HIP_14576"",""HIP_15863"",""HIP_17358"",""HIP_18246"",""HIP_18532"",""HIP_23015"",""HIP_23416"",""HIP_23453"",""HIP_23767"",""HIP_24608"",""HIP_28360"",""HIP_28380"",""HIP_93194"",""HIP_97165"",""HIP_98110"",""HIP_99675""]",2,3,2,-0.15623054979673157,6.117757196372082,-17372.044524286648,149405.09529237964,150341.81168868009,
35,step,sample-000035,35,2,False,2026-09-23T20:30:11.931979Z,2026-09-24T21:25:04.035187Z,0.0,77.38955763896514,7.360757355239656,77.18767127729078,8.308186118897295,-358.1905385766704,22,"[""HIP_100453"",""HIP_102098"",""HIP_102488"",""HIP_103413"",""HIP_104060"",""HIP_104732"",""HIP_104887"",""HIP_105102"",""HIP_15863"",""HIP_17358"",""HIP_23015"",""HIP_23416"",""HIP_23453"",""HIP_23767"",""HIP_24608"",""HIP_28360"",""HIP_28380"",""HIP_91262"",""HIP_94779"",""HIP_97165"",""HIP_98110""]",1,3,2,-0.2018863616743687,0.9474287636576264,-22448.73917691828,23181.059424587016,32268.598037549273,
35,step,sample-000035,35,3,True,2026-09-23T20:30:11.933111Z,2026-09-24T21:40:50.262241Z,0.0,77.38984708228881,7.352346019573446,81.75546941290338,2.9012724188114296,-359.9979627757093,13,"[""HIP_14576"",""HIP_17358"",""HIP_17702"",""HIP_18246"",""HIP_18532"",""HIP_23015"",""HIP_23416"",""HIP_23453"",""HIP_23767"",""HIP_24608"",""HIP_28360"",""HIP_28380""]",2,3,2,4.3656223306145705,-4.451073600762015,485435.05481053464,-89577.86380607935,493274.4734389185,
35,step,sample-000035,35,4,False,2026-09-23T20:30:11.934187Z,2026-09-24T22:22:07.902422Z,0.0,77.39040585067488,7.356317871994065,77.31800388759574,7.449777101294062,-359.5403586035661,38,"[""HIP_100453"",""HIP_102488"",""HIP_103413"",""HIP_104060"",""HIP_104732"",""HIP_104887"",""HIP_106481"",""HIP_14328"",""HIP_14576"",""HIP_15863"",""HIP_17358"",""HIP_17702"",""HIP_18246"",""HIP_18532"",""HIP_23015"",""HIP_23416"",""HIP_23453"",""HIP_23767"",""HIP_24608"",""HIP_25428"",""HIP_28360"",""HIP_28380"",""HIP_53910"",""HIP_54061"",""HIP_54539"",""HIP_58001"",""HIP_62956"",""HIP_63125"",""HIP_65378"",""HIP_85670"",""HIP_87833"",""HIP_91262"",""HIP_93194"",""HIP_94779"",""HIP_97165"",""HIP_98110"",""HIP_99675""]",1,3,2,-0.0724019630791446,0.09345922930000938,-8050.730973507532,2275.0919420018236,8366.018749923855,
35,step,sample-000035,35,5,False,2026-09-23T20:30:11.935291Z,2026-09-24T22:31:19.150211Z,0.0,77.39054849687584,7.356119396124825,77.27398487336256,7.344802853609153,-359.5844265158394,38,"[""HIP_100453"",""HIP_102488"",""HIP_103413"",""HIP_104060"",""HIP_104887"",""HIP_106481"",""HIP_14328"",""HIP_14576"",""HIP_15863"",""HIP_17358"",""HIP_17702"",""HIP_18246"",""HIP_18532"",""HIP_23015"",""HIP_23416"",""HIP_23453"",""HIP_23767"",""HIP_24608"",""HIP_25428"",""HIP_28360"",""HIP_28380"",""HIP_53910"",""HIP_54061"",""HIP_54539"",""HIP_58001"",""HIP_62956"",""HIP_63125"",""HIP_65378"",""HIP_85670"",""HIP_87833"",""HIP_91262"",""HIP_92420"",""HIP_93194"",""HIP_95853"",""HIP_97165"",""HIP_98110"",""HIP_99675""]",1,3,2,-0.11656362351327232,-0.011316542515658057,-12961.283565982278,-275.9503834858126,12964.220713404971,
35,summary,sample-000035,35,,,2026-09-23T20:30:11.936728Z,,,77.3899063380425,7.359937694109533,77.25988667941635,7.700922024600175,0.8948824139654198,33,"[""HIP_100453"",""HIP_102098"",""HIP_102488"",""HIP_103413"",""HIP_104060"",""HIP_104732"",""HIP_104887"",""HIP_105102"",""HIP_106481"",""HIP_14328"",""HIP_14576"",""HIP_15863"",""HIP_17358"",""HIP_17702"",""HIP_18246"",""HIP_18532"",""HIP_23015"",""HIP_23416"",""HIP_23453"",""HIP_23767"",""HIP_24608"",""HIP_25428"",""HIP_28360"",""HIP_28380"",""HIP_53910"",""HIP_54061"",""HIP_54539"",""HIP_58001"",""HIP_62956"",""HIP_63125"",""HIP_65378"",""HIP_85670"",""HIP_87833"",""HIP_91262"",""HIP_92420"",""HIP_93194"",""HIP_94779"",""HIP_95853"",""HIP_97165"",""HIP_98110"",""HIP_99675""]",1,3,2,-0.1300196586261393,0.3409843304906417,-14457.526403284126,8319.55572132517,16680.320479308873,3572042.485888326
36,step,sample-000036,36,1,True,2026-09-23T20:31:29.614354Z,2026-09-24T22:37:32.746216Z,0.0,56.001165389090865,-179.62176315651544,70.69659602873351,-135.35998385663984,28.711827397056275,25,"[""HIP_102422"",""HIP_105199"",""HIP_106032"",""HIP_14328"",""HIP_18532"",""HIP_23015"",""HIP_23416"",""HIP_23453"",""HIP_23767"",""HIP_24608"",""HIP_25428"",""HIP_28380"",""HIP_29655"",""HIP_30343"",""HIP_31681"",""HIP_32246"",""HIP_32362"",""HIP_35550"",""HIP_36188"",""HIP_37279"",""HIP_4427"",""HIP_6686"",""HIP_746"",""HIP_8886""]",3,4,1,14.695430639642645,44.2617792998756,1634057.3319852646,2207654.7891187584,2648632.2319069006,
36,step,sample-000036,36,2,False,2026-09-23T20:31:29.615550Z,2026-09-24T22:07:34.225261Z,0.0,56.00321195796173,-179.62285666103918,62.68667487667472,-166.35085929048424,7.484342593404131,19,"[""HIP_17358"",""HIP_18532"",""HIP_23015"",""HIP_23416"",""HIP_23453"",""HIP_23767"",""HIP_24608"",""HIP_25428"",""HIP_26451"",""HIP_28358"",""HIP_28360"",""HIP_28380"",""HIP_30343"",""HIP_31681"",""HIP_32246"",""HIP_32362"",""HIP_33018"",""HIP_35550""]",2,4,1,6.683462918712991,13.271997370554942,743167.1689779194,752452.7905962822,1053798.756546278,
36,step,sample-000036,36,3,False,2026-09-23T20:31:29.618384Z,2026-09-24T21:59:07.528318Z,0.0,56.00314374162501,-179.6211100330775,57.244098112763126,-175.8348227152531,2.29364884347983,23,"[""HIP_14328"",""HIP_14576"",""HIP_15863"",""HIP_17358"",""HIP_18532"",""HIP_23015"",""HIP_23416"",""HIP_23453"",""HIP_23767"",""HIP_24608"",""HIP_25428"",""HIP_26451"",""HIP_28358"",""HIP_28360"",""HIP_28380"",""HIP_29655"",""HIP_30343"",""HIP_31681"",""HIP_32246"",""HIP_32362"",""HIP_33018"",""HIP_37740""]",2,4,1,1.2409543711381161,3.786287317824417,137987.83026794734,231616.24291848624,269548.7329302496,
36,step,sample-000036,36,4,False,2026-09-23T20:31:29.620640Z,2026-09-24T22:14:56.333629Z,0.0,56.00292330921423,-179.62280150662565,55.89137370493733,-178.04188177926264,1.4798652625004218,21,"[""HIP_18532"",""HIP_23015"",""HIP_23416"",""HIP_23453"",""HIP_23767"",""HIP_24608"",""HIP_25428"",""HIP_26451"",""HIP_28358"",""HIP_28360"",""HIP_28380"",""HIP_29655"",""HIP_30343"",""HIP_31681"",""HIP_32246"",""HIP_32362"",""HIP_35350"",""HIP_36188"",""HIP_37279"",""HIP_37740""]",2,4,1,-0.11154960427690241,1.5809197273630105,-12403.75006479972,98435.05250204864,99211.22630271029,
36,step,sample-000036,36,5,False,2026-09-23T20:31:29.622091Z,2026-09-24T22:46:39.780952Z,0.0,56.001920991883566,-179.6239044227589,56.03228816406555,-179.37366998616318,0.28950664502572676,36,"[""HIP_102422"",""HIP_105199"",""HIP_106032"",""HIP_23015"",""HIP_23416"",""HIP_23453"",""HIP_23767"",""HIP_24608"",""HIP_25428"",""HIP_28360"",""HIP_28380"",""HIP_29655"",""HIP_30343"",""HIP_31681"",""HIP_32246"",""HIP_32362"",""HIP_35350"",""HIP_35550"",""HIP_36188"",""HIP_36850"",""HIP_37279"",""HIP_37826"",""HIP_4427"",""HIP_45860"",""HIP_47908"",""HIP_49669"",""HIP_50335"",""HIP_50583"",""HIP_54872"",""HIP_54879"",""HIP_746"",""HIP_80331"",""HIP_83895"",""HIP_89937"",""HIP_94376""]",1,4,1,0.030367172181982482,0.25023443659571853,3376.675483178227,15552.543447854294,15914.874728085524,
36,summary,sample-000036,36,,,2026-09-23T20:31:29.623426Z,,,56.00236439626455,-179.6216009709987,57.96360871461018,-174.9003084427908,2.885867070829978,25,"[""HIP_102422"",""HIP_105199"",""HIP_106032"",""HIP_14328"",""HIP_14576"",""HIP_15863"",""HIP_17358"",""HIP_18532"",""HIP_23015"",""HIP_23416"",""HIP_23453"",""HIP_23767"",""HIP_24608"",""HIP_25428"",""HIP_26451"",""HIP_28358"",""HIP_28360"",""HIP_28380"",""HIP_29655"",""HIP_30343"",""HIP_31681"",""HIP_32246"",""HIP_32362"",""HIP_33018"",""HIP_35350"",""HIP_35550"",""HIP_36188"",""HIP_36850"",""HIP_37279"",""HIP_37740"",""HIP_37826"",""HIP_4427"",""HIP_45860"",""HIP_47908"",""HIP_49669"",""HIP_50335"",""HIP_50583"",""HIP_54872"",""HIP_54879"",""HIP_746"",""HIP_80331"",""HIP_83895"",""HIP_89937"",""HIP_94376""]",2,4,1,1.961244318345635,4.721292528207925,218080.4181105005,286057.38426267944,359570.01668143034,3482807.139521468
37,step,sample-000037,37,1,False,2026-09-23T20:32:46.619312Z,2026-09-24T22:12:18.326139Z,0.0,17.180317714666977,-90.67225984056088,17.079008185483627,-90.60209425461225,0.15312497593839697,26,"[""HIP_76297"",""HIP_78401"",""HIP_78820"",""HIP_80763"",""HIP_82396"",""HIP_82514"",""HIP_82729"",""HIP_84012"",""HIP_85423"",""HIP_85927"",""HIP_86170"",""HIP_86228"",""HIP_86263"",""HIP_86670"",""HIP_87073"",""HIP_87261"",""HIP_88048"",""HIP_88635"",""HIP_88839"",""HIP_89341"",""HIP_89642"",""HIP_89931"",""HIP_90185"",""HIP_90496"",""HIP_92855""]",1,5,0,-0.10130952918335012,0.07016558594864364,-11265.105665937399,7455.963054136552,13509.032960038192,
37,step,sample-000037,37,2,False,2026-09-23T20:32:46.621004Z,2026-09-24T22:10:29.319744Z,0.0,17.180380002696214,-90.67037806799645,17.067632827507936,-90.62928958683784,0.12810606127878435,26,"[""HIP_76297"",""HIP_78401"",""HIP_78820"",""HIP_80763"",""HIP_82396"",""HIP_82514"",""HIP_82729"",""HIP_84012"",""HIP_84143"",""HIP_85423"",""HIP_85927"",""HIP_86170"",""HIP_86228"",""HIP_86263"",""HIP_86670"",""HIP_87072"",""HIP_87073"",""HIP_87261"",""HIP_88635"",""HIP_88839"",""HIP_89341"",""HIP_89642"",""HIP_89931"",""HIP_90185"",""HIP_90496""]",1,5,0,-0.1127471751882787,0.04108848115862429,-12536.913874441863,4366.293155158583,13275.493114656501,
37,step,sample-000037,37,3,False,2026-09-23T20:32:46.622093Z,2026-09-24T23:26:05.602764Z,0.0,17.180010693868738,-90.67097003804608,17.075537705230552,-90.68023506440394,0.05741883109777024,30,"[""HIP_76297"",""HIP_78401"",""HIP_78820"",""HIP_80112"",""HIP_81266"",""HIP_82396"",""HIP_82514"",""HIP_82729"",""HIP_84143"",""HIP_84970"",""HIP_85927"",""HIP_86228"",""HIP_86263"",""HIP_86670"",""HIP_87073"",""HIP_87261"",""HIP_88635"",""HIP_89341"",""HIP_89642"",""HIP_89931"",""HIP_90185"",""HIP_90422"",""HIP_90496"",""HIP_92041"",""HIP_92855"",""HIP_93085"",""HIP_93506"",""HIP_93864"",""HIP_94141""]",1,5,0,-0.10447298863818588,-0.00926502635786619,-11616.866307960898,-984.5338722566316,11658.511458046438,
37,step,sample-000037,37,4,False,2026-09-23T20:32:46.623178Z,2026-09-24T22:27:55.113694Z,0.0,17.178949816770288,-90.67180040261816,17.06980620626905,-90.6486077892793,0.09734698102658852,25,"[""HIP_76297"",""HIP_80112"",""HIP_80763"",""HIP_82396"",""HIP_82514"",""HIP_82729"",""HIP_84143"",""HIP_84970"",""HIP_85423"",""HIP_85927"",""HIP_86170"",""HIP_86228"",""HIP_86263"",""HIP_86670"",""HIP_87073"",""HIP_87261"",""HIP_88635"",""HIP_89341"",""HIP_89642"",""HIP_89931"",""HIP_89962"",""HIP_90185"",""HIP_90496"",""HIP_92855""]",1,5,0,-0.10914361050123844,0.02319261333886402,-12136.2157634075,2464.572640916355,12383.935117372484,
37,step,sample-000037,37,5,False,2026-09-23T20:32:46.624243Z,2026-09-24T22:47:09.012392Z,0.0,17.18017782507125,-90.67034262002252,17.072110907035185,-90.6685790750639,0.08334646403261707,24,"[""HIP_76297"",""HIP_78401"",""HIP_78820"",""HIP_80112"",""HIP_81266"",""HIP_82396"",""HIP_82514"",""HIP_82729"",""HIP_84143"",""HIP_84970"",""HIP_85927"",""HIP_86228"",""HIP_86263"",""HIP_86670"",""HIP_87073"",""HIP_87261"",""HIP_88048"",""HIP_88635"",""HIP_89341"",""HIP_89642"",""HIP_89931"",""HIP_90185"",""HIP_90496""]",1,5,0,-0.10806691803606583,0.001763544958635066,-12016.49302372388,187.4020536772569,12017.954239618175,
37,summary,sample-000037,37,,,2026-09-23T20:32:46.625346Z,,,17.18000967418799,-90.6718531154572,17.07281916630527,-90.64576115403943,0.1038686624250134,26,"[""HIP_76297"",""HIP_78401"",""HIP_78820"",""HIP_80112"",""HIP_80763"",""HIP_81266"",""HIP_82396"",""HIP_82514"",""HIP_82729"",""HIP_84012"",""HIP_84143"",""HIP_84970"",""HIP_85423"",""HIP_85927"",""HIP_86170"",""HIP_86228"",""HIP_86263"",""HIP_86670"",""HIP_87072"",""HIP_87073"",""HIP_87261"",""HIP_88048"",""HIP_88635"",""HIP_88839"",""HIP_89341"",""HIP_89642"",""HIP_89931"",""HIP_89962"",""HIP_90185"",""HIP_90422"",""HIP_90496"",""HIP_92041"",""HIP_92855"",""HIP_93085"",""HIP_93506"",""HIP_93864"",""HIP_94141""]",1,5,0,-0.10719050788272,0.026091961417762377,-11919.040661012044,2772.642698189299,12237.282170410841,3389007.954187656
38,step,sample-000038,38,1,False,2026-09-23T20:34:03.766736Z,2026-09-24T22:41:20.964993Z,0.0,-19.063626747368705,-175.76053123438084,-19.126797044413227,-175.71999735381752,0.1132979399934289,31,"[""HIP_39953"",""HIP_41037"",""HIP_42913"",""HIP_45238"",""HIP_45556"",""HIP_45941"",""HIP_46701"",""HIP_48002"",""HIP_48774"",""HIP_50371"",""HIP_51232"",""HIP_51576"",""HIP_52419"",""HIP_52727"",""HIP_53253"",""HIP_54463"",""HIP_56561"",""HIP_59196"",""HIP_59747"",""HIP_60260"",""HIP_60718"",""HIP_61585"",""HIP_62322"",""HIP_62434"",""HIP_65109"",""HIP_66657"",""HIP_68702"",""HIP_71683"",""HIP_71908"",""HIP_74946"",""HIP_77952""]",1,5,0,-0.06317029704452182,0.040533880563316416,-7024.216545980589,4259.160945000484,8214.625217318868,
38,step,sample-000038,38,2,False,2026-09-23T20:34:03.768301Z,2026-09-25T00:11:52.885556Z,0.0,-19.062184451081023,-175.7611359208257,-19.143235778996655,-175.78151316161012,0.08093044284474195,33,"[""HIP_39429"",""HIP_39953"",""HIP_41037"",""HIP_42913"",""HIP_44816"",""HIP_45238"",""HIP_45556"",""HIP_45941"",""HIP_46701"",""HIP_48774"",""HIP_50371"",""HIP_51576"",""HIP_52419"",""HIP_52727"",""HIP_53253"",""HIP_54463"",""HIP_56561"",""HIP_59747"",""HIP_60260"",""HIP_61084"",""HIP_61585"",""HIP_62322"",""HIP_66657"",""HIP_68702"",""HIP_71352"",""HIP_71683"",""HIP_71860"",""HIP_71908"",""HIP_73273"",""HIP_74395"",""HIP_74946"",""HIP_77952"",""HIP_82273""]",1,5,0,-0.08105132791563108,-0.02037724078442693,-9012.496462022673,-2141.0734462554296,9263.330229215833,
38,step,sample-000038,38,3,False,2026-09-23T20:34:03.769417Z,2026-09-25T00:05:13.026667Z,0.0,-19.064089574713414,-175.7618032064875,-19.15705138860401,-175.76474380954974,0.09095800061430834,37,"[""HIP_39429"",""HIP_39953"",""HIP_41037"",""HIP_42913"",""HIP_44816"",""HIP_45238"",""HIP_45556"",""HIP_45941"",""HIP_48002"",""HIP_48774"",""HIP_50371"",""HIP_51232"",""HIP_51576"",""HIP_52419"",""HIP_52727"",""HIP_53253"",""HIP_54463"",""HIP_56561"",""HIP_59196"",""HIP_59747"",""HIP_60260"",""HIP_60718"",""HIP_61084"",""HIP_61585"",""HIP_62322"",""HIP_66657"",""HIP_68002"",""HIP_68702"",""HIP_71352"",""HIP_71683"",""HIP_71860"",""HIP_71908"",""HIP_73273"",""HIP_74946"",""HIP_77952"",""HIP_82273"",""HIP_83081""]",1,5,0,-0.09296181389059655,-0.0029406030622283197,-10336.882076310005,-308.9597847816895,10341.498304388175,
38,step,sample-000038,38,4,False,2026-09-23T20:34:03.770574Z,2026-09-24T23:12:50.755781Z,0.0,-19.063626022347886,-175.76122869953815,-19.132554394082423,-175.74259011587924,0.11612936563850099,32,"[""HIP_39953"",""HIP_41037"",""HIP_42913"",""HIP_44816"",""HIP_45238"",""HIP_45556"",""HIP_45941"",""HIP_48002"",""HIP_48774"",""HIP_50371"",""HIP_51232"",""HIP_51576"",""HIP_52419"",""HIP_52727"",""HIP_53253"",""HIP_54463"",""HIP_56561"",""HIP_59196"",""HIP_60260"",""HIP_60718"",""HIP_61084"",""HIP_61585"",""HIP_62322"",""HIP_62434"",""HIP_66657"",""HIP_68702"",""HIP_71352"",""HIP_71683"",""HIP_71860"",""HIP_71908"",""HIP_74946"",""HIP_77952""]",1,5,0,-0.06892837173453614,0.018638583658912466,-7664.485238750622,1958.4442890839432,7910.7418979444155,
38,step,sample-000038,38,5,False,2026-09-23T20:34:03.771655Z,2026-09-24T23:29:57.984456Z,0.0,-19.062268150817857,-175.76172973646467,-19.13787932092609,-175.7516166506951,0.09729517892649057,34,"[""HIP_35264"",""HIP_39953"",""HIP_41037"",""HIP_42913"",""HIP_44816"",""HIP_45238"",""HIP_45556"",""HIP_45941"",""HIP_46701"",""HIP_48002"",""HIP_48774"",""HIP_50371"",""HIP_51232"",""HIP_51576"",""HIP_52419"",""HIP_52727"",""HIP_53253"",""HIP_54463"",""HIP_56561"",""HIP_59196"",""HIP_59747"",""HIP_60260"",""HIP_60718"",""HIP_61084"",""HIP_61585"",""HIP_62322"",""HIP_66657"",""HIP_68002"",""HIP_71352"",""HIP_71683"",""HIP_71860"",""HIP_71908"",""HIP_74946"",""HIP_77952""]",1,5,0,-0.07561117010823182,0.010113085769575036,-8407.57851369409,1062.6170965887543,8474.4634835937,
38,summary,sample-000038,38,,,2026-09-23T20:34:03.772743Z,,,-19.06255715201188,-175.76159902135905,-19.13950358540448,-175.75209221831034,0.09972218560760279,33,"[""HIP_35264"",""HIP_39429"",""HIP_39953"",""HIP_41037"",""HIP_42913"",""HIP_44816"",""HIP_45238"",""HIP_45556"",""HIP_45941"",""HIP_46701"",""HIP_48002"",""HIP_48774"",""HIP_50371"",""HIP_51232"",""HIP_51576"",""HIP_52419"",""HIP_52727"",""HIP_53253"",""HIP_54463"",""HIP_56561"",""HIP_59196"",""HIP_59747"",""HIP_60260"",""HIP_60718"",""HIP_61084"",""HIP_61585"",""HIP_62322"",""HIP_62434"",""HIP_65109"",""HIP_66657"",""HIP_68002"",""HIP_68702"",""HIP_71352"",""HIP_71683"",""HIP_71860"",""HIP_71908"",""HIP_73273"",""HIP_74395"",""HIP_74946"",""HIP_77952"",""HIP_82273"",""HIP_83081""]",1,5,0,-0.07694643339259954,0.009506803048708434,-8556.05301665053,998.9070868458515,8614.166145815643,3300050.2229233966
39,step,sample-000039,39,1,False,2026-09-23T20:34:45.301545Z,2026-09-24T23:43:15.119321Z,0.0,59.33057341926366,-51.88007304513573,59.339686448777485,-51.78480325072996,0.19932501878378822,8,"[""HIP_14328"",""HIP_14576"",""HIP_15863"",""HIP_17358"",""HIP_6686"",""HIP_8886"",""HIP_92420"",""HIP_93244""]",1,4,1,0.009113029513827087,0.0952697944057661,1013.3226482997017,5402.859529502745,5497.063609079346,
39,step,sample-000039,39,2,False,2026-09-23T20:34:45.306855Z,2026-09-25T00:51:54.884246Z,0.0,59.33306724398745,-51.8818779439938,59.37075538010306,-51.81316730733756,0.20340676142527864,16,"[""HIP_14328"",""HIP_14576"",""HIP_15863"",""HIP_17358"",""HIP_18246"",""HIP_18532"",""HIP_23416"",""HIP_23453"",""HIP_24608"",""HIP_677"",""HIP_88771"",""HIP_8886"",""HIP_91262"",""HIP_92420"",""HIP_93194"",""HIP_93244""]",1,4,1,0.03768813611561228,0.06871063665624888,4190.7295307456525,3894.7341582852973,5721.115415518597,
39,step,sample-000039,39,3,False,2026-09-23T20:34:45.310458Z,2026-09-24T23:48:11.563507Z,0.0,59.33206457205449,-51.882254937108314,59.33499340958356,-51.83075934650078,0.13298616335186567,8,"[""HIP_104732"",""HIP_14328"",""HIP_15863"",""HIP_4427"",""HIP_6686"",""HIP_8886"",""HIP_92420"",""HIP_93194""]",1,4,1,0.0029288375290690283,0.05149559060754427,325.67187419866127,2920.5117462120425,2938.61371855944,
39,step,sample-000039,39,4,True,2026-09-23T20:34:45.311785Z,2026-09-25T00:38:38.126710Z,0.0,59.33291999532169,-51.88488421048393,59.305971697469026,-51.73540526873133,0.18778871261692226,13,"[""HIP_14328"",""HIP_14576"",""HIP_15863"",""HIP_17358"",""HIP_18532"",""HIP_23416"",""HIP_24608"",""HIP_6686"",""HIP_8886"",""HIP_91262"",""HIP_92420"",""HIP_93194"",""HIP_98110""]",1,4,1,-0.026948297852662506,0.1494789417525908,-2996.514002922527,8481.035920952469,8994.83316465308,
39,step,sample-000039,39,5,False,2026-09-23T20:34:45.313414Z,2026-09-24T23:38:53.716789Z,0.0,59.33239740905097,-51.88448572264656,59.35395760252151,-51.80419279634099,0.16772838773978188,13,"[""HIP_14328"",""HIP_14576"",""HIP_15863"",""HIP_17358"",""HIP_4427"",""HIP_6686"",""HIP_677"",""HIP_87933"",""HIP_8886"",""HIP_92420"",""HIP_93194"",""HIP_93244""]",1,4,1,0.021560193470541833,0.08029292630556029,2397.3841313993935,4552.425418127594,5145.096988254566,
39,summary,sample-000039,39,,,2026-09-23T20:34:45.314724Z,,,59.331894619679765,-51.88219562633137,59.34984821024641,-51.80823067522732,0.17586158340317776,11,"[""HIP_104732"",""HIP_14328"",""HIP_14576"",""HIP_15863"",""HIP_17358"",""HIP_18246"",""HIP_18532"",""HIP_23416"",""HIP_23453"",""HIP_24608"",""HIP_4427"",""HIP_6686"",""HIP_677"",""HIP_87933"",""HIP_88771"",""HIP_8886"",""HIP_91262"",""HIP_92420"",""HIP_93194"",""HIP_93244""]",1,4,1,0.017953590566641253,0.07396495110404544,1996.3481860641157,4193.928445364032,4644.829243871881,3215552.6487264857
40,step,sample-000040,40,1,True,2026-09-23T20:35:22.432980Z,2026-09-25T00:07:28.103215Z,0.0,11.712078845421958,154.89944815034448,59.35395760252151,-51.80419279634099,0.16772838773978188,0,[],4,4,1,47.641878757099555,153.29635905331452,5297535.213604647,13871525.305342762,11757559.280928092,
40,step,sample-000040,40,2,False,2026-09-23T20:35:22.434264Z,2026-09-25T01:34:10.782606Z,0.0,11.709776002616769,154.90087533840335,18.06599684851824,-179.99995548896723,-17.418915917339536,14,"[""HIP_46733"",""HIP_46853"",""HIP_50372"",""HIP_50801"",""HIP_53910"",""HIP_54061"",""HIP_54539"",""HIP_57399"",""HIP_58001"",""HIP_59774"",""HIP_62956"",""HIP_63125"",""HIP_67301"",""HIP_68756""]",3,4,1,6.35622084590147,25.099169172629445,706779.5106966291,2697210.928257781,2785244.106396929,
40,step,sample-000040,40,3,False,2026-09-23T20:35:22.435446Z,2026-09-25T01:26:30.305038Z,0.0,11.711593267233633,154.89886763379673,14.076977843887962,-179.99999988414675,-16.262287253722327,10,"[""HIP_46733"",""HIP_50372"",""HIP_54061"",""HIP_57399"",""HIP_58001"",""HIP_59774"",""HIP_62956"",""HIP_65378"",""HIP_67301"",""HIP_75458""]",3,4,1,2.3653845766543284,25.101132482056528,263018.76448724867,2720736.2187198764,2732098.036023416,
40,step,sample-000040,40,4,False,2026-09-23T20:35:22.436579Z,2026-09-25T00:44:08.563601Z,0.0,11.711340398807343,154.90011341322383,42.80489695673433,-179.99999999236843,-7.988685632367574,7,"[""HIP_35350"",""HIP_35550"",""HIP_36188"",""HIP_36850"",""HIP_37740"",""HIP_37826"",""HIP_43109""]",3,4,1,31.093556557926988,25.099886594407735,3457445.7405771296,2481048.0020468794,4220481.4391677035,
40,step,sample-000040,40,5,False,2026-09-23T20:35:22.437713Z,2026-09-25T00:25:45.329542Z,0.0,11.70862732491798,154.89923270676047,34.96610307732852,-179.99999999923753,-1.094673203015931,8,"[""HIP_31681"",""HIP_32362"",""HIP_35350"",""HIP_35550"",""HIP_36188"",""HIP_37279"",""HIP_37447"",""HIP_40526""]",3,4,1,23.25747575241054,25.100767294002026,2586113.3102268935,2562734.9559953394,3618949.9294342524,
40,summary,sample-000040,40,,,2026-09-23T20:35:22.438840Z,,,11.710335292984967,154.89948160527575,27.478493681617262,-179.99998884117997,-10.696572475739265,10,"[""HIP_31681"",""HIP_32362"",""HIP_35350"",""HIP_35550"",""HIP_36188"",""HIP_36850"",""HIP_37279"",""HIP_37447"",""HIP_37740"",""HIP_37826"",""HIP_40526"",""HIP_43109"",""HIP_46733"",""HIP_46853"",""HIP_50372"",""HIP_50801"",""HIP_53910"",""HIP_54061"",""HIP_54539"",""HIP_57399"",""HIP_58001"",""HIP_59774"",""HIP_62956"",""HIP_63125"",""HIP_65378"",""HIP_67301"",""HIP_68756"",""HIP_75458""]",3,4,1,15.768158388632296,25.100529553544277,1753339.2153437517,2629422.166291902,3148774.1413234617,3213883.18604141
41,step,sample-000041,41,1,True,2026-09-23T20:36:01.865322Z,2026-09-25T01:59:53.983928Z,0.0,12.348334547569687,-33.57960439409388,34.96610307732852,-179.999999982,-1.094673203015931,0,[],4,3,2,22.617768529758834,-146.4203955879061,2514981.112530143,-14912972.741434693,13675009.177049961,
41,step,sample-000041,41,2,True,2026-09-23T20:36:01.866495Z,2026-09-25T02:18:12.744915Z,0.0,12.35043745582484,-33.578726016249504,34.96610307732852,-179.999999982,-1.094673203015931,0,[],4,3,2,22.61566562150368,-146.4212739657505,2514747.2798009706,-14912942.310921293,13674863.970772302,
41,step,sample-000041,41,3,False,2026-09-23T20:36:01.867595Z,2026-09-25T01:00:40.584136Z,0.0,12.349276798809957,-33.57941152729592,12.431119172552826,-33.59276872874656,0.06160663761949862,22,"[""HIP_100453"",""HIP_102422"",""HIP_102488"",""HIP_104060"",""HIP_104887"",""HIP_105102"",""HIP_105199"",""HIP_106481"",""HIP_109492"",""HIP_111169"",""HIP_113726"",""HIP_4427"",""HIP_6686"",""HIP_746"",""HIP_8886"",""HIP_91262"",""HIP_93194"",""HIP_93429"",""HIP_96837"",""HIP_97165"",""HIP_98110"",""HIP_99675""]",1,3,2,0.08184237374286951,-0.013357201450645562,9100.456744754934,-1450.6600076378043,9215.35278819279,
41,step,sample-000041,41,4,False,2026-09-23T20:36:01.868636Z,2026-09-25T01:58:29.127317Z,0.0,12.349705632145225,-33.57857626441256,12.443196376904181,-33.57926723298057,0.032965521102486114,11,"[""HIP_100453"",""HIP_102098"",""HIP_102488"",""HIP_104732"",""HIP_104887"",""HIP_105199"",""HIP_109176"",""HIP_109492"",""HIP_111169"",""HIP_97165"",""HIP_98110""]",1,3,2,0.09349074475895591,-0.0006909685679943323,10395.696505417267,-75.04090087904643,10395.967341624302,
41,step,sample-000041,41,5,False,2026-09-23T20:36:01.869694Z,2026-09-25T02:11:18.997030Z,0.0,12.35034700467245,-33.57988925911073,12.448901885025089,-33.60732344058715,0.0539697557021852,9,"[""HIP_100453"",""HIP_102098"",""HIP_102422"",""HIP_102488"",""HIP_104732"",""HIP_104887"",""HIP_105199"",""HIP_109492"",""HIP_111169""]",1,3,2,0.09855488035263882,-0.027434181476422737,10958.802691274936,-2979.383900492763,11356.58761859925,
41,summary,sample-000041,41,,,2026-09-23T20:36:01.870729Z,,,12.34904199341334,-33.57939643457689,12.441072478160699,-33.59311980077143,0.04951397151999295,14,"[""HIP_100453"",""HIP_102098"",""HIP_102422"",""HIP_102488"",""HIP_104060"",""HIP_104732"",""HIP_104887"",""HIP_105102"",""HIP_105199"",""HIP_106481"",""HIP_109176"",""HIP_109492"",""HIP_111169"",""HIP_113726"",""HIP_4427"",""HIP_6686"",""HIP_746"",""HIP_8886"",""HIP_91262"",""HIP_93194"",""HIP_93429"",""HIP_96837"",""HIP_97165"",""HIP_98110"",""HIP_99675""]",1,3,2,0.09203048474735809,-0.013723366194540176,10233.323000545664,-1490.3995868154548,10341.285704137978,3135748.017740501
42,step,sample-000042,42,1,False,2026-09-23T20:37:00.574813Z,2026-09-25T02:47:33.105757Z,0.0,-28.290289241020783,88.47566047782243,-28.32570864098694,88.45959088144926,0.07414393527729202,20,"[""HIP_25336"",""HIP_26311"",""HIP_27989"",""HIP_31681"",""HIP_45238"",""HIP_45941"",""HIP_48002"",""HIP_48774"",""HIP_50371"",""HIP_51232"",""HIP_51576"",""HIP_52419"",""HIP_52727"",""HIP_56561"",""HIP_59196"",""HIP_59747"",""HIP_61084"",""HIP_61585"",""HIP_62322""]",1,5,0,-0.035419399966155396,-0.01606959637317118,-3938.4575810309357,-1573.1693608002354,4241.026975189295,
42,step,sample-000042,42,2,False,2026-09-23T20:37:00.578184Z,2026-09-25T02:32:39.645357Z,0.0,-28.29167959980295,88.47653321877374,-28.338457123347766,88.46718848223728,0.09097996470734761,28,"[""HIP_25336"",""HIP_26311"",""HIP_27989"",""HIP_31681"",""HIP_38827"",""HIP_45238"",""HIP_46701"",""HIP_47854"",""HIP_48002"",""HIP_48774"",""HIP_50371"",""HIP_51232"",""HIP_52419"",""HIP_52727"",""HIP_53253"",""HIP_56561"",""HIP_59196"",""HIP_59747"",""HIP_60260"",""HIP_61084"",""HIP_61585"",""HIP_61932"",""HIP_62322"",""HIP_62434"",""HIP_66657"",""HIP_68702"",""HIP_71908""]",1,5,0,-0.046777523544815125,-0.009344736536462506,-5201.423299179837,-914.7632436483151,5281.2494773307835,
42,step,sample-000042,42,3,False,2026-09-23T20:37:00.579481Z,2026-09-25T01:52:19.279223Z,0.0,-28.290098490186843,88.47592412187913,-28.316922408844828,88.51352806316065,0.1029606944561046,32,"[""HIP_25336"",""HIP_27989"",""HIP_29655"",""HIP_30343"",""HIP_31681"",""HIP_32246"",""HIP_36188"",""HIP_37279"",""HIP_45238"",""HIP_47854"",""HIP_48002"",""HIP_48774"",""HIP_50371"",""HIP_51232"",""HIP_51576"",""HIP_51986"",""HIP_52419"",""HIP_52727"",""HIP_53253"",""HIP_57363"",""HIP_59196"",""HIP_59747"",""HIP_60260"",""HIP_60718"",""HIP_61084"",""HIP_61585"",""HIP_61932"",""HIP_62322"",""HIP_62434"",""HIP_63613"",""HIP_66657""]",1,5,0,-0.0268239186579855,0.03760394128153166,-2982.6836674943083,3681.4779211866535,4738.109430165957,
42,step,sample-000042,42,4,False,2026-09-23T20:37:00.580737Z,2026-09-25T01:20:19.057820Z,0.0,-28.289353567698356,88.47732204378514,-28.309655476573113,88.52371017940523,0.09796977962032145,36,"[""HIP_25336"",""HIP_26451"",""HIP_27989"",""HIP_30343"",""HIP_31681"",""HIP_32246"",""HIP_32362"",""HIP_32768"",""HIP_36188"",""HIP_37279"",""HIP_42913"",""HIP_45238"",""HIP_45556"",""HIP_46701"",""HIP_47854"",""HIP_48002"",""HIP_48774"",""HIP_50371"",""HIP_51232"",""HIP_51576"",""HIP_52419"",""HIP_52727"",""HIP_53253"",""HIP_56561"",""HIP_57363"",""HIP_59196"",""HIP_59747"",""HIP_60260"",""HIP_60718"",""HIP_61084"",""HIP_61585"",""HIP_61932"",""HIP_62322"",""HIP_62434"",""HIP_63613""]",1,5,0,-0.02030190887475669,0.046388135620077264,-2257.4692680730864,4541.633693208877,5071.745601156131,
42,step,sample-000042,42,5,False,2026-09-23T20:37:00.581969Z,2026-09-25T03:00:25.678767Z,0.0,-28.29022810079,88.47624819595575,-28.335617452086716,88.44568260888265,0.07643081800721184,21,"[""HIP_25336"",""HIP_26311"",""HIP_27989"",""HIP_31681"",""HIP_41037"",""HIP_48002"",""HIP_48774"",""HIP_50371"",""HIP_51576"",""HIP_52419"",""HIP_52727"",""HIP_56561"",""HIP_59196"",""HIP_59747"",""HIP_60260"",""HIP_60718"",""HIP_61084"",""HIP_61585"",""HIP_61932"",""HIP_62322""]",1,5,0,-0.045389351296716285,-0.030565587073112965,-5047.065587882474,-2992.148529409307,5867.352294414665,
42,summary,sample-000042,42,,,2026-09-23T20:37:00.583183Z,,,-28.2905890061784,88.47597889619993,-28.32527222036787,88.48194004302701,0.08849703842200803,27,"[""HIP_25336"",""HIP_26311"",""HIP_26451"",""HIP_27989"",""HIP_29655"",""HIP_30343"",""HIP_31681"",""HIP_32246"",""HIP_32362"",""HIP_32768"",""HIP_36188"",""HIP_37279"",""HIP_38827"",""HIP_41037"",""HIP_42913"",""HIP_45238"",""HIP_45556"",""HIP_45941"",""HIP_46701"",""HIP_47854"",""HIP_48002"",""HIP_48774"",""HIP_50371"",""HIP_51232"",""HIP_51576"",""HIP_51986"",""HIP_52419"",""HIP_52727"",""HIP_53253"",""HIP_56561"",""HIP_57363"",""HIP_59196"",""HIP_59747"",""HIP_60260"",""HIP_60718"",""HIP_61084"",""HIP_61585"",""HIP_61932"",""HIP_62322"",""HIP_62434"",""HIP_63613"",""HIP_66657"",""HIP_68702"",""HIP_71908""]",1,5,0,-0.034683214189470846,0.005961146827075936,-3856.5974575957293,583.580281018918,3900.501233791151,3061180.2197284363
43,step,sample-000043,43,1,True,2026-09-23T20:37:39.250687Z,2026-09-25T03:05:24.675338Z,0.0,-7.928617010316618,-79.61956228468316,-89.13965219410785,76.58882414036557,-88.75711649178878,9,"[""HIP_89341"",""HIP_89642"",""HIP_89678"",""HIP_89931"",""HIP_90185"",""HIP_90496"",""HIP_92041"",""HIP_92855"",""HIP_94141""]",3,3,2,-81.21103518379124,156.20838642504873,-9030255.099990346,11501679.656228028,9213473.592073757,
43,step,sample-000043,43,2,True,2026-09-23T20:37:39.252212Z,2026-09-25T02:32:23.551155Z,0.0,-7.927808210231711,-79.61706750560747,-89.99974523617023,87.91268768179702,-87.7724419682665,11,"[""HIP_89341"",""HIP_89642"",""HIP_89931"",""HIP_90185"",""HIP_90496"",""HIP_92041"",""HIP_92855"",""HIP_93085"",""HIP_93506"",""HIP_93864"",""HIP_94141""]",3,3,2,-82.07193702593851,167.52975518740448,-9125983.017176077,12230254.53961679,9126039.00575041,
43,step,sample-000043,43,3,False,2026-09-23T20:37:39.255113Z,2026-09-25T03:50:09.542292Z,0.0,-7.929396222953032,-79.61724761609085,-89.99999784534778,46.85388342517566,-129.3880406487493,9,"[""HIP_100453"",""HIP_102098"",""HIP_102488"",""HIP_104060"",""HIP_104887"",""HIP_106481"",""HIP_112158"",""HIP_98110"",""HIP_99675""]",3,3,2,-82.07060162239475,126.47113104126652,-9125834.527076988,9232661.852766888,9125834.909077773,
43,step,sample-000043,43,4,False,2026-09-23T20:37:39.256359Z,2026-09-25T03:53:58.688891Z,0.0,-7.92895771927287,-79.61955210653271,-89.99999912217,46.85740190747629,-129.03360921750925,1,"[""HIP_98110""]",4,3,2,-82.07104140289712,126.47695401400898,-9125883.42843769,9233127.41811685,9125883.584077165,
43,step,sample-000043,43,5,False,2026-09-23T20:37:39.257543Z,2026-09-25T03:49:40.796318Z,0.0,-7.929169667010118,-79.61870213019932,-89.99999949662642,46.88770475046385,-128.88784448756581,6,"[""HIP_100453"",""HIP_102098"",""HIP_102488"",""HIP_104732"",""HIP_98110"",""HIP_99675""]",3,3,2,-82.0708298296163,126.50640688066318,-9125859.902562248,9235257.889395587,9125859.99183364,
43,summary,sample-000043,43,,,2026-09-23T20:37:39.258700Z,,,-7.928357879119465,-79.61810203184798,-89.9999988213814,46.86633002770526,-129.10316456799828,5,"[""HIP_100453"",""HIP_102098"",""HIP_102488"",""HIP_104060"",""HIP_104732"",""HIP_104887"",""HIP_106481"",""HIP_112158"",""HIP_98110"",""HIP_99675""]",3,3,2,-82.07164094226194,126.48443205955323,-9125950.09417338,9233728.894411026,9125950.3031565,3202221.3844593214
44,step,sample-000044,44,1,False,2026-09-23T20:39:04.604699Z,2026-09-25T04:39:19.291234Z,0.0,-18.62083292746079,124.22717204872606,-18.7147038316646,124.23535798971129,0.05935681131197097,43,"[""HIP_42913"",""HIP_44816"",""HIP_45238"",""HIP_45556"",""HIP_45941"",""HIP_48002"",""HIP_48774"",""HIP_50371"",""HIP_51232"",""HIP_51576"",""HIP_52419"",""HIP_52727"",""HIP_53253"",""HIP_54463"",""HIP_56561"",""HIP_59196"",""HIP_59747"",""HIP_60260"",""HIP_61084"",""HIP_61585"",""HIP_62322"",""HIP_66657"",""HIP_68702"",""HIP_71683"",""HIP_71908"",""HIP_73273"",""HIP_74395"",""HIP_74946"",""HIP_75264"",""HIP_76297"",""HIP_77952"",""HIP_78401"",""HIP_78820"",""HIP_82273"",""HIP_82396"",""HIP_82514"",""HIP_83081"",""HIP_85792"",""HIP_85927"",""HIP_86228"",""HIP_86670"",""HIP_87073"",""HIP_87261""]",1,5,0,-0.09387090420381128,0.008185940985242723,-10437.968307001196,862.3480825884643,10473.5297951587,
44,step,sample-000044,44,2,False,2026-09-23T20:39:04.605968Z,2026-09-25T03:37:55.290691Z,0.0,-18.621171277769896,124.22786452371577,-18.70686356505237,124.21125352655694,0.07055488082956339,35,"[""HIP_39429"",""HIP_39953"",""HIP_41037"",""HIP_42913"",""HIP_44816"",""HIP_45238"",""HIP_45556"",""HIP_45941"",""HIP_47854"",""HIP_48002"",""HIP_48774"",""HIP_50371"",""HIP_51232"",""HIP_51576"",""HIP_52419"",""HIP_52727"",""HIP_53253"",""HIP_56561"",""HIP_57363"",""HIP_59747"",""HIP_60260"",""HIP_61084"",""HIP_61585"",""HIP_62322"",""HIP_62434"",""HIP_66657"",""HIP_68002"",""HIP_71352"",""HIP_71683"",""HIP_71860"",""HIP_71908"",""HIP_73273"",""HIP_74395"",""HIP_74946"",""HIP_77952""]",1,5,0,-0.08569228728247325,-0.016610997158807095,-9528.547598379066,-1749.9244589971224,9687.9024653626,
44,step,sample-000044,44,3,False,2026-09-23T20:39:04.607055Z,2026-09-25T03:30:17.465914Z,0.0,-18.62149901623025,124.22802583251922,-18.717159542466568,124.2261720080485,0.08322717480419588,35,"[""HIP_39953"",""HIP_41037"",""HIP_42913"",""HIP_44816"",""HIP_45238"",""HIP_45556"",""HIP_45941"",""HIP_46701"",""HIP_48002"",""HIP_48774"",""HIP_50099"",""HIP_50371"",""HIP_51232"",""HIP_51576"",""HIP_52419"",""HIP_52727"",""HIP_53253"",""HIP_54463"",""HIP_56561"",""HIP_57363"",""HIP_59747"",""HIP_60260"",""HIP_60718"",""HIP_61585"",""HIP_62322"",""HIP_66657"",""HIP_68002"",""HIP_68702"",""HIP_71352"",""HIP_71683"",""HIP_71860"",""HIP_71908"",""HIP_74946"",""HIP_77952""]",1,5,0,-0.09566052623631904,-0.001853824470742893,-10636.965197627384,-195.2893706423136,10638.757753700525,
44,step,sample-000044,44,4,False,2026-09-23T20:39:04.608191Z,2026-09-25T04:27:43.126675Z,0.0,-18.621028935592836,124.22927146710737,-18.715778214755392,124.19804160629954,0.0656133315738569,32,"[""HIP_39953"",""HIP_41037"",""HIP_42913"",""HIP_45238"",""HIP_45556"",""HIP_45941"",""HIP_48002"",""HIP_50371"",""HIP_51232"",""HIP_51576"",""HIP_52419"",""HIP_52727"",""HIP_53253"",""HIP_56561"",""HIP_59196"",""HIP_59747"",""HIP_60260"",""HIP_61585"",""HIP_61932"",""HIP_62322"",""HIP_68002"",""HIP_68702"",""HIP_71683"",""HIP_71860"",""HIP_71908"",""HIP_73273"",""HIP_73334"",""HIP_74395"",""HIP_74946"",""HIP_77952"",""HIP_82273"",""HIP_83081""]",1,5,0,-0.09474927916255638,-0.031229860807826526,-10535.639146105274,-3289.8978581495317,11037.350986323669,
44,step,sample-000044,44,5,False,2026-09-23T20:39:04.609343Z,2026-09-25T03:59:36.471944Z,0.0,-18.620171215400756,124.22929168108953,-18.712110839575193,124.2079551679946,0.09478949514081589,32,"[""HIP_39429"",""HIP_39953"",""HIP_41037"",""HIP_42913"",""HIP_44816"",""HIP_45238"",""HIP_45556"",""HIP_45941"",""HIP_48002"",""HIP_48774"",""HIP_50371"",""HIP_51232"",""HIP_51576"",""HIP_52419"",""HIP_52727"",""HIP_53253"",""HIP_54463"",""HIP_56561"",""HIP_59196"",""HIP_59747"",""HIP_60260"",""HIP_60718"",""HIP_61585"",""HIP_62322"",""HIP_66657"",""HIP_71683"",""HIP_71860"",""HIP_71908"",""HIP_73273"",""HIP_74946"",""HIP_77952"",""HIP_82273""]",1,5,0,-0.09193962417443657,-0.021336513094922793,-10223.219765804775,-2247.716877411703,10467.399489831409,
44,summary,sample-000044,44,,,2026-09-23T20:39:04.610426Z,,,-18.62103448423091,124.22871943119179,-18.713323198702824,124.2157560597222,0.07470833868868144,35,"[""HIP_39429"",""HIP_39953"",""HIP_41037"",""HIP_42913"",""HIP_44816"",""HIP_45238"",""HIP_45556"",""HIP_45941"",""HIP_46701"",""HIP_47854"",""HIP_48002"",""HIP_48774"",""HIP_50099"",""HIP_50371"",""HIP_51232"",""HIP_51576"",""HIP_52419"",""HIP_52727"",""HIP_53253"",""HIP_54463"",""HIP_56561"",""HIP_57363"",""HIP_59196"",""HIP_59747"",""HIP_60260"",""HIP_60718"",""HIP_61084"",""HIP_61585"",""HIP_61932"",""HIP_62322"",""HIP_62434"",""HIP_66657"",""HIP_68002"",""HIP_68702"",""HIP_71352"",""HIP_71683"",""HIP_71860"",""HIP_71908"",""HIP_73273"",""HIP_73334"",""HIP_74395"",""HIP_74946"",""HIP_75264"",""HIP_76297"",""HIP_77952"",""HIP_78401"",""HIP_78820"",""HIP_82273"",""HIP_82396"",""HIP_82514"",""HIP_83081"",""HIP_85792"",""HIP_85927"",""HIP_86228"",""HIP_86670"",""HIP_87073"",""HIP_87261""]",1,5,0,-0.09228871447191267,-0.012963371469595586,-10262.036835824956,-1365.6313198127204,10352.504449619017,3129678.909913646
45,step,sample-000045,45,1,False,2026-09-23T20:40:03.673404Z,2026-09-25T04:19:31.752927Z,0.0,-22.491021428760277,94.80858057995869,-22.540206489126334,94.77645346365722,0.09640854343079244,23,"[""HIP_30438"",""HIP_33579"",""HIP_34444"",""HIP_35904"",""HIP_39429"",""HIP_39757"",""HIP_41037"",""HIP_42913"",""HIP_45238"",""HIP_45556"",""HIP_45941"",""HIP_46701"",""HIP_48774"",""HIP_50371"",""HIP_51232"",""HIP_51576"",""HIP_52419"",""HIP_53253"",""HIP_56561"",""HIP_59747"",""HIP_60260"",""HIP_61585"",""HIP_62322""]",1,5,0,-0.04918506036605663,-0.03212711630146714,-5469.129179411861,-3300.0690133993053,6387.630892506437,
45,step,sample-000045,45,2,False,2026-09-23T20:40:03.674842Z,2026-09-25T04:12:11.569843Z,0.0,-22.491738429964904,94.80806388441147,-22.551528230363157,94.88316955431767,0.11652188106722923,28,"[""HIP_30438"",""HIP_39953"",""HIP_41037"",""HIP_42913"",""HIP_45238"",""HIP_45556"",""HIP_45941"",""HIP_46701"",""HIP_48002"",""HIP_48774"",""HIP_50371"",""HIP_51232"",""HIP_51576"",""HIP_52419"",""HIP_52727"",""HIP_53253"",""HIP_54463"",""HIP_56561"",""HIP_59747"",""HIP_60718"",""HIP_61585"",""HIP_62322"",""HIP_66657"",""HIP_68702"",""HIP_71683"",""HIP_71908"",""HIP_74946"",""HIP_77952""]",1,5,0,-0.05978980039825288,0.0751056699062076,-6648.322469376538,7714.452062075516,10183.955657717806,
45,step,sample-000045,45,3,False,2026-09-23T20:40:03.675914Z,2026-09-25T04:06:15.160763Z,0.0,-22.490653986119884,94.80824260261761,-22.543907006126428,94.8025417458678,0.10591718738921507,30,"[""HIP_33579"",""HIP_34444"",""HIP_35904"",""HIP_39429"",""HIP_39757"",""HIP_41037"",""HIP_42913"",""HIP_45238"",""HIP_45941"",""HIP_46701"",""HIP_48774"",""HIP_50371"",""HIP_51232"",""HIP_51576"",""HIP_52419"",""HIP_53253"",""HIP_54463"",""HIP_56561"",""HIP_59196"",""HIP_59747"",""HIP_60260"",""HIP_60718"",""HIP_61084"",""HIP_61585"",""HIP_62322"",""HIP_66657"",""HIP_68702"",""HIP_71683"",""HIP_71908"",""HIP_74946""]",1,5,0,-0.05325302000654375,-0.005700856749797367,-5921.465653228851,-585.5799097568632,5950.349508695023,
45,step,sample-000045,45,4,False,2026-09-23T20:40:03.676972Z,2026-09-25T04:30:55.807555Z,0.0,-22.489291112373813,94.80693093941397,-22.5439154718983,94.8697568918961,0.11840794784917297,26,"[""HIP_39953"",""HIP_41037"",""HIP_42913"",""HIP_45238"",""HIP_45556"",""HIP_45941"",""HIP_46701"",""HIP_48774"",""HIP_50371"",""HIP_51232"",""HIP_51576"",""HIP_52419"",""HIP_52727"",""HIP_53253"",""HIP_56561"",""HIP_59196"",""HIP_59747"",""HIP_60718"",""HIP_61585"",""HIP_62322"",""HIP_66657"",""HIP_68702"",""HIP_71683"",""HIP_71908"",""HIP_74946"",""HIP_77952""]",1,5,0,-0.0546243595244853,0.06282595248211464,-6073.951650331146,6453.380160945432,8862.223127385178,
45,step,sample-000045,45,5,False,2026-09-23T20:40:03.678039Z,2026-09-25T05:27:14.358058Z,0.0,-22.490209585524692,94.808281823877,-22.544549175748223,94.81231702455695,0.09635007206622681,32,"[""HIP_35264"",""HIP_39953"",""HIP_41037"",""HIP_42913"",""HIP_44816"",""HIP_45238"",""HIP_45556"",""HIP_45941"",""HIP_46701"",""HIP_50371"",""HIP_51232"",""HIP_51576"",""HIP_52419"",""HIP_53253"",""HIP_56561"",""HIP_59747"",""HIP_60260"",""HIP_60718"",""HIP_61585"",""HIP_62322"",""HIP_62434"",""HIP_66657"",""HIP_68002"",""HIP_68702"",""HIP_71352"",""HIP_71683"",""HIP_71860"",""HIP_71908"",""HIP_73273"",""HIP_74946"",""HIP_77952"",""HIP_82273""]",1,5,0,-0.054339590223531076,0.004035200679936679,-6042.286748800919,414.4869557451507,6056.4864873697,
45,summary,sample-000045,45,,,2026-09-23T20:40:03.679104Z,,,-22.490494868706232,94.8072413662681,-22.544821274652488,94.82884773605917,0.10672112635722869,28,"[""HIP_30438"",""HIP_33579"",""HIP_34444"",""HIP_35264"",""HIP_35904"",""HIP_39429"",""HIP_39757"",""HIP_39953"",""HIP_41037"",""HIP_42913"",""HIP_44816"",""HIP_45238"",""HIP_45556"",""HIP_45941"",""HIP_46701"",""HIP_48002"",""HIP_48774"",""HIP_50371"",""HIP_51232"",""HIP_51576"",""HIP_52419"",""HIP_52727"",""HIP_53253"",""HIP_54463"",""HIP_56561"",""HIP_59196"",""HIP_59747"",""HIP_60260"",""HIP_60718"",""HIP_61084"",""HIP_61585"",""HIP_62322"",""HIP_62434"",""HIP_66657"",""HIP_68002"",""HIP_68702"",""HIP_71352"",""HIP_71683"",""HIP_71860"",""HIP_71908"",""HIP_73273"",""HIP_74946"",""HIP_77952"",""HIP_82273""]",1,5,0,-0.05432640594625582,0.021606369791072666,-6040.820724056435,2219.354399147323,6435.607850184057,3060273.503201125
46,step,sample-000046,46,1,False,2026-09-23T20:40:44.662953Z,2026-09-25T06:22:34.841289Z,0.0,24.928159447414107,112.85914882868781,24.85694530767773,112.94153033650677,0.1416097377882738,20,"[""HIP_68895"",""HIP_68933"",""HIP_72622"",""HIP_73714"",""HIP_74785"",""HIP_75177"",""HIP_78265"",""HIP_78401"",""HIP_78820"",""HIP_79593"",""HIP_79882"",""HIP_80112"",""HIP_80763"",""HIP_81266"",""HIP_81377"",""HIP_83000"",""HIP_84012"",""HIP_86742"",""HIP_88771"",""HIP_90139""]",1,5,0,-0.07121413973637658,0.08238150781897957,-7918.651044041749,8309.39244137984,11478.284730916592,
46,step,sample-000046,46,2,False,2026-09-23T20:40:44.665083Z,2026-09-25T06:18:02.178296Z,0.0,24.928562281018056,112.86035510047265,24.895410326176673,112.95251650043082,0.1615203806629771,17,"[""HIP_72622"",""HIP_73714"",""HIP_74785"",""HIP_78265"",""HIP_78401"",""HIP_78820"",""HIP_79593"",""HIP_79882"",""HIP_80112"",""HIP_80763"",""HIP_81266"",""HIP_81377"",""HIP_83000"",""HIP_84012"",""HIP_86742"",""HIP_87108"",""HIP_88771""]",1,5,0,-0.033151954841383,0.0921613999581723,-3686.329186711307,9294.375465197587,9998.72146258811,
46,step,sample-000046,46,3,False,2026-09-23T20:40:44.666625Z,2026-09-25T05:39:17.360695Z,0.0,24.928444073176703,112.86084832472227,24.933782790706175,113.0401673848954,0.17050161235632297,2,"[""HIP_83000"",""HIP_86742""]",1,5,0,0.005338717529472348,0.17931906017312826,593.6383040656975,18081.32445205826,18091.065545430265,
46,step,sample-000046,46,4,False,2026-09-23T20:40:44.668007Z,2026-09-25T05:04:35.823827Z,0.0,24.92664114197863,112.85995841852667,24.84096855681997,112.88258949799578,0.08651457530382452,10,"[""HIP_56343"",""HIP_59316"",""HIP_60965"",""HIP_61359"",""HIP_64962"",""HIP_65109"",""HIP_65474"",""HIP_77070"",""HIP_77233"",""HIP_83000""]",1,5,0,-0.08567258515866172,0.022631079469107362,-9526.356822167101,2282.8404795608008,9796.062134791153,
46,step,sample-000046,46,5,False,2026-09-23T20:40:44.669175Z,2026-09-25T06:04:31.562391Z,0.0,24.928201645280826,112.86048252637647,24.916386856366866,112.98997950463678,0.20285663243388824,13,"[""HIP_72622"",""HIP_78265"",""HIP_78401"",""HIP_78820"",""HIP_79593"",""HIP_79882"",""HIP_80112"",""HIP_80763"",""HIP_81377"",""HIP_83000"",""HIP_84012"",""HIP_86742"",""HIP_88771""]",1,5,0,-0.011814788913959262,0.12949697826030615,-1313.744586608646,13058.535906165003,13124.453168264532,
46,summary,sample-000046,46,,,2026-09-23T20:40:44.670322Z,,,24.92823766105433,112.8595973872948,24.88869876754948,112.9613566448931,0.15260058929888595,12,"[""HIP_56343"",""HIP_59316"",""HIP_60965"",""HIP_61359"",""HIP_64962"",""HIP_65109"",""HIP_65474"",""HIP_68895"",""HIP_68933"",""HIP_72622"",""HIP_73714"",""HIP_74785"",""HIP_75177"",""HIP_77070"",""HIP_77233"",""HIP_78265"",""HIP_78401"",""HIP_78820"",""HIP_79593"",""HIP_79882"",""HIP_80112"",""HIP_80763"",""HIP_81266"",""HIP_81377"",""HIP_83000"",""HIP_84012"",""HIP_86742"",""HIP_87108"",""HIP_88771"",""HIP_90139""]",1,5,0,-0.039538893504847294,0.10175925759830307,-4396.524362878515,10262.60145176698,11164.694498147865,2993988.5290988865
47,step,sample-000047,47,1,False,2026-09-23T20:41:58.601978Z,2026-09-25T05:25:03.652874Z,0.0,-2.4596127100860588,-150.46857026191105,5.2652455246914345,179.99560271417604,-15.629197529717686,28,"[""HIP_100453"",""HIP_102098"",""HIP_102488"",""HIP_104887"",""HIP_80112"",""HIP_82396"",""HIP_82514"",""HIP_82729"",""HIP_83081"",""HIP_84012"",""HIP_84143"",""HIP_84970"",""HIP_85258"",""HIP_85727"",""HIP_85792"",""HIP_85927"",""HIP_86670"",""HIP_87073"",""HIP_87261"",""HIP_88635"",""HIP_89642"",""HIP_89931"",""HIP_91262"",""HIP_92420"",""HIP_93194"",""HIP_93506"",""HIP_97165""]",3,4,1,7.724858234777493,-29.53582702391293,858965.0447556988,-3283249.7936055628,3391307.504196365,
47,step,sample-000047,47,2,False,2026-09-23T20:41:58.603320Z,2026-09-25T05:26:44.838847Z,0.0,-2.459868562417036,-150.46907096967445,5.853263834266388,179.9999968057933,-14.044307395765324,34,"[""HIP_100453"",""HIP_102098"",""HIP_102488"",""HIP_104732"",""HIP_104887"",""HIP_78401"",""HIP_78820"",""HIP_80000"",""HIP_80112"",""HIP_82396"",""HIP_82514"",""HIP_82729"",""HIP_83081"",""HIP_83153"",""HIP_84012"",""HIP_84143"",""HIP_85258"",""HIP_85727"",""HIP_85792"",""HIP_85927"",""HIP_86228"",""HIP_86670"",""HIP_87073"",""HIP_87261"",""HIP_88635"",""HIP_89642"",""HIP_89931"",""HIP_90185"",""HIP_91262"",""HIP_92420"",""HIP_93194"",""HIP_97165"",""HIP_99675""]",3,4,1,8.313132396683423,-29.53093222453225,924378.1470357181,-3282250.168851105,3407108.122391318,
47,step,sample-000047,47,3,False,2026-09-23T20:41:58.604502Z,2026-09-25T05:23:33.640088Z,0.0,-2.4609528895189112,-150.46855543350375,5.487093393348214,179.99999960521458,-15.079239259554457,37,"[""HIP_100453"",""HIP_102098"",""HIP_102488"",""HIP_104732"",""HIP_104887"",""HIP_78401"",""HIP_78820"",""HIP_80112"",""HIP_81266"",""HIP_82396"",""HIP_82514"",""HIP_82729"",""HIP_83081"",""HIP_84012"",""HIP_84143"",""HIP_84970"",""HIP_85258"",""HIP_85792"",""HIP_85927"",""HIP_86228"",""HIP_86263"",""HIP_86670"",""HIP_87073"",""HIP_87261"",""HIP_87833"",""HIP_89341"",""HIP_89642"",""HIP_89931"",""HIP_90496"",""HIP_91262"",""HIP_92041"",""HIP_92420"",""HIP_93194"",""HIP_93864"",""HIP_97165"",""HIP_99675""]",3,4,1,7.948046282867125,-29.531444961281636,883782.4233909678,-3282601.9039779766,3396906.991138012,
47,step,sample-000047,47,4,True,2026-09-23T20:41:58.605610Z,2026-09-25T05:49:16.209231Z,0.0,-2.4610998912736437,-150.4674601149765,13.969144727719502,179.99999999999997,-31.848122903719027,31,"[""HIP_78401"",""HIP_78820"",""HIP_79593"",""HIP_79882"",""HIP_80112"",""HIP_81266"",""HIP_81377"",""HIP_82396"",""HIP_82514"",""HIP_82729"",""HIP_83081"",""HIP_83153"",""HIP_84012"",""HIP_84143"",""HIP_84970"",""HIP_85258"",""HIP_85792"",""HIP_85927"",""HIP_86228"",""HIP_86263"",""HIP_86670"",""HIP_87073"",""HIP_87261"",""HIP_88048"",""HIP_88635"",""HIP_89341"",""HIP_89642"",""HIP_89931"",""HIP_90185"",""HIP_93864""]",3,4,1,16.430244618993147,-29.53253988502354,1826959.8451610988,-3267322.7755602794,3732946.1348597975,
47,step,sample-000047,47,5,False,2026-09-23T20:41:58.606737Z,2026-09-25T05:22:59.346920Z,0.0,-2.460752702915065,-150.46638836234172,8.893231563895126,179.99999999980622,-19.106098617224006,33,"[""HIP_100453"",""HIP_102098"",""HIP_102488"",""HIP_104732"",""HIP_104887"",""HIP_78265"",""HIP_78401"",""HIP_78820"",""HIP_79593"",""HIP_79882"",""HIP_80000"",""HIP_80112"",""HIP_81266"",""HIP_81377"",""HIP_82396"",""HIP_82514"",""HIP_82729"",""HIP_83081"",""HIP_83153"",""HIP_84012"",""HIP_84143"",""HIP_85258"",""HIP_85792"",""HIP_85927"",""HIP_86228"",""HIP_86670"",""HIP_87073"",""HIP_87261"",""HIP_88635"",""HIP_89642"",""HIP_98110"",""HIP_99675""]",3,4,1,11.35398426681019,-29.53361163785206,1262505.4476714332,-3278815.1786896302,3508287.372990399,
47,summary,sample-000047,47,,,2026-09-23T20:41:58.609551Z,,,-2.4599365233028245,-150.4678363164792,6.374708579050289,179.99889978124753,-15.964416308847246,33,"[""HIP_100453"",""HIP_102098"",""HIP_102488"",""HIP_104732"",""HIP_104887"",""HIP_78265"",""HIP_78401"",""HIP_78820"",""HIP_79593"",""HIP_79882"",""HIP_80000"",""HIP_80112"",""HIP_81266"",""HIP_81377"",""HIP_82396"",""HIP_82514"",""HIP_82729"",""HIP_83081"",""HIP_83153"",""HIP_84012"",""HIP_84143"",""HIP_84970"",""HIP_85258"",""HIP_85727"",""HIP_85792"",""HIP_85927"",""HIP_86228"",""HIP_86263"",""HIP_86670"",""HIP_87073"",""HIP_87261"",""HIP_87833"",""HIP_88635"",""HIP_89341"",""HIP_89642"",""HIP_89931"",""HIP_90185"",""HIP_90496"",""HIP_91262"",""HIP_92041"",""HIP_92420"",""HIP_93194"",""HIP_93506"",""HIP_93864"",""HIP_97165"",""HIP_98110"",""HIP_99675""]",3,4,1,8.834645102353113,-29.533263902273234,982367.7140868645,-3282032.9526710166,3422715.1900639124,3003110.3729492063
48,step,sample-000048,48,1,False,2026-09-23T20:42:40.287424Z,2026-09-25T05:57:36.887314Z,0.0,12.535553172900277,59.4148705112589,12.5287753956072,59.30535736727992,0.0374999388201476,21,"[""HIP_27989"",""HIP_28380"",""HIP_29655"",""HIP_30343"",""HIP_31681"",""HIP_32246"",""HIP_32362"",""HIP_33579"",""HIP_33977"",""HIP_34444"",""HIP_35264"",""HIP_35904"",""HIP_36188"",""HIP_36850"",""HIP_37279"",""HIP_37819"",""HIP_37826"",""HIP_38170"",""HIP_38414"",""HIP_39429"",""HIP_39757""]",1,5,0,-0.0067777772930774915,-0.1095131439789725,-753.6544489169075,-11887.17378050336,11911.040815207874,
48,step,sample-000048,48,2,False,2026-09-23T20:42:40.288671Z,2026-09-25T07:12:53.755312Z,0.0,12.534638317832497,59.41630576913954,12.5287753956072,59.30535736727992,0.0374999388201476,0,[],1,5,0,-0.0058629222252974955,-0.1109484018596163,-651.927206764708,-12042.986130289888,12060.61863000054,
48,step,sample-000048,48,3,False,2026-09-23T20:42:40.289900Z,2026-09-25T05:25:22.378468Z,0.0,12.536054416978988,59.416796224966106,12.547459770764245,59.35772031648812,0.045691181178815855,30,"[""HIP_25336"",""HIP_26311"",""HIP_26451"",""HIP_27989"",""HIP_29655"",""HIP_30343"",""HIP_32362"",""HIP_33579"",""HIP_33977"",""HIP_34444"",""HIP_35264"",""HIP_35904"",""HIP_36377"",""HIP_37819"",""HIP_38170"",""HIP_38414"",""HIP_39429"",""HIP_39757"",""HIP_39953"",""HIP_44816"",""HIP_50372"",""HIP_50801"",""HIP_53910"",""HIP_54061"",""HIP_54539"",""HIP_55219"",""HIP_58001"",""HIP_62956"",""HIP_65378"",""HIP_67301""]",1,5,0,0.011405353785256978,-0.059075908477979056,1268.21747750689,-6412.193277660531,6536.40557742845,
48,step,sample-000048,48,4,False,2026-09-23T20:42:40.291592Z,2026-09-25T07:11:35.242925Z,0.0,12.534791630314837,59.41657192508251,12.59584959912312,59.49883405115305,-0.0017667730449045882,9,"[""HIP_46853"",""HIP_50372"",""HIP_50801"",""HIP_53910"",""HIP_54061"",""HIP_54539"",""HIP_58001"",""HIP_62956"",""HIP_65378""]",1,5,0,0.06105796880828329,0.08226212607053185,6789.336362702816,8928.044649037522,11216.285489649128,
48,step,sample-000048,48,5,False,2026-09-23T20:42:40.293021Z,2026-09-25T06:33:05.062957Z,0.0,12.535705774454351,59.415096303301596,12.635083572725645,59.292029033719345,-0.002806953413512292,7,"[""HIP_29655"",""HIP_30343"",""HIP_31681"",""HIP_32246"",""HIP_32362"",""HIP_36188"",""HIP_37279""]",1,5,0,0.09937779827129312,-0.12306726958223635,11050.306988874194,-13355.650520901447,17334.43482562945,
48,summary,sample-000048,48,,,2026-09-23T20:42:40.294200Z,,,12.535448294231509,59.41642361620799,12.567188746765481,59.35185962718407,0.023223466635446402,13,"[""HIP_25336"",""HIP_26311"",""HIP_26451"",""HIP_27989"",""HIP_28380"",""HIP_29655"",""HIP_30343"",""HIP_31681"",""HIP_32246"",""HIP_32362"",""HIP_33579"",""HIP_33977"",""HIP_34444"",""HIP_35264"",""HIP_35904"",""HIP_36188"",""HIP_36377"",""HIP_36850"",""HIP_37279"",""HIP_37819"",""HIP_37826"",""HIP_38170"",""HIP_38414"",""HIP_39429"",""HIP_39757"",""HIP_39953"",""HIP_44816"",""HIP_46853"",""HIP_50372"",""HIP_50801"",""HIP_53910"",""HIP_54061"",""HIP_54539"",""HIP_55219"",""HIP_58001"",""HIP_62956"",""HIP_65378"",""HIP_67301""]",1,5,0,0.031740452533972174,-0.0645639890239238,3529.3772911801343,-7007.618032834761,7846.2228409349145,2940709.0364886173
49,step,sample-000049,49,1,False,2026-09-23T20:43:40.514319Z,2026-09-25T06:23:14.038651Z,0.0,-54.9418149363929,-177.7171290992534,-54.31472254178763,179.99856860402664,1.1765093733973613,37,"[""HIP_32607"",""HIP_41037"",""HIP_45238"",""HIP_45556"",""HIP_46701"",""HIP_47854"",""HIP_48002"",""HIP_48774"",""HIP_50371"",""HIP_51232"",""HIP_51576"",""HIP_52419"",""HIP_52727"",""HIP_53253"",""HIP_56561"",""HIP_57363"",""HIP_59747"",""HIP_60260"",""HIP_60718"",""HIP_61084"",""HIP_61585"",""HIP_61932"",""HIP_62322"",""HIP_63613"",""HIP_65109"",""HIP_66657"",""HIP_68002"",""HIP_68702"",""HIP_68933"",""HIP_71352"",""HIP_71860"",""HIP_73273"",""HIP_73334"",""HIP_74395"",""HIP_76297"",""HIP_77952""]",2,4,1,0.6270923946052704,-2.284302296719943,69729.49281749372,-147036.88482484393,162722.59557372125,
49,step,sample-000049,49,2,False,2026-09-23T20:43:40.515468Z,2026-09-25T06:55:15.978104Z,0.0,-54.94352674235254,-177.71668343971106,-54.353574958583444,179.9999999338116,1.3745655328148458,26,"[""HIP_41037"",""HIP_45238"",""HIP_45556"",""HIP_46701"",""HIP_48002"",""HIP_50371"",""HIP_51232"",""HIP_51576"",""HIP_52419"",""HIP_53253"",""HIP_56561"",""HIP_59747"",""HIP_61084"",""HIP_61585"",""HIP_62322"",""HIP_66657"",""HIP_68702"",""HIP_68933"",""HIP_71352"",""HIP_71683"",""HIP_71860"",""HIP_71908"",""HIP_73273"",""HIP_76297"",""HIP_77952""]",2,4,1,0.5899517837690951,-2.283316626477358,65599.64532003111,-146900.1438501503,160871.80806959223,
49,step,sample-000049,49,3,False,2026-09-23T20:43:40.516562Z,2026-09-25T07:01:44.811501Z,0.0,-54.943171184495526,-177.71820410373454,-54.38520434208054,179.99999995308218,1.385101326104416,28,"[""HIP_32607"",""HIP_41037"",""HIP_45238"",""HIP_45556"",""HIP_47854"",""HIP_48002"",""HIP_50371"",""HIP_51232"",""HIP_51576"",""HIP_52419"",""HIP_53253"",""HIP_56561"",""HIP_59747"",""HIP_61084"",""HIP_61585"",""HIP_62322"",""HIP_66657"",""HIP_68702"",""HIP_68933"",""HIP_71352"",""HIP_71683"",""HIP_71860"",""HIP_71908"",""HIP_73273"",""HIP_74395"",""HIP_74946"",""HIP_76297""]",2,4,1,0.5579668424149844,-2.2817959431832833,62043.08211243026,-146745.82552666918,159312.90393488336,
49,step,sample-000049,49,4,False,2026-09-23T20:43:40.517655Z,2026-09-25T07:08:35.047874Z,0.0,-54.94241136917585,-177.7195622327184,-54.389033649118765,179.99999995485388,1.6700815785690295,17,"[""HIP_41037"",""HIP_45238"",""HIP_45556"",""HIP_47854"",""HIP_48002"",""HIP_50371"",""HIP_51232"",""HIP_51576"",""HIP_52419"",""HIP_53253"",""HIP_56561"",""HIP_59747"",""HIP_60260"",""HIP_61585"",""HIP_62322"",""HIP_62434""]",2,4,1,0.5533777200570853,-2.280437812427749,61532.79498848075,-146652.94098569202,159029.29081646702,
49,step,sample-000049,49,5,True,2026-09-23T20:43:40.518909Z,2026-09-25T08:06:06.130943Z,0.0,-54.94096353005395,-177.71705890657987,-54.656475819964804,179.99999999968946,2.0518495596837556,30,"[""HIP_50371"",""HIP_51232"",""HIP_51576"",""HIP_52419"",""HIP_53253"",""HIP_54463"",""HIP_56561"",""HIP_59747"",""HIP_60718"",""HIP_61084"",""HIP_62434"",""HIP_68702"",""HIP_71683"",""HIP_71860"",""HIP_71908"",""HIP_74946"",""HIP_77952"",""HIP_82396"",""HIP_82514"",""HIP_86670"",""HIP_87073"",""HIP_87261"",""HIP_88635"",""HIP_89931"",""HIP_90496"",""HIP_92041"",""HIP_93506"",""HIP_93864"",""HIP_94141""]",2,4,1,0.2844877100891452,-2.282941093730642,31633.590054640994,-146332.82459341286,149705.64037469134,
49,summary,sample-000049,49,,,2026-09-23T20:43:40.520201Z,,,-54.942090135884634,-177.71842245114803,-54.3606338728926,179.99964211144356,1.4015643519772831,27,"[""HIP_32607"",""HIP_41037"",""HIP_45238"",""HIP_45556"",""HIP_46701"",""HIP_47854"",""HIP_48002"",""HIP_48774"",""HIP_50371"",""HIP_51232"",""HIP_51576"",""HIP_52419"",""HIP_52727"",""HIP_53253"",""HIP_56561"",""HIP_57363"",""HIP_59747"",""HIP_60260"",""HIP_60718"",""HIP_61084"",""HIP_61585"",""HIP_61932"",""HIP_62322"",""HIP_62434"",""HIP_63613"",""HIP_65109"",""HIP_66657"",""HIP_68002"",""HIP_68702"",""HIP_68933"",""HIP_71352"",""HIP_71683"",""HIP_71860"",""HIP_71908"",""HIP_73273"",""HIP_73334"",""HIP_74395"",""HIP_74946"",""HIP_76297"",""HIP_77952""]",2,4,1,0.5814562629920346,-2.2819354374083787,64654.98651041853,-146801.12907522763,160398.42848697415,2883968.0036722575
50,step,sample-000050,50,1,False,2026-09-23T20:44:52.116640Z,2026-09-25T07:38:35.655032Z,0.0,-31.72179605152267,97.84425073838952,-31.772175366925385,97.89492561017886,0.07395296635965508,36,"[""HIP_41037"",""HIP_42913"",""HIP_44816"",""HIP_45238"",""HIP_45556"",""HIP_45941"",""HIP_50371"",""HIP_51232"",""HIP_51576"",""HIP_52419"",""HIP_53253"",""HIP_56561"",""HIP_59196"",""HIP_59747"",""HIP_60260"",""HIP_60718"",""HIP_61084"",""HIP_61585"",""HIP_62322"",""HIP_68702"",""HIP_82514"",""HIP_84012"",""HIP_85258"",""HIP_85792"",""HIP_85927"",""HIP_86228"",""HIP_86670"",""HIP_87073"",""HIP_87261"",""HIP_88635"",""HIP_89642"",""HIP_89931"",""HIP_90185"",""HIP_90496"",""HIP_92855"",""HIP_94141""]",1,5,0,-0.05037931540271501,0.05067487178934016,-5601.924280607984,4791.711052468913,7371.705831304418,
50,step,sample-000050,50,2,False,2026-09-23T20:44:52.119064Z,2026-09-25T08:07:22.053720Z,0.0,-31.720588875241177,97.84547106333105,-31.78018962876751,97.89327721102092,0.03674034528960215,37,"[""HIP_45238"",""HIP_45556"",""HIP_45941"",""HIP_48002"",""HIP_48774"",""HIP_50371"",""HIP_51576"",""HIP_52419"",""HIP_53253"",""HIP_56561"",""HIP_59196"",""HIP_59747"",""HIP_60260"",""HIP_60718"",""HIP_61585"",""HIP_61932"",""HIP_62322"",""HIP_68702"",""HIP_80763"",""HIP_84012"",""HIP_84143"",""HIP_84970"",""HIP_85258"",""HIP_85792"",""HIP_85927"",""HIP_87073"",""HIP_87261"",""HIP_88635"",""HIP_89642"",""HIP_89931"",""HIP_90185"",""HIP_90496"",""HIP_92041"",""HIP_92855"",""HIP_93506"",""HIP_94141""]",1,5,0,-0.05960075352633254,0.047806147689868794,-6627.301416320973,4520.284276864426,8022.100081582842,
50,step,sample-000050,50,3,False,2026-09-23T20:44:52.120809Z,2026-09-25T07:15:17.870101Z,0.0,-31.722371327654958,97.84391081891664,-31.768169819320423,97.87779996992691,0.05834991787490069,42,"[""HIP_41037"",""HIP_42913"",""HIP_45238"",""HIP_45556"",""HIP_50371"",""HIP_51576"",""HIP_52419"",""HIP_52727"",""HIP_56561"",""HIP_59747"",""HIP_60260"",""HIP_60718"",""HIP_61585"",""HIP_62322"",""HIP_68702"",""HIP_71683"",""HIP_71908"",""HIP_74946"",""HIP_77952"",""HIP_78265"",""HIP_80112"",""HIP_80763"",""HIP_81266"",""HIP_82273"",""HIP_82514"",""HIP_83081"",""HIP_84143"",""HIP_85258"",""HIP_85792"",""HIP_85927"",""HIP_86228"",""HIP_86670"",""HIP_87073"",""HIP_87261"",""HIP_88635"",""HIP_89642"",""HIP_89931"",""HIP_90185"",""HIP_90496"",""HIP_92041"",""HIP_92855""]",1,5,0,-0.045798491665465235,0.033889151010271235,-5092.559921172841,3204.5473699902805,6016.9169131443905,
50,step,sample-000050,50,4,False,2026-09-23T20:44:52.122387Z,2026-09-25T07:42:42.515402Z,0.0,-31.721678124542727,97.84512061714082,-31.76756271390716,97.8561501077068,0.08953434606814804,43,"[""HIP_41037"",""HIP_42913"",""HIP_44816"",""HIP_45238"",""HIP_45556"",""HIP_45941"",""HIP_50371"",""HIP_51232"",""HIP_51576"",""HIP_52419"",""HIP_53253"",""HIP_56561"",""HIP_59747"",""HIP_60260"",""HIP_60718"",""HIP_61585"",""HIP_62322"",""HIP_68702"",""HIP_71683"",""HIP_71908"",""HIP_74946"",""HIP_80763"",""HIP_81266"",""HIP_82273"",""HIP_82514"",""HIP_82729"",""HIP_83081"",""HIP_84012"",""HIP_84143"",""HIP_85258"",""HIP_85792"",""HIP_85927"",""HIP_86228"",""HIP_86670"",""HIP_87073"",""HIP_87261"",""HIP_88635"",""HIP_89642"",""HIP_89931"",""HIP_90185"",""HIP_90496"",""HIP_92855"",""HIP_94141""]",1,5,0,-0.04588458936443374,0.011029490565988453,-5102.133548493909,1042.9524514798914,5207.640198486656,
50,step,sample-000050,50,5,False,2026-09-23T20:44:52.123759Z,2026-09-25T07:59:12.937876Z,0.0,-31.722729819424426,97.8441467668465,-31.7788365634279,97.86954370380016,0.06655173191801063,43,"[""HIP_42913"",""HIP_45238"",""HIP_45556"",""HIP_45941"",""HIP_48002"",""HIP_48774"",""HIP_50371"",""HIP_51232"",""HIP_51576"",""HIP_52419"",""HIP_53253"",""HIP_54463"",""HIP_56561"",""HIP_59196"",""HIP_59747"",""HIP_60260"",""HIP_60718"",""HIP_61585"",""HIP_62322"",""HIP_62434"",""HIP_68702"",""HIP_71683"",""HIP_71908"",""HIP_74946"",""HIP_77952"",""HIP_84012"",""HIP_84143"",""HIP_84970"",""HIP_85258"",""HIP_85792"",""HIP_85927"",""HIP_86228"",""HIP_86670"",""HIP_87073"",""HIP_87261"",""HIP_88635"",""HIP_89642"",""HIP_89931"",""HIP_90185"",""HIP_90496"",""HIP_92855"",""HIP_93506"",""HIP_94141""]",1,5,0,-0.056106744003475484,0.02539693695365486,-6238.785283731492,2401.3833342065022,6684.9893581011,
50,summary,sample-000050,50,,,2026-09-23T20:44:52.124895Z,,,-31.721948514821545,97.84466337506609,-31.773386818469675,97.87833932052672,0.06502586157813185,40,"[""HIP_41037"",""HIP_42913"",""HIP_44816"",""HIP_45238"",""HIP_45556"",""HIP_45941"",""HIP_48002"",""HIP_48774"",""HIP_50371"",""HIP_51232"",""HIP_51576"",""HIP_52419"",""HIP_52727"",""HIP_53253"",""HIP_54463"",""HIP_56561"",""HIP_59196"",""HIP_59747"",""HIP_60260"",""HIP_60718"",""HIP_61084"",""HIP_61585"",""HIP_61932"",""HIP_62322"",""HIP_62434"",""HIP_68702"",""HIP_71683"",""HIP_71908"",""HIP_74946"",""HIP_77952"",""HIP_78265"",""HIP_80112"",""HIP_80763"",""HIP_81266"",""HIP_82273"",""HIP_82514"",""HIP_82729"",""HIP_83081"",""HIP_84012"",""HIP_84143"",""HIP_84970"",""HIP_85258"",""HIP_85792"",""HIP_85927"",""HIP_86228"",""HIP_86670"",""HIP_87073"",""HIP_87261"",""HIP_88635"",""HIP_89642"",""HIP_89931"",""HIP_90185"",""HIP_90496"",""HIP_92041"",""HIP_92855"",""HIP_93506"",""HIP_94141""]",1,5,0,-0.051438303648129846,0.033675945460629464,-5719.678400874336,3184.304290686226,6546.335866803578,2826419.5703161485
51,step,sample-000051,51,1,False,2026-09-23T20:45:44.333421Z,2026-09-25T08:46:09.132601Z,0.0,-32.636810375498776,49.50740322046789,-32.69071016176607,49.53554280540863,0.09789398871795604,33,"[""HIP_30438"",""HIP_39953"",""HIP_41037"",""HIP_42913"",""HIP_44816"",""HIP_45238"",""HIP_45556"",""HIP_45941"",""HIP_46701"",""HIP_48002"",""HIP_48774"",""HIP_50371"",""HIP_52419"",""HIP_56561"",""HIP_59747"",""HIP_60718"",""HIP_61585"",""HIP_62322"",""HIP_62434"",""HIP_68702"",""HIP_71683"",""HIP_71908"",""HIP_74395"",""HIP_77952"",""HIP_78401"",""HIP_80763"",""HIP_82273"",""HIP_82396"",""HIP_82514"",""HIP_85927"",""HIP_86228"",""HIP_86670"",""HIP_87073""]",1,5,0,-0.0538997862672943,0.028139584940731766,-5993.382780149184,2634.138291177749,6546.7030254280735,
51,step,sample-000051,51,2,False,2026-09-23T20:45:44.334881Z,2026-09-25T08:36:02.930300Z,0.0,-32.63833659154845,49.50729057934291,-32.67380036080463,49.58596571087111,0.1323855519492259,23,"[""HIP_39953"",""HIP_41037"",""HIP_42913"",""HIP_44816"",""HIP_45238"",""HIP_45941"",""HIP_46701"",""HIP_48002"",""HIP_48774"",""HIP_50371"",""HIP_51576"",""HIP_52419"",""HIP_59747"",""HIP_60718"",""HIP_61585"",""HIP_62322"",""HIP_62434"",""HIP_68702"",""HIP_71683"",""HIP_71908"",""HIP_74395"",""HIP_77952""]",1,5,0,-0.035463769256175226,0.07867513152820038,-3943.391220979962,7365.389765146146,8354.59719951658,
51,step,sample-000051,51,3,False,2026-09-23T20:45:44.336190Z,2026-09-25T08:26:28.861260Z,0.0,-32.63764490671422,49.50558244368813,-32.60660042452414,49.358092515127126,-0.017730475621231184,12,"[""HIP_39953"",""HIP_41037"",""HIP_42913"",""HIP_45556"",""HIP_45941"",""HIP_46701"",""HIP_48002"",""HIP_51576"",""HIP_52419"",""HIP_60260"",""HIP_60718""]",1,5,0,0.031044482190083045,-0.14748992856101495,3451.9889198445944,-13812.917641937733,14237.727355904035,
51,step,sample-000051,51,4,False,2026-09-23T20:45:44.337427Z,2026-09-25T07:19:09.187996Z,0.0,-32.63714368609003,49.50511961591954,-32.66970187635544,49.465943225720025,0.009488470745106468,16,"[""HIP_41037"",""HIP_45238"",""HIP_48002"",""HIP_50099"",""HIP_51232"",""HIP_51576"",""HIP_53253"",""HIP_56561"",""HIP_59747"",""HIP_60718"",""HIP_61084"",""HIP_61585"",""HIP_62322"",""HIP_66657"",""HIP_71683"",""HIP_71908""]",1,5,0,-0.03255819026541218,-0.0391763901995148,-3620.305578242094,-3667.7145241058793,5153.517376478272,
51,step,sample-000051,51,5,False,2026-09-23T20:45:44.338785Z,2026-09-25T08:11:50.711962Z,0.0,-32.638015227933884,49.50534264418843,-32.66000529136692,49.43540568216872,0.09596500954599473,17,"[""HIP_33579"",""HIP_33977"",""HIP_34444"",""HIP_35904"",""HIP_38170"",""HIP_39429"",""HIP_39757"",""HIP_45238"",""HIP_45941"",""HIP_48002"",""HIP_52419"",""HIP_59747"",""HIP_60260"",""HIP_60718"",""HIP_61585"",""HIP_62322"",""HIP_62434""]",1,5,0,-0.02199006343303722,-0.06993696201971034,-2445.1834903457675,-6547.858769415172,6989.518870553501,
51,summary,sample-000051,51,,,2026-09-23T20:45:44.339941Z,,,-32.63735073574424,49.50571091399985,-32.66016362296344,49.47618998785913,0.06360051208057645,20,"[""HIP_30438"",""HIP_33579"",""HIP_33977"",""HIP_34444"",""HIP_35904"",""HIP_38170"",""HIP_39429"",""HIP_39757"",""HIP_39953"",""HIP_41037"",""HIP_42913"",""HIP_44816"",""HIP_45238"",""HIP_45556"",""HIP_45941"",""HIP_46701"",""HIP_48002"",""HIP_48774"",""HIP_50099"",""HIP_50371"",""HIP_51232"",""HIP_51576"",""HIP_52419"",""HIP_53253"",""HIP_56561"",""HIP_59747"",""HIP_60260"",""HIP_60718"",""HIP_61084"",""HIP_61585"",""HIP_62322"",""HIP_62434"",""HIP_66657"",""HIP_68702"",""HIP_71683"",""HIP_71908"",""HIP_74395"",""HIP_77952"",""HIP_78401"",""HIP_80763"",""HIP_82273"",""HIP_82396"",""HIP_82514"",""HIP_85927"",""HIP_86228"",""HIP_86670"",""HIP_87073""]",1,5,0,-0.022812887219195943,-0.02952092614071944,-2536.6773208890845,-2763.909048894759,3751.5229955943655,2771073.138015745
52,step,sample-000052,52,1,False,2026-09-23T20:46:27.070866Z,2026-09-25T09:15:20.146183Z,0.0,2.3952440785625924,66.27119317769007,2.2779378123396934,66.15011156226095,0.008848131398924696,8,"[""HIP_59196"",""HIP_59747"",""HIP_61084"",""HIP_61932"",""HIP_62434"",""HIP_66657"",""HIP_68002"",""HIP_68702""]",1,5,0,-0.11730626622289897,-0.12108161542911944,-13043.861667602328,-13452.467144486374,18737.95975645098,
52,step,sample-000052,52,2,False,2026-09-23T20:46:27.072243Z,2026-09-25T08:19:34.953854Z,0.0,2.393821450993773,66.27011876844102,2.2811036494669192,66.29163825608823,0.06834213124107288,28,"[""HIP_52727"",""HIP_55425"",""HIP_59196"",""HIP_59747"",""HIP_60260"",""HIP_61084"",""HIP_61932"",""HIP_62434"",""HIP_65109"",""HIP_66657"",""HIP_68002"",""HIP_68702"",""HIP_68895"",""HIP_68933"",""HIP_71352"",""HIP_71860"",""HIP_73273"",""HIP_74376"",""HIP_74395"",""HIP_74785"",""HIP_75264"",""HIP_76297"",""HIP_78401"",""HIP_78820"",""HIP_80763"",""HIP_81266"",""HIP_81377"",""HIP_84012""]",1,5,0,-0.11271780152685373,0.02151948764719691,-12533.647672314431,2390.8668528032904,12759.646015019733,
52,step,sample-000052,52,3,False,2026-09-23T20:46:27.073327Z,2026-09-25T09:09:57.709646Z,0.0,2.3953264782217967,66.27166601582223,2.2771031076813086,66.18767775534961,0.040175604895142304,8,"[""HIP_59196"",""HIP_59747"",""HIP_61084"",""HIP_61932"",""HIP_62434"",""HIP_66657"",""HIP_68002"",""HIP_68702""]",1,5,0,-0.11822337054048804,-0.08398826047260854,-13145.839014922052,-9331.306104292731,16120.990228417619,
52,step,sample-000052,52,4,False,2026-09-23T20:46:27.074453Z,2026-09-25T09:26:28.334937Z,0.0,2.394699422369608,66.26899620197125,2.2771031076813086,66.18767775534961,0.040175604895142304,0,[],1,5,0,-0.11759631468829923,-0.08131844662165122,-13076.113585435878,-9034.685115181648,15893.717400589163,
52,step,sample-000052,52,5,False,2026-09-23T20:46:27.075564Z,2026-09-25T08:07:52.519282Z,0.0,2.395409090492919,66.27116695358984,2.278054901903789,66.28695249521238,0.08981652647993199,24,"[""HIP_52727"",""HIP_54463"",""HIP_55425"",""HIP_59196"",""HIP_59747"",""HIP_60260"",""HIP_61359"",""HIP_61932"",""HIP_62434"",""HIP_65109"",""HIP_66657"",""HIP_68002"",""HIP_68702"",""HIP_68895"",""HIP_68933"",""HIP_71352"",""HIP_71860"",""HIP_73273"",""HIP_73334"",""HIP_74376"",""HIP_74395"",""HIP_75141"",""HIP_75264"",""HIP_76297""]",1,5,0,-0.11735418858912983,0.015785541622534538,-13049.190391600001,1753.812566429997,13166.519179861898,
52,summary,sample-000052,52,,,2026-09-23T20:46:27.076680Z,,,2.394376254500204,66.27031159003198,2.278260515814604,66.22081156485217,0.04947159974403133,14,"[""HIP_52727"",""HIP_54463"",""HIP_55425"",""HIP_59196"",""HIP_59747"",""HIP_60260"",""HIP_61084"",""HIP_61359"",""HIP_61932"",""HIP_62434"",""HIP_65109"",""HIP_66657"",""HIP_68002"",""HIP_68702"",""HIP_68895"",""HIP_68933"",""HIP_71352"",""HIP_71860"",""HIP_73273"",""HIP_73334"",""HIP_74376"",""HIP_74395"",""HIP_74785"",""HIP_75141"",""HIP_75264"",""HIP_76297"",""HIP_78401"",""HIP_78820"",""HIP_80763"",""HIP_81266"",""HIP_81377"",""HIP_84012""]",1,5,0,-0.11611573868559999,-0.049500025179810336,-12911.481045424041,-5499.576374748529,14033.947152581739,2718053.153576069
53,step,sample-000053,53,1,False,2026-09-23T20:47:43.272165Z,2026-09-25T09:30:40.772692Z,0.0,77.57190996357366,65.83506951021886,77.60762872692348,65.43793424470964,-0.23701591419117068,25,"[""HIP_100453"",""HIP_102488"",""HIP_104732"",""HIP_104887"",""HIP_105199"",""HIP_109492"",""HIP_111169"",""HIP_14328"",""HIP_14576"",""HIP_15863"",""HIP_17358"",""HIP_18532"",""HIP_23416"",""HIP_24608"",""HIP_4427"",""HIP_6686"",""HIP_87833"",""HIP_8886"",""HIP_91262"",""HIP_92420"",""HIP_93194"",""HIP_97165"",""HIP_98110"",""HIP_99675""]",1,5,0,0.03571876334981994,-0.3971352655092346,3971.745270517581,-9490.289897918941,10287.848913923654,
53,step,sample-000053,53,2,False,2026-09-23T20:47:43.273357Z,2026-09-25T09:02:20.608726Z,0.0,77.57136146829066,65.83846766444543,77.58041313721259,66.21691201642379,0.44587472706359155,22,"[""HIP_100453"",""HIP_102098"",""HIP_102422"",""HIP_102488"",""HIP_104887"",""HIP_105199"",""HIP_106032"",""HIP_109492"",""HIP_110991"",""HIP_111169"",""HIP_14328"",""HIP_4427"",""HIP_6686"",""HIP_746"",""HIP_8886"",""HIP_91262"",""HIP_92420"",""HIP_93194"",""HIP_97165"",""HIP_98110"",""HIP_99675""]",1,5,0,0.009051668921927103,0.37844435197837356,1006.4996617845163,9053.592779788452,9109.351726406314,
53,step,sample-000053,53,3,False,2026-09-23T20:47:43.274424Z,2026-09-25T09:24:57.970046Z,0.0,77.57342358305337,65.82975377033671,77.63694785238503,66.10425622303791,0.37475307671957253,24,"[""HIP_100453"",""HIP_102422"",""HIP_102488"",""HIP_104732"",""HIP_104887"",""HIP_109492"",""HIP_14328"",""HIP_14576"",""HIP_15863"",""HIP_17358"",""HIP_18532"",""HIP_23416"",""HIP_4427"",""HIP_6686"",""HIP_746"",""HIP_87833"",""HIP_8886"",""HIP_91262"",""HIP_92420"",""HIP_93194"",""HIP_97165"",""HIP_98110"",""HIP_99675""]",1,5,0,0.06352426933166555,0.2745024527011992,7063.576468483743,6551.728358572021,9634.25664863084,
53,step,sample-000053,53,4,False,2026-09-23T20:47:43.275489Z,2026-09-25T09:53:20.131149Z,0.0,77.57317866644608,65.8279783415365,77.65861394555094,65.99122530454956,0.28425041866091405,27,"[""HIP_102098"",""HIP_102422"",""HIP_102488"",""HIP_104732"",""HIP_104887"",""HIP_106481"",""HIP_109492"",""HIP_110991"",""HIP_14328"",""HIP_14576"",""HIP_15863"",""HIP_17358"",""HIP_18532"",""HIP_23416"",""HIP_23767"",""HIP_24608"",""HIP_4427"",""HIP_6686"",""HIP_746"",""HIP_87833"",""HIP_8886"",""HIP_91262"",""HIP_93194"",""HIP_97165"",""HIP_98110"",""HIP_99675""]",1,5,0,0.08543527910485693,0.16324696301307995,9499.969592921969,3893.007048605511,10266.681003264684,
53,step,sample-000053,53,5,False,2026-09-23T20:47:43.276537Z,2026-09-25T09:45:54.477943Z,0.0,77.57128127805701,65.8287889724769,77.67450525107982,66.02888964561389,0.3044818626509811,20,"[""HIP_100453"",""HIP_102098"",""HIP_102488"",""HIP_104732"",""HIP_104887"",""HIP_14328"",""HIP_14576"",""HIP_15863"",""HIP_17358"",""HIP_18532"",""HIP_23416"",""HIP_23767"",""HIP_24608"",""HIP_6686"",""HIP_8886"",""HIP_93194"",""HIP_97165"",""HIP_98110"",""HIP_99675""]",1,5,0,0.10322397302280706,0.2001006731370012,11477.98210823094,4769.216276454035,12429.363849246878,
53,summary,sample-000053,53,,,2026-09-23T20:47:43.277858Z,,,77.57206768698653,65.83204724341005,77.63162178263038,65.95584348686697,0.23446976971140387,24,"[""HIP_100453"",""HIP_102098"",""HIP_102422"",""HIP_102488"",""HIP_104732"",""HIP_104887"",""HIP_105199"",""HIP_106032"",""HIP_106481"",""HIP_109492"",""HIP_110991"",""HIP_111169"",""HIP_14328"",""HIP_14576"",""HIP_15863"",""HIP_17358"",""HIP_18532"",""HIP_23416"",""HIP_23767"",""HIP_24608"",""HIP_4427"",""HIP_6686"",""HIP_746"",""HIP_87833"",""HIP_8886"",""HIP_91262"",""HIP_92420"",""HIP_93194"",""HIP_97165"",""HIP_98110"",""HIP_99675""]",1,5,0,0.05955409564384695,0.12379624345692264,6622.113296500596,2955.5093308509036,7251.71476737932,2666905.9566174145
54,step,sample-000054,54,1,False,2026-09-23T20:48:56.708240Z,2026-09-25T10:37:29.965126Z,0.0,52.77025094386731,4.835705286818012,52.80400233775295,4.7584031636699,0.018567493672665667,32,"[""HIP_105199"",""HIP_106032"",""HIP_11767"",""HIP_23416"",""HIP_23453"",""HIP_23767"",""HIP_24608"",""HIP_2599"",""HIP_27673"",""HIP_28360"",""HIP_28380"",""HIP_29655"",""HIP_30343"",""HIP_31681"",""HIP_32246"",""HIP_33018"",""HIP_35350"",""HIP_35550"",""HIP_36188"",""HIP_36850"",""HIP_37279"",""HIP_4427"",""HIP_6686"",""HIP_67927"",""HIP_69673"",""HIP_71053"",""HIP_71075"",""HIP_72105"",""HIP_73555"",""HIP_74666"",""HIP_81833""]",1,3,2,0.033751393885637526,-0.07730212314811524,3752.983767265073,-5198.432710012534,6411.59748824595,
54,step,sample-000054,54,2,True,2026-09-23T20:48:56.709654Z,2026-09-25T09:56:07.093302Z,0.0,52.76981738917678,4.834294044164636,52.757880176484925,4.72352579508572,-0.003596048952121569,29,"[""HIP_17358"",""HIP_18532"",""HIP_23015"",""HIP_23416"",""HIP_23453"",""HIP_23767"",""HIP_24608"",""HIP_25428"",""HIP_26451"",""HIP_28358"",""HIP_28360"",""HIP_28380"",""HIP_29655"",""HIP_30343"",""HIP_31681"",""HIP_32246"",""HIP_32362"",""HIP_35550"",""HIP_36188"",""HIP_37279"",""HIP_37740"",""HIP_37826"",""HIP_67927"",""HIP_69673"",""HIP_71075"",""HIP_72105"",""HIP_74666"",""HIP_75695""]",1,3,2,-0.011937212691854882,-0.11076824907891591,-1327.3574896112991,-7452.955774429329,7570.23219395469,
54,step,sample-000054,54,3,True,2026-09-23T20:48:56.710982Z,2026-09-25T10:20:01.472800Z,0.0,52.767812311020464,4.835245300879109,52.70732515960815,4.603049253828038,-0.07032430676824186,20,"[""HIP_17358"",""HIP_23015"",""HIP_23416"",""HIP_23453"",""HIP_23767"",""HIP_24608"",""HIP_25428"",""HIP_27673"",""HIP_28360"",""HIP_28380"",""HIP_29655"",""HIP_30343"",""HIP_31681"",""HIP_32246"",""HIP_32362"",""HIP_35350"",""HIP_35550"",""HIP_36188"",""HIP_37279""]",1,3,2,-0.060487151412310425,-0.232196047051076,-6725.864364230175,-15632.557773575612,17018.04224332211,
54,step,sample-000054,54,4,False,2026-09-23T20:48:56.712293Z,2026-09-25T10:49:34.268597Z,0.0,52.77105309657154,4.834275574607403,52.814264129003305,4.752470773737334,0.0432380825161514,27,"[""HIP_102422"",""HIP_105199"",""HIP_106032"",""HIP_11767"",""HIP_28380"",""HIP_29655"",""HIP_30343"",""HIP_32246"",""HIP_35350"",""HIP_35550"",""HIP_36850"",""HIP_37740"",""HIP_37826"",""HIP_4427"",""HIP_6686"",""HIP_67927"",""HIP_69673"",""HIP_71053"",""HIP_71075"",""HIP_72105"",""HIP_73555"",""HIP_80331"",""HIP_83895"",""HIP_8886"",""HIP_89937"",""HIP_94376""]",1,3,2,0.043211032431763385,-0.08180480087006003,4804.847581485578,-5500.530455723148,7303.587024055138,
54,step,sample-000054,54,5,False,2026-09-23T20:48:56.714065Z,2026-09-25T09:04:07.963943Z,0.0,52.76999881351376,4.834704432206166,52.80223189099282,4.6852832250417356,-0.058433962822490186,28,"[""HIP_102422"",""HIP_105199"",""HIP_106032"",""HIP_14576"",""HIP_15863"",""HIP_17358"",""HIP_18246"",""HIP_18532"",""HIP_23015"",""HIP_23416"",""HIP_23453"",""HIP_23767"",""HIP_24608"",""HIP_25428"",""HIP_26451"",""HIP_27989"",""HIP_28380"",""HIP_29655"",""HIP_30343"",""HIP_32246"",""HIP_32362"",""HIP_33018"",""HIP_35550"",""HIP_36046"",""HIP_37740"",""HIP_4427"",""HIP_746""]",1,3,2,0.0322330774790629,-0.14942120716443696,3584.154685812777,-10048.548642108186,10668.61948958732,
54,summary,sample-000054,54,,,2026-09-23T20:48:56.715264Z,,,52.76949668084571,4.834775494402379,52.806832785916356,4.73205238748298,0.001123873343412077,29,"[""HIP_102422"",""HIP_105199"",""HIP_106032"",""HIP_11767"",""HIP_14576"",""HIP_15863"",""HIP_17358"",""HIP_18246"",""HIP_18532"",""HIP_23015"",""HIP_23416"",""HIP_23453"",""HIP_23767"",""HIP_24608"",""HIP_25428"",""HIP_2599"",""HIP_26451"",""HIP_27673"",""HIP_27989"",""HIP_28360"",""HIP_28380"",""HIP_29655"",""HIP_30343"",""HIP_31681"",""HIP_32246"",""HIP_32362"",""HIP_33018"",""HIP_35350"",""HIP_35550"",""HIP_36046"",""HIP_36188"",""HIP_36850"",""HIP_37279"",""HIP_37740"",""HIP_37826"",""HIP_4427"",""HIP_6686"",""HIP_67927"",""HIP_69673"",""HIP_71053"",""HIP_71075"",""HIP_72105"",""HIP_73555"",""HIP_746"",""HIP_74666"",""HIP_80331"",""HIP_81833"",""HIP_83895"",""HIP_8886"",""HIP_89937"",""HIP_94376""]",1,3,2,0.037336105070643555,-0.10272310691939879,4151.585464523748,-6907.784634672122,8059.3505847625365,2617668.0565056987
55,step,sample-000055,55,1,False,2026-09-23T20:49:59.532443Z,2026-09-25T11:17:22.344089Z,0.0,-46.454933471871044,126.06624968308341,-46.99886702495391,127.58518733485009,-0.021726147898264308,35,"[""HIP_45238"",""HIP_50099"",""HIP_52419"",""HIP_56561"",""HIP_57363"",""HIP_59747"",""HIP_60260"",""HIP_60718"",""HIP_61084"",""HIP_61585"",""HIP_62322"",""HIP_62434"",""HIP_66657"",""HIP_68702"",""HIP_68933"",""HIP_71352"",""HIP_71683"",""HIP_71860"",""HIP_71908"",""HIP_73273"",""HIP_74395"",""HIP_74946"",""HIP_77952"",""HIP_78401"",""HIP_78820"",""HIP_79664"",""HIP_80112"",""HIP_81266"",""HIP_81377"",""HIP_82396"",""HIP_82514"",""HIP_84012"",""HIP_84970"",""HIP_85258""]",2,4,1,-0.5439335530828657,1.5189376517666915,-60482.65153456345,115775.73522616226,130618.96658334287,
55,step,sample-000055,55,2,False,2026-09-23T20:49:59.533644Z,2026-09-25T10:39:11.300717Z,0.0,-46.45415482188391,126.06823578982505,-48.26514845736147,130.0565019530252,-0.14677954733044912,33,"[""HIP_45238"",""HIP_48002"",""HIP_50099"",""HIP_52419"",""HIP_54463"",""HIP_56561"",""HIP_57363"",""HIP_59196"",""HIP_59747"",""HIP_60009"",""HIP_60260"",""HIP_60718"",""HIP_61084"",""HIP_61585"",""HIP_61932"",""HIP_62322"",""HIP_62434"",""HIP_66657"",""HIP_68933"",""HIP_71352"",""HIP_71683"",""HIP_71860"",""HIP_71908"",""HIP_73273"",""HIP_74395"",""HIP_74946"",""HIP_75264"",""HIP_76297"",""HIP_77952"",""HIP_79664"",""HIP_80000""]",2,4,1,-1.8109936354775584,3.9882661632001373,-201373.30445068984,300407.354791161,361582.5922819231,
55,step,sample-000055,55,3,True,2026-09-23T20:49:59.534753Z,2026-09-25T10:59:38.570679Z,0.0,-46.45371593437935,126.07010636380653,-49.270438302470666,132.73948469582126,-0.6607684959704689,28,"[""HIP_45238"",""HIP_50099"",""HIP_52419"",""HIP_56561"",""HIP_57363"",""HIP_59747"",""HIP_60009"",""HIP_60260"",""HIP_60718"",""HIP_61084"",""HIP_61585"",""HIP_61932"",""HIP_62322"",""HIP_62434"",""HIP_66657"",""HIP_68702"",""HIP_68933"",""HIP_71352"",""HIP_71683"",""HIP_71860"",""HIP_71908"",""HIP_73273"",""HIP_74395"",""HIP_74946"",""HIP_76440"",""HIP_77952"",""HIP_79664""]",2,4,1,-2.8167223680913125,6.66937833201473,-313205.2370980013,497553.16420627484,587597.0927459105,
55,step,sample-000055,55,4,False,2026-09-23T20:49:59.535835Z,2026-09-25T11:20:07.498507Z,0.0,-46.45333822082309,126.06957166433517,-47.147252230875964,127.99113174236446,-0.038425891797571575,33,"[""HIP_45238"",""HIP_50099"",""HIP_52419"",""HIP_56561"",""HIP_57363"",""HIP_59747"",""HIP_60009"",""HIP_60260"",""HIP_60718"",""HIP_61084"",""HIP_61585"",""HIP_62322"",""HIP_62434"",""HIP_68702"",""HIP_71352"",""HIP_71683"",""HIP_71860"",""HIP_71908"",""HIP_73273"",""HIP_74395"",""HIP_74946"",""HIP_77952"",""HIP_78401"",""HIP_78820"",""HIP_79664"",""HIP_81266"",""HIP_82363"",""HIP_82396"",""HIP_82514"",""HIP_84012"",""HIP_84143"",""HIP_84970""]",2,4,1,-0.6939140100528718,1.9215600780293016,-77159.71744546067,146264.82495022853,165362.64479152331,
55,step,sample-000055,55,5,False,2026-09-23T20:49:59.536886Z,2026-09-25T10:10:31.926992Z,0.0,-46.45399105718316,126.06795136654279,-46.97749712075022,127.23293397087335,0.08595894405297758,38,"[""HIP_45238"",""HIP_48002"",""HIP_50371"",""HIP_51576"",""HIP_52419"",""HIP_56561"",""HIP_57363"",""HIP_59747"",""HIP_60260"",""HIP_60718"",""HIP_61084"",""HIP_61585"",""HIP_61932"",""HIP_62322"",""HIP_62434"",""HIP_66657"",""HIP_68002"",""HIP_68702"",""HIP_68933"",""HIP_71352"",""HIP_71683"",""HIP_71860"",""HIP_71908"",""HIP_72622"",""HIP_73273"",""HIP_73334"",""HIP_74395"",""HIP_74946"",""HIP_75264"",""HIP_76297"",""HIP_78384"",""HIP_78401"",""HIP_78820"",""HIP_80763"",""HIP_81266"",""HIP_81377"",""HIP_84012""]",2,4,1,-0.5235060635670621,1.164982604330561,-58211.218336321166,88815.10685772792,106189.85196500995,
55,summary,sample-000055,55,,,2026-09-23T20:49:59.537986Z,,,-46.45378326175644,126.06800450865313,-47.34719120848539,128.21643875027826,-0.03024316057184726,35,"[""HIP_45238"",""HIP_48002"",""HIP_50099"",""HIP_50371"",""HIP_51576"",""HIP_52419"",""HIP_54463"",""HIP_56561"",""HIP_57363"",""HIP_59196"",""HIP_59747"",""HIP_60009"",""HIP_60260"",""HIP_60718"",""HIP_61084"",""HIP_61585"",""HIP_61932"",""HIP_62322"",""HIP_62434"",""HIP_66657"",""HIP_68002"",""HIP_68702"",""HIP_68933"",""HIP_71352"",""HIP_71683"",""HIP_71860"",""HIP_71908"",""HIP_72622"",""HIP_73273"",""HIP_73334"",""HIP_74395"",""HIP_74946"",""HIP_75264"",""HIP_76297"",""HIP_77952"",""HIP_78384"",""HIP_78401"",""HIP_78820"",""HIP_79664"",""HIP_80000"",""HIP_80112"",""HIP_80763"",""HIP_81266"",""HIP_81377"",""HIP_82363"",""HIP_82396"",""HIP_82514"",""HIP_84012"",""HIP_84143"",""HIP_84970"",""HIP_85258""]",2,4,1,-0.8934079467289493,2.148434241625125,-99342.43110019136,163229.1965429847,191072.33030211585,2573548.1342110885
56,step,sample-000056,56,1,False,2026-09-23T20:50:59.546955Z,2026-09-25T11:25:08.878304Z,0.0,22.221554855583715,-112.15405798875337,40.50491673864661,179.9999959191152,-23.4243286560994,20,"[""HIP_13531"",""HIP_14328"",""HIP_24305"",""HIP_30122"",""HIP_31681"",""HIP_32362"",""HIP_33579"",""HIP_33856"",""HIP_33977"",""HIP_34444"",""HIP_34769"",""HIP_35350"",""HIP_35550"",""HIP_36188"",""HIP_37279"",""HIP_40526"",""HIP_4427"",""HIP_6686"",""HIP_746"",""HIP_8886""]",3,5,0,18.28336188306289,-67.84594609213144,2033017.0834030993,-6441814.651810355,6589953.964659871,
56,step,sample-000056,56,2,False,2026-09-23T20:50:59.548214Z,2026-09-25T11:41:48.632388Z,0.0,22.222492136351164,-112.15494768577133,-14.45861719420841,179.99999994573594,-7.573365918862913,11,"[""HIP_24305"",""HIP_27628"",""HIP_30122"",""HIP_33579"",""HIP_33856"",""HIP_33977"",""HIP_34444"",""HIP_4427"",""HIP_6686"",""HIP_746"",""HIP_8886""]",3,5,0,-36.68110933055957,-67.8450523684927,-4078753.261252611,-7526717.145457216,8439697.676122896,
56,step,sample-000056,56,3,False,2026-09-23T20:50:59.549358Z,2026-09-25T11:25:12.789453Z,0.0,22.220594271112674,-112.15393263875642,59.22308200015282,179.9999999999998,-32.073745581345136,22,"[""HIP_14328"",""HIP_24305"",""HIP_27989"",""HIP_29655"",""HIP_30122"",""HIP_30343"",""HIP_31681"",""HIP_32362"",""HIP_33579"",""HIP_33856"",""HIP_33977"",""HIP_34444"",""HIP_34769"",""HIP_35350"",""HIP_35550"",""HIP_36188"",""HIP_37279"",""HIP_40526"",""HIP_4427"",""HIP_6686"",""HIP_746"",""HIP_8886""]",3,5,0,37.00248772904015,-67.8460673612438,4114488.9086968037,-5717594.943504947,6645602.571444145,
56,step,sample-000056,56,4,False,2026-09-23T20:50:59.550494Z,2026-09-25T11:50:58.027854Z,0.0,22.221348162367274,-112.15416888476818,16.124240257513065,179.99999999999793,-19.66634896724366,22,"[""HIP_14328"",""HIP_24305"",""HIP_24674"",""HIP_27288"",""HIP_27628"",""HIP_28103"",""HIP_30122"",""HIP_33579"",""HIP_33856"",""HIP_33977"",""HIP_34444"",""HIP_35350"",""HIP_35550"",""HIP_36188"",""HIP_36850"",""HIP_37740"",""HIP_40526"",""HIP_43109"",""HIP_4427"",""HIP_6686"",""HIP_746"",""HIP_8886""]",3,5,0,-6.097107904854209,-67.84583111523386,-677967.4662242229,-7125658.564136217,7102155.609460386,
56,step,sample-000056,56,5,False,2026-09-23T20:50:59.551590Z,2026-09-25T11:46:08.480903Z,0.0,22.220882737119542,-112.15492706020282,-20.923669854021053,179.9999999999917,-26.34533902664653,16,"[""HIP_24305"",""HIP_27288"",""HIP_27628"",""HIP_27989"",""HIP_30122"",""HIP_30343"",""HIP_30867"",""HIP_32246"",""HIP_32362"",""HIP_33579"",""HIP_33856"",""HIP_33977"",""HIP_34444"",""HIP_35350"",""HIP_35550"",""HIP_36188""]",3,5,0,-43.144552591140595,-67.8450729398055,-4797455.360484185,-7543544.531824344,8782979.588185657,
56,summary,sample-000056,56,,,2026-09-23T20:50:59.552819Z,,,22.2214679726394,-112.15548736491169,16.093990389616607,179.9999991729681,-21.834230609146633,18,"[""HIP_13531"",""HIP_14328"",""HIP_24305"",""HIP_24674"",""HIP_27288"",""HIP_27628"",""HIP_27989"",""HIP_28103"",""HIP_29655"",""HIP_30122"",""HIP_30343"",""HIP_30867"",""HIP_31681"",""HIP_32246"",""HIP_32362"",""HIP_33579"",""HIP_33856"",""HIP_33977"",""HIP_34444"",""HIP_34769"",""HIP_35350"",""HIP_35550"",""HIP_36188"",""HIP_36850"",""HIP_37279"",""HIP_37740"",""HIP_40526"",""HIP_43109"",""HIP_4427"",""HIP_6686"",""HIP_746"",""HIP_8886""]",3,5,0,-6.127477583022792,-67.84451346212018,-681344.4203603973,-7126171.368117497,7103017.716965062,2654431.519617409
57,step,sample-000057,57,1,False,2026-09-23T20:52:05.366999Z,2026-09-25T12:16:53.479279Z,0.0,-14.81671128810979,-29.57327075783425,-71.31784272084614,179.98949717716252,-20.215005830743532,23,"[""HIP_30438"",""HIP_39953"",""HIP_41037"",""HIP_42913"",""HIP_44816"",""HIP_45238"",""HIP_45556"",""HIP_45941"",""HIP_48774"",""HIP_50371"",""HIP_51232"",""HIP_51576"",""HIP_52419"",""HIP_52727"",""HIP_53253"",""HIP_56561"",""HIP_59196"",""HIP_59747"",""HIP_60718"",""HIP_61585"",""HIP_61932"",""HIP_62322"",""HIP_62434""]",3,5,0,-56.50113143273636,-150.43723206500323,-6282639.164997691,-12220575.92565979,10180217.433788752,
57,step,sample-000057,57,2,False,2026-09-23T20:52:05.368925Z,2026-09-25T12:11:48.694055Z,0.0,-14.815616403744125,-29.57286290187986,-70.27597457656975,179.99999749473292,-9.296041549374234,27,"[""HIP_39429"",""HIP_39953"",""HIP_41037"",""HIP_42913"",""HIP_45238"",""HIP_45556"",""HIP_45941"",""HIP_46701"",""HIP_48774"",""HIP_50371"",""HIP_51232"",""HIP_51576"",""HIP_52419"",""HIP_52727"",""HIP_53253"",""HIP_54463"",""HIP_56561"",""HIP_59196"",""HIP_59747"",""HIP_60260"",""HIP_60718"",""HIP_61084"",""HIP_61585"",""HIP_62322"",""HIP_66657"",""HIP_68702"",""HIP_71683""]",3,5,0,-55.46035817282563,-150.42713960338722,-6166910.458708299,-12323206.292516977,10281960.970488418,
57,step,sample-000057,57,3,False,2026-09-23T20:52:05.370275Z,2026-09-25T12:33:35.378397Z,0.0,-14.815470356669055,-29.574356795503462,-69.3067287904484,179.9999996393457,-14.599605993916711,28,"[""HIP_30438"",""HIP_39953"",""HIP_41037"",""HIP_42913"",""HIP_44816"",""HIP_45238"",""HIP_45556"",""HIP_45941"",""HIP_48774"",""HIP_50371"",""HIP_51232"",""HIP_51576"",""HIP_52419"",""HIP_52727"",""HIP_53253"",""HIP_54463"",""HIP_56561"",""HIP_59196"",""HIP_59747"",""HIP_60718"",""HIP_61084"",""HIP_61585"",""HIP_61932"",""HIP_62322"",""HIP_62434"",""HIP_68702"",""HIP_71683"",""HIP_71908""]",3,5,0,-54.49125843377935,-150.42564356515084,-6059151.484313788,-12418320.391506713,10376629.793806994,
57,step,sample-000057,57,4,False,2026-09-23T20:52:05.372121Z,2026-09-25T11:00:32.555080Z,0.0,-14.817262472558157,-29.57373364286252,-69.27128911096958,179.9999997921603,4.117110385711116,26,"[""HIP_25336"",""HIP_26311"",""HIP_27989"",""HIP_30438"",""HIP_35264"",""HIP_39953"",""HIP_41037"",""HIP_42913"",""HIP_45238"",""HIP_45556"",""HIP_45941"",""HIP_48002"",""HIP_48774"",""HIP_50371"",""HIP_51232"",""HIP_51576"",""HIP_52419"",""HIP_52727"",""HIP_53253"",""HIP_56561"",""HIP_59747"",""HIP_60718"",""HIP_61084"",""HIP_61585"",""HIP_62322"",""HIP_62434""]",3,5,0,-54.45402663841142,-150.42626656497714,-6055011.497559005,-12421661.578826904,10379906.776565002,
57,step,sample-000057,57,5,False,2026-09-23T20:52:05.373361Z,2026-09-25T12:10:02.518221Z,0.0,-14.815463044476898,-29.572566963997815,-70.29265618262528,179.99997672821917,-5.662911104259158,25,"[""HIP_41037"",""HIP_42913"",""HIP_45238"",""HIP_45556"",""HIP_45941"",""HIP_46701"",""HIP_48002"",""HIP_48774"",""HIP_50371"",""HIP_51232"",""HIP_51576"",""HIP_52419"",""HIP_52727"",""HIP_53253"",""HIP_54463"",""HIP_56561"",""HIP_59196"",""HIP_59747"",""HIP_60718"",""HIP_61585"",""HIP_61932"",""HIP_62434"",""HIP_66657"",""HIP_68702"",""HIP_71683""]",3,5,0,-55.47719313814838,-150.42745630778302,-6168782.421442427,-12321600.755609274,10280353.736133717,
57,summary,sample-000057,57,,,2026-09-23T20:52:05.374765Z,,,-14.815502546555413,-29.573532583566788,-70.09289827629183,179.99789416632416,-9.139892183306738,26,"[""HIP_25336"",""HIP_26311"",""HIP_27989"",""HIP_30438"",""HIP_35264"",""HIP_39429"",""HIP_39953"",""HIP_41037"",""HIP_42913"",""HIP_44816"",""HIP_45238"",""HIP_45556"",""HIP_45941"",""HIP_46701"",""HIP_48002"",""HIP_48774"",""HIP_50371"",""HIP_51232"",""HIP_51576"",""HIP_52419"",""HIP_52727"",""HIP_53253"",""HIP_54463"",""HIP_56561"",""HIP_59196"",""HIP_59747"",""HIP_60260"",""HIP_60718"",""HIP_61084"",""HIP_61585"",""HIP_61932"",""HIP_62322"",""HIP_62434"",""HIP_66657"",""HIP_68702"",""HIP_71683"",""HIP_71908""]",3,5,0,-55.27739572973642,-150.42857325010903,-6146565.963270286,-12341389.160443554,10299884.774348821,2788562.2784723463
58,step,sample-000058,58,1,False,2026-09-23T20:53:04.997643Z,2026-09-25T13:33:19.049908Z,0.0,-45.10895774390085,-26.275696536775655,-89.99999999999999,175.6344054189731,139.49096364520048,33,"[""HIP_33579"",""HIP_33856"",""HIP_33977"",""HIP_34444"",""HIP_35264"",""HIP_35904"",""HIP_38170"",""HIP_39429"",""HIP_39757"",""HIP_73334"",""HIP_74946"",""HIP_75141"",""HIP_75264"",""HIP_76297"",""HIP_78401"",""HIP_78820"",""HIP_80112"",""HIP_80763"",""HIP_81266"",""HIP_82273"",""HIP_82396"",""HIP_82514"",""HIP_82729"",""HIP_83081"",""HIP_84143"",""HIP_85258"",""HIP_85792"",""HIP_85927"",""HIP_86228"",""HIP_86670"",""HIP_87073"",""HIP_87261""]",3,5,0,-44.891042256099134,-158.08989804425124,-4991656.150664729,-6711668.1956935655,4991656.150664732,
58,step,sample-000058,58,2,False,2026-09-23T20:53:05.000437Z,2026-09-25T13:27:35.574047Z,0.0,-45.109319283681465,-26.278096795066745,-89.99999999999999,173.59273284375234,138.30462892596933,37,"[""HIP_33579"",""HIP_33856"",""HIP_33977"",""HIP_34444"",""HIP_35264"",""HIP_35904"",""HIP_38170"",""HIP_39429"",""HIP_39757"",""HIP_61585"",""HIP_68702"",""HIP_71683"",""HIP_74376"",""HIP_74395"",""HIP_74946"",""HIP_75141"",""HIP_76297"",""HIP_77952"",""HIP_78401"",""HIP_78820"",""HIP_79664"",""HIP_80112"",""HIP_80763"",""HIP_81266"",""HIP_82396"",""HIP_82514"",""HIP_82729"",""HIP_83081"",""HIP_84143"",""HIP_85258"",""HIP_85792"",""HIP_85927"",""HIP_86228"",""HIP_86670"",""HIP_87073"",""HIP_87261""]",3,5,0,-44.89068071631852,-160.1291703611809,-4991615.949275345,-6798193.084964329,4991615.949275349,
58,step,sample-000058,58,3,False,2026-09-23T20:53:05.002026Z,2026-09-25T12:51:16.310502Z,0.0,-45.10915716825595,-26.275648490007598,-89.99999999999999,168.3799663327994,137.86089386950266,36,"[""HIP_33579"",""HIP_33856"",""HIP_33977"",""HIP_34444"",""HIP_35904"",""HIP_38170"",""HIP_39757"",""HIP_62322"",""HIP_67464"",""HIP_68702"",""HIP_71352"",""HIP_71683"",""HIP_71860"",""HIP_71908"",""HIP_73273"",""HIP_73334"",""HIP_74395"",""HIP_74946"",""HIP_75264"",""HIP_77952"",""HIP_78265"",""HIP_78401"",""HIP_78820"",""HIP_79664"",""HIP_80112"",""HIP_80763"",""HIP_81266"",""HIP_82273"",""HIP_82396"",""HIP_82514"",""HIP_82729"",""HIP_83081"",""HIP_84143"",""HIP_85792"",""HIP_86228""]",3,5,0,-44.89084283174404,-165.34438517719298,-4991633.975688194,-7019626.111244328,4991633.975688198,
58,step,sample-000058,58,4,False,2026-09-23T20:53:05.003889Z,2026-09-25T13:23:43.633669Z,0.0,-45.10927699351188,-26.2743001535043,-89.99999999999999,167.0297505736564,143.1755718694188,39,"[""HIP_33579"",""HIP_33856"",""HIP_33977"",""HIP_34444"",""HIP_35264"",""HIP_35904"",""HIP_38170"",""HIP_39429"",""HIP_39757"",""HIP_63613"",""HIP_69996"",""HIP_71683"",""HIP_71908"",""HIP_74395"",""HIP_74946"",""HIP_75141"",""HIP_75264"",""HIP_76297"",""HIP_77952"",""HIP_78265"",""HIP_78401"",""HIP_78820"",""HIP_79664"",""HIP_80112"",""HIP_80763"",""HIP_81266"",""HIP_82273"",""HIP_82396"",""HIP_82514"",""HIP_82729"",""HIP_83081"",""HIP_84143"",""HIP_85258"",""HIP_85792"",""HIP_85927"",""HIP_86228"",""HIP_86670"",""HIP_87073"",""HIP_87261""]",3,5,0,-44.89072300648811,-166.6959492728393,-4991620.65172765,-7076988.280688489,4991620.651727653,
58,step,sample-000058,58,5,False,2026-09-23T20:53:05.005137Z,2026-09-25T13:16:33.157195Z,0.0,-45.10743891942541,-26.275597990051835,-89.99999999999999,166.99969124706243,143.24646221499836,38,"[""HIP_33579"",""HIP_33856"",""HIP_33977"",""HIP_34444"",""HIP_35264"",""HIP_35904"",""HIP_38170"",""HIP_39429"",""HIP_39757"",""HIP_71352"",""HIP_71683"",""HIP_71860"",""HIP_73273"",""HIP_73334"",""HIP_74395"",""HIP_74946"",""HIP_76297"",""HIP_77952"",""HIP_78265"",""HIP_78401"",""HIP_78820"",""HIP_79664"",""HIP_80112"",""HIP_80763"",""HIP_81266"",""HIP_82273"",""HIP_82396"",""HIP_82514"",""HIP_82729"",""HIP_83081"",""HIP_84143"",""HIP_85258"",""HIP_85792"",""HIP_85927"",""HIP_86228"",""HIP_86670"",""HIP_87073""]",3,5,0,-44.89256108057457,-166.7247107628857,-4991825.036240863,-7078484.174910624,4991825.0362408655,
58,summary,sample-000058,58,,,2026-09-23T20:53:05.006289Z,,,-45.109022694306205,-26.2760988689638,-90.0,170.32730928324872,140.41553309607968,37,"[""HIP_33579"",""HIP_33856"",""HIP_33977"",""HIP_34444"",""HIP_35264"",""HIP_35904"",""HIP_38170"",""HIP_39429"",""HIP_39757"",""HIP_61585"",""HIP_62322"",""HIP_63613"",""HIP_67464"",""HIP_68702"",""HIP_69996"",""HIP_71352"",""HIP_71683"",""HIP_71860"",""HIP_71908"",""HIP_73273"",""HIP_73334"",""HIP_74376"",""HIP_74395"",""HIP_74946"",""HIP_75141"",""HIP_75264"",""HIP_76297"",""HIP_77952"",""HIP_78265"",""HIP_78401"",""HIP_78820"",""HIP_79664"",""HIP_80112"",""HIP_80763"",""HIP_81266"",""HIP_82273"",""HIP_82396"",""HIP_82514"",""HIP_82729"",""HIP_83081"",""HIP_84143"",""HIP_85258"",""HIP_85792"",""HIP_85927"",""HIP_86228"",""HIP_86670"",""HIP_87073"",""HIP_87261""]",3,5,0,-44.890977305693795,-163.39659184778748,-4991648.928509172,-6936953.073312813,4991648.928509174,2826546.531059188
59,step,sample-000059,59,1,False,2026-09-23T20:54:01.114361Z,2026-09-25T13:53:40.346417Z,0.0,-31.23932664442491,70.81725582408245,-31.653606216585818,71.7887761701956,0.19506076966126906,32,"[""HIP_61585"",""HIP_62322"",""HIP_62434"",""HIP_63613"",""HIP_66657"",""HIP_68002"",""HIP_68702"",""HIP_68933"",""HIP_71352"",""HIP_71683"",""HIP_71860"",""HIP_71908"",""HIP_73273"",""HIP_74395"",""HIP_74785"",""HIP_74946"",""HIP_75141"",""HIP_75264"",""HIP_76297"",""HIP_77952"",""HIP_78265"",""HIP_78384"",""HIP_78401"",""HIP_78820"",""HIP_80112"",""HIP_81266"",""HIP_81377"",""HIP_82363"",""HIP_82514"",""HIP_84012"",""HIP_93194""]",2,4,1,-0.4142795721609076,0.9715203461131523,-46065.7866367713,92161.82362109519,103032.63813620718,
59,step,sample-000059,59,2,False,2026-09-23T20:54:01.115822Z,2026-09-25T13:54:11.596718Z,0.0,-31.239059352773715,70.81756357225808,-32.07765846631991,72.30649207214489,0.5525022477673813,32,"[""HIP_61585"",""HIP_62322"",""HIP_62434"",""HIP_63613"",""HIP_66657"",""HIP_68002"",""HIP_68702"",""HIP_68895"",""HIP_68933"",""HIP_71352"",""HIP_71683"",""HIP_71860"",""HIP_71908"",""HIP_73273"",""HIP_73334"",""HIP_73714"",""HIP_74395"",""HIP_74946"",""HIP_75264"",""HIP_76297"",""HIP_77952"",""HIP_78265"",""HIP_78384"",""HIP_79664"",""HIP_80112"",""HIP_80763"",""HIP_81266"",""HIP_82363"",""HIP_85258"",""HIP_85727"",""HIP_86929""]",2,4,1,-0.838599113546195,1.4889284998868106,-93247.96691496114,140924.5798719078,168978.85585354798,
59,step,sample-000059,59,3,True,2026-09-23T20:54:01.117625Z,2026-09-25T12:58:24.981647Z,0.0,-31.23935623866799,70.81929025175342,-31.285020193318772,70.75385669854477,0.092962520161884,31,"[""HIP_56561"",""HIP_57363"",""HIP_59196"",""HIP_59747"",""HIP_60260"",""HIP_60718"",""HIP_61084"",""HIP_61585"",""HIP_61932"",""HIP_62322"",""HIP_62434"",""HIP_63613"",""HIP_65109"",""HIP_66657"",""HIP_68002"",""HIP_68702"",""HIP_71352"",""HIP_71683"",""HIP_71860"",""HIP_71908"",""HIP_73273"",""HIP_73334"",""HIP_74395"",""HIP_74946"",""HIP_75141"",""HIP_75264"",""HIP_77952"",""HIP_79593"",""HIP_79882"",""HIP_83000""]",1,4,1,-0.04566395465078088,-0.0654335532086634,-5077.600087694036,-6219.432378111802,8028.9075416743,
59,step,sample-000059,59,4,False,2026-09-23T20:54:01.118885Z,2026-09-25T13:36:16.474358Z,0.0,-31.2400550170537,70.81827143971725,-32.190385153200566,72.52190270902275,0.6178123944362002,32,"[""HIP_60260"",""HIP_60718"",""HIP_61084"",""HIP_61585"",""HIP_62322"",""HIP_62434"",""HIP_63613"",""HIP_65109"",""HIP_66657"",""HIP_68002"",""HIP_68702"",""HIP_68933"",""HIP_71352"",""HIP_71683"",""HIP_71860"",""HIP_73273"",""HIP_73334"",""HIP_74395"",""HIP_74946"",""HIP_75141"",""HIP_75264"",""HIP_76297"",""HIP_77952"",""HIP_78265"",""HIP_78384"",""HIP_80763"",""HIP_82273"",""HIP_82363"",""HIP_83081"",""HIP_85258"",""HIP_86929""]",2,4,1,-0.9503301361468672,1.7036312693055038,-105671.88977696441,161147.08525946876,192699.5722540552,
59,step,sample-000059,59,5,False,2026-09-23T20:54:01.120260Z,2026-09-25T13:24:27.122178Z,0.0,-31.241190844971296,70.81754593673702,-31.98170064065579,72.15605124705044,0.46421668732709614,34,"[""HIP_59747"",""HIP_60260"",""HIP_60718"",""HIP_61084"",""HIP_61585"",""HIP_61932"",""HIP_62322"",""HIP_62434"",""HIP_63613"",""HIP_65109"",""HIP_66657"",""HIP_68002"",""HIP_68702"",""HIP_68933"",""HIP_71352"",""HIP_71683"",""HIP_71860"",""HIP_71908"",""HIP_73273"",""HIP_73334"",""HIP_74395"",""HIP_74946"",""HIP_75141"",""HIP_75264"",""HIP_76297"",""HIP_77952"",""HIP_78265"",""HIP_80112"",""HIP_80763"",""HIP_81266"",""HIP_82273"",""HIP_85258"",""HIP_86929""]",2,4,1,-0.7405097956844955,1.3385053103134226,-82340.93241071465,126751.1963067484,151146.34092430017,
59,summary,sample-000059,59,,,2026-09-23T20:54:01.121399Z,,,-31.2395594703917,70.81798475583807,-31.97583761919052,72.19330554960342,0.457398190635269,32,"[""HIP_59747"",""HIP_60260"",""HIP_60718"",""HIP_61084"",""HIP_61585"",""HIP_61932"",""HIP_62322"",""HIP_62434"",""HIP_63613"",""HIP_65109"",""HIP_66657"",""HIP_68002"",""HIP_68702"",""HIP_68895"",""HIP_68933"",""HIP_71352"",""HIP_71683"",""HIP_71860"",""HIP_71908"",""HIP_73273"",""HIP_73334"",""HIP_73714"",""HIP_74395"",""HIP_74785"",""HIP_74946"",""HIP_75141"",""HIP_75264"",""HIP_76297"",""HIP_77952"",""HIP_78265"",""HIP_78384"",""HIP_78401"",""HIP_78820"",""HIP_79664"",""HIP_80112"",""HIP_80763"",""HIP_81266"",""HIP_81377"",""HIP_82273"",""HIP_82363"",""HIP_82514"",""HIP_83081"",""HIP_84012"",""HIP_85258"",""HIP_85727"",""HIP_86929"",""HIP_93194""]",2,4,1,-0.7362781487988208,1.3753207937653542,-81870.39474567639,130242.72017075313,153834.99377181043,2781246.3355119447
60,step,sample-000060,60,1,True,2026-09-23T20:55:05.601342Z,2026-09-25T14:09:44.770198Z,0.0,-22.445679771971722,-166.84696562216237,-25.62908192113898,175.7995082888667,10.00772617797891,24,"[""HIP_14576"",""HIP_17702"",""HIP_18246"",""HIP_18532"",""HIP_20894"",""HIP_21421"",""HIP_23015"",""HIP_25336"",""HIP_25428"",""HIP_27628"",""HIP_33579"",""HIP_33856"",""HIP_33977"",""HIP_34444"",""HIP_35037"",""HIP_35264"",""HIP_35904"",""HIP_37229"",""HIP_37447"",""HIP_37677"",""HIP_38170"",""HIP_39429"",""HIP_39953""]",3,4,1,-3.1834021491672573,-17.353526088970966,-353978.16845678375,-1762286.8701250395,1796026.1065115547,
60,step,sample-000060,60,2,False,2026-09-23T20:55:05.602622Z,2026-09-25T14:10:17.405002Z,0.0,-22.443168256255895,-166.8459837268268,-31.3039655394127,179.28112045594915,-0.6118812230216704,18,"[""HIP_25336"",""HIP_27628"",""HIP_27989"",""HIP_30343"",""HIP_31681"",""HIP_33579"",""HIP_33856"",""HIP_33977"",""HIP_34444"",""HIP_35037"",""HIP_35264"",""HIP_35904"",""HIP_37229"",""HIP_37677"",""HIP_37819"",""HIP_38170"",""HIP_39429"",""HIP_39953""]",3,4,1,-8.860797283156806,-13.872895817224048,-985275.7039129264,-1376004.8114742066,1689841.3234929906,
60,step,sample-000060,60,3,False,2026-09-23T20:55:05.603746Z,2026-09-25T13:23:06.509543Z,0.0,-22.443483833868836,-166.84913332927542,-38.595869530056135,179.80215786049422,-1.9254485423801482,14,"[""HIP_24674"",""HIP_26311"",""HIP_30867"",""HIP_31592"",""HIP_33152"",""HIP_33160"",""HIP_33579"",""HIP_33856"",""HIP_33977"",""HIP_34045"",""HIP_34444"",""HIP_35037"",""HIP_35264"",""HIP_35904""]",3,4,1,-16.1523856961873,-13.348708810230391,-1796063.3426221665,-1278664.865543742,2199246.929099334,
60,step,sample-000060,60,4,False,2026-09-23T20:55:05.604881Z,2026-09-25T14:51:23.234511Z,0.0,-22.445423576746336,-166.8471974612078,-33.872912567513396,179.98949099967155,-4.198744792662382,19,"[""HIP_30438"",""HIP_31685"",""HIP_32768"",""HIP_33856"",""HIP_33977"",""HIP_35264"",""HIP_35904"",""HIP_36377"",""HIP_37229"",""HIP_37677"",""HIP_37819"",""HIP_38170"",""HIP_39429"",""HIP_39757"",""HIP_39953"",""HIP_41037"",""HIP_42536"",""HIP_42913""]",3,4,1,-11.42748899076706,-13.163311539120627,-1270678.800059846,-1290450.6916661214,1807748.7762726422,
60,step,sample-000060,60,5,False,2026-09-23T20:55:05.605997Z,2026-09-25T13:55:53.313719Z,0.0,-22.442957742996793,-166.84840367199197,-32.68699999271294,179.9969828691957,-1.1772742431606285,17,"[""HIP_24305"",""HIP_25336"",""HIP_26311"",""HIP_27628"",""HIP_27989"",""HIP_33579"",""HIP_33856"",""HIP_33977"",""HIP_34444"",""HIP_35264"",""HIP_35904"",""HIP_37229"",""HIP_37677"",""HIP_38170"",""HIP_39429"",""HIP_39953""]",3,4,1,-10.244042249716149,-13.154613458812264,-1139085.5265009475,-1296687.2395664614,1723126.581826483,
60,summary,sample-000060,60,,,2026-09-23T20:55:05.607119Z,,,-22.44403424706568,-166.84744282764692,-34.1149369074238,179.7674380463277,-1.9782371471435063,17,"[""HIP_24305"",""HIP_24674"",""HIP_25336"",""HIP_26311"",""HIP_27628"",""HIP_27989"",""HIP_30343"",""HIP_30438"",""HIP_30867"",""HIP_31592"",""HIP_31681"",""HIP_31685"",""HIP_32768"",""HIP_33152"",""HIP_33160"",""HIP_33579"",""HIP_33856"",""HIP_33977"",""HIP_34045"",""HIP_34444"",""HIP_35037"",""HIP_35264"",""HIP_35904"",""HIP_36377"",""HIP_37229"",""HIP_37677"",""HIP_37819"",""HIP_38170"",""HIP_39429"",""HIP_39757"",""HIP_39953"",""HIP_41037"",""HIP_42536"",""HIP_42913""]",3,4,1,-11.670902660358117,-13.385119126025415,-1297745.165194306,-1310717.4877581748,1840986.5268818787,2765575.3387014433
61,step,sample-000061,61,1,False,2026-09-23T20:55:47.272530Z,2026-09-25T15:17:09.281343Z,0.0,-47.11572157380346,-169.85012778526155,-52.78638875283773,179.9983261623025,0.46475242254832033,10,"[""HIP_42913"",""HIP_44816"",""HIP_45238"",""HIP_45556"",""HIP_45941"",""HIP_48774"",""HIP_50371"",""HIP_51576"",""HIP_52419"",""HIP_56561""]",3,5,0,-5.670667179034268,-10.151546052435947,-630549.4209984223,-726317.3364376464,960240.0669422272,
61,step,sample-000061,61,2,False,2026-09-23T20:55:47.273792Z,2026-09-25T15:06:02.509087Z,0.0,-47.11621217912139,-169.85049116958322,-52.35238976702512,179.99996523371007,1.4194190207279904,20,"[""HIP_25336"",""HIP_26311"",""HIP_27989"",""HIP_35264"",""HIP_39429"",""HIP_39953"",""HIP_41037"",""HIP_42913"",""HIP_44816"",""HIP_45238"",""HIP_45556"",""HIP_45941"",""HIP_50371"",""HIP_51232"",""HIP_51576"",""HIP_52419"",""HIP_53253"",""HIP_54463"",""HIP_56561""]",2,5,0,-5.2361775879037324,-10.149543596706735,-582236.3827848381,-729437.137840235,931852.0807419323,
61,step,sample-000061,61,3,False,2026-09-23T20:55:47.274988Z,2026-09-25T15:01:22.000707Z,0.0,-47.115506962878854,-169.8472785829134,-86.80875820326551,165.8913717582953,-22.11585226729134,1,[],4,5,0,-39.69325124038666,-24.261349658791346,-4413688.159958835,-1055731.6003316145,4446959.851798061,
61,step,sample-000061,61,4,False,2026-09-23T20:55:47.277385Z,2026-09-25T15:27:01.598351Z,0.0,-47.116253072375656,-169.84827154828739,-32.388021022309545,162.6406102631805,34.39552324091584,4,"[""HIP_21421"",""HIP_25336"",""HIP_26311"",""HIP_27989""]",3,5,0,14.728232050066111,-27.511118188532123,1637704.6824111403,-2351888.6028066254,2841734.08790573,
61,step,sample-000061,61,5,False,2026-09-23T20:55:47.279055Z,2026-09-25T15:13:20.936591Z,0.0,-47.11536145429743,-169.84760947392155,-32.388021022309545,162.6406102631805,34.39552324091584,0,[],4,5,0,14.727340431987884,-27.5117802628979,1637605.5390043366,-2351960.4237714745,2841737.041530859,
61,summary,sample-000061,61,,,2026-09-23T20:55:47.280296Z,,,-47.115779231921586,-169.8495098463353,-51.344715753549494,170.2341767361338,9.748023782464543,7,"[""HIP_21421"",""HIP_25336"",""HIP_26311"",""HIP_27989"",""HIP_35264"",""HIP_39429"",""HIP_39953"",""HIP_41037"",""HIP_42913"",""HIP_44816"",""HIP_45238"",""HIP_45556"",""HIP_45941"",""HIP_48774"",""HIP_50371"",""HIP_51232"",""HIP_51576"",""HIP_52419"",""HIP_53253"",""HIP_54463"",""HIP_56561""]",3,5,0,-4.228936521627908,-19.916313417530887,-470236.2863069106,-1446175.4789634533,1515143.904737854,2745076.4627348273
62,step,sample-000062,62,1,True,2026-09-23T20:56:42.316589Z,2026-09-25T15:12:37.187339Z,0.0,9.974763862029292,-170.2350835974074,-70.51860375562678,179.9988865796828,-93.10236337073222,7,"[""HIP_24305"",""HIP_27072"",""HIP_27628"",""HIP_33579"",""HIP_33977"",""HIP_34444""]",3,4,1,-80.49336761765608,-9.766029822909786,-8950454.107618766,-937858.0934743793,8981188.930908946,
62,step,sample-000062,62,2,False,2026-09-23T20:56:42.317837Z,2026-09-25T14:53:56.085969Z,0.0,9.97374548446584,-170.23291575661935,9.328226381871815,179.9998052688904,-1.9424803832330628,15,"[""HIP_24305"",""HIP_27989"",""HIP_28380"",""HIP_29655"",""HIP_30343"",""HIP_31681"",""HIP_32246"",""HIP_32362"",""HIP_33579"",""HIP_33977"",""HIP_34444"",""HIP_35904"",""HIP_36850"",""HIP_37826""]",2,4,1,-0.6455191025940259,-9.767278974490182,-71778.4492606041,-1070700.958698345,1073061.6279699537,
62,step,sample-000062,62,3,False,2026-09-23T20:56:42.318884Z,2026-09-25T16:12:18.272873Z,0.0,9.975032172533695,-170.2351230484956,7.481222063925235,179.99998208089346,-4.0938611925204675,28,"[""HIP_17358"",""HIP_18532"",""HIP_23416"",""HIP_23453"",""HIP_23767"",""HIP_24305"",""HIP_24608"",""HIP_27628"",""HIP_28103"",""HIP_28360"",""HIP_28380"",""HIP_30438"",""HIP_31592"",""HIP_31685"",""HIP_32768"",""HIP_33018"",""HIP_33579"",""HIP_33977"",""HIP_34444"",""HIP_35264"",""HIP_35904"",""HIP_36377"",""HIP_37229"",""HIP_37677"",""HIP_37819"",""HIP_38170"",""HIP_39429"",""HIP_39757""]",2,4,1,-2.49381010860846,-9.764894870610988,-277299.0320921767,-1073232.5967113972,1108360.8476882891,
62,step,sample-000062,62,4,False,2026-09-23T20:56:42.320045Z,2026-09-25T15:08:39.750181Z,0.0,9.972861939670201,-170.23336950608677,14.231937311841186,179.99999994937184,7.9094057496726355,15,"[""HIP_14328"",""HIP_15863"",""HIP_17358"",""HIP_18532"",""HIP_23416"",""HIP_23767"",""HIP_28380"",""HIP_29655"",""HIP_31681"",""HIP_32246"",""HIP_32362"",""HIP_36850"",""HIP_37826""]",3,4,1,4.259075372170985,-9.766630544541385,473587.57358219934,-1061862.832216349,1162379.5736828553,
62,step,sample-000062,62,5,False,2026-09-23T20:56:42.321187Z,2026-09-25T16:02:39.840817Z,0.0,9.973445831629158,-170.2354187777135,5.984794955583202,179.99999998225883,-4.826883607689847,24,"[""HIP_14328"",""HIP_14576"",""HIP_15863"",""HIP_17358"",""HIP_27628"",""HIP_28103"",""HIP_30122"",""HIP_31592"",""HIP_33160"",""HIP_33579"",""HIP_33856"",""HIP_33977"",""HIP_34045"",""HIP_34444"",""HIP_35264"",""HIP_36377"",""HIP_37229"",""HIP_37677"",""HIP_37819"",""HIP_38170"",""HIP_38414"",""HIP_39757"",""HIP_6686"",""HIP_8886""]",2,4,1,-3.9886508760459565,-9.76458124002761,-443517.7415726851,-1075260.2331366697,1162903.1410299977,
62,summary,sample-000062,62,,,2026-09-23T20:56:42.322348Z,,,9.97348962602938,-170.23451811744184,9.256545178305359,179.99994682035367,-0.745312567007207,20,"[""HIP_14328"",""HIP_14576"",""HIP_15863"",""HIP_17358"",""HIP_18532"",""HIP_23416"",""HIP_23453"",""HIP_23767"",""HIP_24305"",""HIP_24608"",""HIP_27628"",""HIP_27989"",""HIP_28103"",""HIP_28360"",""HIP_28380"",""HIP_29655"",""HIP_30122"",""HIP_30343"",""HIP_30438"",""HIP_31592"",""HIP_31681"",""HIP_31685"",""HIP_32246"",""HIP_32362"",""HIP_32768"",""HIP_33018"",""HIP_33160"",""HIP_33579"",""HIP_33856"",""HIP_33977"",""HIP_34045"",""HIP_34444"",""HIP_35264"",""HIP_35904"",""HIP_36377"",""HIP_36850"",""HIP_37229"",""HIP_37677"",""HIP_37819"",""HIP_37826"",""HIP_38170"",""HIP_38414"",""HIP_39429"",""HIP_39757"",""HIP_6686"",""HIP_8886""]",2,4,1,-0.7169444477240212,-9.765535062204435,-79720.5852728962,-1070623.8590992864,1073544.1008651934,2718116.263349833
63,step,sample-000063,63,1,False,2026-09-23T20:57:43.173730Z,2026-09-25T16:12:34.595440Z,0.0,3.8244550361287093,67.16931115863855,3.8012164856636197,67.14520299575139,0.06679433166864654,30,"[""HIP_104732"",""HIP_112029"",""HIP_112158"",""HIP_112748"",""HIP_113881"",""HIP_113963"",""HIP_677"",""HIP_84012"",""HIP_84970"",""HIP_85927"",""HIP_86228"",""HIP_86263"",""HIP_86670"",""HIP_87073"",""HIP_87261"",""HIP_88635"",""HIP_89341"",""HIP_89642"",""HIP_89931"",""HIP_90185"",""HIP_90496"",""HIP_91117"",""HIP_92041"",""HIP_92175"",""HIP_92855"",""HIP_93506"",""HIP_93683"",""HIP_93864"",""HIP_94141""]",1,5,0,-0.023238550465089602,-0.02410816288715978,-2584.0089142915144,-2674.7719201313453,3719.073378411749,
63,step,sample-000063,63,2,False,2026-09-23T20:57:43.175390Z,2026-09-25T16:46:44.416499Z,0.0,3.82516538888384,67.16847285076454,3.7791878262475818,67.12615997557904,0.11030450018147979,18,"[""HIP_86263"",""HIP_87072"",""HIP_88635"",""HIP_88839"",""HIP_89341"",""HIP_89642"",""HIP_89931"",""HIP_90185"",""HIP_90496"",""HIP_91117"",""HIP_92041"",""HIP_92175"",""HIP_92855"",""HIP_93085"",""HIP_93429"",""HIP_93506"",""HIP_93683"",""HIP_94141""]",1,5,0,-0.045977562636258185,-0.04231287518550175,-5112.471704634334,-4694.6211621368,6940.95336275334,
63,step,sample-000063,63,3,False,2026-09-23T20:57:43.176557Z,2026-09-25T15:35:28.746451Z,0.0,3.826903970488123,67.16991547815911,3.802755104869374,67.10849778574725,0.0818140327971304,36,"[""HIP_100453"",""HIP_102098"",""HIP_79882"",""HIP_80763"",""HIP_81266"",""HIP_81377"",""HIP_82396"",""HIP_82514"",""HIP_84012"",""HIP_84143"",""HIP_84970"",""HIP_85792"",""HIP_85927"",""HIP_86228"",""HIP_86263"",""HIP_86670"",""HIP_86742"",""HIP_87073"",""HIP_87261"",""HIP_88048"",""HIP_88635"",""HIP_89341"",""HIP_89642"",""HIP_89931"",""HIP_89962"",""HIP_91262"",""HIP_92041"",""HIP_92420"",""HIP_92855"",""HIP_93085"",""HIP_93194"",""HIP_93506"",""HIP_93864"",""HIP_97165"",""HIP_98110"",""HIP_99675""]",1,5,0,-0.02414886561874896,-0.06141769241185102,-2685.231341026097,-6814.203917264489,7324.1956326043555,
63,step,sample-000063,63,4,False,2026-09-23T20:57:43.177643Z,2026-09-25T16:51:53.489731Z,0.0,3.824505740106692,67.16889626825156,3.8166157301067707,67.08531197572991,0.0851539492544648,22,"[""HIP_100453"",""HIP_102098"",""HIP_102488"",""HIP_104732"",""HIP_104887"",""HIP_86263"",""HIP_87072"",""HIP_88048"",""HIP_88635"",""HIP_89341"",""HIP_89642"",""HIP_89931"",""HIP_90185"",""HIP_90496"",""HIP_91117"",""HIP_91262"",""HIP_92041"",""HIP_92175"",""HIP_92855"",""HIP_93085"",""HIP_93429"",""HIP_94141""]",1,5,0,-0.00789000999992151,-0.08358429252166388,-877.3290831661072,-9273.494157965915,9314.902039880328,
63,step,sample-000063,63,5,False,2026-09-23T20:57:43.178801Z,2026-09-25T16:18:46.673489Z,0.0,3.8252272600449384,67.17038375298242,3.844097085458272,67.06746537187365,-0.002288308304670821,25,"[""HIP_84012"",""HIP_84970"",""HIP_85423"",""HIP_85927"",""HIP_86170"",""HIP_86263"",""HIP_86670"",""HIP_87073"",""HIP_87261"",""HIP_88635"",""HIP_89341"",""HIP_89642"",""HIP_89931"",""HIP_90185"",""HIP_90496"",""HIP_91117"",""HIP_92041"",""HIP_92175"",""HIP_92855"",""HIP_93085"",""HIP_93506"",""HIP_93683"",""HIP_93864"",""HIP_94141""]",1,5,0,0.018869825413333707,-0.10291838110876483,2098.228852631272,-11418.38091541579,11609.564405971443,
63,summary,sample-000063,63,,,2026-09-23T20:57:43.179887Z,,,3.8260774593158526,67.16897488785412,3.8087744464691236,67.10652762093625,0.06835570387683707,26,"[""HIP_100453"",""HIP_102098"",""HIP_102488"",""HIP_104732"",""HIP_104887"",""HIP_112029"",""HIP_112158"",""HIP_112748"",""HIP_113881"",""HIP_113963"",""HIP_677"",""HIP_79882"",""HIP_80763"",""HIP_81266"",""HIP_81377"",""HIP_82396"",""HIP_82514"",""HIP_84012"",""HIP_84143"",""HIP_84970"",""HIP_85423"",""HIP_85792"",""HIP_85927"",""HIP_86170"",""HIP_86228"",""HIP_86263"",""HIP_86670"",""HIP_86742"",""HIP_87072"",""HIP_87073"",""HIP_87261"",""HIP_88048"",""HIP_88635"",""HIP_88839"",""HIP_89341"",""HIP_89642"",""HIP_89931"",""HIP_89962"",""HIP_90185"",""HIP_90496"",""HIP_91117"",""HIP_91262"",""HIP_92041"",""HIP_92175"",""HIP_92420"",""HIP_92855"",""HIP_93085"",""HIP_93194"",""HIP_93429"",""HIP_93506"",""HIP_93683"",""HIP_93864"",""HIP_94141"",""HIP_97165"",""HIP_98110"",""HIP_99675""]",1,5,0,-0.017303012846729082,-0.0624472669178715,-1924.007244221898,-6928.412773296085,7190.598517663883,2675085.697241386
64,step,sample-000064,64,1,False,2026-09-23T20:58:34.977572Z,2026-09-25T17:03:00.724011Z,0.0,-3.5950346607531616,-38.26188445607923,-3.6422707605743887,-38.1811874521127,0.08460482816856411,20,"[""HIP_81266"",""HIP_82396"",""HIP_82514"",""HIP_82729"",""HIP_83081"",""HIP_84012"",""HIP_85258"",""HIP_85792"",""HIP_85927"",""HIP_86228"",""HIP_86670"",""HIP_87073"",""HIP_87261"",""HIP_88635"",""HIP_89341"",""HIP_89642"",""HIP_89931"",""HIP_90185"",""HIP_90496"",""HIP_92855""]",1,5,0,-0.04723609982122712,0.08069700396652024,-5252.414654596403,8955.207180012045,10381.887626591797,
64,step,sample-000064,64,2,False,2026-09-23T20:58:34.979050Z,2026-09-25T15:58:12.292316Z,0.0,-3.5924788323541543,-38.26193413281044,-3.7114696910107945,-38.13520766454998,0.15059736158163653,19,"[""HIP_53253"",""HIP_54463"",""HIP_56561"",""HIP_57439"",""HIP_59072"",""HIP_59196"",""HIP_59747"",""HIP_60009"",""HIP_60260"",""HIP_60718"",""HIP_61084"",""HIP_61932"",""HIP_62434"",""HIP_65109"",""HIP_66657"",""HIP_68702"",""HIP_71683"",""HIP_71908""]",1,5,0,-0.11899085865664016,0.12672646826047185,-13231.17979969816,14062.725890840187,19308.658837380463,
64,step,sample-000064,64,3,False,2026-09-23T20:58:34.980073Z,2026-09-25T16:29:40.569769Z,0.0,-3.594018242731875,-38.260430455473625,-3.6409020594181443,-38.162539436443765,0.07029884249600844,10,"[""HIP_82396"",""HIP_82514"",""HIP_85927"",""HIP_86228"",""HIP_86670"",""HIP_87073"",""HIP_87261"",""HIP_88635"",""HIP_89931"",""HIP_90496""]",1,5,0,-0.046883816686269064,0.0978910190298734,-5213.242557246628,10863.296865091419,12049.444383943843,
64,step,sample-000064,64,4,False,2026-09-23T20:58:34.981132Z,2026-09-25T17:22:58.824364Z,0.0,-3.5940537747127137,-38.26170803096744,-3.627540113344074,-38.182786223516786,0.10162966367939713,18,"[""HIP_80112"",""HIP_82396"",""HIP_82514"",""HIP_83081"",""HIP_85258"",""HIP_85792"",""HIP_85927"",""HIP_86228"",""HIP_86670"",""HIP_87073"",""HIP_87261"",""HIP_88635"",""HIP_89341"",""HIP_89931"",""HIP_90185"",""HIP_90496"",""HIP_92855"",""HIP_94141""]",1,5,0,-0.03348633863136019,0.07892180745065502,-3723.5109677089495,8758.283748719572,9516.935740671817,
64,step,sample-000064,64,5,False,2026-09-23T20:58:34.982246Z,2026-09-25T17:34:12.751317Z,0.0,-3.5948160778236105,-38.26082973711732,-3.678548511185601,-38.26760584933011,0.06975378565628282,31,"[""HIP_59196"",""HIP_61084"",""HIP_62434"",""HIP_66657"",""HIP_68702"",""HIP_71352"",""HIP_71683"",""HIP_71860"",""HIP_80112"",""HIP_81266"",""HIP_82396"",""HIP_82514"",""HIP_82729"",""HIP_83081"",""HIP_84970"",""HIP_85258"",""HIP_85792"",""HIP_85927"",""HIP_86263"",""HIP_86670"",""HIP_87073"",""HIP_87261"",""HIP_88635"",""HIP_89341"",""HIP_89642"",""HIP_89931"",""HIP_90185"",""HIP_90496"",""HIP_92855"",""HIP_94141""]",1,5,0,-0.08373243336199065,-0.006776112212776297,-9310.621785456953,-751.9520571738287,9340.937309834551,
64,summary,sample-000064,64,,,2026-09-23T20:58:34.983367Z,,,-3.593737574931101,-38.26187808100477,-3.6601462271066003,-38.18586532519066,0.0953768949477951,20,"[""HIP_53253"",""HIP_54463"",""HIP_56561"",""HIP_57439"",""HIP_59072"",""HIP_59196"",""HIP_59747"",""HIP_60009"",""HIP_60260"",""HIP_60718"",""HIP_61084"",""HIP_61932"",""HIP_62434"",""HIP_65109"",""HIP_66657"",""HIP_68702"",""HIP_71352"",""HIP_71683"",""HIP_71860"",""HIP_71908"",""HIP_80112"",""HIP_81266"",""HIP_82396"",""HIP_82514"",""HIP_82729"",""HIP_83081"",""HIP_84012"",""HIP_84970"",""HIP_85258"",""HIP_85792"",""HIP_85927"",""HIP_86228"",""HIP_86263"",""HIP_86670"",""HIP_87073"",""HIP_87261"",""HIP_88635"",""HIP_89341"",""HIP_89642"",""HIP_89931"",""HIP_90185"",""HIP_90496"",""HIP_92855"",""HIP_94141""]",1,5,0,-0.0664086521754994,0.07601275581410505,-7384.305207218672,8435.30376570536,11210.811964777275,2633462.652158939
65,step,sample-000065,65,1,False,2026-09-23T20:59:32.190985Z,2026-09-25T17:34:53.695141Z,0.0,-7.143258284603447,-27.77660644975748,-7.222845043996644,-27.778977674941054,0.07050464321544364,29,"[""HIP_62434"",""HIP_66657"",""HIP_68702"",""HIP_68933"",""HIP_71352"",""HIP_71683"",""HIP_71860"",""HIP_71908"",""HIP_73273"",""HIP_74395"",""HIP_74946"",""HIP_76297"",""HIP_77952"",""HIP_82273"",""HIP_82514"",""HIP_82729"",""HIP_83081"",""HIP_85258"",""HIP_85792"",""HIP_86228"",""HIP_86670"",""HIP_87073"",""HIP_87261"",""HIP_88635"",""HIP_89642"",""HIP_89931"",""HIP_90185"",""HIP_92855""]",1,4,1,-0.07958675939319715,-0.002371225183566139,-8849.643872604704,-261.59887157002015,8853.509509228938,
65,step,sample-000065,65,2,False,2026-09-23T20:59:32.192269Z,2026-09-25T18:17:50.293761Z,0.0,-7.144072816048769,-27.775353812146506,-7.220848017894098,-27.775141503852105,0.0973496037361559,29,"[""HIP_66657"",""HIP_68702"",""HIP_68933"",""HIP_71352"",""HIP_71683"",""HIP_71860"",""HIP_71908"",""HIP_73273"",""HIP_74395"",""HIP_74946"",""HIP_75141"",""HIP_76297"",""HIP_77952"",""HIP_79664"",""HIP_82273"",""HIP_82514"",""HIP_82729"",""HIP_83081"",""HIP_84143"",""HIP_85258"",""HIP_85792"",""HIP_86228"",""HIP_86670"",""HIP_87073"",""HIP_87261"",""HIP_89931"",""HIP_90185""]",1,4,1,-0.07677520184532849,0.0002123082944081034,-8537.012937312491,23.422356870354104,8537.04506832174,
65,step,sample-000065,65,3,False,2026-09-23T20:59:32.193952Z,2026-09-25T17:56:11.353070Z,0.0,-7.144157882267734,-27.777341464658747,-7.21417509209646,-27.77799856436698,0.03986208544889378,37,"[""HIP_66657"",""HIP_68702"",""HIP_68933"",""HIP_71352"",""HIP_71683"",""HIP_71860"",""HIP_71908"",""HIP_73273"",""HIP_74395"",""HIP_74946"",""HIP_75264"",""HIP_76297"",""HIP_77952"",""HIP_82273"",""HIP_82514"",""HIP_82729"",""HIP_83081"",""HIP_84143"",""HIP_85258"",""HIP_85792"",""HIP_85927"",""HIP_86228"",""HIP_86670"",""HIP_87073"",""HIP_87261"",""HIP_88635"",""HIP_89642"",""HIP_89931"",""HIP_90185"",""HIP_90496"",""HIP_92041"",""HIP_92855"",""HIP_93085"",""HIP_93506"",""HIP_94141""]",1,4,1,-0.07001720982872595,-0.0006570997082349095,-7785.558510761859,-72.49333044850647,7785.89600539142,
65,step,sample-000065,65,4,False,2026-09-23T20:59:32.195065Z,2026-09-25T17:53:21.995114Z,0.0,-7.142596544281792,-27.774922650994625,-7.220153228196191,-27.796776888392507,0.05023344765581162,34,"[""HIP_66657"",""HIP_68702"",""HIP_71352"",""HIP_71683"",""HIP_71860"",""HIP_71908"",""HIP_73273"",""HIP_74395"",""HIP_74946"",""HIP_75264"",""HIP_76297"",""HIP_77952"",""HIP_82273"",""HIP_82514"",""HIP_82729"",""HIP_83081"",""HIP_84143"",""HIP_85258"",""HIP_85792"",""HIP_86228"",""HIP_86670"",""HIP_87073"",""HIP_87261"",""HIP_88635"",""HIP_89642"",""HIP_89931"",""HIP_90185"",""HIP_90496"",""HIP_92041"",""HIP_92855"",""HIP_93506"",""HIP_94141""]",1,4,1,-0.0775566839143984,-0.021854237397889165,-8623.90977865676,-2411.017294139577,8954.597887794002,
65,step,sample-000065,65,5,True,2026-09-23T20:59:32.196201Z,2026-09-25T16:46:48.660514Z,0.0,-7.143536113633302,-27.776504385395697,-7.151450595095293,-27.49986583031494,0.19096573711634354,31,"[""HIP_66657"",""HIP_68702"",""HIP_71683"",""HIP_71908"",""HIP_73273"",""HIP_73334"",""HIP_74946"",""HIP_76297"",""HIP_77952"",""HIP_81266"",""HIP_82273"",""HIP_82514"",""HIP_82729"",""HIP_83081"",""HIP_84143"",""HIP_84970"",""HIP_85258"",""HIP_85792"",""HIP_85927"",""HIP_86228"",""HIP_86670"",""HIP_87073"",""HIP_87261"",""HIP_88635"",""HIP_89642"",""HIP_89931"",""HIP_90185"",""HIP_90496"",""HIP_92855"",""HIP_94141""]",2,4,1,-0.007914481461990697,0.2766385550807513,-880.0501855957755,30521.765994904705,30534.450350519648,
65,summary,sample-000065,65,,,2026-09-23T20:59:32.197325Z,,,-7.143071337491848,-27.776089666855853,-7.219505345545848,-27.782223657888153,0.06448744478717035,32,"[""HIP_62434"",""HIP_66657"",""HIP_68702"",""HIP_68933"",""HIP_71352"",""HIP_71683"",""HIP_71860"",""HIP_71908"",""HIP_73273"",""HIP_74395"",""HIP_74946"",""HIP_75141"",""HIP_75264"",""HIP_76297"",""HIP_77952"",""HIP_79664"",""HIP_82273"",""HIP_82514"",""HIP_82729"",""HIP_83081"",""HIP_84143"",""HIP_85258"",""HIP_85792"",""HIP_85927"",""HIP_86228"",""HIP_86670"",""HIP_87073"",""HIP_87261"",""HIP_88635"",""HIP_89642"",""HIP_89931"",""HIP_90185"",""HIP_90496"",""HIP_92041"",""HIP_92855"",""HIP_93085"",""HIP_93506"",""HIP_94141""]",1,4,1,-0.07643400805400002,-0.006133991032299946,-8499.073918714144,-676.7182494806908,8525.972378197786,2593079.0109315426
66,step,sample-000066,66,1,False,2026-09-23T21:00:40.472119Z,2026-09-25T18:53:28.779788Z,0.0,-71.38364234812667,172.01469506927924,-70.98204153157465,-178.19690281963324,-8.402180346962728,20,"[""HIP_27628"",""HIP_33977"",""HIP_34444"",""HIP_35264"",""HIP_35904"",""HIP_39757"",""HIP_62322"",""HIP_68702"",""HIP_71683"",""HIP_71908"",""HIP_74395"",""HIP_74946"",""HIP_77952"",""HIP_79664"",""HIP_82273"",""HIP_83081"",""HIP_84143"",""HIP_85258"",""HIP_85792""]",2,4,1,0.40160081655201907,9.788402111087521,44655.973336896655,351069.17743637116,353499.3377127603,
66,step,sample-000066,66,2,False,2026-09-23T21:00:40.473449Z,2026-09-25T17:56:55.475994Z,0.0,-71.38375761580282,172.01570932173428,-71.62529709330737,-179.75173734657622,-8.093400700562855,20,"[""HIP_31685"",""HIP_33579"",""HIP_34444"",""HIP_35264"",""HIP_35904"",""HIP_39429"",""HIP_45556"",""HIP_45941"",""HIP_48774"",""HIP_50371"",""HIP_52727"",""HIP_53253"",""HIP_59196"",""HIP_59747"",""HIP_60260"",""HIP_60718"",""HIP_61585"",""HIP_61932"",""HIP_62322"",""HIP_66657""]",2,4,1,-0.24153947750454563,8.232553331689473,-26857.964482883,290397.849157016,291407.5490924792,
66,step,sample-000066,66,3,False,2026-09-23T21:00:40.474505Z,2026-09-25T18:19:19.469630Z,0.0,-71.38457537612867,172.01857783695203,-71.49937185997217,-179.8801131355265,-7.804057420833867,18,"[""HIP_27628"",""HIP_31685"",""HIP_33579"",""HIP_34444"",""HIP_35264"",""HIP_35904"",""HIP_38170"",""HIP_39429"",""HIP_39757"",""HIP_68702"",""HIP_71683"",""HIP_71908"",""HIP_76297"",""HIP_77952"",""HIP_83081"",""HIP_85258"",""HIP_85792""]",2,4,1,-0.11479648384350583,8.101309027521438,-12764.786600031903,286700.8163339382,286769.0988428423,
66,step,sample-000066,66,4,True,2026-09-23T21:00:40.475586Z,2026-09-25T17:43:21.137006Z,0.0,-71.38368992517943,172.01786934144047,-69.9733873857816,-179.87088629076297,-4.756261223411587,29,"[""HIP_46701"",""HIP_50371"",""HIP_52727"",""HIP_53253"",""HIP_54463"",""HIP_56561"",""HIP_59196"",""HIP_59747"",""HIP_60260"",""HIP_60718"",""HIP_61084"",""HIP_61585"",""HIP_61932"",""HIP_62322"",""HIP_63613"",""HIP_66657"",""HIP_68702"",""HIP_71683"",""HIP_71860"",""HIP_71908"",""HIP_73273"",""HIP_74395"",""HIP_74946"",""HIP_75264"",""HIP_77952"",""HIP_82273"",""HIP_83081"",""HIP_85258"",""HIP_85792""]",2,4,1,1.4103025393978186,8.11124436779653,156818.48741497536,298419.418860908,336748.73351507814,
66,step,sample-000066,66,5,False,2026-09-23T21:00:40.476660Z,2026-09-25T18:36:34.521325Z,0.0,-71.38292455204538,172.0159652890718,-71.21644086969728,-179.97108485454547,-6.9677358947176415,17,"[""HIP_27628"",""HIP_34444"",""HIP_35264"",""HIP_35904"",""HIP_39429"",""HIP_39757"",""HIP_68702"",""HIP_71683"",""HIP_71908"",""HIP_74395"",""HIP_77952"",""HIP_79664"",""HIP_82273"",""HIP_83081"",""HIP_85258"",""HIP_85792""]",2,4,1,0.16648368234810107,8.012949856382761,18512.140846213115,285670.64674989134,286058.67620414635,
66,summary,sample-000066,66,,,2026-09-23T21:00:40.477869Z,,,-71.3836863293553,172.0148905519997,-71.33078783863786,-179.4499595390704,-7.816848547232853,19,"[""HIP_27628"",""HIP_31685"",""HIP_33579"",""HIP_33977"",""HIP_34444"",""HIP_35264"",""HIP_35904"",""HIP_38170"",""HIP_39429"",""HIP_39757"",""HIP_45556"",""HIP_45941"",""HIP_48774"",""HIP_50371"",""HIP_52727"",""HIP_53253"",""HIP_59196"",""HIP_59747"",""HIP_60260"",""HIP_60718"",""HIP_61585"",""HIP_61932"",""HIP_62322"",""HIP_66657"",""HIP_68702"",""HIP_71683"",""HIP_71908"",""HIP_74395"",""HIP_74946"",""HIP_76297"",""HIP_77952"",""HIP_79664"",""HIP_82273"",""HIP_83081"",""HIP_84143"",""HIP_85258"",""HIP_85792""]",2,4,1,0.05289849071743902,8.535149908929895,5882.043794933503,303384.49067833583,303189.41270363,2558383.7139886958
67,step,sample-000067,67,1,False,2026-09-23T21:01:39.295233Z,2026-09-25T19:21:19.659675Z,0.0,-33.64746650608137,-96.93149290482361,-33.698968107217866,-96.89086229359701,0.07778217450306865,32,"[""HIP_39953"",""HIP_41037"",""HIP_42913"",""HIP_44816"",""HIP_45238"",""HIP_45556"",""HIP_45941"",""HIP_46701"",""HIP_48002"",""HIP_48774"",""HIP_50371"",""HIP_51576"",""HIP_52419"",""HIP_52727"",""HIP_59747"",""HIP_60718"",""HIP_61585"",""HIP_62322"",""HIP_76297"",""HIP_82396"",""HIP_82514"",""HIP_83081"",""HIP_84012"",""HIP_85927"",""HIP_86228"",""HIP_86670"",""HIP_87073"",""HIP_87261"",""HIP_88635"",""HIP_89642"",""HIP_89931"",""HIP_90185""]",1,4,1,-0.05150160113649349,0.04063061122661793,-5726.716760449716,3759.871722231177,6850.687397670223,
67,step,sample-000067,67,2,False,2026-09-23T21:01:39.296917Z,2026-09-25T18:50:28.868088Z,0.0,-33.645983690718914,-96.93253697074474,-33.69025102196429,-96.88370289823341,0.07275123672282384,26,"[""HIP_39429"",""HIP_39953"",""HIP_41037"",""HIP_42913"",""HIP_44816"",""HIP_45238"",""HIP_45556"",""HIP_45941"",""HIP_46701"",""HIP_48002"",""HIP_50371"",""HIP_51576"",""HIP_52419"",""HIP_56561"",""HIP_59747"",""HIP_60260"",""HIP_60718"",""HIP_61585"",""HIP_80763"",""HIP_82396"",""HIP_82514"",""HIP_85927"",""HIP_86228"",""HIP_86670"",""HIP_87073"",""HIP_87261""]",1,4,1,-0.04426733124537918,0.04883407251134031,-4922.302650580321,4519.270831186014,6682.280260599264,
67,step,sample-000067,67,3,True,2026-09-23T21:01:39.298376Z,2026-09-25T18:11:37.009923Z,0.0,-33.64533853245254,-96.93104903564263,-33.65898124020662,-97.04040343751197,0.1096486938247295,22,"[""HIP_33579"",""HIP_33977"",""HIP_34444"",""HIP_35904"",""HIP_38170"",""HIP_39429"",""HIP_39757"",""HIP_39953"",""HIP_41037"",""HIP_42913"",""HIP_45941"",""HIP_46701"",""HIP_48002"",""HIP_48774"",""HIP_50371"",""HIP_51576"",""HIP_52419"",""HIP_56561"",""HIP_60260"",""HIP_60718"",""HIP_61585""]",1,4,1,-0.013642707754080163,-0.1093544018693251,-1516.9998879480963,-10121.904608534813,10234.951435459803,
67,step,sample-000067,67,4,False,2026-09-23T21:01:39.299804Z,2026-09-25T18:25:05.713414Z,0.0,-33.64524997593902,-96.93188645392787,-33.6831596682679,-96.85763146480939,0.07351881016536031,24,"[""HIP_30438"",""HIP_39953"",""HIP_41037"",""HIP_42913"",""HIP_44816"",""HIP_45238"",""HIP_45556"",""HIP_45941"",""HIP_48002"",""HIP_48774"",""HIP_52419"",""HIP_56561"",""HIP_57363"",""HIP_59747"",""HIP_61585"",""HIP_80763"",""HIP_81266"",""HIP_82396"",""HIP_82514"",""HIP_85927"",""HIP_86228"",""HIP_86670"",""HIP_87073""]",1,4,1,-0.037909692328881306,0.07425498911848649,-4215.365457627748,6872.121301411958,8061.969429115648,
67,step,sample-000067,67,5,False,2026-09-23T21:01:39.301502Z,2026-09-25T18:28:34.879647Z,0.0,-33.64648555694041,-96.93177261913961,-33.70117370689476,-96.92654018986757,0.1211108307459086,29,"[""HIP_30438"",""HIP_39953"",""HIP_41037"",""HIP_42913"",""HIP_44816"",""HIP_45238"",""HIP_45556"",""HIP_45941"",""HIP_46701"",""HIP_48002"",""HIP_50371"",""HIP_56561"",""HIP_59747"",""HIP_60718"",""HIP_61585"",""HIP_62322"",""HIP_62434"",""HIP_68702"",""HIP_71683"",""HIP_71908"",""HIP_80112"",""HIP_80763"",""HIP_82396"",""HIP_82514"",""HIP_85927"",""HIP_86228"",""HIP_86670"",""HIP_87073""]",1,4,1,-0.05468814995434457,0.005232429272041372,-6081.044822499973,484.19460564651365,6100.291018290936,
67,summary,sample-000067,67,,,2026-09-23T21:01:39.302631Z,,,-33.6467367230294,-96.93240441086341,-33.693388126086205,-96.88968421162684,0.0862907625642186,28,"[""HIP_30438"",""HIP_39429"",""HIP_39953"",""HIP_41037"",""HIP_42913"",""HIP_44816"",""HIP_45238"",""HIP_45556"",""HIP_45941"",""HIP_46701"",""HIP_48002"",""HIP_48774"",""HIP_50371"",""HIP_51576"",""HIP_52419"",""HIP_52727"",""HIP_56561"",""HIP_57363"",""HIP_59747"",""HIP_60260"",""HIP_60718"",""HIP_61585"",""HIP_62322"",""HIP_62434"",""HIP_68702"",""HIP_71683"",""HIP_71908"",""HIP_76297"",""HIP_80112"",""HIP_80763"",""HIP_81266"",""HIP_82396"",""HIP_82514"",""HIP_83081"",""HIP_84012"",""HIP_85927"",""HIP_86228"",""HIP_86670"",""HIP_87073"",""HIP_87261"",""HIP_88635"",""HIP_89642"",""HIP_89931"",""HIP_90185""]",1,4,1,-0.04665140305680637,0.042720199236555345,-5187.399340767328,3953.382842977596,6522.142714491159,2520296.2278502746
68,step,sample-000068,68,1,False,2026-09-23T21:02:27.450525Z,2026-09-25T18:46:43.110105Z,0.0,32.30924359740076,65.20436242188495,32.334552391227334,65.20393429150768,0.06773336070970853,18,"[""HIP_102098"",""HIP_103413"",""HIP_104060"",""HIP_104732"",""HIP_14328"",""HIP_14576"",""HIP_15863"",""HIP_17702"",""HIP_18246"",""HIP_18532"",""HIP_4427"",""HIP_6686"",""HIP_91262"",""HIP_93194"",""HIP_93244"",""HIP_97165"",""HIP_98110"",""HIP_99675""]",1,4,1,0.025308793826575027,-0.0004281303772586398,2814.209473008271,-40.229746922401205,2814.4970048751343,
68,step,sample-000068,68,2,False,2026-09-23T21:02:27.451878Z,2026-09-25T19:44:24.078750Z,0.0,32.31087238650795,65.20356591652592,32.35153584555903,65.22529848019532,0.10472519196692859,27,"[""HIP_100453"",""HIP_102098"",""HIP_102422"",""HIP_102488"",""HIP_103413"",""HIP_104060"",""HIP_104732"",""HIP_104887"",""HIP_105199"",""HIP_106481"",""HIP_107533"",""HIP_109492"",""HIP_109857"",""HIP_17358"",""HIP_17702"",""HIP_18246"",""HIP_18532"",""HIP_23015"",""HIP_23416"",""HIP_23453"",""HIP_23767"",""HIP_24608"",""HIP_25428"",""HIP_28360"",""HIP_97165"",""HIP_98110"",""HIP_99675""]",1,4,1,0.040663459051074824,0.021732563669388583,4521.570346298283,2041.914620716519,4961.251184448147,
68,step,sample-000068,68,3,True,2026-09-23T21:02:27.453048Z,2026-09-25T18:39:13.381630Z,0.0,32.30836759347237,65.20433167272495,32.27486468653784,65.09279617364487,0.043220541003092576,11,"[""HIP_102453"",""HIP_103413"",""HIP_107315"",""HIP_91262"",""HIP_92420"",""HIP_93194"",""HIP_93244"",""HIP_96837"",""HIP_97165"",""HIP_98110"",""HIP_99675""]",1,4,1,-0.03350290693452962,-0.11153549908007676,-3725.353278964499,-10484.060397336692,11126.264542851697,
68,step,sample-000068,68,4,False,2026-09-23T21:02:27.454149Z,2026-09-25T19:12:41.400387Z,0.0,32.308550863641386,65.20200220448726,32.358645856472286,65.15638406449094,0.007190034290620195,13,"[""HIP_100453"",""HIP_102098"",""HIP_102422"",""HIP_102488"",""HIP_103413"",""HIP_104060"",""HIP_109492"",""HIP_91262"",""HIP_92420"",""HIP_93194"",""HIP_97165"",""HIP_98110"",""HIP_99675""]",1,4,1,0.0500949928308998,-0.04561813999632136,5570.309053091599,-4286.005309966224,7028.383997017793,
68,step,sample-000068,68,5,False,2026-09-23T21:02:27.455300Z,2026-09-25T19:14:18.647724Z,0.0,32.310938086838924,65.2025061082789,32.36329401739258,65.17289719300149,-0.004720232295596863,11,"[""HIP_100453"",""HIP_102422"",""HIP_102488"",""HIP_104060"",""HIP_105199"",""HIP_91262"",""HIP_92420"",""HIP_93194"",""HIP_97165"",""HIP_98110"",""HIP_99675""]",1,4,1,0.05235593055365939,-0.029608915277407277,5821.713857321767,-2781.766990381958,6452.176267753646,
68,summary,sample-000068,68,,,2026-09-23T21:02:27.456519Z,,,32.30994319852401,65.20334313752926,32.35200702766281,65.18962850729883,0.04373208767553706,17,"[""HIP_100453"",""HIP_102098"",""HIP_102422"",""HIP_102488"",""HIP_103413"",""HIP_104060"",""HIP_104732"",""HIP_104887"",""HIP_105199"",""HIP_106481"",""HIP_107533"",""HIP_109492"",""HIP_109857"",""HIP_14328"",""HIP_14576"",""HIP_15863"",""HIP_17358"",""HIP_17702"",""HIP_18246"",""HIP_18532"",""HIP_23015"",""HIP_23416"",""HIP_23453"",""HIP_23767"",""HIP_24608"",""HIP_25428"",""HIP_28360"",""HIP_4427"",""HIP_6686"",""HIP_91262"",""HIP_92420"",""HIP_93194"",""HIP_93244"",""HIP_97165"",""HIP_98110"",""HIP_99675""]",1,4,1,0.04206382913879736,-0.013714630230424518,4677.284395477825,-1288.581285417392,4851.539021674336,2483304.3941910304
69,step,sample-000069,69,1,False,2026-09-23T21:03:31.382422Z,2026-09-25T19:37:06.432114Z,0.0,2.32404288355545,-13.861941050117366,2.324803714968914,-13.42964728054181,-0.13857517863448082,40,"[""HIP_100453"",""HIP_102098"",""HIP_102422"",""HIP_102488"",""HIP_104732"",""HIP_104887"",""HIP_74785"",""HIP_76297"",""HIP_78401"",""HIP_78820"",""HIP_79593"",""HIP_80000"",""HIP_80112"",""HIP_81266"",""HIP_81377"",""HIP_82396"",""HIP_82514"",""HIP_82729"",""HIP_83081"",""HIP_83153"",""HIP_84012"",""HIP_84143"",""HIP_84970"",""HIP_85258"",""HIP_85792"",""HIP_85927"",""HIP_86228"",""HIP_86670"",""HIP_87073"",""HIP_87261"",""HIP_88635"",""HIP_89642"",""HIP_89931"",""HIP_91262"",""HIP_92041"",""HIP_93506"",""HIP_93864"",""HIP_97165"",""HIP_99675""]",2,4,1,0.0007608314134639471,0.4322937695755513,84.60059320899954,48029.32280610493,48029.39712757654,
69,step,sample-000069,69,2,False,2026-09-23T21:03:31.383817Z,2026-09-25T18:50:30.278212Z,0.0,2.3237341023266103,-13.864371238905022,2.3090796155283044,-13.458142595283293,-0.19171790248669646,38,"[""HIP_100453"",""HIP_102098"",""HIP_102488"",""HIP_72622"",""HIP_75264"",""HIP_76297"",""HIP_78401"",""HIP_78820"",""HIP_79593"",""HIP_80000"",""HIP_80112"",""HIP_80763"",""HIP_81266"",""HIP_82396"",""HIP_82514"",""HIP_82729"",""HIP_83081"",""HIP_83153"",""HIP_84143"",""HIP_85258"",""HIP_85670"",""HIP_85792"",""HIP_85927"",""HIP_86228"",""HIP_86670"",""HIP_87073"",""HIP_87261"",""HIP_87833"",""HIP_87933"",""HIP_89642"",""HIP_89931"",""HIP_90185"",""HIP_91262"",""HIP_92420"",""HIP_93506"",""HIP_97165""]",2,4,1,-0.014654486798305832,0.4062286436217164,-1629.5045845512714,45133.65365570339,45163.05959968306,
69,step,sample-000069,69,3,False,2026-09-23T21:03:31.384885Z,2026-09-25T20:13:16.750874Z,0.0,2.323133026047959,-13.863115860633542,2.4239510499925627,-13.340764034610682,-0.27306726991475483,31,"[""HIP_100453"",""HIP_102098"",""HIP_102488"",""HIP_78401"",""HIP_80112"",""HIP_82396"",""HIP_82514"",""HIP_82729"",""HIP_84012"",""HIP_84143"",""HIP_84970"",""HIP_85258"",""HIP_85792"",""HIP_85927"",""HIP_86228"",""HIP_86263"",""HIP_86670"",""HIP_87073"",""HIP_87261"",""HIP_88635"",""HIP_89642"",""HIP_89931"",""HIP_90185"",""HIP_90496"",""HIP_91262"",""HIP_92041"",""HIP_92420"",""HIP_93194"",""HIP_93864"",""HIP_97165""]",2,4,1,0.10081802394460393,0.5223518260228559,11210.4527769696,58033.04140662814,59105.898461302684,
69,step,sample-000069,69,4,True,2026-09-23T21:03:31.385954Z,2026-09-25T20:17:55.528016Z,0.0,2.325028388404133,-13.8619940654103,2.2349094671847634,-12.99533774825353,0.15339363797114922,24,"[""HIP_78820"",""HIP_81266"",""HIP_82514"",""HIP_82729"",""HIP_84012"",""HIP_84143"",""HIP_84970"",""HIP_85258"",""HIP_85792"",""HIP_85927"",""HIP_86228"",""HIP_86263"",""HIP_86670"",""HIP_87073"",""HIP_87261"",""HIP_88048"",""HIP_88635"",""HIP_89642"",""HIP_89931"",""HIP_90185"",""HIP_92041"",""HIP_93506"",""HIP_93864""]",2,4,1,-0.0901189212193696,0.8666563171567816,-10020.766834274571,96291.49744758771,96811.49750016416,
69,step,sample-000069,69,5,False,2026-09-23T21:03:31.387028Z,2026-09-25T20:17:29.220386Z,0.0,2.3251727018913075,-13.862763436143894,2.463983697924751,-13.350997491369261,-0.24848147431452722,27,"[""HIP_78401"",""HIP_78820"",""HIP_80112"",""HIP_81266"",""HIP_81377"",""HIP_82396"",""HIP_82514"",""HIP_82729"",""HIP_84012"",""HIP_84143"",""HIP_84970"",""HIP_85258"",""HIP_85792"",""HIP_85927"",""HIP_86228"",""HIP_86263"",""HIP_86670"",""HIP_87073"",""HIP_87261"",""HIP_88048"",""HIP_88192"",""HIP_89642"",""HIP_89931"",""HIP_90496"",""HIP_93085"",""HIP_93506""]",2,4,1,0.1388109960334436,0.5117659447746234,15435.078521396894,56856.08589531704,58913.958662825076,
69,summary,sample-000069,69,,,2026-09-23T21:03:31.388155Z,,,2.324575495584536,-13.862781726248329,2.380454519603633,-13.394887850451255,-0.2129604583582182,34,"[""HIP_100453"",""HIP_102098"",""HIP_102422"",""HIP_102488"",""HIP_104732"",""HIP_104887"",""HIP_72622"",""HIP_74785"",""HIP_75264"",""HIP_76297"",""HIP_78401"",""HIP_78820"",""HIP_79593"",""HIP_80000"",""HIP_80112"",""HIP_80763"",""HIP_81266"",""HIP_81377"",""HIP_82396"",""HIP_82514"",""HIP_82729"",""HIP_83081"",""HIP_83153"",""HIP_84012"",""HIP_84143"",""HIP_84970"",""HIP_85258"",""HIP_85670"",""HIP_85792"",""HIP_85927"",""HIP_86228"",""HIP_86263"",""HIP_86670"",""HIP_87073"",""HIP_87261"",""HIP_87833"",""HIP_87933"",""HIP_88048"",""HIP_88192"",""HIP_88635"",""HIP_89642"",""HIP_89931"",""HIP_90185"",""HIP_90496"",""HIP_91262"",""HIP_92041"",""HIP_92420"",""HIP_93085"",""HIP_93194"",""HIP_93506"",""HIP_93864"",""HIP_97165"",""HIP_99675""]",2,4,1,0.055879024019096946,0.4678938757970741,6213.4639767730205,51983.576078473816,52353.59659008056,2448073.2232113066
70,step,sample-000070,70,1,False,2026-09-23T21:04:25.942787Z,2026-09-25T20:01:04.260707Z,0.0,-1.5427288932576393,176.03747117407363,-1.6814467693328543,-179.99492991098265,2.420761732413684,27,"[""HIP_21421"",""HIP_25336"",""HIP_26311"",""HIP_27989"",""HIP_30122"",""HIP_30438"",""HIP_32607"",""HIP_32768"",""HIP_33579"",""HIP_35264"",""HIP_35904"",""HIP_36377"",""HIP_37819"",""HIP_38170"",""HIP_39953"",""HIP_41037"",""HIP_42536"",""HIP_42913"",""HIP_44816"",""HIP_45556"",""HIP_45941"",""HIP_46701"",""HIP_47854"",""HIP_48774"",""HIP_50371"",""HIP_52727""]",2,3,2,-0.13871787607521502,3.9675989149437214,-15424.724054472525,441002.25342239015,441271.74492164707,
70,step,sample-000070,70,2,True,2026-09-23T21:04:25.944201Z,2026-09-25T20:18:19.085207Z,0.0,-1.5431858989652272,176.03527092548342,-1.2626760708815103,-179.99920599984424,1.668586881764697,15,"[""HIP_21421"",""HIP_25336"",""HIP_26311"",""HIP_27989"",""HIP_39953"",""HIP_41037"",""HIP_42913"",""HIP_45556"",""HIP_45941"",""HIP_46701"",""HIP_47854"",""HIP_48774"",""HIP_50371"",""HIP_52727""]",2,3,2,0.28050982808371683,3.965523074672319,31191.269756846672,440813.86880724056,441915.5200490076,
70,step,sample-000070,70,3,False,2026-09-23T21:04:25.945217Z,2026-09-25T21:00:09.347222Z,0.0,-1.5435487498812344,176.0362178587759,-1.6723363721500653,-179.9999998092225,2.224890917670425,23,"[""HIP_25336"",""HIP_26311"",""HIP_27989"",""HIP_30438"",""HIP_35264"",""HIP_39429"",""HIP_39953"",""HIP_41037"",""HIP_42913"",""HIP_44816"",""HIP_45556"",""HIP_45941"",""HIP_46701"",""HIP_47854"",""HIP_48002"",""HIP_48774"",""HIP_50371"",""HIP_51232"",""HIP_51576"",""HIP_52727"",""HIP_53253"",""HIP_59196""]",2,3,2,-0.1287876222688309,3.9637823320016423,-14320.530210909792,440578.932664937,440811.44560940884,
70,step,sample-000070,70,4,False,2026-09-23T21:04:25.946349Z,2026-09-25T21:00:25.229445Z,0.0,-1.5424462296082446,176.0350565724898,-1.679180653314037,-179.99999988504686,2.1160818648508046,24,"[""HIP_25336"",""HIP_26311"",""HIP_27989"",""HIP_30438"",""HIP_31681"",""HIP_35264"",""HIP_39429"",""HIP_39953"",""HIP_41037"",""HIP_42913"",""HIP_44816"",""HIP_45556"",""HIP_45941"",""HIP_46701"",""HIP_47854"",""HIP_48002"",""HIP_48774"",""HIP_50371"",""HIP_51232"",""HIP_51576"",""HIP_52727"",""HIP_53253"",""HIP_59196""]",2,3,2,-0.13673442370579236,3.9649435424633452,-15204.174213751596,440707.3821038294,440969.39788855024,
70,step,sample-000070,70,5,True,2026-09-23T21:04:25.947428Z,2026-09-25T20:40:36.037932Z,0.0,-1.543280578595847,176.034974771909,-1.526156464190252,-179.99999991780686,1.740558700238681,29,"[""HIP_20894"",""HIP_21421"",""HIP_25336"",""HIP_26311"",""HIP_27989"",""HIP_30438"",""HIP_31681"",""HIP_32362"",""HIP_35264"",""HIP_39429"",""HIP_39953"",""HIP_41037"",""HIP_42536"",""HIP_42570"",""HIP_42913"",""HIP_44816"",""HIP_45556"",""HIP_45941"",""HIP_46701"",""HIP_47854"",""HIP_48002"",""HIP_48774"",""HIP_50371"",""HIP_51232"",""HIP_51576"",""HIP_52727"",""HIP_53253""]",2,3,2,0.017124114405594915,3.9650253102841475,1904.1146451831582,440732.5419726,440736.59040764923,
70,summary,sample-000070,70,,,2026-09-23T21:04:25.948552Z,,,-1.542377119154542,176.0359683228803,-1.677654598265652,-179.99830986841732,2.2539114710954578,25,"[""HIP_21421"",""HIP_25336"",""HIP_26311"",""HIP_27989"",""HIP_30122"",""HIP_30438"",""HIP_31681"",""HIP_32607"",""HIP_32768"",""HIP_33579"",""HIP_35264"",""HIP_35904"",""HIP_36377"",""HIP_37819"",""HIP_38170"",""HIP_39429"",""HIP_39953"",""HIP_41037"",""HIP_42536"",""HIP_42913"",""HIP_44816"",""HIP_45556"",""HIP_45941"",""HIP_46701"",""HIP_47854"",""HIP_48002"",""HIP_48774"",""HIP_50371"",""HIP_51232"",""HIP_51576"",""HIP_52727"",""HIP_53253"",""HIP_59196""]",2,3,2,-0.1352774791111102,3.9657218087023693,-15042.169366420729,440794.05967483314,441050.47121567937,2419401.469611369
71,step,sample-000071,71,1,False,2026-09-23T21:05:36.328584Z,2026-09-25T21:05:06.024885Z,0.0,-47.12514139748777,179.85769979515555,-47.1337912656264,-179.99819776991984,0.04159612428730178,23,"[""HIP_61084"",""HIP_62322"",""HIP_63613"",""HIP_65109"",""HIP_66657"",""HIP_68002"",""HIP_68702"",""HIP_68933"",""HIP_71352"",""HIP_71683"",""HIP_71860"",""HIP_71908"",""HIP_73273"",""HIP_74395"",""HIP_74946"",""HIP_75264"",""HIP_76297"",""HIP_77952"",""HIP_79664"",""HIP_82273"",""HIP_82363"",""HIP_83081""]",1,5,0,-0.008649868138626005,0.14410243492460495,-961.8214531596245,10901.465349938058,10943.811613124255,
71,step,sample-000071,71,2,False,2026-09-23T21:05:36.329967Z,2026-09-25T21:23:23.135799Z,0.0,-47.12603883038578,179.85835297480747,-47.13118898938983,-179.99862632755315,0.025998695863858935,31,"[""HIP_30122"",""HIP_33856"",""HIP_33977"",""HIP_34444"",""HIP_35264"",""HIP_38170"",""HIP_39757"",""HIP_56561"",""HIP_59747"",""HIP_61585"",""HIP_62322"",""HIP_62434"",""HIP_63613"",""HIP_65109"",""HIP_66657"",""HIP_68002"",""HIP_68702"",""HIP_68933"",""HIP_71352"",""HIP_71683"",""HIP_71860"",""HIP_71908"",""HIP_73273"",""HIP_73334"",""HIP_74395"",""HIP_74946"",""HIP_75264"",""HIP_76297"",""HIP_77952"",""HIP_82273""]",1,5,0,-0.005150159004045918,0.14302069763937197,-572.6715526626996,10819.804454068048,10834.947536955793,
71,step,sample-000071,71,3,False,2026-09-23T21:05:36.331021Z,2026-09-25T21:40:24.933995Z,0.0,-47.12687747080625,179.86080099770243,-47.138367863199036,-179.99993607364542,0.028540055751321108,32,"[""HIP_31685"",""HIP_33579"",""HIP_33856"",""HIP_33977"",""HIP_34444"",""HIP_35264"",""HIP_38170"",""HIP_39757"",""HIP_62322"",""HIP_63613"",""HIP_65109"",""HIP_66657"",""HIP_68002"",""HIP_68702"",""HIP_68933"",""HIP_71352"",""HIP_71683"",""HIP_71860"",""HIP_71908"",""HIP_73273"",""HIP_74376"",""HIP_74395"",""HIP_74946"",""HIP_75264"",""HIP_76297"",""HIP_77952"",""HIP_79664"",""HIP_82273"",""HIP_82363"",""HIP_83081"",""HIP_85258""]",1,5,0,-0.01149039239278693,0.13926292865215828,-1277.6733392331384,10534.727580079014,10611.92269716236,
71,step,sample-000071,71,4,False,2026-09-23T21:05:36.332112Z,2026-09-25T21:07:09.887934Z,0.0,-47.125774989437446,179.85790219042565,-47.14660878392099,-179.99999973423942,0.0029388417711373265,24,"[""HIP_60718"",""HIP_61585"",""HIP_61932"",""HIP_62322"",""HIP_63613"",""HIP_66657"",""HIP_68002"",""HIP_68933"",""HIP_71352"",""HIP_71683"",""HIP_71860"",""HIP_71908"",""HIP_73273"",""HIP_73334"",""HIP_74395"",""HIP_74946"",""HIP_75264"",""HIP_76297"",""HIP_77952"",""HIP_82273"",""HIP_82363"",""HIP_83081""]",1,5,0,-0.0208337944835435,0.14209807533495677,-2316.612249325432,10748.4745453055,10995.28807463612,
71,step,sample-000071,71,5,False,2026-09-23T21:05:36.333225Z,2026-09-25T20:28:57.230983Z,0.0,-47.12516829131089,179.85872852364514,-47.12622360725519,-179.99999999240384,0.010075209587849555,23,"[""HIP_56561"",""HIP_59196"",""HIP_59747"",""HIP_61585"",""HIP_61932"",""HIP_62322"",""HIP_62434"",""HIP_64962"",""HIP_65109"",""HIP_66657"",""HIP_68002"",""HIP_68895"",""HIP_68933"",""HIP_71352"",""HIP_71683"",""HIP_71860"",""HIP_71908"",""HIP_73273"",""HIP_74395"",""HIP_74946"",""HIP_75264"",""HIP_77952""]",1,5,0,-0.0010553159442991955,0.14127148395101585,-117.34577901318228,10688.059208709456,10688.701912969304,
71,summary,sample-000071,71,,,2026-09-23T21:05:36.334461Z,,,-47.12557059641546,179.8598427460915,-47.13523610187829,-179.99935197955233,0.021829785455017285,27,"[""HIP_30122"",""HIP_31685"",""HIP_33579"",""HIP_33856"",""HIP_33977"",""HIP_34444"",""HIP_35264"",""HIP_38170"",""HIP_39757"",""HIP_56561"",""HIP_59196"",""HIP_59747"",""HIP_60718"",""HIP_61084"",""HIP_61585"",""HIP_61932"",""HIP_62322"",""HIP_62434"",""HIP_63613"",""HIP_64962"",""HIP_65109"",""HIP_66657"",""HIP_68002"",""HIP_68702"",""HIP_68895"",""HIP_68933"",""HIP_71352"",""HIP_71683"",""HIP_71860"",""HIP_71908"",""HIP_73273"",""HIP_73334"",""HIP_74376"",""HIP_74395"",""HIP_74946"",""HIP_75264"",""HIP_76297"",""HIP_77952"",""HIP_79664"",""HIP_82273"",""HIP_82363"",""HIP_83081"",""HIP_85258""]",1,5,0,-0.00966550546283429,0.1408052743561825,-1074.7551709224406,10651.844834920725,10705.926638355437,2385476.180273721
72,step,sample-000072,72,1,False,2026-09-23T21:06:30.990533Z,2026-09-25T21:33:35.609565Z,0.0,72.92282914792271,69.67415074537723,73.23828500234002,68.5182459523844,0.40368020346767697,22,"[""HIP_100453"",""HIP_102098"",""HIP_102422"",""HIP_102488"",""HIP_104887"",""HIP_109492"",""HIP_111169"",""HIP_17358"",""HIP_18246"",""HIP_18532"",""HIP_20894"",""HIP_21421"",""HIP_23015"",""HIP_23416"",""HIP_23453"",""HIP_23767"",""HIP_24608"",""HIP_25428"",""HIP_28380"",""HIP_32246"",""HIP_97165""]",2,4,1,0.3154558544173085,-1.1559047929928283,35077.090591529224,-37405.9008270957,51278.08636746368,
72,step,sample-000072,72,2,True,2026-09-23T21:06:30.991755Z,2026-09-25T21:33:44.391573Z,0.0,72.92030636112112,69.6783152293552,73.49146360611775,70.55389457566093,2.441230180660713,20,"[""HIP_14576"",""HIP_18246"",""HIP_18532"",""HIP_21421"",""HIP_23015"",""HIP_23416"",""HIP_23453"",""HIP_23767"",""HIP_24608"",""HIP_25428"",""HIP_26451"",""HIP_28358"",""HIP_28360"",""HIP_28380"",""HIP_29655"",""HIP_30343"",""HIP_32246"",""HIP_36850"",""HIP_37826""]",2,4,1,0.5711572449966269,0.8755793463057273,63509.787959908186,28130.55690019048,69459.23196158206,
72,step,sample-000072,72,3,False,2026-09-23T21:06:30.992870Z,2026-09-25T21:09:20.499639Z,0.0,72.92158428363199,69.67698039164469,72.34427761918239,68.46398031418059,-0.4693212060916819,26,"[""HIP_100453"",""HIP_102098"",""HIP_102488"",""HIP_104732"",""HIP_104887"",""HIP_106481"",""HIP_111169"",""HIP_21421"",""HIP_23015"",""HIP_23767"",""HIP_25428"",""HIP_26451"",""HIP_28380"",""HIP_29655"",""HIP_30343"",""HIP_32246"",""HIP_36850"",""HIP_37826"",""HIP_91262"",""HIP_92420"",""HIP_93194"",""HIP_97165"",""HIP_98110"",""HIP_99675""]",2,4,1,-0.5773066644495941,-1.2130000774641019,-64193.5722048875,-40260.47727376659,75770.91322086495,
72,step,sample-000072,72,4,False,2026-09-23T21:06:30.993895Z,2026-09-25T21:07:22.542349Z,0.0,72.92125104391747,69.67747627401289,72.55856595975219,68.82183189829418,-0.2071053130346462,32,"[""HIP_100453"",""HIP_102098"",""HIP_102422"",""HIP_102488"",""HIP_104732"",""HIP_104887"",""HIP_106481"",""HIP_109492"",""HIP_111169"",""HIP_18532"",""HIP_21421"",""HIP_23015"",""HIP_23416"",""HIP_23453"",""HIP_23767"",""HIP_24608"",""HIP_25428"",""HIP_26451"",""HIP_28360"",""HIP_28380"",""HIP_29655"",""HIP_30343"",""HIP_32246"",""HIP_36850"",""HIP_37826"",""HIP_91262"",""HIP_92420"",""HIP_93194"",""HIP_97165"",""HIP_98110"",""HIP_99675""]",2,4,1,-0.3626850841652782,-0.8556443757187253,-40328.74132883373,-28229.951445772054,49226.40218630864,
72,step,sample-000072,72,5,False,2026-09-23T21:06:30.994962Z,2026-09-25T20:50:40.098712Z,0.0,72.9204668711843,69.67721292488943,72.38301977979052,68.68047934795125,-0.20282527215235163,28,"[""HIP_100453"",""HIP_102098"",""HIP_102422"",""HIP_102488"",""HIP_104060"",""HIP_104732"",""HIP_104887"",""HIP_106481"",""HIP_109492"",""HIP_111169"",""HIP_23015"",""HIP_23767"",""HIP_25428"",""HIP_26451"",""HIP_28380"",""HIP_29655"",""HIP_30343"",""HIP_32246"",""HIP_36850"",""HIP_37826"",""HIP_85670"",""HIP_87833"",""HIP_91262"",""HIP_92420"",""HIP_93194"",""HIP_97165"",""HIP_98110""]",2,4,1,-0.537447091393787,-0.9967335769381975,-59761.3899028636,-33047.679917057154,68288.3122570366,
72,summary,sample-000072,72,,,2026-09-23T21:06:30.996126Z,,,72.92184600288628,69.67805476246863,72.63103709026628,68.62113437820261,-0.11889414583824716,27,"[""HIP_100453"",""HIP_102098"",""HIP_102422"",""HIP_102488"",""HIP_104060"",""HIP_104732"",""HIP_104887"",""HIP_106481"",""HIP_109492"",""HIP_111169"",""HIP_17358"",""HIP_18246"",""HIP_18532"",""HIP_20894"",""HIP_21421"",""HIP_23015"",""HIP_23416"",""HIP_23453"",""HIP_23767"",""HIP_24608"",""HIP_25428"",""HIP_26451"",""HIP_28360"",""HIP_28380"",""HIP_29655"",""HIP_30343"",""HIP_32246"",""HIP_36850"",""HIP_37826"",""HIP_85670"",""HIP_87833"",""HIP_91262"",""HIP_92420"",""HIP_93194"",""HIP_97165"",""HIP_98110"",""HIP_99675""]",2,4,1,-0.2908089126200082,-1.0569203842660215,-32336.4757063657,-34799.006172152665,47502.667405722495,2353004.3259283323
73,step,sample-000073,73,1,True,2026-09-23T21:07:09.961064Z,2026-09-25T21:33:25.558816Z,0.0,-30.97744129487955,60.821148756375976,-30.95569653845766,61.001382575024515,0.0027443686256894404,9,"[""HIP_21421"",""HIP_24305"",""HIP_24674"",""HIP_25336"",""HIP_26311"",""HIP_27288"",""HIP_28103"",""HIP_30122"",""HIP_31592""]",1,3,2,0.02174475642189222,0.1802338186485315,2417.906595236103,17184.583534785408,17353.8500547745,
73,step,sample-000073,73,2,True,2026-09-23T21:07:09.962574Z,2026-09-25T21:14:01.162322Z,0.0,-30.97720835226885,60.82007740927244,-31.419370532730692,58.08536522550981,-0.20847829763910436,9,"[""HIP_18543"",""HIP_24305"",""HIP_24674"",""HIP_27072"",""HIP_27288"",""HIP_27628"",""HIP_28103"",""HIP_30122""]",2,3,2,-0.4421621804618425,-2.734712183762639,-49166.19122145272,-260109.10239551342,264707.21062293084,
73,step,sample-000073,73,3,False,2026-09-23T21:07:09.963704Z,2026-09-25T21:19:58.170642Z,0.0,-30.974882890053912,60.82113292538946,-30.984782795377697,60.96942250824878,0.0004373816431146633,13,"[""HIP_18543"",""HIP_20042"",""HIP_24305"",""HIP_24674"",""HIP_26311"",""HIP_27072"",""HIP_27288"",""HIP_27628"",""HIP_27654"",""HIP_28103"",""HIP_30122"",""HIP_31685"",""HIP_32759""]",1,3,2,-0.009899905323784708,0.14828958285932003,-1100.8192462663171,14136.862207888693,14179.656043261255,
73,step,sample-000073,73,4,False,2026-09-23T21:07:09.965034Z,2026-09-25T21:33:04.067850Z,0.0,-30.976054084456106,60.82024590327373,-30.99278646038826,60.956673135410945,-0.001440543445622357,15,"[""HIP_18543"",""HIP_20042"",""HIP_24305"",""HIP_24674"",""HIP_25336"",""HIP_26311"",""HIP_27072"",""HIP_27288"",""HIP_27628"",""HIP_28103"",""HIP_30122"",""HIP_31592"",""HIP_31685"",""HIP_32759"",""HIP_33579""]",1,3,2,-0.016732375932154042,0.13642723213720842,-1860.5553143650488,13005.365774130381,13137.77687872775,
73,step,sample-000073,73,5,False,2026-09-23T21:07:09.966928Z,2026-09-25T21:23:34.546595Z,0.0,-30.974814566330288,60.822128464845775,-30.989643316131662,60.981571211901475,0.0026202822840672153,12,"[""HIP_18543"",""HIP_21421"",""HIP_24305"",""HIP_24674"",""HIP_25336"",""HIP_26311"",""HIP_27072"",""HIP_27288"",""HIP_27628"",""HIP_30122"",""HIP_31685"",""HIP_32759""]",1,3,2,-0.014828749801374386,0.15944274705569228,-1648.8817463943399,15199.74300386577,15288.916122625511,
73,summary,sample-000073,73,,,2026-09-23T21:07:09.968159Z,,,-30.97623837338215,60.821149194569756,-30.989070857299208,60.96922228518707,0.0005390401604985765,13,"[""HIP_18543"",""HIP_20042"",""HIP_21421"",""HIP_24305"",""HIP_24674"",""HIP_25336"",""HIP_26311"",""HIP_27072"",""HIP_27288"",""HIP_27628"",""HIP_27654"",""HIP_28103"",""HIP_30122"",""HIP_31592"",""HIP_31685"",""HIP_32759"",""HIP_33579""]",1,3,2,-0.012832483917058823,0.14807309061731644,-1426.9071078248357,14115.805984453802,14187.741587818584,2320965.7425812017
74,step,sample-000074,74,1,False,2026-09-23T21:08:17.781580Z,2026-09-25T21:20:36.865441Z,0.0,-55.52855496233257,103.16022777720667,-55.558068842785005,103.22453819595347,0.05067036585071516,17,"[""HIP_25336"",""HIP_26311"",""HIP_42913"",""HIP_45941"",""HIP_48002"",""HIP_48774"",""HIP_50371"",""HIP_51232"",""HIP_51576"",""HIP_52419"",""HIP_53253"",""HIP_56561"",""HIP_59747"",""HIP_60260"",""HIP_61084"",""HIP_61585"",""HIP_62322""]",1,5,0,-0.029513880452434194,0.06431041874679977,-3281.7937719046963,4045.910510594127,5209.564126137397,
74,step,sample-000074,74,2,False,2026-09-23T21:08:17.783475Z,2026-09-25T21:39:17.897429Z,0.0,-55.52659590806413,103.16011659325432,-55.602685877285516,103.24866463427418,-0.024004866916074924,25,"[""HIP_25336"",""HIP_26311"",""HIP_27989"",""HIP_45941"",""HIP_46701"",""HIP_48002"",""HIP_48774"",""HIP_50371"",""HIP_51232"",""HIP_51576"",""HIP_52419"",""HIP_53253"",""HIP_56561"",""HIP_59747"",""HIP_61084"",""HIP_61585"",""HIP_62322"",""HIP_62434"",""HIP_66657"",""HIP_68702"",""HIP_71683"",""HIP_71908"",""HIP_74946"",""HIP_77952"",""HIP_82273""]",1,5,0,-0.07608996922138545,0.08854804101986247,-8460.818545958686,5567.730232279165,10128.426954753588,
74,step,sample-000074,74,3,False,2026-09-23T21:08:17.784692Z,2026-09-25T21:38:37.355156Z,0.0,-55.52727676364108,103.15907314397083,-55.57659166696519,103.23066295327627,0.040723042270062605,26,"[""HIP_25336"",""HIP_26311"",""HIP_27989"",""HIP_41037"",""HIP_45556"",""HIP_46701"",""HIP_47854"",""HIP_48002"",""HIP_48774"",""HIP_50371"",""HIP_51232"",""HIP_51576"",""HIP_52419"",""HIP_53253"",""HIP_56561"",""HIP_59747"",""HIP_61585"",""HIP_62322"",""HIP_62434"",""HIP_66657"",""HIP_68702"",""HIP_71683"",""HIP_71908"",""HIP_74946"",""HIP_77952"",""HIP_82273""]",1,5,0,-0.049314903324109594,0.07158980930543635,-5483.567057607872,4502.885228960476,7095.4543218882445,
74,step,sample-000074,74,4,False,2026-09-23T21:08:17.785808Z,2026-09-25T21:13:02.853805Z,0.0,-55.52845637484739,103.16122991250535,-55.59786387750045,103.1990391307747,0.030413561348820426,28,"[""HIP_25336"",""HIP_26311"",""HIP_44816"",""HIP_45941"",""HIP_46701"",""HIP_47854"",""HIP_48002"",""HIP_48774"",""HIP_50371"",""HIP_51232"",""HIP_51576"",""HIP_52419"",""HIP_53253"",""HIP_54463"",""HIP_56561"",""HIP_59747"",""HIP_60009"",""HIP_60718"",""HIP_61084"",""HIP_61585"",""HIP_62322"",""HIP_62434"",""HIP_68702"",""HIP_71683"",""HIP_71908"",""HIP_74946"",""HIP_77952"",""HIP_82273""]",1,5,0,-0.06940750265306406,0.03780921826933081,-7717.762166089474,2377.4604190107816,8075.652645745647,
74,step,sample-000074,74,5,False,2026-09-23T21:08:17.786959Z,2026-09-25T21:17:49.467471Z,0.0,-55.52686838533255,103.16246003382105,-55.62058768925528,103.16012717556397,0.061273251168593,22,"[""HIP_42913"",""HIP_44816"",""HIP_45941"",""HIP_48002"",""HIP_48774"",""HIP_50371"",""HIP_51232"",""HIP_51576"",""HIP_52419"",""HIP_53253"",""HIP_56561"",""HIP_59747"",""HIP_60718"",""HIP_61084"",""HIP_61585"",""HIP_62322"",""HIP_68702"",""HIP_71683"",""HIP_71908"",""HIP_74946"",""HIP_77952"",""HIP_82273""]",1,5,0,-0.09371930392273242,-0.002332858257091175,-10421.111124867337,-146.6516992288284,10422.142954417184,
74,summary,sample-000074,74,,,2026-09-23T21:08:17.788093Z,,,-55.526809803287755,103.16030619571535,-55.59115959075829,103.21260641796852,0.03181507217568332,24,"[""HIP_25336"",""HIP_26311"",""HIP_27989"",""HIP_41037"",""HIP_42913"",""HIP_44816"",""HIP_45556"",""HIP_45941"",""HIP_46701"",""HIP_47854"",""HIP_48002"",""HIP_48774"",""HIP_50371"",""HIP_51232"",""HIP_51576"",""HIP_52419"",""HIP_53253"",""HIP_54463"",""HIP_56561"",""HIP_59747"",""HIP_60009"",""HIP_60260"",""HIP_60718"",""HIP_61084"",""HIP_61585"",""HIP_62322"",""HIP_62434"",""HIP_66657"",""HIP_68702"",""HIP_71683"",""HIP_71908"",""HIP_74946"",""HIP_77952"",""HIP_82273""]",1,5,0,-0.06434978747053322,0.052300222253165884,-7155.369897378886,3289.0107037230905,7875.0810075651825,2289707.7606680444
75,step,sample-000075,75,1,False,2026-09-23T21:09:28.304848Z,2026-09-25T21:05:13.663953Z,0.0,7.114364446849707,143.9225468276926,7.022126084482822,143.94904704059414,0.09535332139554456,18,"[""HIP_30122"",""HIP_30438"",""HIP_32768"",""HIP_33856"",""HIP_35264"",""HIP_35904"",""HIP_36377"",""HIP_37229"",""HIP_37819"",""HIP_38170"",""HIP_38414"",""HIP_38827"",""HIP_39429"",""HIP_39757"",""HIP_39953"",""HIP_42536"",""HIP_44816""]",1,3,2,-0.09223836236688499,0.02650021290153859,-10256.437937200002,2924.2952415216228,10665.177911542178,
75,step,sample-000075,75,2,True,2026-09-23T21:09:28.306187Z,2026-09-25T22:08:06.902637Z,0.0,7.115381341101857,143.92182839657596,7.041279795127662,143.99631127965782,0.193416783789488,24,"[""HIP_25336"",""HIP_27989"",""HIP_30438"",""HIP_32768"",""HIP_33856"",""HIP_33977"",""HIP_34444"",""HIP_35264"",""HIP_35904"",""HIP_36377"",""HIP_37229"",""HIP_37677"",""HIP_38170"",""HIP_38414"",""HIP_39429"",""HIP_39757"",""HIP_39953"",""HIP_42536"",""HIP_42570"",""HIP_42913"",""HIP_44816"",""HIP_45941""]",1,3,2,-0.07410154597419538,0.07448288308185624,-8239.715968849054,8218.997491554177,11638.076688933212,
75,step,sample-000075,75,3,True,2026-09-23T21:09:28.307471Z,2026-09-25T20:54:53.678060Z,0.0,7.114958164176012,143.9227019764897,7.059779144814278,143.91552328104208,0.12974562090201416,29,"[""HIP_17358"",""HIP_23015"",""HIP_23416"",""HIP_23453"",""HIP_23767"",""HIP_24305"",""HIP_24608"",""HIP_28360"",""HIP_28380"",""HIP_30122"",""HIP_30438"",""HIP_32768"",""HIP_33152"",""HIP_33579"",""HIP_35264"",""HIP_35904"",""HIP_36377"",""HIP_37229"",""HIP_37677"",""HIP_37819"",""HIP_38170"",""HIP_38414"",""HIP_38827"",""HIP_39757"",""HIP_39953"",""HIP_42536"",""HIP_42570"",""HIP_44816""]",1,3,2,-0.055179019361734305,-0.007178695447606742,-6135.627010246732,-792.1353337138476,6186.549696319299,
75,step,sample-000075,75,4,False,2026-09-23T21:09:28.310400Z,2026-09-25T22:07:10.464457Z,0.0,7.116504175052629,143.92243089866736,7.041652426000064,143.97008390988375,0.16451582834002512,20,"[""HIP_31592"",""HIP_32768"",""HIP_33152"",""HIP_33856"",""HIP_33977"",""HIP_34444"",""HIP_35037"",""HIP_35264"",""HIP_35904"",""HIP_37229"",""HIP_37677"",""HIP_37819"",""HIP_38170"",""HIP_39429"",""HIP_39757"",""HIP_39953"",""HIP_42536"",""HIP_42570"",""HIP_44816""]",1,3,2,-0.07485174905256553,0.04765301121639709,-8323.134745116942,5258.3805664944575,9845.056324302479,
75,step,sample-000075,75,5,False,2026-09-23T21:09:28.312069Z,2026-09-25T21:43:23.426698Z,0.0,7.116552777249198,143.9219924136023,7.025429282115383,143.95088646375223,0.11008302943019906,23,"[""HIP_27628"",""HIP_30122"",""HIP_30438"",""HIP_31685"",""HIP_32768"",""HIP_33856"",""HIP_34444"",""HIP_35264"",""HIP_35904"",""HIP_36377"",""HIP_37677"",""HIP_37819"",""HIP_38170"",""HIP_38414"",""HIP_38827"",""HIP_39429"",""HIP_39953"",""HIP_42536"",""HIP_42570"",""HIP_42913"",""HIP_44511"",""HIP_44816""]",1,3,2,-0.09112349513381446,0.02889405014991553,-10132.470357000304,3188.435938298344,10622.291514692317,
75,summary,sample-000075,75,,,2026-09-23T21:09:28.313328Z,,,7.116126517078223,143.92236689602737,7.02973593086609,143.95667247141,0.1233173922811729,20,"[""HIP_27628"",""HIP_30122"",""HIP_30438"",""HIP_31592"",""HIP_31685"",""HIP_32768"",""HIP_33152"",""HIP_33856"",""HIP_33977"",""HIP_34444"",""HIP_35037"",""HIP_35264"",""HIP_35904"",""HIP_36377"",""HIP_37229"",""HIP_37677"",""HIP_37819"",""HIP_38170"",""HIP_38414"",""HIP_38827"",""HIP_39429"",""HIP_39757"",""HIP_39953"",""HIP_42536"",""HIP_42570"",""HIP_42913"",""HIP_44511"",""HIP_44816""]",1,3,2,-0.08639058621213369,0.034305575382632014,-9606.194896638634,3785.577631270719,10325.19130804333,2259315.993076578
76,step,sample-000076,76,1,False,2026-09-23T21:10:06.039074Z,2026-09-25T21:54:00.131595Z,0.0,-24.65354269004541,31.34799245067788,-24.634109932773036,31.345814607544668,0.06639329729512677,22,"[""HIP_100064"",""HIP_100345"",""HIP_102618"",""HIP_105881"",""HIP_10602"",""HIP_106278"",""HIP_106985"",""HIP_107315"",""HIP_107556"",""HIP_109074"",""HIP_109427"",""HIP_110960"",""HIP_112029"",""HIP_112748"",""HIP_113881"",""HIP_113963"",""HIP_19780"",""HIP_2021"",""HIP_7083"",""HIP_7588"",""HIP_9007"",""HIP_9236""]",1,5,0,0.019432757272372925,-0.0021778431332108994,2160.8240194030227,-220.10808571389575,2172.00552749441,
76,step,sample-000076,76,2,False,2026-09-23T21:10:06.040584Z,2026-09-25T21:40:01.721557Z,0.0,-24.652310259137735,31.347619343254564,-24.663918701934985,31.30298338710241,0.1461556734244578,18,"[""HIP_100751"",""HIP_101772"",""HIP_102395"",""HIP_103227"",""HIP_106278"",""HIP_107315"",""HIP_109074"",""HIP_109176"",""HIP_109427"",""HIP_110130"",""HIP_110395"",""HIP_112029"",""HIP_112748"",""HIP_113881"",""HIP_113963"",""HIP_114971"",""HIP_95241"",""HIP_99240""]",1,5,0,-0.011608442797250262,-0.04463595615214899,-1290.799945297799,-4510.706221037255,4691.762442682812,
76,step,sample-000076,76,3,False,2026-09-23T21:10:06.042309Z,2026-09-25T21:47:28.940629Z,0.0,-24.653614290880466,31.345654346220243,-24.62996494205295,31.290757398823807,0.1444805374752858,16,"[""HIP_100064"",""HIP_100345"",""HIP_102618"",""HIP_105881"",""HIP_106278"",""HIP_106985"",""HIP_107315"",""HIP_107556"",""HIP_109074"",""HIP_109427"",""HIP_110395"",""HIP_110960"",""HIP_112029"",""HIP_112748"",""HIP_113881"",""HIP_113963""]",1,5,0,0.023649348827515126,-0.05489694739642914,2629.6876080671254,-5548.360605091862,6139.996840209898,
76,step,sample-000076,76,4,False,2026-09-23T21:10:06.043921Z,2026-09-25T22:27:37.310964Z,0.0,-24.65338639608646,31.347690301456225,-24.552902183906056,31.460723777634204,0.0904647936818154,5,"[""HIP_17378"",""HIP_18543"",""HIP_22797"",""HIP_24305"",""HIP_677""]",1,5,0,0.1004842121804046,0.11303347617797499,11173.334602336365,11427.6733729004,15982.335967716726,
76,step,sample-000076,76,5,False,2026-09-23T21:10:06.045249Z,2026-09-25T22:38:15.820034Z,0.0,-24.65387434848983,31.344761257533463,-24.57756351213302,31.436422025984125,0.0779417714635634,5,"[""HIP_18543"",""HIP_24305"",""HIP_24674"",""HIP_27072"",""HIP_677""]",1,5,0,0.0763108363568108,0.09166076845065163,8485.377850880503,9265.96321235522,12564.222525221025,
76,summary,sample-000076,76,,,2026-09-23T21:10:06.046627Z,,,-24.65312463460935,31.346541099831853,-24.61169185456001,31.367340239417842,0.10508721416709493,13,"[""HIP_100064"",""HIP_100345"",""HIP_100751"",""HIP_101772"",""HIP_102395"",""HIP_102618"",""HIP_103227"",""HIP_105881"",""HIP_10602"",""HIP_106278"",""HIP_106985"",""HIP_107315"",""HIP_107556"",""HIP_109074"",""HIP_109176"",""HIP_109427"",""HIP_110130"",""HIP_110395"",""HIP_110960"",""HIP_112029"",""HIP_112748"",""HIP_113881"",""HIP_113963"",""HIP_114971"",""HIP_17378"",""HIP_18543"",""HIP_19780"",""HIP_2021"",""HIP_22797"",""HIP_24305"",""HIP_24674"",""HIP_27072"",""HIP_677"",""HIP_7083"",""HIP_7588"",""HIP_9007"",""HIP_9236"",""HIP_95241"",""HIP_99240""]",1,5,0,0.041432780049341034,0.020799139585989224,4607.114938266613,2102.2989117706043,5064.10588814292,2229654.7840346247
77,step,sample-000077,77,1,False,2026-09-23T21:10:59.040475Z,2026-09-25T23:05:18.316513Z,0.0,19.10703405436659,25.3553777703994,19.16803568106571,25.364477407427778,0.09769019763130969,32,"[""HIP_100453"",""HIP_102098"",""HIP_102422"",""HIP_102488"",""HIP_104732"",""HIP_104887"",""HIP_105199"",""HIP_106032"",""HIP_106481"",""HIP_109492"",""HIP_110991"",""HIP_111169"",""HIP_14328"",""HIP_15863"",""HIP_17358"",""HIP_17702"",""HIP_18246"",""HIP_18532"",""HIP_20894"",""HIP_21421"",""HIP_23015"",""HIP_23416"",""HIP_23767"",""HIP_24608"",""HIP_25336"",""HIP_25428"",""HIP_26451"",""HIP_2920"",""HIP_4427"",""HIP_6686"",""HIP_746"",""HIP_99675""]",1,5,0,0.06100162669912024,0.009099637028384677,6783.07140600743,955.9138339681525,6850.096994880077,
77,step,sample-000077,77,2,False,2026-09-23T21:10:59.042897Z,2026-09-25T21:58:46.148671Z,0.0,19.1098861041607,25.355824174483956,19.15520330398539,25.318309910461522,0.08447724279974148,16,"[""HIP_100453"",""HIP_102488"",""HIP_104060"",""HIP_104732"",""HIP_104887"",""HIP_105199"",""HIP_106481"",""HIP_107533"",""HIP_109492"",""HIP_111169"",""HIP_14328"",""HIP_4427"",""HIP_6686"",""HIP_746"",""HIP_97165"",""HIP_98110""]",1,5,0,0.045317199824690846,-0.03751426402243396,5039.042710243309,-3940.980010298262,6397.130115576626,
77,step,sample-000077,77,3,False,2026-09-23T21:10:59.044326Z,2026-09-25T23:12:19.920695Z,0.0,19.106948406435315,25.35621798823763,19.15997097493964,25.412298383950876,0.1265389071805272,25,"[""HIP_102422"",""HIP_105199"",""HIP_109492"",""HIP_111169"",""HIP_14328"",""HIP_15863"",""HIP_17358"",""HIP_17702"",""HIP_18246"",""HIP_18532"",""HIP_20894"",""HIP_21421"",""HIP_23015"",""HIP_23416"",""HIP_23767"",""HIP_24608"",""HIP_25336"",""HIP_25428"",""HIP_26451"",""HIP_28360"",""HIP_28380"",""HIP_2920"",""HIP_4427"",""HIP_6686"",""HIP_746""]",1,5,0,0.05302256850432485,0.056080395713252074,5895.840615344492,5891.3722494165395,8334.818526735251,
77,step,sample-000077,77,4,False,2026-09-23T21:10:59.045487Z,2026-09-25T23:36:14.024669Z,0.0,19.107156386685563,25.355070661924003,19.145450369263646,25.421047559848073,0.10799413337626644,23,"[""HIP_105199"",""HIP_109492"",""HIP_111169"",""HIP_14328"",""HIP_17358"",""HIP_18246"",""HIP_18532"",""HIP_23015"",""HIP_23416"",""HIP_23767"",""HIP_24608"",""HIP_24674"",""HIP_25336"",""HIP_25428"",""HIP_26311"",""HIP_26451"",""HIP_27989"",""HIP_28360"",""HIP_28380"",""HIP_2920"",""HIP_4427"",""HIP_6686"",""HIP_746""]",1,5,0,0.038293982578082364,0.06597689792405959,4258.0965836978785,6931.3224471636295,8134.778078046342,
77,step,sample-000077,77,5,False,2026-09-23T21:10:59.046577Z,2026-09-25T22:33:02.941022Z,0.0,19.108489477275786,25.356037606121618,19.15121020024456,25.339541788294966,0.08186892021150428,24,"[""HIP_100453"",""HIP_102098"",""HIP_102488"",""HIP_104732"",""HIP_104887"",""HIP_105199"",""HIP_106481"",""HIP_109492"",""HIP_110538"",""HIP_111169"",""HIP_113726"",""HIP_116584"",""HIP_14576"",""HIP_17702"",""HIP_18246"",""HIP_23015"",""HIP_23416"",""HIP_23767"",""HIP_2920"",""HIP_4427"",""HIP_6686"",""HIP_746"",""HIP_97165"",""HIP_98110""]",1,5,0,0.04272072296877383,-0.01649581782663745,4750.327656715321,-1732.960800211103,5056.556712788118,
77,summary,sample-000077,77,,,2026-09-23T21:10:59.047641Z,,,19.108273463296804,25.355231691105132,19.15597410589979,25.371135009996635,0.09971388013180804,24,"[""HIP_100453"",""HIP_102098"",""HIP_102422"",""HIP_102488"",""HIP_104060"",""HIP_104732"",""HIP_104887"",""HIP_105199"",""HIP_106032"",""HIP_106481"",""HIP_107533"",""HIP_109492"",""HIP_110538"",""HIP_110991"",""HIP_111169"",""HIP_113726"",""HIP_116584"",""HIP_14328"",""HIP_14576"",""HIP_15863"",""HIP_17358"",""HIP_17702"",""HIP_18246"",""HIP_18532"",""HIP_20894"",""HIP_21421"",""HIP_23015"",""HIP_23416"",""HIP_23767"",""HIP_24608"",""HIP_24674"",""HIP_25336"",""HIP_25428"",""HIP_26311"",""HIP_26451"",""HIP_27989"",""HIP_28360"",""HIP_28380"",""HIP_2920"",""HIP_4427"",""HIP_6686"",""HIP_746"",""HIP_97165"",""HIP_98110"",""HIP_99675""]",1,5,0,0.047700642602986676,0.015903318891503204,5304.069455137416,1670.6930873687795,5560.968257035093,2200770.448764786
78,step,sample-000078,78,1,False,2026-09-23T21:11:54.940449Z,2026-09-25T22:42:02.070007Z,0.0,-14.78099123539727,81.7558321344996,-14.738143954561492,81.82378723044188,0.08971776942722638,29,"[""HIP_14576"",""HIP_15900"",""HIP_17702"",""HIP_18246"",""HIP_18532"",""HIP_18724"",""HIP_20889"",""HIP_20894"",""HIP_21421"",""HIP_23015"",""HIP_23416"",""HIP_23453"",""HIP_23767"",""HIP_24608"",""HIP_25428"",""HIP_26451"",""HIP_28360"",""HIP_28380"",""HIP_30122"",""HIP_30343"",""HIP_31685"",""HIP_33977"",""HIP_35264"",""HIP_35904"",""HIP_38170"",""HIP_39429"",""HIP_39953"",""HIP_42536"",""HIP_42913""]",1,5,0,0.04284728083577782,0.06795509594229543,4764.400249453122,7306.931035792528,8723.0010596267,
78,step,sample-000078,78,2,False,2026-09-23T21:11:54.943368Z,2026-09-26T00:29:45.681293Z,0.0,-14.780810432636992,81.75514528442312,-14.788793914452413,81.77292894333819,0.10979175048413345,39,"[""HIP_23015"",""HIP_23416"",""HIP_23453"",""HIP_23767"",""HIP_24608"",""HIP_25428"",""HIP_26451"",""HIP_28360"",""HIP_28380"",""HIP_29655"",""HIP_30343"",""HIP_30438"",""HIP_32246"",""HIP_32768"",""HIP_36377"",""HIP_36850"",""HIP_37819"",""HIP_37826"",""HIP_38414"",""HIP_38827"",""HIP_39953"",""HIP_41037"",""HIP_42536"",""HIP_42570"",""HIP_42828"",""HIP_42913"",""HIP_44816"",""HIP_45238"",""HIP_45556"",""HIP_45941"",""HIP_46701"",""HIP_47854"",""HIP_48002"",""HIP_48774"",""HIP_50371"",""HIP_51232"",""HIP_51576"",""HIP_52727""]",1,5,0,-0.007983481815420745,0.017783658915050182,-887.7226748338784,1911.981390498568,2108.014320626197,
78,step,sample-000078,78,3,False,2026-09-23T21:11:54.944535Z,2026-09-25T23:37:47.178885Z,0.0,-14.780699050919601,81.75616269138084,-14.733241660934091,81.76362931343895,0.10503744392084326,32,"[""HIP_14576"",""HIP_17702"",""HIP_18246"",""HIP_18532"",""HIP_20894"",""HIP_21421"",""HIP_23015"",""HIP_23416"",""HIP_23453"",""HIP_23767"",""HIP_24608"",""HIP_25428"",""HIP_26451"",""HIP_28360"",""HIP_28380"",""HIP_29655"",""HIP_30343"",""HIP_30438"",""HIP_31681"",""HIP_32246"",""HIP_32362"",""HIP_32768"",""HIP_36188"",""HIP_36377"",""HIP_36850"",""HIP_37826"",""HIP_39429"",""HIP_39953"",""HIP_44816"",""HIP_45556"",""HIP_45941"",""HIP_46701""]",1,5,0,0.04745738998551019,0.007466622058132089,5277.020998181022,802.8646446776087,5337.746922469768,
78,step,sample-000078,78,4,False,2026-09-23T21:11:54.945632Z,2026-09-25T23:08:33.024209Z,0.0,-14.779759173730008,81.7544544704262,-14.769180571093115,81.80886990669673,0.0655362393405557,28,"[""HIP_20889"",""HIP_20894"",""HIP_21421"",""HIP_23015"",""HIP_23416"",""HIP_23453"",""HIP_23767"",""HIP_25428"",""HIP_28380"",""HIP_29655"",""HIP_30122"",""HIP_30343"",""HIP_30438"",""HIP_31685"",""HIP_32768"",""HIP_33856"",""HIP_33977"",""HIP_35264"",""HIP_35904"",""HIP_38170"",""HIP_39429"",""HIP_39757"",""HIP_39953"",""HIP_41037"",""HIP_42913"",""HIP_44816"",""HIP_45556"",""HIP_45941""]",1,5,0,0.010578602636893919,0.05441543627051715,1176.286944211355,5850.666172415476,5967.742064743965,
78,step,sample-000078,78,5,False,2026-09-23T21:11:54.946759Z,2026-09-25T23:23:39.480545Z,0.0,-14.778916541205513,81.75463921469861,-14.813775029146242,81.83058715997649,0.09315449106937546,14,"[""HIP_30438"",""HIP_31685"",""HIP_32768"",""HIP_35264"",""HIP_35904"",""HIP_38170"",""HIP_39429"",""HIP_39953"",""HIP_41037"",""HIP_42913"",""HIP_44816"",""HIP_45556"",""HIP_45941"",""HIP_46701""]",1,5,0,-0.03485848794072943,0.07594794527787485,-3876.0870095096443,8164.9864197939105,9038.31016381113,
78,summary,sample-000078,78,,,2026-09-23T21:11:54.947895Z,,,-14.78028901026753,81.75449441737373,-14.768627026037471,81.79996051077842,0.09264753898054315,28,"[""HIP_14576"",""HIP_15900"",""HIP_17702"",""HIP_18246"",""HIP_18532"",""HIP_18724"",""HIP_20889"",""HIP_20894"",""HIP_21421"",""HIP_23015"",""HIP_23416"",""HIP_23453"",""HIP_23767"",""HIP_24608"",""HIP_25428"",""HIP_26451"",""HIP_28360"",""HIP_28380"",""HIP_29655"",""HIP_30122"",""HIP_30343"",""HIP_30438"",""HIP_31681"",""HIP_31685"",""HIP_32246"",""HIP_32362"",""HIP_32768"",""HIP_33856"",""HIP_33977"",""HIP_35264"",""HIP_35904"",""HIP_36188"",""HIP_36377"",""HIP_36850"",""HIP_37819"",""HIP_37826"",""HIP_38170"",""HIP_38414"",""HIP_38827"",""HIP_39429"",""HIP_39757"",""HIP_39953"",""HIP_41037"",""HIP_42536"",""HIP_42570"",""HIP_42828"",""HIP_42913"",""HIP_44816"",""HIP_45238"",""HIP_45556"",""HIP_45941"",""HIP_46701"",""HIP_47854"",""HIP_48002"",""HIP_48774"",""HIP_50371"",""HIP_51232"",""HIP_51576"",""HIP_52727""]",1,5,0,0.011661984230059375,0.045466093404684216,1296.753480991453,4888.446503802515,5057.51704196204,2172620.2829734674
79,step,sample-000079,79,1,False,2026-09-23T21:13:05.666043Z,2026-09-25T23:56:03.410736Z,0.0,-29.256767741713666,-134.78666954854936,-22.58173241518238,179.94882073710704,-7.596047035560258,29,"[""HIP_45238"",""HIP_45556"",""HIP_46701"",""HIP_48002"",""HIP_48774"",""HIP_50371"",""HIP_51232"",""HIP_51576"",""HIP_52419"",""HIP_53253"",""HIP_56561"",""HIP_59196"",""HIP_59747"",""HIP_60260"",""HIP_60718"",""HIP_61585"",""HIP_61932"",""HIP_62322"",""HIP_62434"",""HIP_71908"",""HIP_87073"",""HIP_88635"",""HIP_89642"",""HIP_89931"",""HIP_90496"",""HIP_92855"",""HIP_93506"",""HIP_94141""]",3,4,1,6.675035326531287,-45.2645097143436,742230.0634834846,-4526900.770988437,4559615.9756894065,
79,step,sample-000079,79,2,True,2026-09-23T21:13:05.667760Z,2026-09-25T23:36:53.035356Z,0.0,-29.25562571154761,-134.7860189308097,-33.68814535678751,179.99999090757066,-0.549290164654053,37,"[""HIP_45238"",""HIP_45556"",""HIP_45941"",""HIP_48002"",""HIP_48774"",""HIP_50371"",""HIP_51232"",""HIP_51576"",""HIP_52419"",""HIP_53253"",""HIP_56561"",""HIP_59196"",""HIP_59747"",""HIP_60260"",""HIP_60718"",""HIP_61084"",""HIP_61585"",""HIP_62322"",""HIP_62434"",""HIP_80763"",""HIP_84143"",""HIP_85258"",""HIP_85792"",""HIP_85927"",""HIP_86670"",""HIP_87073"",""HIP_87261"",""HIP_88635"",""HIP_89642"",""HIP_89931"",""HIP_90185"",""HIP_90496"",""HIP_92855"",""HIP_93085"",""HIP_93506"",""HIP_94141""]",3,4,1,-4.4325196452399,-45.21399016161968,-492873.6968030162,-4287993.448372368,4282455.867324049,
79,step,sample-000079,79,3,False,2026-09-23T21:13:05.669081Z,2026-09-26T01:18:42.632130Z,0.0,-29.25699127365583,-134.7870334749829,-14.601233922345696,179.99999999998954,-22.267544131402694,23,"[""HIP_50099"",""HIP_52419"",""HIP_53253"",""HIP_56561"",""HIP_57363"",""HIP_59747"",""HIP_60260"",""HIP_60718"",""HIP_61084"",""HIP_61585"",""HIP_61932"",""HIP_62322"",""HIP_62434"",""HIP_66657"",""HIP_68002"",""HIP_68702"",""HIP_68933"",""HIP_71683"",""HIP_71860"",""HIP_71908"",""HIP_74946""]",3,4,1,14.655757351310136,-45.21296652502758,1629645.863599383,-4663699.290388738,4905197.311753126,
79,step,sample-000079,79,4,False,2026-09-23T21:13:05.670355Z,2026-09-26T01:17:30.429859Z,0.0,-29.25681019738005,-134.78711957015216,-14.232327759602569,179.99999999953187,-20.352153286736314,23,"[""HIP_50099"",""HIP_51576"",""HIP_52419"",""HIP_53253"",""HIP_56561"",""HIP_57363"",""HIP_59747"",""HIP_60260"",""HIP_60718"",""HIP_61084"",""HIP_61585"",""HIP_61932"",""HIP_62322"",""HIP_62434"",""HIP_65109"",""HIP_66657"",""HIP_68002"",""HIP_68702"",""HIP_71683"",""HIP_71908"",""HIP_74946"",""HIP_77952""]",3,4,1,15.024482437777483,-45.21288043031598,1670646.222541128,-4669713.580429128,4924033.314734558,
79,step,sample-000079,79,5,False,2026-09-23T21:13:05.671584Z,2026-09-26T01:05:26.276818Z,0.0,-29.258212198063536,-134.78733559518207,-15.757667018418239,179.99999999999997,-19.704676156981282,28,"[""HIP_50099"",""HIP_51232"",""HIP_51576"",""HIP_52419"",""HIP_52727"",""HIP_53253"",""HIP_56561"",""HIP_57363"",""HIP_59196"",""HIP_59747"",""HIP_60260"",""HIP_60718"",""HIP_61084"",""HIP_61585"",""HIP_61932"",""HIP_62322"",""HIP_63613"",""HIP_65109"",""HIP_66657"",""HIP_67464"",""HIP_68702"",""HIP_71683"",""HIP_71908"",""HIP_74946"",""HIP_77952"",""HIP_82273"",""HIP_83081""]",3,4,1,13.500545179645297,-45.21266440481793,1501192.1309122099,-4644462.779598156,4847512.816370519,
79,summary,sample-000079,79,,,2026-09-23T21:13:05.672793Z,,,-29.256727248320562,-134.78664465599834,-16.79324027888722,179.98720518415712,-17.490563561691417,26,"[""HIP_45238"",""HIP_45556"",""HIP_46701"",""HIP_48002"",""HIP_48774"",""HIP_50099"",""HIP_50371"",""HIP_51232"",""HIP_51576"",""HIP_52419"",""HIP_52727"",""HIP_53253"",""HIP_56561"",""HIP_57363"",""HIP_59196"",""HIP_59747"",""HIP_60260"",""HIP_60718"",""HIP_61084"",""HIP_61585"",""HIP_61932"",""HIP_62322"",""HIP_62434"",""HIP_63613"",""HIP_65109"",""HIP_66657"",""HIP_67464"",""HIP_68002"",""HIP_68702"",""HIP_68933"",""HIP_71683"",""HIP_71860"",""HIP_71908"",""HIP_74946"",""HIP_77952"",""HIP_82273"",""HIP_83081"",""HIP_87073"",""HIP_88635"",""HIP_89642"",""HIP_89931"",""HIP_90496"",""HIP_92855"",""HIP_93506"",""HIP_94141""]",3,4,1,12.46348696943334,-45.226150159844565,1385876.519301554,-4628286.583737713,4799007.268270659,2205865.687850647
80,step,sample-000080,80,1,False,2026-09-23T21:13:57.272699Z,2026-09-26T01:14:43.982268Z,0.0,32.74309311945903,-72.84048689707608,70.21008957439551,179.99999999998965,-55.61406029959562,17,"[""HIP_102422"",""HIP_106032"",""HIP_109492"",""HIP_110991"",""HIP_116584"",""HIP_4427"",""HIP_6686"",""HIP_746"",""HIP_83000"",""HIP_85670"",""HIP_87833"",""HIP_8886"",""HIP_91117"",""HIP_93085"",""HIP_93683"",""HIP_94141""]",3,4,1,37.46699645493648,-107.15951310293428,4166139.922398604,-7421441.0763227595,7211540.327804991,
80,step,sample-000080,80,2,True,2026-09-23T21:13:57.274270Z,2026-09-26T00:24:07.948629Z,0.0,32.74414462671517,-72.84028203670992,-73.55832854769204,179.9999999998062,-93.06302001073529,9,"[""HIP_89341"",""HIP_90496"",""HIP_92041"",""HIP_92855"",""HIP_93085"",""HIP_93506"",""HIP_93683"",""HIP_93864"",""HIP_94141""]",3,4,1,-106.30247317440721,-107.1597179634839,-11820295.706763383,-11167778.995686682,14020193.766996283,
80,step,sample-000080,80,3,False,2026-09-23T21:13:57.275420Z,2026-09-26T01:01:12.841441Z,0.0,32.74413961185576,-72.83948506428824,75.84530626216137,179.99259077403846,-101.37196341435371,25,"[""HIP_100064"",""HIP_100345"",""HIP_102422"",""HIP_106032"",""HIP_109492"",""HIP_4427"",""HIP_6686"",""HIP_746"",""HIP_83000"",""HIP_86263"",""HIP_86742"",""HIP_87933"",""HIP_88771"",""HIP_8886"",""HIP_89341"",""HIP_89962"",""HIP_90496"",""HIP_91117"",""HIP_91262"",""HIP_92041"",""HIP_92855"",""HIP_93085"",""HIP_93683"",""HIP_93864"",""HIP_94141""]",3,4,1,43.101166650305615,-107.16792416167328,4792631.063975634,-6954677.302408729,6935265.02645708,
80,step,sample-000080,80,4,False,2026-09-23T21:13:57.276498Z,2026-09-26T01:45:03.886781Z,0.0,32.74271073048993,-72.84143962240888,36.72768050033526,179.99999999974824,-123.82172031251326,10,"[""HIP_83000"",""HIP_86742"",""HIP_87933"",""HIP_88048"",""HIP_88771"",""HIP_91117"",""HIP_93085"",""HIP_93429"",""HIP_93683"",""HIP_94141""]",3,4,1,3.9849697698453284,-107.15856037784289,443108.4212387354,-9792079.014853036,9211882.009590203,
80,step,sample-000080,80,5,False,2026-09-23T21:13:57.277628Z,2026-09-26T00:48:52.513076Z,0.0,32.744128194530795,-72.8412067644016,57.58964826957338,179.99999999999991,-89.55062820795148,23,"[""HIP_100064"",""HIP_106032"",""HIP_109492"",""HIP_4427"",""HIP_6686"",""HIP_746"",""HIP_83000"",""HIP_86742"",""HIP_88771"",""HIP_8886"",""HIP_89341"",""HIP_89962"",""HIP_90496"",""HIP_91117"",""HIP_92041"",""HIP_92420"",""HIP_92855"",""HIP_93085"",""HIP_93506"",""HIP_93683"",""HIP_93864"",""HIP_94141""]",3,4,1,24.845520075042586,-107.15879323559847,2762695.782190272,-8400963.665323133,7907850.647702581,
80,summary,sample-000080,80,,,2026-09-23T21:13:57.278768Z,,,32.74368854687964,-72.8404587882205,60.09318115161638,179.99814769344408,-92.85238802519915,19,"[""HIP_100064"",""HIP_100345"",""HIP_102422"",""HIP_106032"",""HIP_109492"",""HIP_110991"",""HIP_116584"",""HIP_4427"",""HIP_6686"",""HIP_746"",""HIP_83000"",""HIP_85670"",""HIP_86263"",""HIP_86742"",""HIP_87833"",""HIP_87933"",""HIP_88048"",""HIP_88771"",""HIP_8886"",""HIP_89341"",""HIP_89962"",""HIP_90496"",""HIP_91117"",""HIP_91262"",""HIP_92041"",""HIP_92420"",""HIP_92855"",""HIP_93085"",""HIP_93429"",""HIP_93506"",""HIP_93683"",""HIP_93864"",""HIP_94141""]",3,4,1,27.34949260473674,-107.16139351833544,3041124.8239496034,-8214594.004448688,7762634.413131898,2275325.2969166627
81,step,sample-000081,81,1,False,2026-09-23T21:14:47.271282Z,2026-09-26T02:29:02.210321Z,0.0,49.7149743749069,-95.97287276731714,66.89990583604784,179.8015245553828,-102.71619261192298,7,"[""HIP_74666"",""HIP_81833"",""HIP_83000"",""HIP_86742"",""HIP_87933"",""HIP_91117"",""HIP_93429""]",3,4,1,17.184931461140934,-84.22560267730006,1910877.1932133357,-4920248.825900174,4820085.411197999,
81,step,sample-000081,81,2,False,2026-09-23T21:14:47.272489Z,2026-09-26T00:52:28.455450Z,0.0,49.71199186465579,-95.97245265301243,75.16435708993781,179.99996327423568,-60.79697745704269,11,"[""HIP_109492"",""HIP_110991"",""HIP_111169"",""HIP_4427"",""HIP_6686"",""HIP_746"",""HIP_89962"",""HIP_91117"",""HIP_92175"",""HIP_93244"",""HIP_93429""]",3,4,1,25.452365225282016,-84.02758407275189,2830173.884155751,-4323261.385661662,4560033.138502209,
81,step,sample-000081,81,3,True,2026-09-23T21:14:47.273571Z,2026-09-26T00:48:56.605152Z,0.0,49.71214333000488,-95.97206793664756,83.6498565602194,179.99998843699993,-86.69644088436564,22,"[""HIP_104732"",""HIP_107315"",""HIP_111169"",""HIP_4427"",""HIP_63125"",""HIP_6686"",""HIP_67301"",""HIP_67927"",""HIP_69673"",""HIP_71075"",""HIP_72105"",""HIP_73555"",""HIP_746"",""HIP_74666"",""HIP_88771"",""HIP_8886"",""HIP_89962"",""HIP_91117"",""HIP_92043"",""HIP_92175"",""HIP_93244"",""HIP_93429""]",3,4,1,33.93771323021453,-84.02794362635251,3773701.5331177753,-3698617.4323561215,4452533.194042541,
81,step,sample-000081,81,4,False,2026-09-23T21:14:47.274646Z,2026-09-26T01:30:00.764627Z,0.0,49.71377605319802,-95.96993762667206,70.01133488094075,179.9975360160266,-68.68150925295426,17,"[""HIP_111169"",""HIP_116584"",""HIP_14328"",""HIP_2920"",""HIP_4427"",""HIP_6686"",""HIP_746"",""HIP_86742"",""HIP_88048"",""HIP_88771"",""HIP_8886"",""HIP_89962"",""HIP_90139"",""HIP_91117"",""HIP_92175"",""HIP_93244"",""HIP_93429""]",3,4,1,20.297558827742733,-84.03252635730132,2256985.5649144687,-4691393.732663254,4701464.48323219,
81,step,sample-000081,81,5,False,2026-09-23T21:14:47.275729Z,2026-09-26T01:50:11.582026Z,0.0,49.71248699490941,-95.97362475575946,66.30981295312856,179.99999658233315,-81.0003375814465,17,"[""HIP_100064"",""HIP_100345"",""HIP_101958"",""HIP_14328"",""HIP_4427"",""HIP_6686"",""HIP_81833"",""HIP_86742"",""HIP_87933"",""HIP_88048"",""HIP_88771"",""HIP_8886"",""HIP_89962"",""HIP_90139"",""HIP_91117"",""HIP_93244"",""HIP_93429""]",3,4,1,16.597325958219145,-84.02637866190742,1845538.4424200084,-4949656.326081785,4835198.6425593225,
81,summary,sample-000081,81,,,2026-09-23T21:14:47.276942Z,,,49.713333576032504,-95.97233345005165,69.59635269001373,179.94975510699453,-78.19030988396679,13,"[""HIP_100064"",""HIP_100345"",""HIP_101958"",""HIP_109492"",""HIP_110991"",""HIP_111169"",""HIP_116584"",""HIP_14328"",""HIP_2920"",""HIP_4427"",""HIP_6686"",""HIP_746"",""HIP_74666"",""HIP_81833"",""HIP_83000"",""HIP_86742"",""HIP_87933"",""HIP_88048"",""HIP_88771"",""HIP_8886"",""HIP_89962"",""HIP_90139"",""HIP_91117"",""HIP_92175"",""HIP_93244"",""HIP_93429""]",3,4,1,19.883019113981227,-84.07791144295379,2210890.851851502,-4723207.824041871,4716903.712939257,2305468.240324349
82,step,sample-000082,82,1,True,2026-09-23T21:15:46.333789Z,2026-09-26T01:44:32.525540Z,0.0,57.33502568589866,32.60725699909685,89.11402678305292,138.53826147687568,-258.12282540646316,20,"[""HIP_104060"",""HIP_105199"",""HIP_106032"",""HIP_106481"",""HIP_109492"",""HIP_110991"",""HIP_111169"",""HIP_20889"",""HIP_20894"",""HIP_25336"",""HIP_26311"",""HIP_26451"",""HIP_27989"",""HIP_2920"",""HIP_29655"",""HIP_30343"",""HIP_31681"",""HIP_32246"",""HIP_36188"",""HIP_94376""]",3,4,1,31.779001097154264,105.93100447777886,3533663.6958354195,3399675.458257823,3660310.140863432,
82,step,sample-000082,82,2,False,2026-09-23T21:15:46.336062Z,2026-09-26T03:13:18.936124Z,0.0,57.33419659940652,32.6090981979053,57.33460095743989,32.64432716326294,-359.8661625832972,25,"[""HIP_105199"",""HIP_109492"",""HIP_21421"",""HIP_25336"",""HIP_26311"",""HIP_26451"",""HIP_27989"",""HIP_2920"",""HIP_29655"",""HIP_30343"",""HIP_31681"",""HIP_32246"",""HIP_32362"",""HIP_35550"",""HIP_4427"",""HIP_53910"",""HIP_54061"",""HIP_54539"",""HIP_58001"",""HIP_62956"",""HIP_65378"",""HIP_6686"",""HIP_67301"",""HIP_746"",""HIP_8886""]",1,4,1,0.0004043580333714658,0.0352289653576463,44.962561858878175,2114.294332736002,2114.772341754111,
82,step,sample-000082,82,3,False,2026-09-23T21:15:46.337198Z,2026-09-26T02:56:26.450368Z,0.0,57.33670510918903,32.605511017087395,57.237334806423306,32.6199609941513,-359.9456579431929,14,"[""HIP_17702"",""HIP_18246"",""HIP_20894"",""HIP_21421"",""HIP_24674"",""HIP_25336"",""HIP_25428"",""HIP_26311"",""HIP_27989"",""HIP_30343"",""HIP_31681"",""HIP_32246"",""HIP_32362"",""HIP_35550""]",1,4,1,-0.09937030276572756,0.014449977063918595,-11049.473526682668,868.3450643525177,11083.541257262692,
82,step,sample-000082,82,4,False,2026-09-23T21:15:46.338339Z,2026-09-26T02:19:01.771706Z,0.0,57.336635781369274,32.60691931437998,57.2917231254925,32.56107066376089,-359.9697042062894,20,"[""HIP_105199"",""HIP_106481"",""HIP_109492"",""HIP_110991"",""HIP_111169"",""HIP_20894"",""HIP_24674"",""HIP_25336"",""HIP_26311"",""HIP_26451"",""HIP_27989"",""HIP_2920"",""HIP_29655"",""HIP_30343"",""HIP_31681"",""HIP_32246"",""HIP_32362"",""HIP_36188"",""HIP_37279"",""HIP_746""]",1,4,1,-0.04491265587677162,-0.04584865061909227,-4994.059475629931,-2753.157552039513,5702.675078383677,
82,step,sample-000082,82,5,False,2026-09-23T21:15:46.339421Z,2026-09-26T01:58:51.967083Z,0.0,57.33492505214067,32.60427518369136,57.285625387434195,32.68997451902793,-359.8163036199398,14,"[""HIP_17702"",""HIP_20894"",""HIP_21421"",""HIP_25336"",""HIP_26311"",""HIP_26451"",""HIP_27989"",""HIP_29655"",""HIP_30343"",""HIP_31681"",""HIP_32246"",""HIP_32362"",""HIP_36188"",""HIP_37279""]",1,4,1,-0.04929966470647429,0.08569933533658514,-5481.87260063775,5146.690811033201,7519.26435743207,
82,summary,sample-000082,82,,,2026-09-23T21:15:46.340476Z,,,57.335052389523206,32.60641437459904,57.287321069197475,32.62883333505076,0.10054290970551105,18,"[""HIP_105199"",""HIP_106481"",""HIP_109492"",""HIP_110991"",""HIP_111169"",""HIP_17702"",""HIP_18246"",""HIP_20894"",""HIP_21421"",""HIP_24674"",""HIP_25336"",""HIP_25428"",""HIP_26311"",""HIP_26451"",""HIP_27989"",""HIP_2920"",""HIP_29655"",""HIP_30343"",""HIP_31681"",""HIP_32246"",""HIP_32362"",""HIP_35550"",""HIP_36188"",""HIP_37279"",""HIP_4427"",""HIP_53910"",""HIP_54061"",""HIP_54539"",""HIP_58001"",""HIP_62956"",""HIP_65378"",""HIP_6686"",""HIP_67301"",""HIP_746"",""HIP_8886""]",1,4,1,-0.04773132032573102,0.02241896045171643,-5307.480662267596,1346.3417993374262,5475.580913114122,2277419.54935592
83,step,sample-000083,83,1,False,2026-09-23T21:17:07.454774Z,2026-09-26T02:46:16.271324Z,0.0,59.068434809826265,66.87815157782364,59.01807700180934,66.81015611487202,-359.9724117582835,32,"[""HIP_109492"",""HIP_111169"",""HIP_14328"",""HIP_14576"",""HIP_15863"",""HIP_17358"",""HIP_17702"",""HIP_18246"",""HIP_18532"",""HIP_23015"",""HIP_24608"",""HIP_25336"",""HIP_26311"",""HIP_26451"",""HIP_27989"",""HIP_29655"",""HIP_30343"",""HIP_31681"",""HIP_32246"",""HIP_32362"",""HIP_33018"",""HIP_35550"",""HIP_36188"",""HIP_36850"",""HIP_37279"",""HIP_37740"",""HIP_37826"",""HIP_4427"",""HIP_6686"",""HIP_746"",""HIP_8886""]",1,5,0,-0.05035780801692624,-0.06799546295161463,-5599.532768422885,-3889.180528001756,6817.659569544507,
83,step,sample-000083,83,2,False,2026-09-23T21:17:07.456398Z,2026-09-26T03:50:54.721786Z,0.0,59.070087060173925,66.87996854474568,59.06375426926986,66.81478165586428,-359.9974981803475,24,"[""HIP_102422"",""HIP_105199"",""HIP_109492"",""HIP_14328"",""HIP_14576"",""HIP_15863"",""HIP_17358"",""HIP_18246"",""HIP_23416"",""HIP_24608"",""HIP_27989"",""HIP_29655"",""HIP_30343"",""HIP_31681"",""HIP_32246"",""HIP_32362"",""HIP_35550"",""HIP_36188"",""HIP_37279"",""HIP_4427"",""HIP_6686"",""HIP_746"",""HIP_8886""]",1,5,0,-0.00633279090406802,-0.06518688888138513,-704.1742200331722,-3725.9690181102105,3791.926320757703,
83,step,sample-000083,83,3,False,2026-09-23T21:17:07.457969Z,2026-09-26T03:57:58.652232Z,0.0,59.069549639561174,66.88343788296405,59.008430344613295,66.77334828774683,-359.99999999999994,32,"[""HIP_14328"",""HIP_14576"",""HIP_15863"",""HIP_17358"",""HIP_17702"",""HIP_18246"",""HIP_18532"",""HIP_20894"",""HIP_21421"",""HIP_23015"",""HIP_23416"",""HIP_23453"",""HIP_23767"",""HIP_24608"",""HIP_25336"",""HIP_25428"",""HIP_26451"",""HIP_27989"",""HIP_28380"",""HIP_29655"",""HIP_30343"",""HIP_31681"",""HIP_32246"",""HIP_32362"",""HIP_35550"",""HIP_36188"",""HIP_37279"",""HIP_37740"",""HIP_37826"",""HIP_6686"",""HIP_8886""]",1,5,0,-0.061119294947879155,-0.11008959521723227,-6796.155518296571,-6297.647451136396,9265.422233613042,
83,step,sample-000083,83,4,False,2026-09-23T21:17:07.460797Z,2026-09-26T04:08:51.745819Z,0.0,59.07063891638772,66.88100798745359,59.04856072257424,66.77933836114339,-359.9953289796775,27,"[""HIP_14328"",""HIP_14576"",""HIP_15863"",""HIP_17358"",""HIP_18246"",""HIP_18532"",""HIP_20894"",""HIP_21421"",""HIP_23015"",""HIP_23416"",""HIP_23453"",""HIP_23767"",""HIP_24608"",""HIP_26451"",""HIP_27989"",""HIP_28380"",""HIP_29655"",""HIP_30343"",""HIP_31681"",""HIP_32246"",""HIP_32362"",""HIP_35550"",""HIP_36188"",""HIP_37279"",""HIP_37740"",""HIP_37826""]",1,5,0,-0.02207819381348486,-0.1016696263101835,-2454.9831415347994,-5812.497730505366,6309.6799968390105,
83,step,sample-000083,83,5,False,2026-09-23T21:17:07.462120Z,2026-09-26T02:41:58.817687Z,0.0,59.06943770254965,66.87919406523531,58.99957182647052,66.79404871931219,-359.95819878116777,26,"[""HIP_109492"",""HIP_111169"",""HIP_14576"",""HIP_17358"",""HIP_17702"",""HIP_18246"",""HIP_18532"",""HIP_21421"",""HIP_23015"",""HIP_24608"",""HIP_25336"",""HIP_26311"",""HIP_26451"",""HIP_27989"",""HIP_29655"",""HIP_30343"",""HIP_31681"",""HIP_32362"",""HIP_36188"",""HIP_37279"",""HIP_37740"",""HIP_4427"",""HIP_6686"",""HIP_746"",""HIP_8886""]",1,5,0,-0.06986587607912753,-0.08514534592313794,-7768.7309655764175,-4871.353515646201,9169.691120139141,
83,summary,sample-000083,83,,,2026-09-23T21:17:07.463414Z,,,59.06898005455712,66.8805223730036,59.02767883294745,66.79433462778775,0.015312459967295505,28,"[""HIP_102422"",""HIP_105199"",""HIP_109492"",""HIP_111169"",""HIP_14328"",""HIP_14576"",""HIP_15863"",""HIP_17358"",""HIP_17702"",""HIP_18246"",""HIP_18532"",""HIP_20894"",""HIP_21421"",""HIP_23015"",""HIP_23416"",""HIP_23453"",""HIP_23767"",""HIP_24608"",""HIP_25336"",""HIP_25428"",""HIP_26311"",""HIP_26451"",""HIP_27989"",""HIP_28380"",""HIP_29655"",""HIP_30343"",""HIP_31681"",""HIP_32246"",""HIP_32362"",""HIP_33018"",""HIP_35550"",""HIP_36188"",""HIP_36850"",""HIP_37279"",""HIP_37740"",""HIP_37826"",""HIP_4427"",""HIP_6686"",""HIP_746"",""HIP_8886""]",1,5,0,-0.04130122160967176,-0.08618774521585237,-4592.486307218115,-4929.008510275258,6736.916370256307,2250061.927271755
84,step,sample-000084,84,1,False,2026-09-23T21:18:31.594698Z,2026-09-26T03:33:21.530459Z,0.0,-11.232658747949387,55.74033093176104,-11.273972710448252,55.75218265576591,-359.8820300300158,39,"[""HIP_21421"",""HIP_25428"",""HIP_26451"",""HIP_27989"",""HIP_28380"",""HIP_29655"",""HIP_30343"",""HIP_30438"",""HIP_31681"",""HIP_31685"",""HIP_32246"",""HIP_32768"",""HIP_35264"",""HIP_35550"",""HIP_36377"",""HIP_36850"",""HIP_37826"",""HIP_38414"",""HIP_39953"",""HIP_41037"",""HIP_42536"",""HIP_42570"",""HIP_42913"",""HIP_44816"",""HIP_45238"",""HIP_45556"",""HIP_45941"",""HIP_46701"",""HIP_47854"",""HIP_48002"",""HIP_48774"",""HIP_50099"",""HIP_50371"",""HIP_51232"",""HIP_51576"",""HIP_52419"",""HIP_52727"",""HIP_53253""]",1,5,0,-0.04131396249886521,0.011851724004884545,-4593.903029457368,1292.514552082008,4772.267682160507,
84,step,sample-000084,84,2,False,2026-09-23T21:18:31.596057Z,2026-09-26T04:05:31.817549Z,0.0,-11.22987704272484,55.740634506819504,-11.309027137116985,55.84096109873026,-359.841304812337,24,"[""HIP_32768"",""HIP_39953"",""HIP_41037"",""HIP_42536"",""HIP_42570"",""HIP_44816"",""HIP_45238"",""HIP_45556"",""HIP_45941"",""HIP_46651"",""HIP_46701"",""HIP_47854"",""HIP_48002"",""HIP_48774"",""HIP_50099"",""HIP_50371"",""HIP_51232"",""HIP_51576"",""HIP_52419"",""HIP_52727"",""HIP_53253"",""HIP_56561"",""HIP_59196""]",1,5,0,-0.07915009439214415,0.10032659191074345,-8801.088939844369,10940.712783296533,14041.30835294377,
84,step,sample-000084,84,3,False,2026-09-23T21:18:31.597189Z,2026-09-26T05:05:29.216820Z,0.0,-11.231292226546806,55.74155841370998,-11.334268529733304,55.70293456261346,-359.91056993422706,29,"[""HIP_25336"",""HIP_26311"",""HIP_27989"",""HIP_30438"",""HIP_31681"",""HIP_35264"",""HIP_39953"",""HIP_41037"",""HIP_42913"",""HIP_45238"",""HIP_45556"",""HIP_45941"",""HIP_46701"",""HIP_48002"",""HIP_48774"",""HIP_50371"",""HIP_51232"",""HIP_51576"",""HIP_52419"",""HIP_52727"",""HIP_53253"",""HIP_54463"",""HIP_56561"",""HIP_57363"",""HIP_59747"",""HIP_60260"",""HIP_60718"",""HIP_61084"",""HIP_62434""]",1,5,0,-0.10297630318649809,-0.038623851096531325,-11450.442478950496,-4211.773311500018,12200.477942288397,
84,step,sample-000084,84,4,False,2026-09-23T21:18:31.598296Z,2026-09-26T04:09:38.643739Z,0.0,-11.232193695035049,55.73919638499359,-11.303555520538325,55.85996688610051,-359.81197344255264,27,"[""HIP_36377"",""HIP_38414"",""HIP_39953"",""HIP_41037"",""HIP_42536"",""HIP_42570"",""HIP_42913"",""HIP_44816"",""HIP_45238"",""HIP_45556"",""HIP_45941"",""HIP_46651"",""HIP_46701"",""HIP_47854"",""HIP_48002"",""HIP_48774"",""HIP_50099"",""HIP_50371"",""HIP_51232"",""HIP_51576"",""HIP_52419"",""HIP_52727"",""HIP_53253"",""HIP_54463"",""HIP_56561"",""HIP_59196""]",1,5,0,-0.07136182550327597,0.1207705011069038,-7935.072952058572,13170.213287146493,15375.951132803177,
84,step,sample-000084,84,5,False,2026-09-23T21:18:31.599433Z,2026-09-26T03:37:23.082714Z,0.0,-11.231656419529754,55.73943193283475,-11.313663875346979,55.80915267278011,-359.86860277998045,22,"[""HIP_32768"",""HIP_37819"",""HIP_38414"",""HIP_41037"",""HIP_42536"",""HIP_42570"",""HIP_42913"",""HIP_44816"",""HIP_45238"",""HIP_45941"",""HIP_46701"",""HIP_47854"",""HIP_48002"",""HIP_48774"",""HIP_50099"",""HIP_50371"",""HIP_51232"",""HIP_51576"",""HIP_52419"",""HIP_52727"",""HIP_53253""]",1,5,0,-0.0820074558172248,0.06972073994535322,-9118.813033903203,7603.029909457205,11872.60728037592,
84,summary,sample-000084,84,,,2026-09-23T21:18:31.600545Z,,,-11.231455869219877,55.74043063637393,-11.30689755463677,55.793039575198065,0.13710379990759874,28,"[""HIP_21421"",""HIP_25336"",""HIP_25428"",""HIP_26311"",""HIP_26451"",""HIP_27989"",""HIP_28380"",""HIP_29655"",""HIP_30343"",""HIP_30438"",""HIP_31681"",""HIP_31685"",""HIP_32246"",""HIP_32768"",""HIP_35264"",""HIP_35550"",""HIP_36377"",""HIP_36850"",""HIP_37819"",""HIP_37826"",""HIP_38414"",""HIP_39953"",""HIP_41037"",""HIP_42536"",""HIP_42570"",""HIP_42913"",""HIP_44816"",""HIP_45238"",""HIP_45556"",""HIP_45941"",""HIP_46651"",""HIP_46701"",""HIP_47854"",""HIP_48002"",""HIP_48774"",""HIP_50099"",""HIP_50371"",""HIP_51232"",""HIP_51576"",""HIP_52419"",""HIP_52727"",""HIP_53253"",""HIP_54463"",""HIP_56561"",""HIP_57363"",""HIP_59196"",""HIP_59747"",""HIP_60260"",""HIP_60718"",""HIP_61084"",""HIP_62434""]",1,5,0,-0.07544168541689267,0.052608938824135976,-8388.732675873258,5737.061628265275,10162.908374268578,2223396.4627610706
85,step,sample-000085,85,1,False,2026-09-23T21:20:03.143145Z,2026-09-26T05:11:26.348133Z,0.0,-51.04661341343372,168.10813525496485,-51.04136581790942,167.98181430871412,-359.81493002893706,41,"[""HIP_32607"",""HIP_41037"",""HIP_42536"",""HIP_42913"",""HIP_45238"",""HIP_45556"",""HIP_45941"",""HIP_46701"",""HIP_47854"",""HIP_48002"",""HIP_50099"",""HIP_51576"",""HIP_52419"",""HIP_52727"",""HIP_56561"",""HIP_57363"",""HIP_59196"",""HIP_59316"",""HIP_59747"",""HIP_59803"",""HIP_60260"",""HIP_60965"",""HIP_61359"",""HIP_62322"",""HIP_64962"",""HIP_65109"",""HIP_65474"",""HIP_68895"",""HIP_74785"",""HIP_77070"",""HIP_79593"",""HIP_79882"",""HIP_81377"",""HIP_83000"",""HIP_84012"",""HIP_86263"",""HIP_86742"",""HIP_88048"",""HIP_89962"",""HIP_90496""]",1,5,0,0.005247595524295434,-0.1263209462507291,583.5059993843455,-8831.207004794811,8850.461965615466,
85,step,sample-000085,85,2,False,2026-09-23T21:20:03.144509Z,2026-09-26T04:43:07.712370Z,0.0,-51.04630377547122,168.11177903270288,-51.06318378602608,168.05719176578432,-359.87581489096607,36,"[""HIP_100345"",""HIP_32607"",""HIP_41037"",""HIP_42913"",""HIP_45238"",""HIP_45556"",""HIP_45941"",""HIP_46701"",""HIP_48002"",""HIP_50099"",""HIP_50371"",""HIP_52419"",""HIP_52727"",""HIP_56561"",""HIP_57363"",""HIP_59196"",""HIP_59316"",""HIP_59803"",""HIP_60965"",""HIP_61359"",""HIP_61585"",""HIP_62322"",""HIP_64962"",""HIP_65109"",""HIP_65474"",""HIP_68895"",""HIP_89931"",""HIP_90496"",""HIP_92041"",""HIP_92855"",""HIP_93085"",""HIP_93506"",""HIP_93683"",""HIP_93864"",""HIP_94141""]",1,5,0,-0.016880010554856995,-0.05458726691855986,-1876.9715354067007,-3815.357210440371,4252.054977663228,
85,step,sample-000085,85,3,False,2026-09-23T21:20:03.145669Z,2026-09-26T05:39:18.915321Z,0.0,-51.04659629066187,168.10969199760348,-51.10915256309457,168.0426596346167,-359.8707655900473,19,"[""HIP_41037"",""HIP_45238"",""HIP_45556"",""HIP_45941"",""HIP_46701"",""HIP_48002"",""HIP_50099"",""HIP_50371"",""HIP_52419"",""HIP_52727"",""HIP_56561"",""HIP_59196"",""HIP_59747"",""HIP_60260"",""HIP_61585"",""HIP_61932"",""HIP_62322"",""HIP_68002""]",1,5,0,-0.06255627243270112,-0.06703236298676529,-6955.9401243112325,-4682.861994338056,8385.361396926273,
85,step,sample-000085,85,4,False,2026-09-23T21:20:03.146811Z,2026-09-26T04:41:36.785980Z,0.0,-51.0463961545388,168.11024663425258,-51.04979447857084,168.07947827345492,-359.9079870650545,36,"[""HIP_100345"",""HIP_32607"",""HIP_41037"",""HIP_42536"",""HIP_42913"",""HIP_45238"",""HIP_45556"",""HIP_45941"",""HIP_46701"",""HIP_47854"",""HIP_48002"",""HIP_50099"",""HIP_50371"",""HIP_51576"",""HIP_52419"",""HIP_52727"",""HIP_56561"",""HIP_57363"",""HIP_59196"",""HIP_59747"",""HIP_60260"",""HIP_74785"",""HIP_77070"",""HIP_79593"",""HIP_79882"",""HIP_81377"",""HIP_83000"",""HIP_84012"",""HIP_89931"",""HIP_90496"",""HIP_92855"",""HIP_93085"",""HIP_93506"",""HIP_93864"",""HIP_94141""]",1,5,0,-0.003398324032040989,-0.03076836079765144,-377.87639145723887,-2150.852160767236,2183.793834106256,
85,step,sample-000085,85,5,False,2026-09-23T21:20:03.147988Z,2026-09-26T04:14:34.607749Z,0.0,-51.046777784149086,168.10998833103935,-51.079237957437314,168.09881196327697,-359.89649861632034,33,"[""HIP_32607"",""HIP_41037"",""HIP_42913"",""HIP_44816"",""HIP_45238"",""HIP_45556"",""HIP_45941"",""HIP_46651"",""HIP_46701"",""HIP_47854"",""HIP_48002"",""HIP_48774"",""HIP_50099"",""HIP_50371"",""HIP_51576"",""HIP_52419"",""HIP_52727"",""HIP_56561"",""HIP_57363"",""HIP_59196"",""HIP_59747"",""HIP_62322"",""HIP_62434"",""HIP_88635"",""HIP_89931"",""HIP_90496"",""HIP_92041"",""HIP_92855"",""HIP_93085"",""HIP_93506"",""HIP_93864"",""HIP_94141""]",1,5,0,-0.03246017328822859,-0.011176367762374184,-3609.4065876542427,-781.0287497159203,3692.9421509708486,
85,summary,sample-000085,85,,,2026-09-23T21:20:03.149196Z,,,-51.04583937210267,168.11016991427528,-51.068546920607645,168.05199118916937,0.1268007602820317,33,"[""HIP_100345"",""HIP_32607"",""HIP_41037"",""HIP_42536"",""HIP_42913"",""HIP_44816"",""HIP_45238"",""HIP_45556"",""HIP_45941"",""HIP_46651"",""HIP_46701"",""HIP_47854"",""HIP_48002"",""HIP_48774"",""HIP_50099"",""HIP_50371"",""HIP_51576"",""HIP_52419"",""HIP_52727"",""HIP_56561"",""HIP_57363"",""HIP_59196"",""HIP_59316"",""HIP_59747"",""HIP_59803"",""HIP_60260"",""HIP_60965"",""HIP_61359"",""HIP_61585"",""HIP_61932"",""HIP_62322"",""HIP_62434"",""HIP_64962"",""HIP_65109"",""HIP_65474"",""HIP_68002"",""HIP_68895"",""HIP_74785"",""HIP_77070"",""HIP_79593"",""HIP_79882"",""HIP_81377"",""HIP_83000"",""HIP_84012"",""HIP_86263"",""HIP_86742"",""HIP_88048"",""HIP_88635"",""HIP_89931"",""HIP_89962"",""HIP_90496"",""HIP_92041"",""HIP_92855"",""HIP_93085"",""HIP_93506"",""HIP_93683"",""HIP_93864"",""HIP_94141""]",1,5,0,-0.02270754850497525,-0.05817872510590405,-2524.9641902884823,-4066.1657841958454,4786.349995236674,2197295.167316767
86,step,sample-000086,86,1,False,2026-09-23T21:20:57.236488Z,2026-09-26T04:52:57.538002Z,0.0,37.225832636876376,-89.22668321123487,85.82057418836135,179.92208599555346,-87.27928117801987,18,"[""HIP_104732"",""HIP_14328"",""HIP_14576"",""HIP_15863"",""HIP_17358"",""HIP_17702"",""HIP_18246"",""HIP_18532"",""HIP_23416"",""HIP_24608"",""HIP_90139"",""HIP_91262"",""HIP_92420"",""HIP_93194"",""HIP_93244"",""HIP_97165"",""HIP_98110""]",3,4,1,48.59474155148497,-90.8512307932117,5403488.722128662,-4816755.527725591,5887966.4487674385,
86,step,sample-000086,86,2,False,2026-09-23T21:20:57.238206Z,2026-09-26T04:42:43.626268Z,0.0,37.224992293796845,-89.22435692290559,89.26422684507767,179.9991871506315,-99.23999000909798,17,"[""HIP_102098"",""HIP_14328"",""HIP_14576"",""HIP_15863"",""HIP_17702"",""HIP_18246"",""HIP_18532"",""HIP_6686"",""HIP_8886"",""HIP_91262"",""HIP_92420"",""HIP_93194"",""HIP_93244"",""HIP_97165"",""HIP_98110"",""HIP_99675""]",3,4,1,52.03923455128083,-90.77645592646292,5786498.868568658,-4544088.251615998,5869820.725690433,
86,step,sample-000086,86,3,False,2026-09-23T21:20:57.239383Z,2026-09-26T05:07:41.639832Z,0.0,37.22578808576657,-89.2266255602797,83.99150216396022,179.93805127877718,-75.58251029345604,21,"[""HIP_102098"",""HIP_14328"",""HIP_14576"",""HIP_15863"",""HIP_17358"",""HIP_17702"",""HIP_18246"",""HIP_18532"",""HIP_23015"",""HIP_23416"",""HIP_23453"",""HIP_23767"",""HIP_24608"",""HIP_91262"",""HIP_92420"",""HIP_93194"",""HIP_93244"",""HIP_97165"",""HIP_98110"",""HIP_99675""]",3,4,1,46.76571407819365,-90.83532316094312,5200110.146405151,-4957009.777646213,5904460.041133752,
86,step,sample-000086,86,4,False,2026-09-23T21:20:57.240481Z,2026-09-26T05:41:11.396285Z,0.0,37.22517211534515,-89.22572386060813,89.99999999965107,175.15267829228335,-140.36662543499617,13,"[""HIP_100453"",""HIP_102488"",""HIP_103413"",""HIP_105102"",""HIP_87833"",""HIP_91262"",""HIP_92420"",""HIP_93194"",""HIP_96837"",""HIP_97165"",""HIP_98110"",""HIP_99675""]",3,4,1,52.774827884305914,-95.62159784710855,5868293.115274609,-4725552.076692906,5868293.11531721,
86,step,sample-000086,86,5,True,2026-09-23T21:20:57.241572Z,2026-09-26T05:42:19.557870Z,0.0,37.22675262800136,-89.22388982718554,89.99999999999999,160.79540032634486,-127.08296388470326,24,"[""HIP_102422"",""HIP_102488"",""HIP_104060"",""HIP_104732"",""HIP_104887"",""HIP_105199"",""HIP_106481"",""HIP_109492"",""HIP_17358"",""HIP_18246"",""HIP_18532"",""HIP_23015"",""HIP_23416"",""HIP_23453"",""HIP_23767"",""HIP_24608"",""HIP_28360"",""HIP_87833"",""HIP_91262"",""HIP_92420"",""HIP_93194"",""HIP_97165"",""HIP_98110"",""HIP_99675""]",3,4,1,52.77324737199863,-109.98070984646961,5868117.37032454,-5435018.187341811,5868117.370324542,
86,summary,sample-000086,86,,,2026-09-23T21:20:57.242673Z,,,37.225762486033155,-89.22573953061419,87.26907579926258,178.75300067931136,-100.01304535442644,17,"[""HIP_100453"",""HIP_102098"",""HIP_102488"",""HIP_103413"",""HIP_104732"",""HIP_105102"",""HIP_14328"",""HIP_14576"",""HIP_15863"",""HIP_17358"",""HIP_17702"",""HIP_18246"",""HIP_18532"",""HIP_23015"",""HIP_23416"",""HIP_23453"",""HIP_23767"",""HIP_24608"",""HIP_6686"",""HIP_87833"",""HIP_8886"",""HIP_90139"",""HIP_91262"",""HIP_92420"",""HIP_93194"",""HIP_93244"",""HIP_96837"",""HIP_97165"",""HIP_98110"",""HIP_99675""]",3,4,1,50.043313313229426,-92.02125979007445,5564562.5529152155,-4764714.060848647,5884415.350064672,2240168.6578138354
87,step,sample-000087,87,1,False,2026-09-23T21:21:27.610324Z,2026-09-26T06:40:03.545266Z,0.0,-17.18988207989584,-65.1684941562817,89.99999999843554,146.7178691184195,-119.3555010430096,11,"[""HIP_24305"",""HIP_24674"",""HIP_25336"",""HIP_26311"",""HIP_27628"",""HIP_27989"",""HIP_33579"",""HIP_33856"",""HIP_33977"",""HIP_34444"",""HIP_35264""]",3,3,2,107.18988207833138,-148.11363672529882,11918971.074738959,-13255323.308239514,11918971.075060628,
87,step,sample-000087,87,2,False,2026-09-23T21:21:27.611686Z,2026-09-26T06:09:51.333759Z,0.0,-17.190167729432847,-65.16673887100322,89.99999999496438,134.20858327145092,-101.00206692813605,9,"[""HIP_14576"",""HIP_20894"",""HIP_21421"",""HIP_26311"",""HIP_26451"",""HIP_27072"",""HIP_27989"",""HIP_30122"",""HIP_32759""]",3,3,2,107.19016772439723,-160.62467785754586,11919002.837132297,-14375016.352913985,11919002.838220457,
87,step,sample-000087,87,3,False,2026-09-23T21:21:27.612771Z,2026-09-26T06:39:08.031424Z,0.0,-17.190547508186313,-65.16706315099728,89.99999999878543,134.59562190210212,-128.828798097922,9,"[""HIP_20042"",""HIP_24305"",""HIP_25336"",""HIP_26311"",""HIP_27989"",""HIP_33579"",""HIP_33856"",""HIP_33977"",""HIP_34444""]",3,3,2,107.19054750697174,-160.2373149469006,11919045.067027811,-14340384.56989922,11919045.067289967,
87,step,sample-000087,87,4,True,2026-09-23T21:21:27.614069Z,2026-09-26T05:02:49.238554Z,0.0,-17.18980898502963,-65.16717976105706,89.99999999867157,113.3593086550266,-105.74856583321318,9,"[""HIP_12706"",""HIP_13701"",""HIP_14135"",""HIP_15474"",""HIP_15900"",""HIP_16537"",""HIP_17378"",""HIP_18543"",""HIP_677""]",3,3,2,107.1898089837012,178.52648841608368,11918962.946986917,15977092.064349677,11918962.9472823,
87,step,sample-000087,87,5,True,2026-09-23T21:21:27.615389Z,2026-09-26T05:13:31.075433Z,0.0,-17.188118806154932,-65.16815085918766,88.26469163816036,97.55562222402612,-27.40232982923087,2,"[""HIP_14576"",""HIP_677""]",4,3,2,105.45281044431529,162.7237730832138,11725817.521818196,14723628.916621149,12102944.077826826,
87,summary,sample-000087,87,,,2026-09-23T21:21:27.616730Z,,,-17.18965385798367,-65.16847514307692,89.9999999973951,138.50735809732413,-116.42466241826124,10,"[""HIP_14576"",""HIP_20042"",""HIP_20894"",""HIP_21421"",""HIP_24305"",""HIP_24674"",""HIP_25336"",""HIP_26311"",""HIP_26451"",""HIP_27072"",""HIP_27628"",""HIP_27989"",""HIP_30122"",""HIP_32759"",""HIP_33579"",""HIP_33856"",""HIP_33977"",""HIP_34444"",""HIP_35264""]",3,3,2,107.18965385537877,-156.32416675959894,11918945.697504485,-13990098.237790482,11918945.698059412,2351418.968621256
88,step,sample-000088,88,1,False,2026-09-23T21:22:46.617377Z,2026-09-26T06:40:47.932369Z,0.0,16.100786278036264,150.11631710140614,16.010061636498865,150.1704453600675,0.13378965083430128,32,"[""HIP_100453"",""HIP_102098"",""HIP_102488"",""HIP_76297"",""HIP_78401"",""HIP_78820"",""HIP_80112"",""HIP_80763"",""HIP_82396"",""HIP_82514"",""HIP_82729"",""HIP_84143"",""HIP_84970"",""HIP_85423"",""HIP_85927"",""HIP_86170"",""HIP_86228"",""HIP_86670"",""HIP_87073"",""HIP_87261"",""HIP_88048"",""HIP_88635"",""HIP_89341"",""HIP_89642"",""HIP_89931"",""HIP_90185"",""HIP_90496"",""HIP_91117"",""HIP_91262"",""HIP_92855"",""HIP_93194""]",1,5,0,-0.09072464153739901,0.054128258661364725,-10088.11986060497,5784.022610603634,11628.631517277503,
88,step,sample-000088,88,2,False,2026-09-23T21:22:46.618912Z,2026-09-26T06:36:46.576681Z,0.0,16.10280208216316,150.11592853958513,16.02596305015186,150.1931728116257,0.15795268563790765,34,"[""HIP_100453"",""HIP_102098"",""HIP_102488"",""HIP_76297"",""HIP_78401"",""HIP_78820"",""HIP_80112"",""HIP_81266"",""HIP_82396"",""HIP_82514"",""HIP_82729"",""HIP_84143"",""HIP_84970"",""HIP_85927"",""HIP_86170"",""HIP_86228"",""HIP_86263"",""HIP_86670"",""HIP_87073"",""HIP_87261"",""HIP_88048"",""HIP_88635"",""HIP_89341"",""HIP_89642"",""HIP_89931"",""HIP_90185"",""HIP_90496"",""HIP_91117"",""HIP_91262"",""HIP_92420"",""HIP_92855"",""HIP_93194"",""HIP_97165""]",1,5,0,-0.07683903201129993,0.07724427204055928,-8544.110527935398,8253.775700305969,11879.672743137124,
88,step,sample-000088,88,3,False,2026-09-23T21:22:46.620064Z,2026-09-26T06:44:40.707637Z,0.0,16.100887985524913,150.11670125660072,15.994294795956371,150.14273651431674,0.0981928033274656,24,"[""HIP_76297"",""HIP_78401"",""HIP_78820"",""HIP_80112"",""HIP_82396"",""HIP_82514"",""HIP_82729"",""HIP_84012"",""HIP_84143"",""HIP_84970"",""HIP_85927"",""HIP_86170"",""HIP_86228"",""HIP_86263"",""HIP_86670"",""HIP_87073"",""HIP_87261"",""HIP_88635"",""HIP_89341"",""HIP_89642"",""HIP_89931"",""HIP_90185"",""HIP_90496""]",1,5,0,-0.10659318956854236,0.026035257716017668,-11852.62189488361,2782.1778519266413,12174.775422402492,
88,step,sample-000088,88,4,False,2026-09-23T21:22:46.621237Z,2026-09-26T07:10:03.310476Z,0.0,16.102009409211583,150.11472122224586,16.016168897736204,150.10180885676203,0.06068158333577707,31,"[""HIP_75141"",""HIP_76297"",""HIP_78401"",""HIP_78820"",""HIP_80112"",""HIP_80763"",""HIP_81377"",""HIP_82396"",""HIP_82514"",""HIP_82729"",""HIP_84143"",""HIP_84970"",""HIP_85927"",""HIP_86228"",""HIP_86263"",""HIP_86670"",""HIP_87073"",""HIP_87261"",""HIP_88048"",""HIP_88635"",""HIP_89341"",""HIP_89642"",""HIP_89931"",""HIP_90496"",""HIP_91117"",""HIP_92041"",""HIP_92855"",""HIP_93085"",""HIP_93506"",""HIP_94141""]",1,5,0,-0.08584051147537863,-0.012912365483828125,-9545.02937663613,-1379.7606028618331,9644.237900260538,
88,step,sample-000088,88,5,False,2026-09-23T21:22:46.622400Z,2026-09-26T06:31:33.048295Z,0.0,16.10098065691369,150.11489235806584,16.01836927374257,150.17498824988772,0.140537807894414,29,"[""HIP_100453"",""HIP_102098"",""HIP_102488"",""HIP_76297"",""HIP_78401"",""HIP_78820"",""HIP_80112"",""HIP_80763"",""HIP_81266"",""HIP_82396"",""HIP_82514"",""HIP_82729"",""HIP_84143"",""HIP_84970"",""HIP_86228"",""HIP_86670"",""HIP_87073"",""HIP_87261"",""HIP_88048"",""HIP_88635"",""HIP_89341"",""HIP_89642"",""HIP_89931"",""HIP_90185"",""HIP_90496"",""HIP_91262"",""HIP_92855"",""HIP_93194""]",1,5,0,-0.08261138317111971,0.06009589182187369,-9185.966691718191,6421.573180003299,11207.969350341877,
88,summary,sample-000088,88,,,2026-09-23T21:22:46.623527Z,,,16.101930441359055,150.1159260292829,16.012971530817175,150.15663035853197,0.11823090743566074,30,"[""HIP_100453"",""HIP_102098"",""HIP_102488"",""HIP_75141"",""HIP_76297"",""HIP_78401"",""HIP_78820"",""HIP_80112"",""HIP_80763"",""HIP_81266"",""HIP_81377"",""HIP_82396"",""HIP_82514"",""HIP_82729"",""HIP_84012"",""HIP_84143"",""HIP_84970"",""HIP_85423"",""HIP_85927"",""HIP_86170"",""HIP_86228"",""HIP_86263"",""HIP_86670"",""HIP_87073"",""HIP_87261"",""HIP_88048"",""HIP_88635"",""HIP_89341"",""HIP_89642"",""HIP_89931"",""HIP_90185"",""HIP_90496"",""HIP_91117"",""HIP_91262"",""HIP_92041"",""HIP_92420"",""HIP_92855"",""HIP_93085"",""HIP_93194"",""HIP_93506"",""HIP_94141"",""HIP_97165""]",1,5,0,-0.08895891054187999,0.040704329249081184,-9891.779532084209,4349.527756744248,10805.817378252183,2324821.0919025852
89,step,sample-000089,89,1,False,2026-09-23T21:24:35.739430Z,2026-09-26T07:24:34.141058Z,0.0,-71.16392005007066,-92.480064921719,-73.10584780619479,178.62741364791003,65.05410941530553,31,"[""HIP_30438"",""HIP_35264"",""HIP_39429"",""HIP_39953"",""HIP_42913"",""HIP_45556"",""HIP_45941"",""HIP_48002"",""HIP_48774"",""HIP_50371"",""HIP_51232"",""HIP_51576"",""HIP_52419"",""HIP_53253"",""HIP_56561"",""HIP_59196"",""HIP_59747"",""HIP_60718"",""HIP_61585"",""HIP_61932"",""HIP_62322"",""HIP_62434"",""HIP_66657"",""HIP_68002"",""HIP_68702"",""HIP_71683"",""HIP_71860"",""HIP_71908"",""HIP_74946"",""HIP_77952""]",3,4,1,-1.9419277561241302,-88.89252143037095,-215932.5143912552,-3032307.6858263803,2763149.1854720535,
89,step,sample-000089,89,2,False,2026-09-23T21:24:35.742850Z,2026-09-26T07:50:33.965022Z,0.0,-71.16385856809083,-92.47238030507599,-73.5533558536939,179.99221370440645,63.210531556286696,36,"[""HIP_30438"",""HIP_39429"",""HIP_39953"",""HIP_41037"",""HIP_42913"",""HIP_44816"",""HIP_45556"",""HIP_45941"",""HIP_48774"",""HIP_50371"",""HIP_51232"",""HIP_51576"",""HIP_52419"",""HIP_53253"",""HIP_54463"",""HIP_56561"",""HIP_57439"",""HIP_59196"",""HIP_59747"",""HIP_60718"",""HIP_61084"",""HIP_61585"",""HIP_61932"",""HIP_62322"",""HIP_62434"",""HIP_66657"",""HIP_68002"",""HIP_68702"",""HIP_71683"",""HIP_71860"",""HIP_71908"",""HIP_74395"",""HIP_74946"",""HIP_77952"",""HIP_82273""]",3,4,1,-2.3894972856030705,-87.53540599051757,-265699.9753900056,-2949817.1729616793,2698189.18952615,
89,step,sample-000089,89,3,False,2026-09-23T21:24:35.744839Z,2026-09-26T06:55:01.485358Z,0.0,-71.16530357338722,-92.47550632089035,-72.46965435447107,179.99871071973402,63.132133842788875,34,"[""HIP_30438"",""HIP_35264"",""HIP_39429"",""HIP_39953"",""HIP_41037"",""HIP_42913"",""HIP_45556"",""HIP_45941"",""HIP_46701"",""HIP_48002"",""HIP_50371"",""HIP_51232"",""HIP_51576"",""HIP_52419"",""HIP_53253"",""HIP_54463"",""HIP_56561"",""HIP_59196"",""HIP_59747"",""HIP_61084"",""HIP_61585"",""HIP_61932"",""HIP_62322"",""HIP_66657"",""HIP_68002"",""HIP_68702"",""HIP_71683"",""HIP_71860"",""HIP_71908"",""HIP_74946"",""HIP_77952"",""HIP_82273""]",3,4,1,-1.3043507810838548,-87.52578295937565,-145037.18942139213,-3036954.9162076274,2774011.403301852,
89,step,sample-000089,89,4,False,2026-09-23T21:24:35.746063Z,2026-09-26T07:55:58.618988Z,0.0,-71.16465401611559,-92.47613396185132,-78.62622304191616,179.999899413246,68.45472134560956,40,"[""HIP_30438"",""HIP_32768"",""HIP_33579"",""HIP_34444"",""HIP_35264"",""HIP_35904"",""HIP_39429"",""HIP_39953"",""HIP_42913"",""HIP_44816"",""HIP_45941"",""HIP_46701"",""HIP_48002"",""HIP_48774"",""HIP_50371"",""HIP_51232"",""HIP_51576"",""HIP_52419"",""HIP_53253"",""HIP_54463"",""HIP_56561"",""HIP_59196"",""HIP_59747"",""HIP_60718"",""HIP_61084"",""HIP_61585"",""HIP_61932"",""HIP_62322"",""HIP_62434"",""HIP_66657"",""HIP_68002"",""HIP_68702"",""HIP_71683"",""HIP_71860"",""HIP_71908"",""HIP_74946"",""HIP_77952"",""HIP_82273""]",3,4,1,-7.461569025800571,-87.5239666249027,-829688.6204772061,-2536035.5103858723,2387273.485161114,
89,step,sample-000089,89,5,True,2026-09-23T21:24:35.747690Z,2026-09-26T06:43:21.374867Z,0.0,-71.16348916784494,-92.47973560563469,-89.99553625592547,179.71211549429148,90.56456450948377,43,"[""HIP_30438"",""HIP_35264"",""HIP_39429"",""HIP_39953"",""HIP_41037"",""HIP_42913"",""HIP_45556"",""HIP_45941"",""HIP_48002"",""HIP_50371"",""HIP_51576"",""HIP_52419"",""HIP_53253"",""HIP_56561"",""HIP_59196"",""HIP_59747"",""HIP_61084"",""HIP_61585"",""HIP_61932"",""HIP_62322"",""HIP_66657"",""HIP_68002"",""HIP_68702"",""HIP_71683"",""HIP_71860"",""HIP_71908"",""HIP_73273"",""HIP_74946"",""HIP_77952"",""HIP_82514"",""HIP_85258"",""HIP_85927"",""HIP_86228"",""HIP_86670"",""HIP_87073"",""HIP_87261"",""HIP_88635"",""HIP_89642"",""HIP_89931"",""HIP_90185"",""HIP_92855"",""HIP_93506""]",3,4,1,-18.83204708808053,-87.80814890007383,-2094028.0945259905,-1598129.680519185,2094505.5137317886,
89,summary,sample-000089,89,,,2026-09-23T21:24:35.749002Z,,,-71.1639346376212,-92.47635855448978,-74.43877026406898,179.65455937132413,64.96247962792222,35,"[""HIP_30438"",""HIP_32768"",""HIP_33579"",""HIP_34444"",""HIP_35264"",""HIP_35904"",""HIP_39429"",""HIP_39953"",""HIP_41037"",""HIP_42913"",""HIP_44816"",""HIP_45556"",""HIP_45941"",""HIP_46701"",""HIP_48002"",""HIP_48774"",""HIP_50371"",""HIP_51232"",""HIP_51576"",""HIP_52419"",""HIP_53253"",""HIP_54463"",""HIP_56561"",""HIP_57439"",""HIP_59196"",""HIP_59747"",""HIP_60718"",""HIP_61084"",""HIP_61585"",""HIP_61932"",""HIP_62322"",""HIP_62434"",""HIP_66657"",""HIP_68002"",""HIP_68702"",""HIP_71683"",""HIP_71860"",""HIP_71908"",""HIP_74395"",""HIP_74946"",""HIP_77952"",""HIP_82273""]",3,4,1,-3.274835626447782,-87.86908207418611,-364145.10725584865,-2889023.612271638,2646210.937192961,2328432.2137597804
90,step,sample-000090,90,1,False,2026-09-23T21:25:55.719127Z,2026-09-26T07:40:51.396821Z,0.0,-8.092829231388217,159.00645005008926,-8.0980874325816,159.1129302429147,-0.019162302446861103,38,"[""HIP_71860"",""HIP_72622"",""HIP_73273"",""HIP_74395"",""HIP_74785"",""HIP_75264"",""HIP_77952"",""HIP_78265"",""HIP_78401"",""HIP_78820"",""HIP_79664"",""HIP_79882"",""HIP_80112"",""HIP_80763"",""HIP_81266"",""HIP_82273"",""HIP_82363"",""HIP_82396"",""HIP_83081"",""HIP_84143"",""HIP_85258"",""HIP_85670"",""HIP_85727"",""HIP_85792"",""HIP_86228"",""HIP_86670"",""HIP_86929"",""HIP_87073"",""HIP_87261"",""HIP_87833"",""HIP_88635"",""HIP_89642"",""HIP_90422"",""HIP_91262"",""HIP_93194"",""HIP_97165""]",1,5,0,-0.005258201193383272,0.10648019282544396,-584.6852959805841,11722.068969456792,11736.641637771618,
90,step,sample-000090,90,2,False,2026-09-23T21:25:55.720850Z,2026-09-26T07:35:05.261356Z,0.0,-8.092017898651092,159.00727206432748,-8.151412583621976,159.52892868270337,-0.11237765000617252,38,"[""HIP_100453"",""HIP_102098"",""HIP_102488"",""HIP_104060"",""HIP_104887"",""HIP_71352"",""HIP_71860"",""HIP_74395"",""HIP_75264"",""HIP_76297"",""HIP_77952"",""HIP_78265"",""HIP_78401"",""HIP_79664"",""HIP_80000"",""HIP_82273"",""HIP_82363"",""HIP_82514"",""HIP_82729"",""HIP_83081"",""HIP_84143"",""HIP_85258"",""HIP_85670"",""HIP_85727"",""HIP_85792"",""HIP_87073"",""HIP_87261"",""HIP_87833"",""HIP_89642"",""HIP_90139"",""HIP_90422"",""HIP_91262"",""HIP_92420"",""HIP_93194"",""HIP_97165"",""HIP_98110"",""HIP_99675""]",2,5,0,-0.059394684970884626,0.5216566183758857,-6604.387638414191,57423.78426636224,57802.31974213416,
90,step,sample-000090,90,3,False,2026-09-23T21:25:55.722104Z,2026-09-26T08:07:02.558777Z,0.0,-8.09459380076188,159.00687087751885,-8.286319865598195,159.62664376832055,0.28110589867888347,23,"[""HIP_74376"",""HIP_74395"",""HIP_77952"",""HIP_79664"",""HIP_80112"",""HIP_81266"",""HIP_82273"",""HIP_82363"",""HIP_82396"",""HIP_82514"",""HIP_82729"",""HIP_83081"",""HIP_84143"",""HIP_84970"",""HIP_85258"",""HIP_85727"",""HIP_85927"",""HIP_86228"",""HIP_86670"",""HIP_87073"",""HIP_90422""]",2,5,0,-0.19172606483631505,0.6197728908016984,-21318.965715323964,68212.66016488118,71466.49406184665,
90,step,sample-000090,90,4,False,2026-09-23T21:25:55.723372Z,2026-09-26T08:10:55.468356Z,0.0,-8.095013030095823,159.00662955760998,-8.147208208161057,159.70080273312865,-0.0769669372426797,32,"[""HIP_100453"",""HIP_102098"",""HIP_102488"",""HIP_104887"",""HIP_73273"",""HIP_74395"",""HIP_75264"",""HIP_77952"",""HIP_79664"",""HIP_80112"",""HIP_81266"",""HIP_82273"",""HIP_82363"",""HIP_82396"",""HIP_82514"",""HIP_82729"",""HIP_83081"",""HIP_84143"",""HIP_84970"",""HIP_85258"",""HIP_85792"",""HIP_85927"",""HIP_86228"",""HIP_86670"",""HIP_87073"",""HIP_89642"",""HIP_90422"",""HIP_91262"",""HIP_92420"",""HIP_93194"",""HIP_97165""]",2,5,0,-0.05219517806523477,0.6941731755186709,-5803.838996163461,76414.46364928842,76634.54148096881,
90,step,sample-000090,90,5,False,2026-09-23T21:25:55.724661Z,2026-09-26T07:05:17.705564Z,0.0,-8.095322794789375,159.00633695595604,-8.142558821011887,159.0047109623432,0.07879610197467599,24,"[""HIP_100453"",""HIP_102098"",""HIP_102488"",""HIP_71683"",""HIP_71860"",""HIP_74395"",""HIP_76297"",""HIP_77952"",""HIP_80763"",""HIP_82273"",""HIP_82363"",""HIP_82514"",""HIP_82729"",""HIP_83081"",""HIP_84143"",""HIP_85258"",""HIP_85792"",""HIP_87073"",""HIP_87261"",""HIP_88635"",""HIP_89642"",""HIP_90185"",""HIP_93194"",""HIP_97165""]",1,5,0,-0.047236026222511995,-0.001625993612833554,-5252.406470792674,-178.99006408890335,5255.455372804714,
90,summary,sample-000090,90,,,2026-09-23T21:25:55.725860Z,,,-8.09363202472827,159.00681753597956,-8.165117382194943,159.3948032778821,0.03027890402827573,31,"[""HIP_100453"",""HIP_102098"",""HIP_102488"",""HIP_104060"",""HIP_104887"",""HIP_71352"",""HIP_71683"",""HIP_71860"",""HIP_72622"",""HIP_73273"",""HIP_74376"",""HIP_74395"",""HIP_74785"",""HIP_75264"",""HIP_76297"",""HIP_77952"",""HIP_78265"",""HIP_78401"",""HIP_78820"",""HIP_79664"",""HIP_79882"",""HIP_80000"",""HIP_80112"",""HIP_80763"",""HIP_81266"",""HIP_82273"",""HIP_82363"",""HIP_82396"",""HIP_82514"",""HIP_82729"",""HIP_83081"",""HIP_84143"",""HIP_84970"",""HIP_85258"",""HIP_85670"",""HIP_85727"",""HIP_85792"",""HIP_85927"",""HIP_86228"",""HIP_86670"",""HIP_86929"",""HIP_87073"",""HIP_87261"",""HIP_87833"",""HIP_88635"",""HIP_89642"",""HIP_90139"",""HIP_90185"",""HIP_90422"",""HIP_91262"",""HIP_92420"",""HIP_93194"",""HIP_97165"",""HIP_98110"",""HIP_99675""]",2,5,0,-0.07148535746667228,0.38798574190252566,-7948.809079666684,42708.52418336039,43441.92920708437,2303043.4328203057
91,step,sample-000091,91,1,False,2026-09-23T21:27:11.841460Z,2026-09-26T09:05:35.903393Z,0.0,-17.20483752707887,-43.40671111848371,-89.99999999839336,178.81871009159,83.96319641103644,41,"[""HIP_23015"",""HIP_23416"",""HIP_23767"",""HIP_26451"",""HIP_28360"",""HIP_28380"",""HIP_29655"",""HIP_30343"",""HIP_30438"",""HIP_32246"",""HIP_35350"",""HIP_35550"",""HIP_36188"",""HIP_36850"",""HIP_37279"",""HIP_37819"",""HIP_37826"",""HIP_38827"",""HIP_40526"",""HIP_41037"",""HIP_42536"",""HIP_43109"",""HIP_43813"",""HIP_44511"",""HIP_44816"",""HIP_45238"",""HIP_45556"",""HIP_45941"",""HIP_46651"",""HIP_46701"",""HIP_47854"",""HIP_48002"",""HIP_48774"",""HIP_50099"",""HIP_50371"",""HIP_51232"",""HIP_51576"",""HIP_52419"",""HIP_52727"",""HIP_53253""]",3,5,0,-72.7951624713145,-137.7745787899263,-8094452.75107655,-9090558.384157112,8094452.751387492,
91,step,sample-000091,91,2,False,2026-09-23T21:27:11.842569Z,2026-09-26T08:42:24.041653Z,0.0,-17.204645735130832,-43.40753810019103,-71.43597274505088,179.9999999914774,50.80549547497184,36,"[""HIP_23015"",""HIP_23416"",""HIP_23453"",""HIP_23767"",""HIP_24608"",""HIP_25428"",""HIP_26451"",""HIP_28360"",""HIP_28380"",""HIP_29655"",""HIP_30343"",""HIP_30438"",""HIP_32246"",""HIP_32362"",""HIP_32768"",""HIP_36377"",""HIP_36850"",""HIP_38414"",""HIP_38827"",""HIP_41037"",""HIP_42536"",""HIP_42570"",""HIP_42913"",""HIP_44816"",""HIP_45238"",""HIP_45556"",""HIP_45941"",""HIP_46701"",""HIP_47854"",""HIP_48002"",""HIP_48774"",""HIP_50099"",""HIP_50371"",""HIP_51232"",""HIP_51576"",""HIP_52727""]",3,5,0,-54.231327009920044,-136.59246190833153,-6030248.428705136,-10866458.730421247,9628514.0956868,
91,step,sample-000091,91,3,False,2026-09-23T21:27:11.843672Z,2026-09-26T08:31:39.214811Z,0.0,-17.203357256392714,-43.40822459364006,-89.99999999993844,176.90127231968603,96.30475615560903,29,"[""HIP_21421"",""HIP_23015"",""HIP_23453"",""HIP_23767"",""HIP_25428"",""HIP_26451"",""HIP_27989"",""HIP_28380"",""HIP_29655"",""HIP_30343"",""HIP_31681"",""HIP_32246"",""HIP_32362"",""HIP_32768"",""HIP_36377"",""HIP_36850"",""HIP_37819"",""HIP_37826"",""HIP_42913"",""HIP_44816"",""HIP_45238"",""HIP_45556"",""HIP_45941"",""HIP_46701"",""HIP_47854"",""HIP_48002"",""HIP_48774"",""HIP_50371"",""HIP_51576""]",3,5,0,-72.79664274354573,-139.6905030866739,-8094617.349838716,-9217135.241216356,8094617.349850783,
91,step,sample-000091,91,4,False,2026-09-23T21:27:11.844743Z,2026-09-26T08:50:15.201951Z,0.0,-17.203070729047447,-43.409356968181555,-89.99999999346619,172.60529633764565,90.81227428881425,40,"[""HIP_21421"",""HIP_23015"",""HIP_23416"",""HIP_23453"",""HIP_23767"",""HIP_24608"",""HIP_25428"",""HIP_26451"",""HIP_27989"",""HIP_28360"",""HIP_28380"",""HIP_29655"",""HIP_30343"",""HIP_30438"",""HIP_31681"",""HIP_32246"",""HIP_36377"",""HIP_36850"",""HIP_37826"",""HIP_38827"",""HIP_41037"",""HIP_42536"",""HIP_42570"",""HIP_42913"",""HIP_44816"",""HIP_45238"",""HIP_45556"",""HIP_45941"",""HIP_46701"",""HIP_47854"",""HIP_48002"",""HIP_48774"",""HIP_50099"",""HIP_50371"",""HIP_51232"",""HIP_51576"",""HIP_52419"",""HIP_52727"",""HIP_53253""]",3,5,0,-72.79692926441874,-143.9853466941728,-8094649.209506173,-9500552.186725039,8094649.210820362,
91,step,sample-000091,91,5,False,2026-09-23T21:27:11.845813Z,2026-09-26T08:38:29.694667Z,0.0,-17.2032506521658,-43.40947470426437,-89.99999999999999,165.57541992317962,87.04962049938592,40,"[""HIP_18532"",""HIP_23015"",""HIP_23416"",""HIP_23453"",""HIP_23767"",""HIP_24608"",""HIP_26451"",""HIP_28360"",""HIP_28380"",""HIP_29655"",""HIP_30343"",""HIP_30438"",""HIP_31681"",""HIP_32246"",""HIP_32607"",""HIP_32768"",""HIP_36188"",""HIP_36850"",""HIP_37819"",""HIP_37826"",""HIP_38414"",""HIP_38827"",""HIP_39429"",""HIP_41037"",""HIP_42536"",""HIP_42570"",""HIP_42913"",""HIP_44816"",""HIP_45238"",""HIP_45556"",""HIP_45941"",""HIP_46701"",""HIP_47854"",""HIP_48002"",""HIP_48774"",""HIP_50099"",""HIP_50371"",""HIP_51232"",""HIP_51576"",""HIP_52727""]",3,5,0,-72.79674934783418,-151.01510537255604,-8094629.203694751,-9964373.922364919,8094629.203694755,
91,summary,sample-000091,91,,,2026-09-23T21:27:11.846883Z,,,-17.20396145202392,-43.40793981272955,-86.28719454736978,174.78013973271572,82.05491103175999,37,"[""HIP_18532"",""HIP_21421"",""HIP_23015"",""HIP_23416"",""HIP_23453"",""HIP_23767"",""HIP_24608"",""HIP_25428"",""HIP_26451"",""HIP_27989"",""HIP_28360"",""HIP_28380"",""HIP_29655"",""HIP_30343"",""HIP_30438"",""HIP_31681"",""HIP_32246"",""HIP_32362"",""HIP_32607"",""HIP_32768"",""HIP_35350"",""HIP_35550"",""HIP_36188"",""HIP_36377"",""HIP_36850"",""HIP_37279"",""HIP_37819"",""HIP_37826"",""HIP_38414"",""HIP_38827"",""HIP_39429"",""HIP_40526"",""HIP_41037"",""HIP_42536"",""HIP_42570"",""HIP_42913"",""HIP_43109"",""HIP_43813"",""HIP_44511"",""HIP_44816"",""HIP_45238"",""HIP_45556"",""HIP_45941"",""HIP_46651"",""HIP_46701"",""HIP_47854"",""HIP_48002"",""HIP_48774"",""HIP_50099"",""HIP_50371"",""HIP_51232"",""HIP_51576"",""HIP_52419"",""HIP_52727"",""HIP_53253""]",3,5,0,-69.08323309534586,-141.81192045455475,-7681705.036405936,-9763303.384627203,8420514.490416154,2370268.3894971833
92,step,sample-000092,92,1,False,2026-09-23T21:28:13.918546Z,2026-09-26T09:58:48.936511Z,0.0,72.85268681811681,34.43431898062255,86.90029261281862,104.30161437074456,80.07837496766298,17,"[""HIP_100453"",""HIP_102098"",""HIP_102422"",""HIP_104887"",""HIP_105199"",""HIP_106032"",""HIP_109492"",""HIP_111169"",""HIP_746"",""HIP_87833"",""HIP_91262"",""HIP_92420"",""HIP_93194"",""HIP_94376"",""HIP_97165"",""HIP_98110""]",3,5,0,14.04760579470181,69.86729539012202,1562022.495873546,1365542.898520998,1816243.5528085364,
92,step,sample-000092,92,2,False,2026-09-23T21:28:13.920591Z,2026-09-26T09:27:35.491818Z,0.0,72.8512499687119,34.43812944859576,88.2464893391262,94.39930506019739,69.83134888341252,9,"[""HIP_100453"",""HIP_102422"",""HIP_87833"",""HIP_91262"",""HIP_92420"",""HIP_93194"",""HIP_97165"",""HIP_98110""]",3,5,0,15.395239370414302,59.96117561160162,1711872.512468641,1094825.6052106882,1816870.26665269,
92,step,sample-000092,92,3,False,2026-09-23T21:28:13.921791Z,2026-09-26T09:14:36.241130Z,0.0,72.85425306517112,34.43559788599606,76.56212235244372,63.02962923273999,22.403556548014482,15,"[""HIP_105199"",""HIP_106032"",""HIP_109492"",""HIP_23015"",""HIP_23416"",""HIP_23453"",""HIP_23767"",""HIP_24608"",""HIP_25428"",""HIP_28360"",""HIP_28380"",""HIP_32246"",""HIP_4427"",""HIP_746""]",2,5,0,3.707869287272601,28.594031346743918,412296.2534058891,838549.0576111194,921812.5199382234,
92,step,sample-000092,92,4,False,2026-09-23T21:28:13.922911Z,2026-09-26T08:48:26.289920Z,0.0,72.85282079156279,34.43888429710543,72.9280058722773,34.17885050186226,-0.1545209174465077,27,"[""HIP_102098"",""HIP_102422"",""HIP_105199"",""HIP_106032"",""HIP_106481"",""HIP_109492"",""HIP_111169"",""HIP_113726"",""HIP_14328"",""HIP_23015"",""HIP_23416"",""HIP_23453"",""HIP_23767"",""HIP_24608"",""HIP_25428"",""HIP_28360"",""HIP_28380"",""HIP_29655"",""HIP_30343"",""HIP_32246"",""HIP_4427"",""HIP_6686"",""HIP_746"",""HIP_8886"",""HIP_94376"",""HIP_99675""]",1,5,0,0.07518508071450469,-0.2600337952431744,8360.199534814577,-8506.634928173817,11927.083527382565,
92,step,sample-000092,92,5,False,2026-09-23T21:28:13.923995Z,2026-09-26T08:07:41.922773Z,0.0,72.85264030899553,34.43680345027491,72.86081259093493,34.02009449169405,-0.32221169556214674,13,"[""HIP_18246"",""HIP_23015"",""HIP_23416"",""HIP_23453"",""HIP_23767"",""HIP_24608"",""HIP_25428"",""HIP_28360"",""HIP_28380"",""HIP_29655"",""HIP_30343"",""HIP_32246""]",1,5,0,0.008172281939394566,-0.4167089585808412,908.716290769631,-13658.07458769488,13688.243335798403,
92,summary,sample-000092,92,,,2026-09-23T21:28:13.925120Z,,,72.852832935618,34.436798986031874,79.49954455352015,65.98589873144766,33.71473782624901,16,"[""HIP_100453"",""HIP_102098"",""HIP_102422"",""HIP_104887"",""HIP_105199"",""HIP_106032"",""HIP_106481"",""HIP_109492"",""HIP_111169"",""HIP_113726"",""HIP_14328"",""HIP_18246"",""HIP_23015"",""HIP_23416"",""HIP_23453"",""HIP_23767"",""HIP_24608"",""HIP_25428"",""HIP_28360"",""HIP_28380"",""HIP_29655"",""HIP_30343"",""HIP_32246"",""HIP_4427"",""HIP_6686"",""HIP_746"",""HIP_87833"",""HIP_8886"",""HIP_91262"",""HIP_92420"",""HIP_93194"",""HIP_94376"",""HIP_97165"",""HIP_98110"",""HIP_99675""]",2,5,0,6.646711617902156,31.549099745415788,739080.6107801666,838214.9394103804,1092361.8808036726,2356378.1013592104
93,step,sample-000093,93,1,False,2026-09-23T21:29:31.076916Z,2026-09-26T09:49:50.546330Z,0.0,10.96154246665501,110.28654317812061,10.868275000401617,110.27026702780404,0.066962494058934,27,"[""HIP_102488"",""HIP_75264"",""HIP_76297"",""HIP_78401"",""HIP_78820"",""HIP_80000"",""HIP_80112"",""HIP_81266"",""HIP_82396"",""HIP_82514"",""HIP_82729"",""HIP_84143"",""HIP_84970"",""HIP_85792"",""HIP_85927"",""HIP_86228"",""HIP_86670"",""HIP_87073"",""HIP_87261"",""HIP_88635"",""HIP_89642"",""HIP_89931"",""HIP_90496"",""HIP_92041"",""HIP_93506"",""HIP_94141""]",1,4,1,-0.09326746625339233,-0.016276150316571147,-10370.869068369817,-1777.0846510121958,10522.022349065062,
93,step,sample-000093,93,2,True,2026-09-23T21:29:31.078640Z,2026-09-26T10:41:31.612124Z,0.0,10.963701095701577,110.28615510478033,10.917449689272084,110.60060087878392,-0.14360556000333058,30,"[""HIP_76297"",""HIP_78401"",""HIP_78820"",""HIP_80112"",""HIP_81266"",""HIP_81377"",""HIP_82396"",""HIP_82514"",""HIP_82729"",""HIP_84143"",""HIP_84970"",""HIP_85792"",""HIP_85927"",""HIP_86228"",""HIP_86670"",""HIP_87073"",""HIP_87261"",""HIP_88635"",""HIP_89341"",""HIP_89642"",""HIP_89931"",""HIP_90185"",""HIP_90496"",""HIP_92041"",""HIP_93085"",""HIP_93506"",""HIP_93683"",""HIP_93864"",""HIP_94141""]",2,4,1,-0.04625140642949255,0.31444577400358753,-5142.921745135096,34329.274396929424,34712.36878949935,
93,step,sample-000093,93,3,False,2026-09-23T21:29:31.080154Z,2026-09-26T10:06:11.704941Z,0.0,10.961394376154228,110.28650171134836,10.874577544654215,110.25699306943179,0.046489715531198086,29,"[""HIP_75264"",""HIP_76297"",""HIP_78401"",""HIP_78820"",""HIP_80000"",""HIP_80112"",""HIP_81266"",""HIP_82396"",""HIP_82514"",""HIP_82729"",""HIP_84143"",""HIP_84970"",""HIP_85792"",""HIP_85927"",""HIP_86228"",""HIP_86670"",""HIP_87073"",""HIP_87261"",""HIP_88635"",""HIP_89642"",""HIP_89931"",""HIP_90185"",""HIP_90496"",""HIP_92041"",""HIP_92855"",""HIP_93085"",""HIP_93506"",""HIP_94141""]",1,4,1,-0.08681683150001263,-0.029508641916578426,-9653.59121015692,-3221.8190673794234,10177.02997636383,
93,step,sample-000093,93,4,False,2026-09-23T21:29:31.081736Z,2026-09-26T09:39:58.316047Z,0.0,10.962782737831681,110.28697885444512,10.873258689443453,110.26006360072756,0.04813403517967589,28,"[""HIP_75264"",""HIP_78401"",""HIP_78820"",""HIP_80000"",""HIP_80112"",""HIP_80763"",""HIP_81266"",""HIP_82396"",""HIP_82514"",""HIP_82729"",""HIP_83153"",""HIP_84143"",""HIP_84970"",""HIP_85792"",""HIP_85927"",""HIP_86228"",""HIP_86670"",""HIP_87073"",""HIP_87261"",""HIP_88635"",""HIP_89341"",""HIP_89642"",""HIP_89931"",""HIP_90496"",""HIP_92041"",""HIP_93085"",""HIP_94141""]",1,4,1,-0.08952404838822758,-0.026915253717561427,-9954.619993452892,-2938.6668396923887,10379.31693561845,
93,step,sample-000093,93,5,False,2026-09-23T21:29:31.083334Z,2026-09-26T09:13:25.762830Z,0.0,10.962639375668337,110.2874046844014,10.86589371777522,110.27346535829425,0.051144096810540045,31,"[""HIP_75264"",""HIP_76297"",""HIP_78401"",""HIP_78820"",""HIP_80000"",""HIP_80763"",""HIP_81266"",""HIP_82396"",""HIP_82514"",""HIP_82729"",""HIP_83153"",""HIP_84012"",""HIP_84143"",""HIP_84970"",""HIP_85792"",""HIP_85927"",""HIP_86170"",""HIP_86228"",""HIP_86670"",""HIP_87073"",""HIP_87261"",""HIP_88048"",""HIP_88635"",""HIP_89341"",""HIP_89642"",""HIP_89931"",""HIP_90185"",""HIP_90496"",""HIP_92855"",""HIP_94141""]",1,4,1,-0.09674565789311629,-0.013939326107163197,-10757.626332604641,-1521.9456399646676,10864.752285754865,
93,summary,sample-000093,93,,,2026-09-23T21:29:31.084887Z,,,10.962651406471755,110.28748310738052,10.870501238068627,110.2651972640644,0.05318258536742192,29,"[""HIP_102488"",""HIP_75264"",""HIP_76297"",""HIP_78401"",""HIP_78820"",""HIP_80000"",""HIP_80112"",""HIP_80763"",""HIP_81266"",""HIP_82396"",""HIP_82514"",""HIP_82729"",""HIP_83153"",""HIP_84012"",""HIP_84143"",""HIP_84970"",""HIP_85792"",""HIP_85927"",""HIP_86170"",""HIP_86228"",""HIP_86670"",""HIP_87073"",""HIP_87261"",""HIP_88048"",""HIP_88635"",""HIP_89341"",""HIP_89642"",""HIP_89931"",""HIP_90185"",""HIP_90496"",""HIP_92041"",""HIP_92855"",""HIP_93085"",""HIP_93506"",""HIP_94141""]",1,4,1,-0.09215016840312806,-0.022285843316126375,-10246.631215869558,-2433.2294200605297,10531.574206325417,2331153.9451532653
94,step,sample-000094,94,1,False,2026-09-23T21:30:45.535283Z,2026-09-26T10:32:52.846939Z,0.0,-73.08089622782687,174.11547963059053,-73.09969761730419,174.92248939472955,-0.21498060784932466,41,"[""HIP_30438"",""HIP_39429"",""HIP_39953"",""HIP_42913"",""HIP_44816"",""HIP_45556"",""HIP_45941"",""HIP_48774"",""HIP_50371"",""HIP_51232"",""HIP_51576"",""HIP_52419"",""HIP_52727"",""HIP_53253"",""HIP_56561"",""HIP_59747"",""HIP_60718"",""HIP_61084"",""HIP_61585"",""HIP_61932"",""HIP_62322"",""HIP_68702"",""HIP_71683"",""HIP_71908"",""HIP_80763"",""HIP_82396"",""HIP_82514"",""HIP_82729"",""HIP_85792"",""HIP_85927"",""HIP_86228"",""HIP_86670"",""HIP_87073"",""HIP_87261"",""HIP_88635"",""HIP_89341"",""HIP_89642"",""HIP_89931"",""HIP_90185"",""HIP_90496""]",2,5,0,-0.018801389477317798,0.8070097641390248,-2090.619123746131,26100.815239287575,26184.207648962372,
94,step,sample-000094,94,2,False,2026-09-23T21:30:45.536826Z,2026-09-26T10:44:14.780272Z,0.0,-73.07997073516945,174.10763587598626,-73.14411207720538,174.99420051300675,-0.20944078032489966,39,"[""HIP_41037"",""HIP_45556"",""HIP_45941"",""HIP_48774"",""HIP_50371"",""HIP_51232"",""HIP_51576"",""HIP_52419"",""HIP_52727"",""HIP_53253"",""HIP_56561"",""HIP_59196"",""HIP_59747"",""HIP_60718"",""HIP_61084"",""HIP_61585"",""HIP_61932"",""HIP_62322"",""HIP_62434"",""HIP_68702"",""HIP_71683"",""HIP_71908"",""HIP_82396"",""HIP_82514"",""HIP_83081"",""HIP_85258"",""HIP_85792"",""HIP_85927"",""HIP_86670"",""HIP_87073"",""HIP_87261"",""HIP_88635"",""HIP_89341"",""HIP_89642"",""HIP_89931"",""HIP_90185"",""HIP_90496"",""HIP_92855""]",2,5,0,-0.06414134203592425,0.8865646370204843,-7132.191822568149,28638.03133353792,29512.49130017471,
94,step,sample-000094,94,3,False,2026-09-23T21:30:45.537797Z,2026-09-26T11:24:13.724914Z,0.0,-73.08103605145544,174.11206716027505,-73.10906651580478,174.93585843852605,-0.19667460458638455,43,"[""HIP_39953"",""HIP_41037"",""HIP_42913"",""HIP_44816"",""HIP_45556"",""HIP_45941"",""HIP_48002"",""HIP_50371"",""HIP_51232"",""HIP_51576"",""HIP_52419"",""HIP_52727"",""HIP_53253"",""HIP_56561"",""HIP_59196"",""HIP_59747"",""HIP_60718"",""HIP_61084"",""HIP_61585"",""HIP_61932"",""HIP_62322"",""HIP_68702"",""HIP_71683"",""HIP_71908"",""HIP_74946"",""HIP_77952"",""HIP_82396"",""HIP_82514"",""HIP_82729"",""HIP_83081"",""HIP_85258"",""HIP_85927"",""HIP_86228"",""HIP_86670"",""HIP_87073"",""HIP_87261"",""HIP_88635"",""HIP_89642"",""HIP_89931"",""HIP_90185"",""HIP_90496"",""HIP_92855""]",2,5,0,-0.02803046434934231,0.823791278251008,-3116.845427138037,26636.30100581117,26817.82232171769,
94,step,sample-000094,94,4,False,2026-09-23T21:30:45.538757Z,2026-09-26T10:50:48.247339Z,0.0,-73.08026653885833,174.11316470826728,-73.1360483859802,174.7733117829237,-0.11387669643598228,45,"[""HIP_39953"",""HIP_41037"",""HIP_42913"",""HIP_44816"",""HIP_45238"",""HIP_45556"",""HIP_45941"",""HIP_48002"",""HIP_48774"",""HIP_50371"",""HIP_51232"",""HIP_52419"",""HIP_52727"",""HIP_53253"",""HIP_56561"",""HIP_59196"",""HIP_59747"",""HIP_60718"",""HIP_61084"",""HIP_61585"",""HIP_61932"",""HIP_68702"",""HIP_71683"",""HIP_71908"",""HIP_74946"",""HIP_82396"",""HIP_82514"",""HIP_82729"",""HIP_83081"",""HIP_85258"",""HIP_85792"",""HIP_85927"",""HIP_86228"",""HIP_86670"",""HIP_87073"",""HIP_87261"",""HIP_88635"",""HIP_89341"",""HIP_89642"",""HIP_89931"",""HIP_90185"",""HIP_90496"",""HIP_92855""]",2,5,0,-0.05578184712187806,0.660147074656436,-6202.658398815221,21328.9962504776,22212.456856243818,
94,step,sample-000094,94,5,False,2026-09-23T21:30:45.539752Z,2026-09-26T11:27:08.943016Z,0.0,-73.08061784106759,174.10957699072412,-73.07287352678952,174.9189226016605,-0.09082655786240207,34,"[""HIP_39953"",""HIP_41037"",""HIP_42913"",""HIP_44816"",""HIP_45556"",""HIP_45941"",""HIP_48774"",""HIP_50371"",""HIP_51576"",""HIP_52419"",""HIP_52727"",""HIP_56561"",""HIP_71683"",""HIP_71908"",""HIP_74946"",""HIP_77952"",""HIP_82396"",""HIP_82514"",""HIP_82729"",""HIP_83081"",""HIP_85258"",""HIP_85792"",""HIP_85927"",""HIP_86228"",""HIP_86670"",""HIP_87073"",""HIP_87261"",""HIP_88635"",""HIP_89642"",""HIP_89931"",""HIP_90185"",""HIP_90496"",""HIP_92855""]",2,5,0,0.007744314278070874,0.8093456109363899,861.1284580624997,26196.726735520504,26210.67634823786,
94,summary,sample-000094,94,,,2026-09-23T21:30:45.540852Z,,,-73.08025522722356,174.11349837878487,-73.11235962461681,174.9089565461693,-0.16515985249666365,40,"[""HIP_30438"",""HIP_39429"",""HIP_39953"",""HIP_41037"",""HIP_42913"",""HIP_44816"",""HIP_45238"",""HIP_45556"",""HIP_45941"",""HIP_48002"",""HIP_48774"",""HIP_50371"",""HIP_51232"",""HIP_51576"",""HIP_52419"",""HIP_52727"",""HIP_53253"",""HIP_56561"",""HIP_59196"",""HIP_59747"",""HIP_60718"",""HIP_61084"",""HIP_61585"",""HIP_61932"",""HIP_62322"",""HIP_62434"",""HIP_68702"",""HIP_71683"",""HIP_71908"",""HIP_74946"",""HIP_77952"",""HIP_80763"",""HIP_82396"",""HIP_82514"",""HIP_82729"",""HIP_83081"",""HIP_85258"",""HIP_85792"",""HIP_85927"",""HIP_86228"",""HIP_86670"",""HIP_87073"",""HIP_87261"",""HIP_88635"",""HIP_89341"",""HIP_89642"",""HIP_89931"",""HIP_90185"",""HIP_90496"",""HIP_92855""]",2,5,0,-0.03210439739325466,0.7954581673844245,-3569.846113110714,25718.328521792977,25964.70523360008,2306630.655366886
95,step,sample-000095,95,1,True,2026-09-23T21:32:11.104712Z,2026-09-26T10:37:46.641069Z,0.0,28.872408527902355,-151.24139392379533,30.457032970388955,179.93637979458492,-4.185030817362509,31,"[""HIP_100453"",""HIP_101958"",""HIP_102098"",""HIP_102488"",""HIP_104060"",""HIP_104732"",""HIP_104887"",""HIP_105102"",""HIP_105199"",""HIP_106481"",""HIP_107533"",""HIP_109492"",""HIP_109857"",""HIP_110991"",""HIP_111169"",""HIP_17702"",""HIP_18246"",""HIP_18532"",""HIP_21421"",""HIP_23015"",""HIP_23416"",""HIP_23453"",""HIP_23767"",""HIP_24608"",""HIP_25428"",""HIP_26451"",""HIP_28360"",""HIP_28380"",""HIP_97165"",""HIP_98110"",""HIP_99675""]",3,4,1,1.5846244424866,-28.82222628161975,176202.19864147226,-2784841.6010304717,2782922.6013835664,
95,step,sample-000095,95,2,False,2026-09-23T21:32:11.107656Z,2026-09-26T11:02:14.070455Z,0.0,28.872525283791646,-151.24121506859572,34.85072565315893,179.99905193863862,-3.7035731589759275,27,"[""HIP_100453"",""HIP_102098"",""HIP_102488"",""HIP_104732"",""HIP_104887"",""HIP_105199"",""HIP_106481"",""HIP_109492"",""HIP_110991"",""HIP_111169"",""HIP_14328"",""HIP_17358"",""HIP_17529"",""HIP_17702"",""HIP_18246"",""HIP_18532"",""HIP_21421"",""HIP_23015"",""HIP_23416"",""HIP_23453"",""HIP_23767"",""HIP_24608"",""HIP_25428"",""HIP_26451"",""HIP_28360"",""HIP_28380"",""HIP_99675""]",3,4,1,5.978200369367286,-28.759732992765635,664745.5515382693,-2716088.6926320237,2785796.630194804,
95,step,sample-000095,95,3,False,2026-09-23T21:32:11.108933Z,2026-09-26T11:18:43.245726Z,0.0,28.872625223277243,-151.2411245304506,35.08847140393799,179.99996557572408,-6.026226711467576,28,"[""HIP_100453"",""HIP_102098"",""HIP_102488"",""HIP_104887"",""HIP_105199"",""HIP_106481"",""HIP_109492"",""HIP_110991"",""HIP_111169"",""HIP_112158"",""HIP_17358"",""HIP_17702"",""HIP_18532"",""HIP_21421"",""HIP_23015"",""HIP_23416"",""HIP_23453"",""HIP_23767"",""HIP_24608"",""HIP_25336"",""HIP_25428"",""HIP_26451"",""HIP_27989"",""HIP_28360"",""HIP_28380"",""HIP_29655"",""HIP_30343"",""HIP_99675""]",3,4,1,6.215846180660744,-28.75890989382532,691170.560092432,-2712501.412358215,2788482.480782945,
95,step,sample-000095,95,4,False,2026-09-23T21:32:11.110294Z,2026-09-26T11:18:57.544221Z,0.0,28.870146201883014,-151.23995846321642,34.1501030639222,179.99999922690083,-6.303870155958196,31,"[""HIP_100453"",""HIP_102098"",""HIP_102488"",""HIP_104887"",""HIP_105199"",""HIP_106481"",""HIP_109492"",""HIP_111169"",""HIP_112158"",""HIP_113726"",""HIP_116584"",""HIP_17358"",""HIP_17702"",""HIP_20894"",""HIP_21421"",""HIP_23015"",""HIP_23416"",""HIP_23453"",""HIP_23767"",""HIP_24608"",""HIP_25336"",""HIP_25428"",""HIP_26311"",""HIP_26451"",""HIP_27989"",""HIP_28360"",""HIP_28380"",""HIP_29655"",""HIP_30343"",""HIP_746"",""HIP_99675""]",3,4,1,5.279956862039189,-28.76004230988275,587104.4159608822,-2726423.0337195336,2779120.336676903,
95,step,sample-000095,95,5,False,2026-09-23T21:32:11.111438Z,2026-09-26T10:30:12.937337Z,0.0,28.871601318680167,-151.23846100473034,36.15326228701678,179.99999996022976,-6.348594648395088,26,"[""HIP_100453"",""HIP_102098"",""HIP_102488"",""HIP_104732"",""HIP_104887"",""HIP_106481"",""HIP_109492"",""HIP_110991"",""HIP_13209"",""HIP_17358"",""HIP_17702"",""HIP_18246"",""HIP_18532"",""HIP_20894"",""HIP_21421"",""HIP_23015"",""HIP_23416"",""HIP_23453"",""HIP_23767"",""HIP_24608"",""HIP_25428"",""HIP_28360"",""HIP_28380"",""HIP_97165"",""HIP_98110"",""HIP_99675""]",3,4,1,7.281660968336613,-28.761539035039903,809683.7572247362,-2696908.670848971,2803975.10586225,
95,summary,sample-000095,95,,,2026-09-23T21:32:11.112572Z,,,28.87150708150724,-151.24044290525094,35.060640602008974,179.99975417537337,-5.5956411952347995,28,"[""HIP_100453"",""HIP_102098"",""HIP_102488"",""HIP_104732"",""HIP_104887"",""HIP_105199"",""HIP_106481"",""HIP_109492"",""HIP_110991"",""HIP_111169"",""HIP_112158"",""HIP_113726"",""HIP_116584"",""HIP_13209"",""HIP_14328"",""HIP_17358"",""HIP_17529"",""HIP_17702"",""HIP_18246"",""HIP_18532"",""HIP_20894"",""HIP_21421"",""HIP_23015"",""HIP_23416"",""HIP_23453"",""HIP_23767"",""HIP_24608"",""HIP_25336"",""HIP_25428"",""HIP_26311"",""HIP_26451"",""HIP_27989"",""HIP_28360"",""HIP_28380"",""HIP_29655"",""HIP_30343"",""HIP_746"",""HIP_97165"",""HIP_98110"",""HIP_99675""]",3,4,1,6.189133520501734,-28.759802919375716,688200.2478055699,-2713013.437363213,2788273.604545507,2311700.5811477136
96,step,sample-000096,96,1,False,2026-09-23T21:33:30.422546Z,2026-09-26T10:35:50.301487Z,0.0,-61.27586804657813,99.85785689488529,-61.286644197209185,99.74471365505288,0.17296389502673018,34,"[""HIP_41037"",""HIP_42536"",""HIP_42913"",""HIP_45238"",""HIP_45556"",""HIP_45941"",""HIP_46701"",""HIP_47854"",""HIP_48002"",""HIP_48774"",""HIP_50099"",""HIP_50371"",""HIP_51232"",""HIP_51576"",""HIP_52419"",""HIP_52727"",""HIP_53253"",""HIP_56561"",""HIP_57363"",""HIP_59196"",""HIP_59747"",""HIP_60260"",""HIP_60718"",""HIP_61932"",""HIP_62322"",""HIP_68002"",""HIP_78265"",""HIP_78401"",""HIP_78820"",""HIP_79593"",""HIP_80112"",""HIP_81377"",""HIP_84012""]",1,4,1,-0.010776150631052417,-0.11314323983242502,-1198.253278930589,-6045.279655512805,6162.889477812567,
96,step,sample-000096,96,2,False,2026-09-23T21:33:30.424234Z,2026-09-26T10:29:03.160784Z,0.0,-61.27580087839123,99.86215000196523,-61.275259610705035,99.78992924460056,0.14652072112567016,39,"[""HIP_41037"",""HIP_42913"",""HIP_45238"",""HIP_45556"",""HIP_45941"",""HIP_46701"",""HIP_47854"",""HIP_48002"",""HIP_48774"",""HIP_50099"",""HIP_50371"",""HIP_51232"",""HIP_51576"",""HIP_52419"",""HIP_52727"",""HIP_53253"",""HIP_56561"",""HIP_57363"",""HIP_59196"",""HIP_59747"",""HIP_60260"",""HIP_60718"",""HIP_61932"",""HIP_62434"",""HIP_66657"",""HIP_81266"",""HIP_84012"",""HIP_84970"",""HIP_86263"",""HIP_89341"",""HIP_89931"",""HIP_89962"",""HIP_90496"",""HIP_92041"",""HIP_93085"",""HIP_93506"",""HIP_93864"",""HIP_94141""]",1,4,1,0.0005412676861951127,-0.07222075736467559,60.186220661535586,-3859.482068526153,3859.951126701836,
96,step,sample-000096,96,3,False,2026-09-23T21:33:30.425749Z,2026-09-26T10:47:06.877463Z,0.0,-61.27483066604884,99.85813579857705,-61.29004896780598,99.77567876276707,0.15334902713920137,33,"[""HIP_41037"",""HIP_42913"",""HIP_45238"",""HIP_45556"",""HIP_45941"",""HIP_46701"",""HIP_48002"",""HIP_48774"",""HIP_50099"",""HIP_50371"",""HIP_51576"",""HIP_52419"",""HIP_52727"",""HIP_53253"",""HIP_56561"",""HIP_57363"",""HIP_59196"",""HIP_59747"",""HIP_60260"",""HIP_60718"",""HIP_61585"",""HIP_61932"",""HIP_62434"",""HIP_63613"",""HIP_68002"",""HIP_78265"",""HIP_78401"",""HIP_78820"",""HIP_79593"",""HIP_80112"",""HIP_81377"",""HIP_84012""]",1,4,1,-0.015218301757137453,-0.08245703580996633,-1692.1979475396583,-4405.539793815368,4719.35492812175,
96,step,sample-000096,96,4,True,2026-09-23T21:33:30.427552Z,2026-09-26T11:24:17.533321Z,0.0,-61.27722686940008,99.85870093804925,-61.4262746106204,100.47778754271843,-0.021134006011916534,44,"[""HIP_41037"",""HIP_42913"",""HIP_45238"",""HIP_45556"",""HIP_45941"",""HIP_46701"",""HIP_48774"",""HIP_50099"",""HIP_50371"",""HIP_51576"",""HIP_52419"",""HIP_53253"",""HIP_54463"",""HIP_56561"",""HIP_57363"",""HIP_59747"",""HIP_60260"",""HIP_60718"",""HIP_61585"",""HIP_61932"",""HIP_62322"",""HIP_63613"",""HIP_66657"",""HIP_68002"",""HIP_68702"",""HIP_68933"",""HIP_71352"",""HIP_73273"",""HIP_73334"",""HIP_74395"",""HIP_75141"",""HIP_76297"",""HIP_84970"",""HIP_86263"",""HIP_87261"",""HIP_88635"",""HIP_89931"",""HIP_90185"",""HIP_90496"",""HIP_92041"",""HIP_92855"",""HIP_93085"",""HIP_94141""]",2,4,1,-0.14904774122032194,0.6190866046691781,-16573.35265153087,33003.69254675537,36931.081620765864,
96,step,sample-000096,96,5,False,2026-09-23T21:33:30.429698Z,2026-09-26T11:18:22.953079Z,0.0,-61.27657083537676,99.8613543078664,-61.30351344151984,99.76611046193791,0.1621892877676467,35,"[""HIP_41037"",""HIP_42913"",""HIP_45238"",""HIP_45556"",""HIP_45941"",""HIP_46701"",""HIP_48774"",""HIP_50371"",""HIP_51232"",""HIP_51576"",""HIP_52419"",""HIP_53253"",""HIP_54463"",""HIP_56561"",""HIP_57363"",""HIP_59196"",""HIP_59747"",""HIP_60260"",""HIP_60718"",""HIP_61585"",""HIP_61932"",""HIP_62322"",""HIP_62434"",""HIP_63613"",""HIP_66657"",""HIP_68002"",""HIP_68702"",""HIP_68933"",""HIP_71352"",""HIP_71860"",""HIP_71908"",""HIP_73273"",""HIP_73334"",""HIP_75141"",""HIP_76297""]",1,4,1,-0.02694260614308064,-0.09524384592850765,-2995.881113693089,-5087.4849811880285,5904.049224892484,
96,summary,sample-000096,96,,,2026-09-23T21:33:30.431499Z,,,-61.276231668853434,99.85892337735174,-61.28886655431001,99.76910803108962,0.15875573275314617,35,"[""HIP_41037"",""HIP_42536"",""HIP_42913"",""HIP_45238"",""HIP_45556"",""HIP_45941"",""HIP_46701"",""HIP_47854"",""HIP_48002"",""HIP_48774"",""HIP_50099"",""HIP_50371"",""HIP_51232"",""HIP_51576"",""HIP_52419"",""HIP_52727"",""HIP_53253"",""HIP_54463"",""HIP_56561"",""HIP_57363"",""HIP_59196"",""HIP_59747"",""HIP_60260"",""HIP_60718"",""HIP_61585"",""HIP_61932"",""HIP_62322"",""HIP_62434"",""HIP_63613"",""HIP_66657"",""HIP_68002"",""HIP_68702"",""HIP_68933"",""HIP_71352"",""HIP_71860"",""HIP_71908"",""HIP_73273"",""HIP_73334"",""HIP_75141"",""HIP_76297"",""HIP_78265"",""HIP_78401"",""HIP_78820"",""HIP_79593"",""HIP_80112"",""HIP_81266"",""HIP_81377"",""HIP_84012"",""HIP_84970"",""HIP_86263"",""HIP_89341"",""HIP_89931"",""HIP_89962"",""HIP_90496"",""HIP_92041"",""HIP_93085"",""HIP_93506"",""HIP_93864"",""HIP_94141""]",1,4,1,-0.01263488545657765,-0.08981534626212806,-1404.9351615065536,-4798.665153513976,5000.102540040418,2287672.4511622167
97,step,sample-000097,97,1,False,2026-09-23T21:34:44.735543Z,2026-09-26T10:47:34.333495Z,0.0,15.618366942588244,-81.43835990410399,-42.52285953421688,179.99635176995736,2.799283459696432,24,"[""HIP_14328"",""HIP_14576"",""HIP_15863"",""HIP_17358"",""HIP_17702"",""HIP_18246"",""HIP_18532"",""HIP_23767"",""HIP_24305"",""HIP_27628"",""HIP_31685"",""HIP_33977"",""HIP_34444"",""HIP_35264"",""HIP_35904"",""HIP_36377"",""HIP_37229"",""HIP_37447"",""HIP_37819"",""HIP_38170"",""HIP_38414"",""HIP_39429"",""HIP_6686"",""HIP_8886""]",3,5,0,-58.14122647680512,-98.56528832593864,-6465009.413113022,-10659264.18497204,11866634.13742977,
97,step,sample-000097,97,2,False,2026-09-23T21:34:44.737311Z,2026-09-26T10:49:13.948834Z,0.0,15.616890715660732,-81.43948939565836,-89.99640905542925,179.23877461487598,-36.685311307861305,20,"[""HIP_24305"",""HIP_27072"",""HIP_27288"",""HIP_27628"",""HIP_30122"",""HIP_31592"",""HIP_31685"",""HIP_33579"",""HIP_33977"",""HIP_34444"",""HIP_35264"",""HIP_35904"",""HIP_36377"",""HIP_37229"",""HIP_37447"",""HIP_37677"",""HIP_37819"",""HIP_38170"",""HIP_38414"",""HIP_39429""]",3,5,0,-105.61329977108998,-99.32173598946565,-11743663.120736143,-8798128.002321118,11744127.08919936,
97,step,sample-000097,97,3,False,2026-09-23T21:34:44.738992Z,2026-09-26T10:53:13.078571Z,0.0,15.61641084455343,-81.43739866237908,-89.99998539294216,179.09505806093892,-29.540343378383504,20,"[""HIP_27288"",""HIP_28103"",""HIP_31592"",""HIP_33152"",""HIP_33160"",""HIP_33579"",""HIP_33977"",""HIP_34045"",""HIP_34444"",""HIP_35264"",""HIP_35904"",""HIP_36377"",""HIP_37229"",""HIP_37447"",""HIP_37677"",""HIP_37819"",""HIP_38170"",""HIP_38414"",""HIP_39429"",""HIP_39757""]",3,5,0,-105.6163962374956,-99.46754327668202,-11744007.432090972,-8810807.266535375,11744009.32348952,
97,step,sample-000097,97,4,False,2026-09-23T21:34:44.739954Z,2026-09-26T10:48:50.520080Z,0.0,15.617293439724545,-81.4366167428433,-60.56539191331549,179.99991941193474,-13.442284846712134,30,"[""HIP_14328"",""HIP_14576"",""HIP_15863"",""HIP_17358"",""HIP_17702"",""HIP_18246"",""HIP_18532"",""HIP_23416"",""HIP_27072"",""HIP_27288"",""HIP_27628"",""HIP_28103"",""HIP_29651"",""HIP_30122"",""HIP_31592"",""HIP_31685"",""HIP_33579"",""HIP_33977"",""HIP_34444"",""HIP_35264"",""HIP_35904"",""HIP_36377"",""HIP_37229"",""HIP_37677"",""HIP_37819"",""HIP_38170"",""HIP_38414"",""HIP_39429"",""HIP_6686"",""HIP_8886""]",3,5,0,-76.18268535304003,-98.56346384522197,-8471128.109416785,-10127393.88294502,11981724.679102654,
97,step,sample-000097,97,5,False,2026-09-23T21:34:44.741012Z,2026-09-26T12:06:13.648277Z,0.0,15.616338225724164,-81.4362173300616,-89.99999999870762,164.17557913405315,-54.19863240324658,18,"[""HIP_27628"",""HIP_30122"",""HIP_31592"",""HIP_31685"",""HIP_33152"",""HIP_33856"",""HIP_33977"",""HIP_35264"",""HIP_36377"",""HIP_37229"",""HIP_37677"",""HIP_37819"",""HIP_38170"",""HIP_38414"",""HIP_39429"",""HIP_39757"",""HIP_39953""]",3,5,0,-105.61633822443179,-114.38820353588528,-11744000.981332598,-10132469.342154125,11744000.981535643,
97,summary,sample-000097,97,,,2026-09-23T21:34:44.742001Z,,,15.616825279761272,-81.43767824614974,-74.61692917892228,176.501136598352,-26.24950507350949,22,"[""HIP_14328"",""HIP_14576"",""HIP_15863"",""HIP_17358"",""HIP_17702"",""HIP_18246"",""HIP_18532"",""HIP_23416"",""HIP_23767"",""HIP_24305"",""HIP_27072"",""HIP_27288"",""HIP_27628"",""HIP_28103"",""HIP_29651"",""HIP_30122"",""HIP_31592"",""HIP_31685"",""HIP_33152"",""HIP_33160"",""HIP_33579"",""HIP_33856"",""HIP_33977"",""HIP_34045"",""HIP_34444"",""HIP_35264"",""HIP_35904"",""HIP_36377"",""HIP_37229"",""HIP_37447"",""HIP_37677"",""HIP_37819"",""HIP_38170"",""HIP_38414"",""HIP_39429"",""HIP_39757"",""HIP_39953"",""HIP_6686"",""HIP_8886""]",3,5,0,-90.23375445868355,-102.06118515549826,-10033535.707896441,-9877388.431672284,12035362.330257157,2388164.099400309
98,step,sample-000098,98,1,False,2026-09-23T21:35:59.201894Z,2026-09-26T11:57:01.490933Z,0.0,-65.74563131737298,64.658041078326,-65.72786127130489,64.63507869511386,0.1060063603136685,32,"[""HIP_39953"",""HIP_41037"",""HIP_42913"",""HIP_44816"",""HIP_45556"",""HIP_45941"",""HIP_46701"",""HIP_48002"",""HIP_48774"",""HIP_50099"",""HIP_50371"",""HIP_52419"",""HIP_52727"",""HIP_56561"",""HIP_59196"",""HIP_59747"",""HIP_79882"",""HIP_80112"",""HIP_80763"",""HIP_81266"",""HIP_81377"",""HIP_82514"",""HIP_84012"",""HIP_84970"",""HIP_86670"",""HIP_88635"",""HIP_89642"",""HIP_89931"",""HIP_90496"",""HIP_92041"",""HIP_92855"",""HIP_93506""]",1,5,0,0.017770046068093848,-0.022962383212131954,1975.9389690121247,-1049.2271460033066,2237.2331710839553,
98,step,sample-000098,98,2,False,2026-09-23T21:35:59.203172Z,2026-09-26T11:29:39.128821Z,0.0,-65.74482251920467,64.6589532544914,-65.71187342125015,64.6050239283157,0.10135197362439843,31,"[""HIP_30438"",""HIP_39953"",""HIP_41037"",""HIP_42913"",""HIP_44816"",""HIP_45238"",""HIP_45556"",""HIP_45941"",""HIP_46701"",""HIP_47854"",""HIP_48002"",""HIP_48774"",""HIP_50371"",""HIP_51576"",""HIP_52727"",""HIP_56561"",""HIP_59196"",""HIP_59747"",""HIP_76297"",""HIP_78265"",""HIP_78401"",""HIP_78820"",""HIP_79593"",""HIP_79882"",""HIP_80112"",""HIP_81266"",""HIP_81377"",""HIP_84012"",""HIP_84970"",""HIP_86670""]",1,5,0,0.032949097954528384,-0.05392932617570523,3663.7725300581637,-2465.0103827829157,4415.82408258032,
98,step,sample-000098,98,3,False,2026-09-23T21:35:59.204253Z,2026-09-26T11:40:35.684352Z,0.0,-65.74765081511048,64.65830872658171,-65.73227976972233,64.6032529245912,0.15555829649029107,37,"[""HIP_30438"",""HIP_32768"",""HIP_41037"",""HIP_42536"",""HIP_42913"",""HIP_44816"",""HIP_45556"",""HIP_45941"",""HIP_46701"",""HIP_47854"",""HIP_48002"",""HIP_48774"",""HIP_50371"",""HIP_51576"",""HIP_52727"",""HIP_59196"",""HIP_78401"",""HIP_78820"",""HIP_79593"",""HIP_79882"",""HIP_80112"",""HIP_81266"",""HIP_81377"",""HIP_82514"",""HIP_84012"",""HIP_84970"",""HIP_87073"",""HIP_87261"",""HIP_88635"",""HIP_89642"",""HIP_89931"",""HIP_90496"",""HIP_92041"",""HIP_92855"",""HIP_93085"",""HIP_93506"",""HIP_94141""]",1,5,0,0.01537104538815015,-0.055055801990505415,1709.182264385539,-2515.3679065025117,3041.1147158345752,
98,step,sample-000098,98,4,False,2026-09-23T21:35:59.205441Z,2026-09-26T12:10:32.895497Z,0.0,-65.74759361488941,64.65801727695273,-65.73599191723245,64.5716366340369,0.17657634973104497,35,"[""HIP_30438"",""HIP_39953"",""HIP_41037"",""HIP_42913"",""HIP_44816"",""HIP_45556"",""HIP_45941"",""HIP_46701"",""HIP_47854"",""HIP_48002"",""HIP_48774"",""HIP_50099"",""HIP_50371"",""HIP_51576"",""HIP_52419"",""HIP_52727"",""HIP_56561"",""HIP_57363"",""HIP_59196"",""HIP_78265"",""HIP_78401"",""HIP_78820"",""HIP_79593"",""HIP_80112"",""HIP_80763"",""HIP_81266"",""HIP_81377"",""HIP_82396"",""HIP_84012"",""HIP_84970"",""HIP_86263"",""HIP_87073"",""HIP_88635"",""HIP_89931"",""HIP_90496""]",1,5,0,0.011601697656956844,-0.08638064291582737,1290.0499199176652,-3946.2456573710947,4151.756290194315,
98,step,sample-000098,98,5,False,2026-09-23T21:35:59.206606Z,2026-09-26T12:56:59.534213Z,0.0,-65.74751665629316,64.66069181541062,-65.76187912059338,64.61662657968849,0.13178008638589192,37,"[""HIP_32768"",""HIP_39953"",""HIP_41037"",""HIP_42913"",""HIP_44816"",""HIP_45556"",""HIP_45941"",""HIP_46701"",""HIP_48002"",""HIP_48774"",""HIP_50099"",""HIP_50371"",""HIP_51576"",""HIP_52419"",""HIP_53253"",""HIP_56561"",""HIP_57363"",""HIP_59196"",""HIP_59747"",""HIP_60260"",""HIP_60718"",""HIP_61932"",""HIP_62434"",""HIP_66657"",""HIP_68002"",""HIP_85927"",""HIP_86228"",""HIP_87073"",""HIP_87261"",""HIP_89642"",""HIP_89931"",""HIP_90496"",""HIP_92041"",""HIP_92855"",""HIP_93506"",""HIP_94141""]",1,5,0,-0.014362464300219813,-0.044065235722143825,-1597.0331642980357,-2012.0865124922034,2568.853160647752,
98,summary,sample-000098,98,,,2026-09-23T21:35:59.207765Z,,,-65.74630072014386,64.65955036645101,-65.73397710002064,64.60632375234923,0.1342546130318955,34,"[""HIP_30438"",""HIP_32768"",""HIP_39953"",""HIP_41037"",""HIP_42536"",""HIP_42913"",""HIP_44816"",""HIP_45238"",""HIP_45556"",""HIP_45941"",""HIP_46701"",""HIP_47854"",""HIP_48002"",""HIP_48774"",""HIP_50099"",""HIP_50371"",""HIP_51576"",""HIP_52419"",""HIP_52727"",""HIP_53253"",""HIP_56561"",""HIP_57363"",""HIP_59196"",""HIP_59747"",""HIP_60260"",""HIP_60718"",""HIP_61932"",""HIP_62434"",""HIP_66657"",""HIP_68002"",""HIP_76297"",""HIP_78265"",""HIP_78401"",""HIP_78820"",""HIP_79593"",""HIP_79882"",""HIP_80112"",""HIP_80763"",""HIP_81266"",""HIP_81377"",""HIP_82396"",""HIP_82514"",""HIP_84012"",""HIP_84970"",""HIP_85927"",""HIP_86228"",""HIP_86263"",""HIP_86670"",""HIP_87073"",""HIP_87261"",""HIP_88635"",""HIP_89642"",""HIP_89931"",""HIP_90496"",""HIP_92041"",""HIP_92855"",""HIP_93085"",""HIP_93506"",""HIP_94141""]",1,5,0,0.012323620123225965,-0.05322661410178853,1370.324035597519,-2431.7803364908955,2791.2977007933214,2363823.5606074566
99,step,sample-000099,99,1,False,2026-09-23T21:36:57.542725Z,2026-09-26T12:34:00.852141Z,0.0,-74.53470995111188,-127.78227886454101,-89.99999952514139,101.83413698224986,122.57227636926127,33,"[""HIP_33579"",""HIP_34444"",""HIP_35264"",""HIP_35904"",""HIP_39429"",""HIP_39757"",""HIP_39953"",""HIP_46701"",""HIP_47854"",""HIP_48774"",""HIP_50371"",""HIP_52419"",""HIP_52727"",""HIP_56561"",""HIP_59747"",""HIP_61084"",""HIP_61585"",""HIP_62322"",""HIP_62434"",""HIP_68702"",""HIP_71683"",""HIP_71860"",""HIP_71908"",""HIP_73273"",""HIP_74946"",""HIP_77952"",""HIP_83081"",""HIP_84143"",""HIP_85258"",""HIP_85792"",""HIP_86228"",""HIP_87073""]",3,5,0,-15.465289574029512,-130.38358415320914,-1719661.7397210707,-1950716.4719873103,1719661.8267333591,
99,step,sample-000099,99,2,False,2026-09-23T21:36:57.544169Z,2026-09-26T13:01:44.935658Z,0.0,-74.53551826252748,-127.7801677441142,-89.99999956417797,100.89361891937216,120.96231055306573,36,"[""HIP_33579"",""HIP_34444"",""HIP_35264"",""HIP_35904"",""HIP_39429"",""HIP_41037"",""HIP_45941"",""HIP_51232"",""HIP_51576"",""HIP_52419"",""HIP_52727"",""HIP_53253"",""HIP_54463"",""HIP_56561"",""HIP_57363"",""HIP_57439"",""HIP_59196"",""HIP_59747"",""HIP_60009"",""HIP_60260"",""HIP_61932"",""HIP_62434"",""HIP_66657"",""HIP_68702"",""HIP_71683"",""HIP_71908"",""HIP_73273"",""HIP_74946"",""HIP_76297"",""HIP_77952"",""HIP_83081"",""HIP_84143"",""HIP_85258"",""HIP_85792"",""HIP_86228""]",3,5,0,-15.464481301650494,-131.32621333651366,-1719571.863933177,-1964717.417529624,1719571.944395501,
99,step,sample-000099,99,3,False,2026-09-23T21:36:57.545543Z,2026-09-26T13:46:18.453968Z,0.0,-74.53547977143342,-127.7834995990626,-89.9999997091081,101.36870963329514,123.96945693075695,24,"[""HIP_27628"",""HIP_33579"",""HIP_34444"",""HIP_35264"",""HIP_35904"",""HIP_39429"",""HIP_57363"",""HIP_60260"",""HIP_60718"",""HIP_66657"",""HIP_68702"",""HIP_71683"",""HIP_71860"",""HIP_71908"",""HIP_73273"",""HIP_74946"",""HIP_77952"",""HIP_82273"",""HIP_82729"",""HIP_83081"",""HIP_84143"",""HIP_85258"",""HIP_85792"",""HIP_86228""]",3,5,0,-15.46451993767468,-130.84779076764227,-1719576.160063052,-1957564.758935442,1719576.213564522,
99,step,sample-000099,99,4,False,2026-09-23T21:36:57.546853Z,2026-09-26T13:48:29.514245Z,0.0,-74.53535400488565,-127.77806692901,-89.99999973209893,99.38655635373051,120.5603857802398,30,"[""HIP_42536"",""HIP_46701"",""HIP_48002"",""HIP_48774"",""HIP_50371"",""HIP_52727"",""HIP_53253"",""HIP_57363"",""HIP_59196"",""HIP_59747"",""HIP_60260"",""HIP_61084"",""HIP_61932"",""HIP_62322"",""HIP_63613"",""HIP_66657"",""HIP_68702"",""HIP_71683"",""HIP_71860"",""HIP_71908"",""HIP_74946"",""HIP_76297"",""HIP_77952"",""HIP_82273"",""HIP_82729"",""HIP_83081"",""HIP_84143"",""HIP_85258"",""HIP_85792"",""HIP_86228""]",3,5,0,-15.46464572721328,-132.83537671725946,-1719590.1472215697,-1987316.3481445361,1719590.197264342,
99,step,sample-000099,99,5,False,2026-09-23T21:36:57.548041Z,2026-09-26T13:03:05.628023Z,0.0,-74.5345250383667,-127.78607151587475,-89.99999978611693,100.39743230694347,123.5735582203738,35,"[""HIP_33579"",""HIP_34444"",""HIP_35264"",""HIP_35904"",""HIP_36377"",""HIP_39429"",""HIP_39757"",""HIP_45556"",""HIP_46701"",""HIP_47854"",""HIP_50371"",""HIP_52727"",""HIP_53253"",""HIP_56561"",""HIP_59747"",""HIP_60260"",""HIP_61084"",""HIP_61585"",""HIP_66657"",""HIP_68702"",""HIP_71683"",""HIP_71860"",""HIP_71908"",""HIP_73273"",""HIP_74946"",""HIP_76297"",""HIP_77952"",""HIP_82273"",""HIP_82729"",""HIP_83081"",""HIP_84143"",""HIP_85258"",""HIP_85792"",""HIP_86228""]",3,5,0,-15.465474747750235,-131.81649617718176,-1719682.330099363,-1972178.1965676467,1719682.369739129,
99,summary,sample-000099,99,,,2026-09-23T21:36:57.549193Z,,,-74.53416753621457,-127.78184406891936,-89.99999966332867,100.77609083911818,122.32761472560155,32,"[""HIP_27628"",""HIP_33579"",""HIP_34444"",""HIP_35264"",""HIP_35904"",""HIP_36377"",""HIP_39429"",""HIP_39757"",""HIP_39953"",""HIP_41037"",""HIP_42536"",""HIP_45556"",""HIP_45941"",""HIP_46701"",""HIP_47854"",""HIP_48002"",""HIP_48774"",""HIP_50371"",""HIP_51232"",""HIP_51576"",""HIP_52419"",""HIP_52727"",""HIP_53253"",""HIP_54463"",""HIP_56561"",""HIP_57363"",""HIP_57439"",""HIP_59196"",""HIP_59747"",""HIP_60009"",""HIP_60260"",""HIP_60718"",""HIP_61084"",""HIP_61585"",""HIP_61932"",""HIP_62322"",""HIP_62434"",""HIP_63613"",""HIP_66657"",""HIP_68702"",""HIP_71683"",""HIP_71860"",""HIP_71908"",""HIP_73273"",""HIP_74946"",""HIP_76297"",""HIP_77952"",""HIP_82273"",""HIP_82729"",""HIP_83081"",""HIP_84143"",""HIP_85258"",""HIP_85792"",""HIP_86228"",""HIP_87073""]",3,5,0,-15.465832127114098,-131.4420650919625,-1719722.068871512,-1966621.3285458914,1719722.1310852328,2357317.485561778
100,step,sample-000100,100,1,False,2026-09-23T21:37:57.073170Z,2026-09-26T14:48:15.873269Z,0.0,53.75060006531082,-170.29920708162157,53.74454407342915,-170.2099148569101,0.1747313832366479,18,"[""HIP_105199"",""HIP_106032"",""HIP_106481"",""HIP_109492"",""HIP_110991"",""HIP_111169"",""HIP_25336"",""HIP_25428"",""HIP_26451"",""HIP_27989"",""HIP_29655"",""HIP_30343"",""HIP_31681"",""HIP_32246"",""HIP_32362"",""HIP_36188"",""HIP_36850"",""HIP_37826""]",1,5,0,-0.006055991881673606,0.08929222471147114,-673.3955730427398,5871.359591461226,5909.849431378153,
100,step,sample-000100,100,2,False,2026-09-23T21:37:57.076431Z,2026-09-26T14:02:32.139476Z,0.0,53.75164410388531,-170.29863292069484,53.257858990599836,-171.25554374334553,-0.22478097969901284,34,"[""HIP_100453"",""HIP_102098"",""HIP_102422"",""HIP_104060"",""HIP_104732"",""HIP_104887"",""HIP_105199"",""HIP_106032"",""HIP_106481"",""HIP_109492"",""HIP_110991"",""HIP_111169"",""HIP_112158"",""HIP_112748"",""HIP_113726"",""HIP_113881"",""HIP_116584"",""HIP_25336"",""HIP_26311"",""HIP_26451"",""HIP_27989"",""HIP_28380"",""HIP_29655"",""HIP_30343"",""HIP_31681"",""HIP_32246"",""HIP_32362"",""HIP_35350"",""HIP_35550"",""HIP_36850"",""HIP_37826"",""HIP_97165"",""HIP_99675""]",2,5,0,-0.49378511328547603,-0.9569108226506842,-54906.399449953635,-63284.20945621894,83781.75849809172,
100,step,sample-000100,100,3,False,2026-09-23T21:37:57.077831Z,2026-09-26T13:44:23.461404Z,0.0,53.75144077362278,-170.30043037710607,53.27935141193971,-171.18772152532622,-0.15655411367232258,33,"[""HIP_100453"",""HIP_102098"",""HIP_102422"",""HIP_102488"",""HIP_104060"",""HIP_104732"",""HIP_104887"",""HIP_105199"",""HIP_106032"",""HIP_106481"",""HIP_109492"",""HIP_109857"",""HIP_110991"",""HIP_111169"",""HIP_112158"",""HIP_113726"",""HIP_25336"",""HIP_26451"",""HIP_27989"",""HIP_28380"",""HIP_29655"",""HIP_30343"",""HIP_31681"",""HIP_32246"",""HIP_32362"",""HIP_35350"",""HIP_35550"",""HIP_36850"",""HIP_37740"",""HIP_37826"",""HIP_97165"",""HIP_99675""]",2,5,0,-0.472089361683075,-0.8872911482201573,-52493.94194202608,-58665.25504968678,78721.37801117742,
100,step,sample-000100,100,4,False,2026-09-23T21:37:57.079445Z,2026-09-26T13:32:19.549685Z,0.0,53.750247570721605,-170.2990182026768,53.36694363913078,-171.0709220093597,-0.09406541244940293,35,"[""HIP_100453"",""HIP_102098"",""HIP_102422"",""HIP_102488"",""HIP_104060"",""HIP_104732"",""HIP_104887"",""HIP_105199"",""HIP_106032"",""HIP_106481"",""HIP_107259"",""HIP_109492"",""HIP_109857"",""HIP_111169"",""HIP_112158"",""HIP_116584"",""HIP_23767"",""HIP_24608"",""HIP_25336"",""HIP_25428"",""HIP_26451"",""HIP_27989"",""HIP_28380"",""HIP_29655"",""HIP_30343"",""HIP_31681"",""HIP_32246"",""HIP_32362"",""HIP_35550"",""HIP_36850"",""HIP_37740"",""HIP_37826"",""HIP_97165"",""HIP_99675""]",2,5,0,-0.38330393159082377,-0.7719038066829,-42621.45255581261,-50984.114403389794,66452.08541705548,
100,step,sample-000100,100,5,False,2026-09-23T21:37:57.080588Z,2026-09-26T12:50:21.721020Z,0.0,53.75137626876989,-170.2991501939332,53.81242277444817,-170.33030245125812,0.016570841405767103,20,"[""HIP_100453"",""HIP_102098"",""HIP_102422"",""HIP_102488"",""HIP_104060"",""HIP_104732"",""HIP_104887"",""HIP_106481"",""HIP_109492"",""HIP_112158"",""HIP_23416"",""HIP_23767"",""HIP_24608"",""HIP_28358"",""HIP_28360"",""HIP_28380"",""HIP_33018"",""HIP_97165"",""HIP_98110"",""HIP_99675""]",1,5,0,0.06104650567828429,-0.03115225732491922,6788.061720803459,-2046.7250331985874,7089.912736204077,
100,summary,sample-000100,100,,,2026-09-23T21:37:57.081875Z,,,53.75087653803858,-170.29948579959193,53.49222417790953,-170.81088091723993,-0.05681972759776077,28,"[""HIP_100453"",""HIP_102098"",""HIP_102422"",""HIP_102488"",""HIP_104060"",""HIP_104732"",""HIP_104887"",""HIP_105199"",""HIP_106032"",""HIP_106481"",""HIP_107259"",""HIP_109492"",""HIP_109857"",""HIP_110991"",""HIP_111169"",""HIP_112158"",""HIP_112748"",""HIP_113726"",""HIP_113881"",""HIP_116584"",""HIP_23416"",""HIP_23767"",""HIP_24608"",""HIP_25336"",""HIP_25428"",""HIP_26311"",""HIP_26451"",""HIP_27989"",""HIP_28358"",""HIP_28360"",""HIP_28380"",""HIP_29655"",""HIP_30343"",""HIP_31681"",""HIP_32246"",""HIP_32362"",""HIP_33018"",""HIP_35350"",""HIP_35550"",""HIP_36188"",""HIP_36850"",""HIP_37740"",""HIP_37826"",""HIP_97165"",""HIP_98110"",""HIP_99675""]",2,5,0,-0.2586523601290551,-0.511395117647993,-28760.830210992273,-33727.27596980075,44324.902626264324,2334187.5597324227
