run_index,timestamp_utc,ground_truth_latitude,ground_truth_longitude,estimated_latitude,estimated_longitude,identified_objects_used,latitude_error_degrees,longitude_error_degrees,latitude_error_meters,longitude_error_meters,error_distance_meters,cumulative_mean_error_meters
1,2026-09-20T20:39:08.293444Z,23.245923632389445,18.136629024377584,23.309816040112462,18.159864917631754,10,0.06389240772301719,0.023235893254167195,7104.511589905134,2373.3968202278857,7490.467040009296,7490.467040009296
2,2026-09-20T20:39:24.025469Z,5.616590712406771,-62.51087106891025,5.548505385132465,-62.51777657943743,27,-0.06808532727430627,-0.0069055105271900175,-7570.74297183726,-764.2158463800953,7609.2164468347855,7549.841743422041
3,2026-09-20T20:39:41.968306Z,58.940493454676854,142.0643403198191,61.01660274577983,-179.9536969805395,34,2.0761092911029735,37.98196269964137,230852.82033028197,2113070.048382002,2095474.6653860302,703524.7829576248
4,2026-09-20T20:40:01.460889Z,-38.96146387500383,-91.83511319201307,-38.995438997522626,-91.7862907891937,39,-0.03397512251879675,0.04882240281938266,-3777.8612562175003,4220.257324031637,5664.1685690730965,529059.6293604869
5,2026-09-20T20:40:15.642870Z,23.09217223859606,-25.951687758921707,23.331300524159456,-25.64769778640782,28,0.23912828556339605,0.3039899725138753,26589.852171860915,31066.015595202745,40891.50324949357,431426.0041382882
6,2026-09-20T20:40:29.822457Z,-29.57428650516472,-60.871886370893336,-29.63543218582897,-60.941168038841255,26,-0.06114568066425008,-0.06928166794790513,-6799.089476092901,-6698.066189934894,9544.197120377183,361112.36963530304
7,2026-09-20T20:40:44.503095Z,6.388600778188476,-169.109932939006,6.324007132439351,-169.20117327352636,31,-0.06459364574912474,-0.09124033452036429,-7182.485700778539,-10083.09450303146,12379.696448887742,311293.416322958
8,2026-09-20T20:40:55.777447Z,-50.96200456097675,-34.22501466842584,-61.8477206563384,28.072245327324016,12,-10.885716095361651,62.29725999574987,-1210436.4026972312,3832930.639378728,3849017.936203554,753508.9813080325
9,2026-09-20T20:41:08.703836Z,7.471368273999527,-30.651513312280372,3.4943358642623696,-21.05672352388224,25,-3.9770324097371574,9.594789788398145,-442225.8270637559,1062010.7445381703,1150191.610968551,797584.8290480901
10,2026-09-20T20:41:25.492930Z,55.58763349525493,-172.61568719993178,53.27954699516136,-159.2537564961166,30,-2.308086500093566,13.361930703815176,-256647.50906720036,864197.6261560515,899873.2222509127,807813.6683683724
11,2026-09-20T20:41:44.229902Z,-46.32316719918212,144.39663683892854,-38.151234252015236,-179.99241365558314,38,8.171932947166887,35.61094950548829,908677.4846044747,2931678.5321983285,3040212.1414642874,1010758.9841043646
12,2026-09-20T20:41:54.403848Z,23.358179528719404,55.36659888027381,89.99999999999999,-178.62379721159306,17,66.64182047128058,126.00960390813316,7410232.338763897,7696977.307371967,7410232.3387639,1544048.4303259924
13,2026-09-20T20:42:07.581194Z,39.509811775994834,-174.47730823538598,39.44719904118312,-174.59386780063468,22,-0.06261273481171514,-0.11655956524870703,-6962.218454403875,-10003.988912611556,12188.200678769797,1426213.0280454368
14,2026-09-20T20:42:15.198452Z,22.24247121321413,-91.49425981402504,22.164842329938526,-91.48007964641168,8,-0.07762888327560447,0.014180167613346839,-8631.937981329851,1459.8401745861045,8754.512331269994,1324965.9912087105
15,2026-09-20T20:42:29.686977Z,-3.1285080052825913,-147.28254426959896,-3.2617538879778647,-147.27454244810457,29,-0.13324588269527338,0.008001821494389105,-14816.266151990403,888.3788229996055,14842.875707245732,1237624.4501752795
16,2026-09-20T20:42:34.801286Z,9.009625896869652,-87.2796924088517,-3.2617538879778647,-147.27454244810457,0,-12.271379784847516,-59.99485003925287,-1364515.1750036406,-6662732.46905752,6787347.852005203,1584482.1627896498
17,2026-09-20T20:42:50.984479Z,-9.129015785856303,-176.31777941503591,-9.237695552502743,-176.37888574387694,32,-0.10867976664643919,-0.06110632884102074,-12084.638679998567,-6707.623655365263,13821.385331141857,1492090.3523509142
18,2026-09-20T20:42:57.711017Z,-16.818956730373518,8.62959616010798,-89.99999999995785,-179.99999999999997,29,-73.18104326958434,171.37040383989205,-8137360.73813371,11358843.821162345,8137360.738143029,1861272.040450476
19,2026-09-20T20:43:12.246379Z,15.270478832316565,74.69206706280514,43.77590039182233,-179.99999999999997,36,28.50542155950577,105.30793293719489,3169658.259281467,10189276.357214646,10018259.149115037,2290587.1514328215
20,2026-09-20T20:43:30.484279Z,-77.09681499472221,-18.922481211061466,-77.37830386972598,-20.584789421452598,34,-0.28148887500377384,-1.6623082103911315,-31300.134807304,-40832.91032482497,51446.227429275204,2178630.1052326444
21,2026-09-20T20:43:47.424918Z,19.439654855218357,-1.8671357132715798,18.718248523826247,-1.1253674927618285,32,-0.7214063313921102,0.7417682205097549,-80216.72410006591,77950.1112009109,111851.79709007629,2080212.0905591887
22,2026-09-20T20:44:06.864509Z,35.05815077464903,75.07653887362983,35.29542421344431,75.76765534571203,36,0.23727343879528462,0.6911164720822001,26383.60262154387,62814.420063961465,68130.13969475031,1988753.8200653507
23,2026-09-20T20:44:18.792755Z,-37.76377153691539,-68.81906021068804,-21.764119325638227,179.98161864719387,18,15.999652211277166,-111.1993211421181,1779080.1539714164,-10733611.322946213,10252385.063413318,2348042.1349935234
24,2026-09-20T20:44:32.723053Z,-56.95015474568293,46.84673589041839,-56.581874545944764,44.273273609374876,24,0.36828019973816595,-2.573462281043504,40950.889794528804,-156830.4749602271,162077.77116748987,2256960.286500772
25,2026-09-20T20:44:51.861324Z,6.604081597731883,172.79450410608717,6.402742069850793,172.92873656507086,34,-0.20133952788109077,0.13423245898368918,-22387.934033387977,14829.921508607065,26854.160307269252,2167756.041453032
26,2026-09-20T20:45:10.299360Z,-59.658745188963564,125.9065146123063,-59.66301154472634,123.65101022907787,35,-0.004266355762773344,-2.2555043832284127,-474.3971160811724,-126683.67758693284,126678.47253103615,2089253.0580329548
27,2026-09-20T20:45:18.668416Z,51.66721145793377,-126.61076323138344,-89.99983805795361,166.67404019445428,11,-141.66704951588738,-66.71519657416229,-15752657.17887017,-7007186.706052261,15752668.06772291,2595305.4657992492
28,2026-09-20T20:45:35.150500Z,-35.98433361409687,107.97843449537936,-39.35619092780669,106.09512850185426,28,-3.3718573137098247,-1.8833059935250844,-374933.42665388284,-165759.7865160643,409912.60303765367,2517255.720700621
29,2026-09-20T20:45:46.929454Z,43.57144461212327,-65.8329596261861,43.52305623917848,-65.6736305930923,15,-0.04838837294479248,0.15932903309379753,-5380.54158004575,12841.091655876515,13922.779025989104,2430933.8951256336
30,2026-09-20T20:46:01.157465Z,-43.3662184836636,15.108934498161346,-38.22789065158773,13.122742317545024,24,5.138327832075873,-1.9861921806163139,571355.9863633713,-167193.17828391583,595264.137184166,2369744.9031942515
31,2026-09-20T20:46:22.349041Z,28.77140750145688,-174.4308673637963,27.867056549224728,179.99987767416636,39,-0.9043509522321536,-5.569254962037348,-100559.23779439116,-545157.1836604056,554296.1971779616,2311182.041709855
32,2026-09-20T20:46:33.025875Z,17.4329905692479,101.66267869146895,19.677279422502686,102.29252068423804,15,2.244288853254787,0.6298419927690873,249553.53440686688,66394.65409376266,258233.34010297147,2247027.39478464
33,2026-09-20T20:46:49.458883Z,42.79954816428833,91.40257973849742,43.220211265158234,92.34034837700848,32,0.420663100869902,0.9377686385110451,46775.60264330137,76249.72749464144,89452.91084315756,2181646.3498167167
34,2026-09-20T20:47:01.083382Z,-1.8441103179076008,-116.07451575107564,-2.0066800517554597,-116.13816004162247,19,-0.1625697338478589,-0.06364429054684706,-18076.929629838105,-7072.926747038411,19411.37923820023,2118051.203623231
35,2026-09-20T20:47:19.570906Z,-1.7955257373889102,140.86924581782802,4.175189491239557,-179.9993635518433,34,5.9707152286284675,39.131390630328724,663913.2418628922,4350273.921098939,4398641.2385608945,2183210.918907164
36,2026-09-20T20:47:38.478561Z,-22.85353344765827,-133.93403653296076,-22.911875521365715,-133.9804043198298,34,-0.05834207370744693,-0.04636778686904108,-6487.342606191,-4750.110838659966,8040.470377532992,2122789.517559119
37,2026-09-20T20:47:56.112958Z,-62.8919158014403,-137.8739019777464,-62.8702110963174,-138.33177395455576,33,0.021704705122900236,-0.45787197680934355,2413.45309398267,-23208.154846235357,23333.256443698614,2066047.4564478912
38,2026-09-20T20:48:16.306048Z,-64.49818414614559,-93.63087135274276,-64.13422966133602,-95.30541044805723,38,0.36395448480956816,-1.6745390953144579,40469.892240358095,-80699.96843380439,90275.21621633544,2014053.4501260084
39,2026-09-20T20:48:33.791119Z,-73.05143371329409,-178.83204006985525,-73.06092895797,-178.72948585389423,38,-0.009495244675918002,0.1025542159610211,-1055.8230352108392,3323.368510047145,3487.052766255358,1962500.4655783223
40,2026-09-20T20:48:50.424180Z,-21.078628577945647,175.69742969816758,-20.334904946884734,-179.99792430339846,31,0.743723631060913,4.304645998433955,82698.2945996431,447734.7866362914,455290.7100759602,1924820.2216907633
41,2026-09-20T20:49:01.350844Z,24.025744853163353,-89.29069325083293,23.930508186096887,-89.23785500846834,16,-0.09523666706646594,0.052838242364600774,-10589.834208327944,5368.306182930976,11872.796171216078,1878162.9674097986
42,2026-09-20T20:49:16.982472Z,40.237436312661444,-174.3454722086309,40.216844264221855,-174.4464796683638,29,-0.02059204843958895,-0.10100745973289804,-2289.7313157012936,-8575.15319345457,8875.590760945079,1833656.1251086355
43,2026-09-20T20:49:38.933444Z,-62.17510488394785,-171.27370913245593,-62.2001983460097,-171.23938047133183,45,-0.025093462061846594,0.03432866112410693,-2790.26567322505,1781.0061534045178,3310.2212575748185,1791089.9412981456
44,2026-09-20T20:49:53.618703Z,-58.83978005303682,125.19782777710395,-43.6610104939299,-179.99999998210555,43,15.178769559106918,54.80217224079047,1687802.1676795548,3814171.7995298444,4029704.227062758,1841967.5387018868
45,2026-09-20T20:50:08.801626Z,9.930490937503881,151.21412727205706,7.612063341558111,-179.99918592776785,23,-2.3184275959457707,28.78668680017506,-257797.38646191065,3163498.4506088444,3172962.9479239997,1871545.2144623783
46,2026-09-20T20:50:21.279459Z,-23.919090703441043,-20.173047340511175,-23.995172417136093,-20.123841133123776,20,-0.07608171369505001,0.04920620738738535,-8459.900573313405,5000.10994132449,9827.055053923967,1831073.0805621943
47,2026-09-20T20:50:33.203405Z,-54.51391267875865,62.90999213317747,-60.43483014254185,14.53268221471614,17,-5.920917463783198,-48.37730991846132,-658375.9830538594,-2892330.988679096,2895501.668305606,1853720.4973226925
48,2026-09-20T20:50:49.885773Z,-40.65864195636129,116.64988327156942,-40.001789473119814,117.28102894840222,32,0.6568524832414795,0.6311456768328014,73038.66369033256,53500.26835698571,90536.25710974884,1816987.492318256
49,2026-09-20T20:50:54.097220Z,-10.769724802596587,46.39278256662567,-40.001789473119814,117.28102894840222,0,-29.23206467052323,70.88824638177655,-3250457.2867078274,7121302.434032249,7616827.167737319,1935351.5673268083
50,2026-09-20T20:51:11.530833Z,-6.3844579119120635,-149.25907504752345,-10.46576514942333,179.96662821944992,34,-4.0813072375112665,-30.77429673302663,-453820.6588889719,-3385016.758459192,3413651.3191064373,1964917.5623624008
51,2026-09-20T20:51:20.653294Z,71.46592234658476,-131.011278862744,23.87339157185594,179.99999999999955,9,-47.59253077472882,-48.98872113725645,-5292047.968324875,-3668232.3988502705,6108786.689571093,2046169.8981900224
52,2026-09-20T20:51:29.325611Z,-44.86537547430053,59.90628492905603,-29.88377407933211,63.40118759399657,8,14.981601394968418,3.4949026649405255,1665878.068131532,308826.50296033255,1693815.798401864,2039393.8578094807
53,2026-09-20T20:51:40.148468Z,-6.516732119123161,66.49735100566073,-6.453989282306182,66.62717459060337,23,0.06274283681697934,0.1298235849426419,6976.685137335538,14343.346155959789,15950.100061636876,2001215.6737010311
54,2026-09-20T20:51:52.831624Z,18.244037340266324,-16.948759277330538,18.159998181926554,-16.983716430556512,22,-0.08403915833977038,-0.03495715322597448,-9344.728046861224,-3692.5537894201616,10047.830237362294,1964342.1951183705
55,2026-09-20T20:52:03.255443Z,-21.265244931738437,51.17660925810327,-21.25973501660078,51.156068014870044,24,0.0055099151376580835,-0.02054124323322526,612.6746095496344,-2128.6019182462896,2215.0206075990172,1928667.155581811
56,2026-09-20T20:52:22.392374Z,19.45780244593089,168.9177531662915,19.392791996511605,168.87903211496234,34,-0.06501044941928669,-0.03872105132916204,-7228.832154307379,-4060.4929860097495,8291.176943374549,1894374.727391839
57,2026-09-20T20:52:38.428862Z,-5.560213771151033,87.82268215857641,-5.24940433184273,87.58124374205104,38,0.3108094393083025,-0.24143841652536935,34560.43280432313,-26727.368137069945,43689.51722067066,1861906.5658098888
58,2026-09-20T20:52:51.306093Z,-32.460113019697836,76.98159772718174,-33.94264213504361,76.73776696806823,33,-1.482529115345777,-0.24383075911350716,-164849.71622929623,-22686.61914336688,166403.26254202676,1832673.750236305
59,2026-09-20T20:53:07.791961Z,36.364566369363786,72.22719262996063,36.3891863896255,72.27508737568424,36,0.024620020261714615,0.04789474572362451,2737.621346988906,4287.859967734751,5087.269662830751,1801697.7081926866
60,2026-09-20T20:53:28.181750Z,-4.602070117190132,139.88040673074835,-4.590580508176637,139.88408966398288,42,0.011489609013494828,0.003682933234529173,1277.5862314302183,408.2064714924118,1341.2155313515439,1771691.766648331
61,2026-09-20T20:53:52.329423Z,-43.12020142032275,-106.29607774507478,-82.18104575029501,179.87809318166973,48,-39.06084432997226,-73.82582907325548,-4343367.719945793,-3771365.6768626305,5024186.132350583,1825011.3464139416
62,2026-09-20T20:54:14.274293Z,-70.64905347059268,58.04382607111711,-70.62210834167524,55.577273565929204,42,0.026945128917432726,-2.466552505187906,2996.16163340211,-90940.54205832859,90983.61693665115,1797043.1572288242
63,2026-09-20T20:54:31.509056Z,-7.651813121576083,0.11276578498964795,-7.6553099822393005,0.04528664800266689,38,-0.003496860663217305,-0.06747913698697516,-388.8331649326912,-7436.4939823290215,7446.652526329463,1768636.8635033877
64,2026-09-20T20:54:40.935754Z,8.905914359834583,-77.85608122023272,8.77640154579581,-77.85468385521474,11,-0.12951281403877246,0.0013973650179650576,-14401.16785657168,153.53371248283912,14401.986259653782,1741226.9435464544
65,2026-09-20T20:54:52.960437Z,46.24351892338288,53.107032128909964,45.939819280075966,52.947012805438376,31,-0.30369964330691346,-0.16001932347160164,-33769.8595594909,-12339.796426759995,35953.754023233516,1714991.9713999433
66,2026-09-20T20:55:03.684221Z,32.40446148091916,146.74361428738757,32.27942548390518,146.82420685975958,20,-0.12503599701398116,0.08059257237201223,-13903.3685158989,7571.293859633484,15831.237916800204,1689247.111801714
67,2026-09-20T20:55:23.873293Z,-40.52815857006901,-91.02812021422,-40.56730671362314,-91.00908390042358,39,-0.03914814355412943,0.01903631379641979,-4353.0749507720775,1608.43705549432,4640.725261941286,1664103.7328981352
68,2026-09-20T20:55:33.797693Z,5.63364560744364,164.31859752307787,3.330806921901426,-179.99999969891203,12,-2.302838685542214,15.681402778010124,-256063.97871311853,1738359.565507978,1756966.654256714,1665469.364094585
69,2026-09-20T20:55:48.977748Z,-12.483423666355279,-55.962428932082645,-12.570990972931645,-55.948146041531025,26,-0.08756730657636602,0.014282890551612581,-9737.040231220606,1550.3752368287664,9859.6965116388,1641475.0210861366
70,2026-09-20T20:56:05.160484Z,53.126623337809406,-21.13906391135879,53.05995941407323,-21.159786140620515,32,-0.06666392373617924,-0.020722229261735947,-7412.690109682909,-1383.7080842702198,7540.73082309884,1618133.1026538075
71,2026-09-20T20:56:19.241559Z,12.426285243286323,-53.26281849728528,12.332283458986307,-53.26369330527015,25,-0.0940017843000156,-0.0008748079848714951,-10452.521509697868,-95.01257006996288,10452.95332893287,1595489.72026895
72,2026-09-20T20:56:32.621103Z,-3.7473857343951544,68.18642955069046,-3.6732125607921793,68.29878610582502,36,0.07417317360297515,0.11235655513456777,8247.680597776944,12467.292602013253,14948.498181326953,1573537.7588510665
73,2026-09-20T20:56:49.255620Z,-58.86228705174187,-179.58577712745887,-59.14090704971626,179.99995464428443,29,-0.2786199979743884,-0.41426822825667386,-30981.13023646922,-23723.883801436943,39021.03234786744,1552516.9817756803
74,2026-09-20T20:57:07.443119Z,-5.001553433530646,-134.36743968060998,-10.39044073089485,179.9953668406758,38,-5.388887297364204,-45.63719347871421,-599216.9277262071,-5028914.996952978,5059998.410131964,1599915.3794561706
75,2026-09-20T20:57:20.572644Z,-47.07656496139842,-72.31175040280395,-13.371312244798649,179.99999999999892,31,33.70525271659977,-107.68824959719711,3747853.1033586254,-10346643.45944269,10211235.950586181,1714732.9870712373
76,2026-09-20T20:57:32.501788Z,58.87777783501012,127.66898629788187,58.764466100708596,127.63236970679142,20,-0.11331173430152575,-0.0366165910904499,-12599.689983625884,-2107.9039487058394,12774.796801381886,1692338.8003571604
77,2026-09-20T20:57:42.122514Z,46.97025761085782,-134.1434893397614,70.03098643695516,179.98950351833773,15,23.06072882609734,-45.8670071419009,2564236.0501879547,-2664788.73286546,3542892.4563852404,1716371.9647211614
78,2026-09-20T20:57:53.298489Z,43.01324948576309,-116.12523904845516,78.64168346887205,179.9999999981859,20,35.628433983108955,-63.87476095335893,3961701.1032123035,-3462074.765580127,4773308.805165416,1755563.462675575
79,2026-09-20T20:58:03.172994Z,41.091508365942246,153.43224953598394,40.997586883941786,153.39588637695775,14,-0.0939214820004608,-0.03636315902619458,-10443.592301389483,-3049.5284012974666,10879.716755288118,1733478.8582968372
80,2026-09-20T20:58:18.906216Z,-85.82430143513541,155.10187489273994,-86.00287693247232,145.26056072774608,26,-0.17857549733690803,-9.841314164993861,-19856.689326893083,-77981.07343224715,80359.09619680466,1712814.8612705867
81,2026-09-20T20:58:35.342067Z,-26.261425885118896,-121.56652320583973,-37.44812068955847,179.99093014752634,29,-11.186694804439576,-58.4425466466339,-1243903.7081747248,-5519763.958052533,5569231.962687215,1760424.948942397
82,2026-09-20T20:58:44.813257Z,-47.10736653524806,134.12585415032203,-47.01749179116626,134.3047965937225,12,0.08987474408180418,0.17894244340047294,9993.615575374706,13554.192878770995,16840.078640837648,1739161.7188167684
83,2026-09-20T20:59:04.250966Z,-29.747052308517173,160.01009294206824,-29.755121447169685,160.03935841539376,39,-0.008069138652512464,0.029265473325523317,-897.247280550897,2825.237779032628,2964.290998143261,1718243.6775177487
84,2026-09-20T20:59:20.639493Z,57.50741400883048,-75.53680377632567,89.99999821953965,141.30425069293278,29,32.49258421070917,-143.15894553074156,3613010.5178019535,-4453483.169254291,3613010.874222419,1740800.429859471
85,2026-09-20T20:59:34.570838Z,11.981664796893432,31.77072244575976,12.049528298015444,31.71731483399256,28,0.06786350112201234,-0.05340761176719866,7546.077029105092,-5808.54528362925,9522.734494609653,1720432.4569728256
86,2026-09-20T20:59:48.502014Z,-55.84003904965074,60.71598076548719,-55.98990166121863,60.72609554589221,25,-0.14986261156789027,0.010114780405018564,-16663.96210005356,630.3141923351044,16675.878601796303,1700621.333968511
87,2026-09-20T21:00:04.192627Z,-6.9675454892707585,-131.95017365826084,-11.325715068776606,179.99961718916256,32,-4.358169579505848,-48.0502091525766,-484606.3466977002,-5275002.737581231,5291656.224086491,1741897.5970733156
88,2026-09-20T21:00:16.419929Z,-17.127025287397277,102.5859694675757,-16.465733012969512,103.37504869856808,29,0.6612922744277654,0.7890792309923995,73532.34594560877,83998.35380775352,111636.10659034745,1723371.8983178274
89,2026-09-20T21:00:27.593445Z,-34.71728671384334,-136.48488055486,-42.04471370399488,179.9999999926233,19,-7.327426990151537,-43.51511945251673,-814772.7066632599,-3793023.037957925,3836665.705655711,1747116.772557579
90,2026-09-20T21:00:40.471792Z,-30.655142254668657,70.20968884298478,-38.603702101537735,70.65664313386085,26,-7.9485598468690775,0.44695429087607863,-883839.529102492,40894.597777423114,884781.4146499012,1737535.2685808272
91,2026-09-20T21:00:50.394829Z,40.265952154226824,-33.55958192171536,40.3041549570948,-33.49397590860911,16,0.03820280286797839,0.06560601310624747,4247.957862521395,5564.938699352473,7000.977338521628,1718518.408237505
92,2026-09-20T21:01:04.274438Z,27.81440433807857,155.48119646655908,20.005521359958525,-179.99999939601494,23,-7.808882978120046,24.518804137425946,-868308.1699280018,2492399.3682381874,2633412.044692433,1728462.9042859282
93,2026-09-20T21:01:17.202527Z,-1.827727252582353,-90.70207863454536,-1.52387438996742,-89.62179295004351,22,0.30385286261493283,1.0802856845018596,33786.896769206636,120070.91122065367,124733.89224008929,1711218.5063069405
94,2026-09-20T21:01:32.388478Z,-21.524436329301867,174.1732515592676,-19.89621951940215,-179.9075290541878,26,1.628216809899719,5.919219386544569,181049.44873823668,615655.3080201612,641663.2350729454,1699840.2587406214
95,2026-09-20T21:01:43.511828Z,6.96824235593382,-119.08883815114508,6.868771802466374,-119.02727610979724,17,-0.09947055346744627,0.061562041347826835,-11060.620896106346,6795.5418846887915,12981.3986896025,1682083.8496874527
96,2026-09-20T21:01:56.890463Z,-45.02689193852224,-176.4423566981323,-45.10483194770267,-176.3929000862037,20,-0.07794000918043054,0.04945661192860484,-8666.533603494207,3884.1369745851002,9497.121402332594,1664661.071267816
97,2026-09-20T21:02:11.819849Z,6.697580968905802,162.4551518789326,3.786322530263453,-179.99623791013977,23,-2.9112584386423492,17.54861021092762,-323717.1685281886,1943155.572669561,1969660.7361773613,1667805.3977101822
98,2026-09-20T21:02:28.953520Z,1.1438436873040103,-145.98717052458332,1.0673654167155404,-146.00024354805132,31,-0.0764782705884699,-0.013073023467995881,-8503.995687987624,-1453.3832580540873,8627.29767900273,1650875.008934354
99,2026-09-20T21:02:39.325680Z,33.47009248833008,158.7882469840617,28.110617798098176,-179.98566082386358,15,-5.359474690231906,21.226092192074702,-595946.395033706,2027549.561275499,2108902.8809729414,1655501.55309636
100,2026-09-20T21:02:50.049446Z,69.15230165306393,42.495213850892696,89.99999999999999,-128.4664315651475,29,20.847698346936056,-170.9616454160402,2318158.2883954435,-3439463.7397127203,2318158.2883954463,1662128.1204493507
101,2026-09-20T21:02:56.717437Z,-48.1798891394968,45.56515244611225,89.99999999713896,-155.06767879074002,1,138.17988913663575,159.36716876314773,15364902.636301473,16553760.216978028,15364902.63691733,1797799.1552658654
102,2026-09-20T21:03:11.900829Z,15.522113260985597,-64.7597733709372,89.98464938156707,-144.95704365909415,26,74.46253612058148,-80.19727028815696,8279856.241695861,-5397308.125943848,8281272.6016746415,1861362.6204267358
103,2026-09-20T21:03:19.069832Z,3.1030576570502237,45.64006152750673,51.685168873447374,-179.9999979010704,7,48.58211121639715,134.35994057142284,5402084.292945076,13264795.798580859,12562461.77644031,1965256.7869899746
104,2026-09-20T21:03:32.997617Z,-47.622627535328704,-51.19827320334505,-52.803129321576776,-38.72288184856123,23,-5.1805017862480724,12.475391354783824,-576045.5161038599,887720.7451079384,1056019.9937099984,1956514.1255161287
105,2026-09-20T21:03:44.474724Z,9.122197105566423,-79.43991697313662,8.905957127606753,-79.72755004685574,16,-0.21623997795967043,-0.28763307371912106,-24044.78848684655,-31588.340338587404,39698.536162694225,1938258.738950858
106,2026-09-20T21:03:55.098208Z,15.858945809738756,-134.13804500065453,15.824492586301368,-134.12834565125746,17,-0.03445322343738866,0.00969934939706718,-3831.023652789024,1037.5557544780088,3969.038187195333,1920010.7229059178
107,2026-09-20T21:04:11.232478Z,-24.521874642967088,-137.32600196649463,-24.549470476766782,-137.36147469615247,29,-0.027595833799693992,-0.03547272965784032,-3068.516715052408,-3588.2208329093646,4721.347593735971,1902110.8222020655
108,2026-09-20T21:04:26.715902Z,-22.46073639733864,-39.07486418856962,-22.25647100539462,-37.24134012423368,27,0.20426539194401983,1.8335240643359327,22713.275273237323,188551.21023874066,189913.0219967287,1886257.138866831
109,2026-09-20T21:04:37.340144Z,-11.5494822497144,55.22772997033459,-11.358481929179776,56.481100805423125,18,0.19100032053462357,1.253370835088532,21238.26663093467,136592.88705063908,138233.97561532888,1870220.22911223
110,2026-09-20T21:04:54.327027Z,25.36958828195629,89.02439135380882,25.609452095616504,89.6375189790955,32,0.23986381366021448,0.6131276252866655,26671.63916463165,61540.63673984972,67071.68038618178,1853827.969578357
111,2026-09-20T21:05:12.614300Z,4.727206238445598,73.79953077279822,4.642877377769989,73.97306191970611,38,-0.08432886067560919,0.17353114690789084,-9376.941476843576,19231.311009687215,21395.56693840955,1837319.5695545736
112,2026-09-20T21:05:24.595274Z,-24.41623302659352,15.22815646640504,-24.239904937311103,15.04288158882466,19,0.17632808928241772,-0.1852748775803832,19606.788953133644,-18772.23429822138,27144.473706548768,1821157.2919130733
113,2026-09-20T21:05:37.070952Z,8.504331896995954,18.908297626520067,8.58942611324145,18.921658589172658,17,0.08509421624549596,0.013360962652598118,9462.045133294141,1469.1722820464965,9575.425049311349,1805125.5939762257
114,2026-09-20T21:05:53.306550Z,-63.57461921947794,134.94367659383124,-63.405613359511094,137.07615980307366,27,0.1690058599668447,2.132483209242423,18792.59420151386,105839.61676448812,107489.74153122652,1790234.0514109186
115,2026-09-20T21:06:05.231513Z,29.596769603148687,131.07671088407972,29.01398923822429,129.1516929926772,21,-0.5827803649243961,-1.9250178914025184,-64802.219927657396,-186658.5305961322,197583.81810541567,1776384.9189473926
116,2026-09-20T21:06:20.969382Z,-7.862864243399246,-154.56023006925494,-7.978415469577594,179.99999999898733,37,-0.11555122617834801,-25.439769931757723,-12848.710118590223,-2801786.5335615254,2801369.8664035867,1785220.9960806356
117,2026-09-20T21:06:34.698773Z,-49.43029093351022,-167.23998849799264,-54.84838633077988,179.99999999999997,32,-5.41809539726966,-12.760011502007387,-602464.7202526212,-870808.7574002498,1056384.444574793,1778991.623845543
118,2026-09-20T21:06:54.692916Z,13.081064038121875,-175.3584861842606,14.402296097027154,179.99999999981972,40,1.321232058905279,-4.641513815919666,146914.30187041181,-501339.87207357417,522402.69971510646,1768342.5651664715
119,2026-09-20T21:07:05.868318Z,-43.37913397429036,-94.8927074253291,-56.71911066095143,179.99999999999997,39,-13.339976686661068,-85.10729257467091,-1483337.729113401,-6076802.468445231,5842284.967578702,1802577.3752707762
120,2026-09-20T21:07:15.593566Z,60.169152835082116,80.4318674677055,89.99999999999999,-95.15793582770341,27,29.83084716491787,-175.5898032954089,3317038.8622480854,-5025518.42891996,3317038.862248089,1815197.8876622538
121,2026-09-20T21:07:30.074233Z,-83.02401723697858,137.6498933445044,-84.492955128118,41.93625054839642,23,-1.4689378911394186,-95.71364279610796,-163338.44105066048,-1157089.1798889094,1034128.1770955117,1808742.766087322
122,2026-09-20T21:07:45.757650Z,9.50101323478792,-70.92194729529987,9.366158682548761,-70.9811085097014,27,-0.1348545522391582,-0.05916121440151301,-14995.142043918013,-6489.461913216202,16339.136442560055,1794050.933057447
123,2026-09-20T21:07:58.741617Z,21.725482896167396,20.924372823812718,21.781031822437075,20.85492232630692,21,0.055548926269679555,-0.06945049750578391,6176.75878174102,-7172.608987327887,9465.656972079847,1779542.109674639
124,2026-09-20T21:08:17.478287Z,-9.384340181786435,-38.18682149150655,-8.779189672092302,-36.644880678327034,32,0.6051505096941323,1.541940813179508,67289.66653435638,169306.6391027366,182187.56066101373,1766660.2181503356
125,2026-09-20T21:08:36.669115Z,-76.50101769168629,-73.349236597626,-76.43931550211121,-73.50800839127639,34,0.06170218957507245,-0.15877179365037364,6860.970443608839,-4130.326761846202,8008.271798487184,1752591.002579521
126,2026-09-20T21:08:48.346462Z,4.361515426062503,22.142749398002906,4.388262663348075,22.087024973518652,22,0.026747237285571934,-0.05572442448425363,2974.1570879137776,-6178.219087598962,6856.821476098152,1738735.9693961604
127,2026-09-20T21:09:03.278058Z,61.30616025485094,-73.92624463466558,61.27167432932366,-73.77902732589294,24,-0.03448592552727803,0.14721730877263894,-3834.659959275396,7863.948437337573,8749.071683400269,1725114.0253196822
128,2026-09-20T21:09:13.701854Z,71.66686914710726,-20.936530987823886,71.55445284008162,-21.58883050507258,25,-0.1124163070256401,-0.6522995172487072,-12500.123013368244,-22881.97476509861,26073.51194059134,1711840.271308908
129,2026-09-20T21:09:25.675839Z,-51.943150699939125,54.25400709976873,-52.059848691808945,54.31671658901748,20,-0.11669799186982033,0.06270948924876052,-12976.224645531982,4292.849516951756,13667.879286825908,1698676.1442389693
130,2026-09-20T21:09:37.901479Z,-4.073200122549635,0.8162843948505838,-4.056644575731356,0.7476936178786551,30,0.016555546818278977,-0.06859077697191651,1840.8928140190887,-7607.759824965705,7827.317258393304,1685669.6148006571
131,2026-09-20T21:09:46.074025Z,24.54913457155749,5.299777358908614,24.482007481028948,5.255627468210121,11,-0.06712709052854393,-0.044149890698491845,-7464.191907184096,-4466.668345943254,8698.579370443553,1672868.309186686
132,2026-09-20T21:09:57.448318Z,34.26052057018866,39.080420143471315,16.24026083627153,28.207923807585058,13,-18.02025973391713,-10.872496335886268,-2003761.4592288106,-1093452.3939039798,2278931.215893123,1677459.694843553
133,2026-09-20T21:10:08.671445Z,23.864651371808023,2.148685526107357,23.859955798989553,2.116512872377131,21,-0.004695572818469884,-0.03217265373021405,-522.1238751039427,-3271.6377648726666,3313.03892973828,1664872.1260020956
134,2026-09-20T21:10:27.858075Z,-45.56089314389153,-157.4278948904953,-45.60924638151589,-157.44532499335926,35,-0.048353237624354506,-0.017430102863954744,-5376.634710667017,-1356.405607588647,5545.091209941156,1652489.08842902
135,2026-09-20T21:10:45.597581Z,-67.49358721459771,32.56727194450343,-89.99999998302214,-179.0420622426564,35,-22.506412768424426,148.39066581284015,-2502598.916817114,3219952.3790000216,2502598.920312741,1658786.1982948252
136,2026-09-20T21:10:53.518441Z,46.524870983907014,144.71111209029294,27.26399511792133,-179.96119566206357,9,-19.260875865985685,35.32769224764348,-2141711.67902823,3141598.526065274,3753570.579687426,1674189.0246285943
137,2026-09-20T21:11:06.744024Z,5.972204157525685,112.97713715702776,6.3451363813978405,-179.99999999283972,27,0.37293222387215597,67.02286285013253,41468.17127685654,7409590.440383852,7404070.353557634,1716012.9759346459
138,2026-09-20T21:11:26.436654Z,-18.894601813471336,168.882013020957,-17.270667698532442,-179.99930584050443,35,1.6239341149388942,11.11868113853859,180573.23478622676,1175277.8669439387,1188841.2956771662,1712192.8912950987
139,2026-09-20T21:11:39.664863Z,2.1760033797923883,-80.24908822070677,2.1315737102056294,-80.21377549765248,20,-0.04442966958675898,0.03531272305428956,-4940.353850541646,3923.8217170367,6308.999307353308,1699920.3453095756
140,2026-09-20T21:11:59.853694Z,49.1686777924422,72.51086835235404,49.18913114958143,72.57529823830079,37,0.020453357139224693,0.06442988594676535,2274.3095467310513,4683.282315809066,5206.305280231041,1687815.2450236517
141,2026-09-20T21:12:14.534066Z,-28.981149266933706,-9.390112769778227,-29.619016375878697,-7.311282298832322,23,-0.6378671089449917,2.078830470945917,-70927.5863881151,201583.35947881092,213692.97920289537,1677360.4771809513
142,2026-09-20T21:12:29.720585Z,-11.740975724446303,162.31032625993606,-11.816170261734678,162.3640637130366,28,-0.07519453728837533,0.053737453100524135,-8361.251057852432,5849.514343165418,10204.280065100935,1665619.9405815438
143,2026-09-20T21:12:41.946461Z,59.71602322353012,67.52932354701673,60.33753094334473,68.49511826802316,30,0.6215077198146091,0.9657947210064322,69108.50531381242,53652.26557680476,87488.38298909513,1654584.055563415
144,2026-09-20T21:12:54.373490Z,6.6601813040224815,96.5366787689,6.869114283294921,96.97171086141002,31,0.20893297927243903,0.4350320925100277,23232.28730382797,48036.60445008398,53359.6450672882,1643464.4416016361
145,2026-09-20T21:13:05.498446Z,38.7338570031594,167.40768444222937,38.62852991113433,167.31802386987613,20,-0.10532709202507107,-0.08966057235323888,-11711.838271412465,-7782.78132786475,14061.96238815478,1632227.1831243017
146,2026-09-20T21:13:22.280874Z,19.740296441622398,-47.34238839144024,19.68288318511455,-46.217718392373285,30,-0.057413256507846455,1.1246699990669526,-6384.062845815221,117729.51515808437,117902.25935829333,1621855.0946053565
147,2026-09-20T21:13:33.207423Z,73.60632627250993,125.42820706091555,73.51104986329337,125.55155597929058,18,-0.09527640921656655,0.12334891837502937,-10594.253333793076,3882.0176963823055,11283.090739594063,1610898.8224702154
148,2026-09-20T21:13:41.376471Z,23.149827381595813,-135.43225962463586,81.6149979564816,179.99999999999997,13,58.46517057488579,-44.56774037536417,6501030.35333604,-3024905.508008024,6785454.765574659,1645862.038302002
149,2026-09-20T21:13:46.992187Z,0.9215122572834247,48.11815628354586,51.93877575181564,179.99999999816546,7,51.017263494532216,131.8818437146196,5672860.871880634,13131815.181808708,12621391.001214342,1719523.3065094675
150,2026-09-20T21:13:55.912612Z,-19.488847846669664,-157.2850419426354,-22.10710371674904,179.99999999802415,28,-2.618255870079377,-22.71495805934046,-291136.76941016165,-2361203.250707963,2376829.379901923,1723905.3469987505
151,2026-09-20T21:14:16.603657Z,1.9415402374568307,97.86055597484994,2.409670876659858,97.99384645434313,36,0.4681306392030271,0.1332904794931835,52053.75208625099,14810.541505415953,54119.71932910656,1712847.1640340511
152,2026-09-20T21:14:30.132187Z,67.2099116587556,-1.1569578337543192,67.02143188467565,-4.140144047471078,25,-0.1884797740799513,-2.983186213716749,-20957.99465280319,-128994.73224582872,130672.95194051517,1702438.1231650144
153,2026-09-20T21:14:47.820887Z,-7.0809448390289464,-131.31493528971328,-7.199208532753038,-131.36384719534237,35,-0.11826369372409129,-0.04891190562909742,-13150.322748364893,-5396.579510687251,14214.5716765375,1691403.9823056129
154,2026-09-20T21:15:02.949529Z,-36.25962787455111,117.30589311339332,-9.294268619746198,-179.7681516956745,22,26.96535925480491,62.9259551909322,2998411.144282205,6451410.15173976,6978694.783700769,1725737.0394575293
155,2026-09-20T21:15:18.928692Z,21.465047418644442,-22.61174779954854,21.441153921487615,-22.65703701735171,44,-0.02389349715682698,-0.04528921780317319,-2656.8356636353487,-4687.028110655255,5387.6718195134445,1714638.0112792195
156,2026-09-20T21:15:34.866030Z,-3.1606260795367676,-163.0640785371427,-3.2742343082133836,-163.02362879896222,28,-0.11360822867661602,0.040449738180484474,-12632.658653914572,4490.715941885886,13407.10959395991,1703732.6849863653
157,2026-09-20T21:15:50.045997Z,-30.742270893840743,-114.93597921313126,-30.80156029342298,-114.88811879365937,33,-0.05928939958223722,0.04786041947187414,-6592.680437346799,4572.578713396554,8023.210533858865,1692931.9876968588
158,2026-09-20T21:16:06.982299Z,-30.554778384121875,-6.028445474958801,-30.59332771140958,-6.112837008373532,34,-0.038549327287704216,-0.08439153341473116,-4286.489619953357,-8079.288422608347,9145.976524338537,1682275.1142084254
159,2026-09-20T21:16:19.519472Z,-3.4123841253917315,106.5661536486204,-3.3632404310168247,106.63521152110172,34,0.04914369437490684,0.06905787248132356,5464.529491060381,7665.465604561128,9413.843095586073,1671753.9741385335
160,2026-09-20T21:16:37.456721Z,-22.9056415293331,-77.12767658274471,-22.98575231922749,-77.14236795344716,35,-0.08011078989439113,-0.014691370702450968,-8907.913405744479,-1504.3464332752828,9034.045542654014,1661361.974584809
161,2026-09-20T21:16:57.897571Z,60.24941532642255,162.21929323665387,63.152512588364424,-179.75852037176685,37,2.9030972619418733,18.022186391579282,322809.68708364596,950031.5619055923,999408.5456400578,1657250.4626037858
162,2026-09-20T21:17:13.083857Z,28.578760142675627,30.664215989233384,89.99999999988795,-179.44869818805637,33,61.42123985721232,149.88708582271022,6829730.260340571,8511713.355141561,6829730.260363808,1689179.3502442797
163,2026-09-20T21:17:25.559381Z,-5.358423765033629,-90.79692082557956,-5.3874287814999,-90.72816841356493,24,-0.029005016466271627,0.06875241201464632,-3225.2106782912915,7611.330096766167,8266.458034147328,1678867.0012123156
164,2026-09-20T21:17:38.788658Z,-19.029848659156933,95.81474027437702,-89.99788407055469,-128.0042314434692,22,-70.96803541139775,136.18102828215376,-7891285.49167882,8790391.717774767,7891690.535278837,1716750.0715419897
165,2026-09-20T21:17:49.176277Z,18.378396079020813,-120.03304847724937,18.490023593292843,-120.72311681539514,16,0.11162751427202977,-0.6900683381457782,12412.413260992784,-72794.77298009957,73845.367736796,1706793.07333711
166,2026-09-20T21:17:54.340890Z,-15.40531071444457,20.026573924186266,18.490023593292843,-120.72311681539514,0,33.895334307737414,-140.7496907395814,3768989.2119416567,-15644981.310136933,15833995.747378167,1791896.7039036222
167,2026-09-20T21:18:08.517225Z,17.459741166458084,-3.5471032461699394,17.474334381633128,-3.6206451642150084,25,0.014593215175043639,-0.07354191804506627,1622.6914908972387,-7800.422474909022,7967.415972724748,1781214.4925986468
168,2026-09-20T21:18:22.697832Z,29.037369815255904,-62.79493796117639,28.92248489484474,-62.86860547279462,24,-0.11488492041116416,-0.07366751161822549,-12774.62029768537,-7165.797544493073,14647.168446569394,1770699.210907265
169,2026-09-20T21:18:38.380461Z,46.53436981843366,-58.60846384525695,46.446571322913925,-58.630502165927766,26,-0.08779849551973484,-0.022038320670816347,-9762.747268819534,-1687.1425483789064,9907.455868366316,1760280.3247827746
170,2026-09-20T21:18:53.562890Z,77.78717089207711,-98.79023053192054,77.86184280585617,-98.92043792793564,29,0.07467191377905635,-0.1302073960150949,8303.137975070986,-3053.592124892413,8846.831912668604,1749977.7748247155
171,2026-09-20T21:19:08.047634Z,-13.735223307022656,108.38022510280388,-23.586451912515034,-179.99999999999997,26,-9.851228605492379,71.61977489719618,-1095406.6421465038,7545094.608284106,7553599.251157741,1783917.081703856
172,2026-09-20T21:19:24.433188Z,56.92601263561712,-155.9779277711612,57.08545402100812,-157.86174477279496,30,0.1594413853909984,-1.8838170016337585,17729.073152658886,-114068.44541764449,115434.12650097876,1774216.5994061648
173,2026-09-20T21:19:38.564175Z,8.685013454300519,-75.10014796702114,8.556707806611776,-75.14623550464304,24,-0.12830564768874275,-0.046087537621900765,-14266.937082832346,-5066.8008428015555,15139.945607791666,1764048.5262628214
174,2026-09-20T21:19:50.039539Z,-12.955755422142794,-175.62046803368102,-13.068685803102472,-175.54697013954998,19,-0.11293038095967844,0.07349789413103736,-12557.285426753519,7962.737618222395,14869.11508494917,1753995.771026167
175,2026-09-20T21:20:01.764639Z,-61.64502101854687,129.34462536119673,-37.74782281089392,-179.99999997947674,26,23.89719820765295,50.655374659326526,2657247.20171045,3643389.7450566906,4339885.500830947,1768772.2837679086
176,2026-09-20T21:20:19.649485Z,-15.19650087477202,-137.89610383253705,-15.302329915463396,-137.9219039482408,35,-0.10582904069137555,-0.02580011570375973,-11767.652416541525,-2767.830068915479,12088.776779076077,1758791.1274781993
177,2026-09-20T21:20:32.577324Z,-46.6991794282808,55.250950173143224,-36.45485308479332,15.202778298830689,15,10.24432634348748,-40.048171874312544,1139117.116287011,-3331245.443857474,3477402.3571503693,1768500.795442449
178,2026-09-20T21:20:55.522089Z,-67.20056271219433,-118.99841184168295,-67.60745807396638,-115.12298935385456,43,-0.4068953617720581,3.875422487828388,-45244.69990425519,165575.5063962892,171613.8466502764,1759529.5204492346
179,2026-09-20T21:21:08.197868Z,52.765221673001854,152.73720535806723,62.49191735568795,-179.99815457789626,21,9.726695682686099,27.264640064036485,1081559.212930227,1623183.9790336222,1927636.358324321,1760468.6647949056
180,2026-09-20T21:21:26.137900Z,-45.91258929580955,74.00484251718626,-47.967402035349714,67.93382322544801,32,-2.0548127395401607,-6.071019291738253,-228484.75184147296,-460911.0757007378,514234.5519096597,1753545.1419455432
181,2026-09-20T21:21:35.808626Z,18.02174744401463,-117.63630971872223,18.01082091899918,-117.49865035704501,15,-0.010926525015449329,0.13765936167720838,-1214.9741475728242,14556.498660832742,14607.11487069658,1743937.749530765
182,2026-09-20T21:21:45.930138Z,19.24274731248826,-103.04571082646777,19.139631543393474,-103.01708066039197,20,-0.10311576909478504,0.028630166075799934,-11465.95038039188,3006.610724758749,11853.59535452432,1734420.8036286975
183,2026-09-20T21:22:06.621851Z,-81.81369042324398,177.88543326696225,-83.46479451246533,-145.1394154485345,35,-1.6511040892213487,36.97515128450323,-183594.39808349885,526743.912983561,546315.7880851069,1727928.4264945795
184,2026-09-20T21:22:29.620473Z,-52.79210280187141,-115.62496741315107,-52.818554139601986,-115.54263529309989,50,-0.026451337730577507,0.08233212005117707,-2941.2545586020146,5534.374740608245,6267.397819336952,1718571.5730778663
185,2026-09-20T21:22:39.744764Z,31.687476883962983,-112.57532172073499,31.69396514446601,-112.44650205289282,14,0.006488260503026311,0.12881966784215138,721.4616506847984,12188.316709734456,12209.650016268348,1709347.995115371
186,2026-09-20T21:22:56.731647Z,-22.146037266630728,83.2024151027577,-76.693280034382,-179.99944320661066,29,-54.54724276775127,96.79814169063161,-6065376.6582230395,7001779.304904564,7786406.565887343,1742020.3530227472
187,2026-09-20T21:23:09.911040Z,-11.920111031564218,128.99764322720603,-89.99999998555016,-179.95325982943308,32,-78.07988895398594,51.049096943360894,-8682087.524653759,3575349.2292759516,8682087.525250418,1779133.0116977615
188,2026-09-20T21:23:18.883539Z,-49.841975494054225,127.5959329246416,-89.99999998423955,-135.93475533276404,34,-40.158024490185326,96.46931174259436,-4465368.587376551,3682712.2580054933,4465368.589326487,1793421.498812808
189,2026-09-20T21:23:28.807369Z,-31.826233187620673,32.62370239148629,-79.62555348231183,-26.17732353078465,12,-47.79932029469116,-58.80102592227094,-5315041.913827951,-3682103.689223623,5923849.827455831,1815275.6169537762
190,2026-09-20T21:23:34.470866Z,25.299578843826186,-85.33002232887134,-55.09138279600631,-115.31257099114313,1,-80.3909616398325,-29.982548662271796,-8939067.08242671,-3221869.570752548,9384183.961502768,1855111.976661929
191,2026-09-20T21:23:47.897946Z,-28.49433434057552,124.17304098388593,-28.523958459989682,124.2550467494099,23,-0.02962411941416221,0.08200576552397365,-3294.051785167415,8012.909087695863,8663.57224346155,1845444.707528848
192,2026-09-20T21:23:58.373019Z,64.45463248287533,-34.325939251426576,64.34456376647009,-34.413174365711484,15,-0.11006871640523741,-0.08723511428490838,-12239.082846541112,-4191.337251769915,12936.86121579639,1835900.3958293006
193,2026-09-20T21:24:15.556921Z,-49.21667339021279,-139.52440321380888,-49.24288004398523,-139.4654465186636,36,-0.026206653772440802,0.05895669514526958,-2914.046943825904,4281.040246909038,5178.7037615825,1826414.791207188
194,2026-09-20T21:24:25.782364Z,-27.821481265799807,12.714226134059686,-87.30238757443105,-76.59407227612911,16,-59.48090630863125,-89.3082984101888,-6613975.013740123,-5326666.850348069,6914041.741810201,1852639.6723958636
195,2026-09-20T21:24:31.197882Z,26.282150602340966,-91.50927536317863,-18.404747713248515,-89.90189196041078,1,-44.68689831558948,1.6073834027678515,-4968956.380174828,178310.73200078984,4971988.509405597,1868636.3330984777
196,2026-09-20T21:24:41.169334Z,47.78637270599745,115.43201389497665,13.132987733213508,-179.96220067713327,14,-34.65338497278394,64.60578542789005,-3853280.600034364,6192366.467432648,7041725.864510341,1895029.6470342525
197,2026-09-20T21:24:53.146089Z,41.35193865531605,68.6809529417499,89.99999999999999,-173.75609133567363,39,48.64806134468394,117.56295572257648,5409417.612622124,5384478.571944027,5409417.612622127,1912869.1798544957
198,2026-09-20T21:25:12.335763Z,-71.84564468229027,-148.65156287184095,-71.82577328444486,-148.47751871334953,35,0.01987139784540659,0.17404415849142651,2209.5986257448285,6033.104573136249,6425.001251065673,1903240.6739019528
199,2026-09-20T21:25:27.766727Z,13.50605007532378,179.62872924674377,12.640506605158656,-178.70256761623313,27,-0.8655434701651235,1.6687031370231011,-96244.04267268772,180742.1234190909,204767.65124748353,1894705.6335871064
200,2026-09-20T21:25:40.442983Z,16.347604324581734,121.60708832115631,28.923724655085646,-179.99967568720518,24,12.576120330503912,58.393235991638505,1398400.7776235263,5992878.750099844,6094530.5022526765,1915704.7579304343
201,2026-09-20T21:26:01.435638Z,-41.55663988701731,137.76316121994194,-36.917650540751936,-179.99986539716792,41,4.638989346265376,42.23697338289014,515832.08006286796,3637630.4217144838,3637416.942179701,1924270.490190381
202,2026-09-20T21:26:11.109987Z,8.382196831747144,-94.69106176299887,8.256178829535212,-94.66671535850494,11,-0.12601800221193216,0.0243464044939401,-14012.562511849637,2678.7098871369853,14266.302664934421,1914815.0239155025
203,2026-09-20T21:26:23.985410Z,31.530533825618708,150.3490506345047,21.474686995420655,-179.9929127767293,19,-10.055846830198053,29.65803658876598,-1118159.150632791,2951268.2586316396,3143480.3147085677,1920867.5622937935
204,2026-09-20T21:26:36.212623Z,70.56707388040896,-31.36701178824231,88.4614092042694,-124.78389293531245,19,17.894335323860446,-93.41688114707014,1989759.3036897983,-1890429.7126227336,2177487.233006929,1922125.5018561129
205,2026-09-20T21:26:53.451482Z,-82.44243742806907,101.81331653137272,-88.04804520774077,-45.675079291867,31,-5.6056077796717005,-147.48839582323973,-623315.1458587624,-1359408.8136311613,1029983.9451308155,1917773.5918233066
206,2026-09-20T21:27:05.127461Z,27.809406457962943,-163.86726994281437,-89.96677261550987,32.07120807177944,23,-117.7761790734728,-164.06152198540622,-13096113.592551222,-15624221.551043399,13103360.947492972,1972072.5595692757
207,2026-09-20T21:27:15.098642Z,30.210766005635147,-94.73811223556514,30.106540613524984,-94.72708086632126,11,-0.10422539211016257,0.011031369243880818,-11589.334830189899,1060.5923709100362,11637.763417352015,1962601.8600709573
208,2026-09-20T21:27:29.579461Z,-23.18819205947737,-57.54331549506719,-23.270380731795107,-57.57867663118011,28,-0.08218867231773785,-0.03536113611292535,-9138.963389384535,-3613.228573910505,9827.312400626346,1953213.5208994655
209,2026-09-20T21:27:44.209459Z,50.842028981887054,-162.9352722703456,50.840823701049175,-163.12342895328618,24,-0.0012052808378797408,-0.18815668294058696,-134.02111435413008,-13211.634204391734,13212.310383108073,1943931.2184568034
210,2026-09-20T21:27:58.388982Z,-42.37041678285447,-81.17294366229147,-42.420738306804935,-81.2043504765028,31,-0.05032152395046552,-0.03140681421132285,-5595.498164314419,-2579.073392029576,6161.267539706305,1934703.742500055
211,2026-09-20T21:28:11.614997Z,15.68660010393994,108.84773082941109,-89.99999999999999,-92.74961977285591,21,-105.68660010393992,158.402649397733,-11751813.745870413,14037780.107178858,11751813.745870415,1981230.3301937536
212,2026-09-20T21:28:25.593060Z,32.72123784212671,-49.73208399503321,32.609036970178664,-49.7567403906016,24,-0.11220087194804762,-0.024656395568399603,-12476.167725718684,-2308.042389777683,12687.861008369593,1971944.7525089167
213,2026-09-20T21:28:30.507600Z,2.7926639490213976,-106.3185476290995,32.609036970178664,-49.7567403906016,0,29.81637302115727,56.56180723849789,3315429.4108943827,5991627.405604594,6745890.369662551,1994357.6427302952
214,2026-09-20T21:28:45.737749Z,-34.43992343486136,92.33495308790447,-36.16220235175436,92.32470503704056,33,-1.7222789168929964,-0.010248050863907565,-191508.6778253868,-930.0020839313113,191510.93551861847,1985933.125406876
215,2026-09-20T21:29:00.919912Z,39.332854278798195,55.349763623573864,39.36704931215087,55.314432528690034,32,0.03419503335267393,-0.035331094883815695,3802.3142252588173,-3037.9679094286485,4866.912937609248,1976718.8639535306
216,2026-09-20T21:29:18.604855Z,76.32003170699447,160.0375159953237,76.34546701593807,159.8242877790024,33,0.025435308943599466,-0.21322821632131195,2828.2773121652313,-5602.240235782423,6275.682221662737,1967596.441815883
217,2026-09-20T21:29:36.340909Z,-66.10810697925001,-67.84430962204318,-89.9999961754478,178.67470636847884,33,-23.891889196197795,-113.480984009478,-2656656.866571139,-2611890.627242496,2656657.461288856,1970771.8382189842
218,2026-09-20T21:29:46.769865Z,-18.924611750013277,-77.80124271395012,-89.99999999999999,177.23206893029797,27,-71.0753882499867,-104.9666883557519,-7903222.582690803,-6784077.274229362,7903222.582690807,1997984.915028488
219,2026-09-20T21:29:52.885472Z,51.220813865107075,-104.78236800501409,-24.684989427545585,159.3548544821608,1,-75.90580329265266,-95.86277751282512,-8440340.229022818,-10374927.627414554,12516435.779774435,2046014.3710318943
220,2026-09-20T21:30:03.558787Z,34.93791189998301,-43.17543608249335,89.99763504471888,174.40688673324175,18,55.05972314473587,-142.4176771842649,6122361.876148618,-7320207.510964483,6122833.247303764,2064545.3659240392
221,2026-09-20T21:30:18.489659Z,-3.82624287936132,-19.229731572486173,89.99999888426836,174.91107282806388,40,93.82624176362968,-165.85919559944995,10433002.070241434,-13469050.262078542,10433002.314609485,2102411.686958815
222,2026-09-20T21:30:27.158064Z,12.948676400598158,76.93684399995561,89.99999999999999,174.15173786135196,34,77.05132359940183,97.21489386139638,8567716.275501644,6733048.924062602,8567716.275501646,2131534.6806008997
223,2026-09-20T21:30:36.432544Z,16.20658874903973,-47.03581294997207,89.99999999940593,147.1591936342242,26,73.7934112503662,-165.80499341580372,8205452.950836225,-11068904.268717024,8205452.950966324,2158771.9822617313
224,2026-09-20T21:30:46.606200Z,-77.08650950933942,-96.83637867158795,89.99999999958848,81.4251621582425,36,167.08650950892792,178.26154082983044,18579172.168140605,19696050.084753025,18579172.1682321,2232077.3402348133
225,2026-09-20T21:30:55.276482Z,46.79929830825556,-76.53359745558267,89.99999999413977,101.39492520295,25,43.20070168588421,177.92852265853264,4803698.85495536,7283364.528253208,4803698.856258188,2243506.7691949173
226,2026-09-20T21:31:00.640218Z,51.32957404463419,-112.20102293236397,89.99999999357776,97.64702193190028,1,38.67042594894357,-150.15195513573576,4299955.1767066205,-5527996.572963217,4299955.178040133,2252606.098437595
227,2026-09-20T21:31:12.815472Z,-71.33120351088306,-137.21665042630406,89.99999999509818,84.48977560366556,38,161.33120350598125,-138.29357397003037,17939211.33932596,-15173922.338434262,17939211.340277947,2321710.0862871124
228,2026-09-20T21:31:22.241994Z,-38.882666271997365,156.7331633130421,89.99999999798578,82.13778858227273,33,128.88266626998313,-74.59537473076936,14331098.62164592,-7482948.16395735,14331098.621810395,2374382.8430218636
229,2026-09-20T21:31:34.869380Z,34.521855020957936,144.47467549218896,34.47878892839286,144.3889758792699,22,-0.043066092565076985,-0.0856996129190577,-4788.731003641512,-7853.366595392372,9198.222697852092,2364054.5259025446
230,2026-09-20T21:31:51.553780Z,-62.95026109050602,111.58773496234761,-66.93009113936944,88.09665433419302,28,-3.9798300488634197,-23.491080628154577,-442536.9103411786,-1106387.7183893288,1182667.4857226391,2358918.060510458
231,2026-09-20T21:32:05.433886Z,61.44643734654173,-26.67931520837871,61.37417714453087,-26.77885111508609,25,-0.07226020201085959,-0.09953590670738777,-8034.967861918528,-5296.359591839873,9623.517379555335,2348747.954263138
232,2026-09-20T21:32:24.976176Z,-2.362850846536846,120.78669360262785,-2.6558489426008167,120.03728713908149,38,-0.29299809606397087,-0.7494064635463644,-32579.901798828614,-83250.29059761365,89398.2410673568,2339009.3779131565
233,2026-09-20T21:32:39.158877Z,-52.44133908184227,-64.35098239341588,-52.64393709451326,-62.96159257079831,24,-0.20259801267098965,1.3893898226175736,-22527.871157284073,93958.2021739753,96619.45935340156,2329385.3868463766
234,2026-09-20T21:32:55.141491Z,76.8730300440774,-25.579242811124345,78.08776863808032,10.73817979018179,26,1.2147385940029238,36.317422601306134,135072.76885246954,875399.6303181082,871011.4903303282,2323153.019767248
235,2026-09-20T21:33:11.878854Z,-21.49042969233197,-16.028537929016665,-21.63926051172098,-15.032800436238476,36,-0.148830819389012,0.9957374927781757,-16549.232044410757,102970.73187872396,104291.91673370055,2313711.05762668
236,2026-09-20T21:33:25.059215Z,5.702641792370303,-71.89835904253758,5.613483118402684,-71.895923041275,22,-0.08915867396761978,0.0024360012625948,-9913.992211555611,269.5512983642572,9917.655945743572,2303949.2211788795
237,2026-09-20T21:33:43.297890Z,12.654898312357783,64.13901373179894,12.700387195255809,64.22903039802306,39,0.04548888289802555,0.0900166662241304,5058.132996988874,9765.370064187819,10997.597700927497,2294274.3198139938
238,2026-09-20T21:33:48.266716Z,-26.816171772704195,5.862179118746582,12.700387195255809,64.22903039802306,0,39.51655896796,58.36685127927649,4394040.875687691,6440919.075391288,7678774.890285496,2316898.2717907648
239,2026-09-20T21:34:01.395659Z,1.6513792815457322,-65.61943687083502,1.600065242819591,-65.60211626540274,25,-0.051314038726141264,0.01732060543227476,-5705.860771989324,1925.188210167031,6021.89310313075,2307229.3329678043
240,2026-09-20T21:34:13.321584Z,42.87550528143367,156.20374024660993,47.71308941881542,-175.93195611442763,17,4.837584137381754,27.86430363896244,537914.813293045,2179595.668094316,2231789.477004328,2306915.000234623
241,2026-09-20T21:34:24.494263Z,1.2219302464670572,-173.17393361014882,1.1000616967118315,-173.1513292528853,24,-0.12186854975522565,0.022604357263531938,-13551.164450311075,2512.973849264189,13782.202042585193,2297399.9263832034
242,2026-09-20T21:34:38.423846Z,27.165371931292754,-54.10417569658162,27.050905506584932,-54.118660320724516,25,-0.11446642470782109,-0.014484624142880875,-12728.085698651072,-1433.6873907673428,12808.576184075682,2287959.4662584136
243,2026-09-20T21:34:55.856861Z,-33.26125394862135,133.2693007902824,-22.975149835813724,-179.99979939710312,30,10.286104112807628,46.730899812614496,1143762.592281938,4582964.246369706,4683413.756065841,2297817.3028419833
244,2026-09-20T21:35:12.541483Z,-23.32536155952648,135.41484425402007,-11.399385922908799,-179.99878383828496,28,11.925975636617682,44.58637190769497,1326107.986078498,4731884.636746867,4892538.053364898,2308451.4042785526
245,2026-09-20T21:35:21.911822Z,-43.31615173211336,88.61855700984029,-1.869661749277658,-179.99999962321306,17,41.4464899828357,91.38144336694666,4608639.413315854,9381363.52295361,9976639.211388562,2339750.1300218585
246,2026-09-20T21:35:30.133370Z,-10.082467173522652,0.9022749682418976,-10.008961542711766,0.9223694453625358,8,0.07350563081088524,0.02009447712063661,8173.4532259784,2200.1480207994077,8464.395325287249,2330273.3587426045
247,2026-09-20T21:35:50.523689Z,-42.24350531418054,68.51063132445361,-44.91037842918362,67.3822867130747,37,-2.666873115003085,-1.1283446113789068,-296542.76039311395,-90893.90227487357,310150.99480683927,2322094.725690233
248,2026-09-20T21:36:06.758329Z,-6.209348876113206,178.7281481868834,-6.3161552399680385,178.65813872991157,33,-0.10680636385483222,-0.0700094569718317,-11876.32579401012,-7738.238014920384,14174.887085467277,2312788.597308762
249,2026-09-20T21:36:25.749586Z,-51.0342816982699,-129.92711584478434,-74.94452535388605,179.99999794173277,40,-23.91024365561615,-50.07288621348289,-2658697.7893397636,-2528668.8760237563,3465490.2324906085,2317417.921144834
250,2026-09-20T21:36:40.179686Z,13.665183809260439,83.58066732037588,13.940671007981143,84.40514428242038,33,0.27548719872070393,0.824476962044514,30632.778853263648,89030.19635204409,94152.62705617891,2308524.8599684793
251,2026-09-20T21:36:50.604254Z,3.9386829395126783,-97.75720521898182,3.8451743985694575,-97.65624657809332,14,-0.09350854094322081,0.10095864088850703,-10397.675350821155,11200.199627152204,15282.542197201761,2299388.4363917015
252,2026-09-20T21:37:03.280550Z,4.060614399487304,-62.563151434829905,3.9934440464598318,-62.58293434999554,28,-0.0671703530274721,-0.01978291516564923,-7469.002477578873,-2194.328663480453,7784.669275796689,2290294.7706491775
253,2026-09-20T21:37:23.973505Z,-63.9329944121454,-160.33168273464733,-63.36142235680868,-152.5230625225848,37,0.5715720553367163,7.808620212062522,63555.91276524583,385426.43399552186,390374.1916728824,2282785.203143343
254,2026-09-20T21:37:43.668473Z,-14.165180745956384,-148.67261126213327,-14.284532838190543,-148.68946549623894,36,-0.1193520922341591,-0.016854234105665,-13271.347140851929,-1816.6430747981296,13395.105283996194,2273850.596458857
255,2026-09-20T21:38:01.607074Z,24.995992283061806,135.12633785300181,26.847533309227586,-179.96330854501812,33,1.8515410261657799,44.91035360198009,205881.9685838949,4491385.908509765,4472707.226363108,2282473.563634952
256,2026-09-20T21:38:18.541411Z,6.1308652556129575,-66.69368893303624,6.050072599181222,-66.70244869763901,29,-0.08079265643173539,-0.008759764602757514,-8983.733505345852,-968.5435103147634,9035.792387260788,2273592.9473410156
257,2026-09-20T21:38:37.231460Z,24.56619479502331,179.9143476855097,22.245025964867388,-173.92262988982665,33,-2.321168830155923,6.163022424663609,-258102.19779882403,628907.6791885,679703.5033483674,2267391.042889682
258,2026-09-20T21:38:57.371802Z,-44.24828909412132,-90.29958894502391,-44.2761768890863,-90.2902790834832,39,-0.027887794964982504,0.009309861540714337,-3100.9813154097237,741.368239449342,3188.3713620946796,2258615.063542676
259,2026-09-20T21:39:08.548264Z,-10.007028920987127,-70.50219232299621,-10.09005501393347,-70.49945969780309,20,-0.08302609294634422,0.0027326251931185652,-9232.08031475306,299.1930222976019,9236.927161426715,2249930.2058732505
260,2026-09-20T21:39:14.163816Z,37.59684547061957,-106.15810506071351,-4.561564589935148,-94.48598953660711,1,-42.158410060554715,11.672115524106403,-4687801.314134609,1244319.43533673,4840815.651092092,2259895.149893323
261,2026-09-20T21:39:29.095275Z,43.96108951943657,-25.850962616659956,43.95122208014746,-25.791461798733007,29,-0.009867439289109825,0.059500817926959826,-1097.2091879222037,4762.803711689615,4887.552148417932,2251255.2740398943
262,2026-09-20T21:39:34.011813Z,-22.580097375249995,7.940969198917173,43.95122208014746,-25.791461798733007,0,66.53131945539745,-33.73243099765017,7397945.186408623,-3685833.3283339813,8157432.04402815,2273797.9334673304
263,2026-09-20T21:39:49.239897Z,58.79038719738484,72.25387789179607,59.17111244456949,73.07030419211404,27,0.3807252471846496,0.8164263003179713,42334.715932428604,46782.56658164095,63093.063351182354,2265392.211527725
264,2026-09-20T21:40:03.719035Z,1.0996588002277683,-19.474625249913288,1.0727228782623612,-19.516313575581645,38,-0.02693592196540706,-0.04168832566836045,-2995.1378670469967,-4634.697356002584,5518.266940622525,2256832.0829497436
265,2026-09-20T21:40:17.949296Z,-45.72580765764833,-53.26190254448112,-50.938426114111714,-40.74190620940475,24,-5.212618456463382,12.519996335076371,-579616.7268925187,925524.3411020936,1089870.7957312968,2252428.4554508063
266,2026-09-20T21:40:35.634923Z,-39.515859657847265,-100.48890194735353,-39.55158402119927,-100.43754751829312,40,-0.0357243633520028,0.05135442906041021,-3972.3679623495136,4404.109423375221,5930.926116787539,2243982.9760172195
267,2026-09-20T21:40:52.621444Z,-62.18952530178359,32.51547251038076,-60.63656943154357,27.85664529822057,27,1.5529558702400195,-4.65882721216019,172680.81407357584,-247876.969069162,301983.11149484926,2236709.5682849265
268,2026-09-20T21:41:05.599607Z,2.9390310958394354,88.04279615789233,3.0185944652511973,88.63366734460678,29,0.0795633694117619,0.5908711867144518,8847.043025334791,65613.1031742126,66206.86277103619,2228610.67759271
269,2026-09-20T21:41:18.634164Z,6.984359952157763,26.505896414238265,7.0730861252390484,26.43529466680789,27,0.08872617308128561,-0.07060174743037351,9865.900307225975,-7791.558666578498,12571.569612692065,2220372.613994272
270,2026-09-20T21:41:23.548233Z,-1.2641493076104375,36.60206897153449,7.0730861252390484,26.43529466680789,0,8.337235432849486,-10.166774304726601,927058.2823741144,-1129041.5003783384,1460100.8538783796,2217556.7926605092
271,2026-09-20T21:41:42.684585Z,-32.27171326885151,139.80495142251522,-32.27585002408179,139.8704932808375,40,-0.00413675523028445,0.06554185832229109,-459.98619437797413,6161.983800315815,6179.1286147489245,2209396.7274795286
272,2026-09-20T21:41:47.647875Z,14.899107317198993,-12.915393216723857,-32.27585002408179,139.8704932808375,0,-47.17495734128079,152.78588649756136,-5245615.921023904,16794059.117164586,16652457.883844849,2262496.2170249894
273,2026-09-20T21:41:56.868249Z,-3.9536897809060574,-116.58820226844966,-11.715219144201953,179.66279484148365,10,-7.761529363295896,-63.74900289006666,-863042.6882012758,-7022401.379530529,7061858.481233663,2280076.2985788677
274,2026-09-20T21:42:10.848414Z,24.38375120085325,-66.4891015935886,-89.99999999999999,177.41203726123,28,-114.38375120085324,-116.09886114518139,-12718892.824108334,-10850390.546733798,12718892.824108334,2318174.169109997
275,2026-09-20T21:42:25.078902Z,-56.59326560831038,-61.88354265355443,-56.633126242806874,-62.033079958494326,23,-0.0398606344964918,-0.1495373049398836,-4432.300328842974,-9150.080590558226,10167.064531344697,2309781.4160024384
276,2026-09-20T21:42:38.607845Z,4.848461545421514,101.84377386841527,5.125101389166898,102.43912397591573,31,0.2766398437453841,0.595350107500451,30760.947132230176,65949.33023686301,72770.46852329174,2301676.3038738905
277,2026-09-20T21:42:49.281864Z,16.321468276249668,12.695303522868159,16.401722200298256,12.70242723715959,16,0.08025392404858778,0.007123714291424221,8923.829197520707,760.0423760299458,8956.137104854763,2293399.335762811
278,2026-09-20T21:43:00.204906Z,15.807110796704022,98.05380637934115,15.67083936891821,97.96547825916174,15,-0.13627142778581103,-0.08832812017942615,-15152.69141639254,-9453.400553717052,17859.75323801264,2285213.941581067
279,2026-09-20T21:43:16.390680Z,-21.741955074088807,-67.34157473899596,-21.808582898295615,-67.37717242132942,32,-0.06662782420680813,-0.035597682333445846,-7408.676025162585,-3675.8425904000856,8270.447199748085,2277052.8537875856
280,2026-09-20T21:43:30.070489Z,-28.09632000117048,98.51598265597198,-27.5877266345452,99.08757612711845,36,0.5085933666252807,0.571593471146457,56553.00209380725,56200.7013264111,79729.02272420289,2269205.2686766447
281,2026-09-20T21:43:41.244026Z,-38.24125727964677,-176.2998892042003,-40.526864222284836,179.9488522516715,17,-2.2856069426380685,-3.751258544128177,-254147.8963249342,-322396.9796065986,410456.28052558843,2262590.5035942565
282,2026-09-20T21:43:58.927503Z,-59.18062842246579,-69.27756099009447,-89.99999896489142,179.8432790798697,41,-30.81937054242563,-110.87915993003583,-3426957.6466964926,-3276103.9629028556,3426957.802816329,2266719.4656482353
283,2026-09-20T21:44:08.803311Z,39.329792136780604,-116.58400115964024,-89.99999999998774,155.75839885807216,31,-129.32979213676833,-87.65759998228759,-14380816.749603985,-8809611.53596778,14380816.749605292,2309525.463118048
284,2026-09-20T21:44:19.981361Z,-2.65503188568711,-69.44180674248067,-89.99999999999999,100.40708734039403,37,-87.34496811431288,169.84889408287472,-9712317.322242342,13041678.03175722,9712317.322242346,2335591.6316360915
285,2026-09-20T21:44:34.209512Z,5.372710419836388,105.04160103266122,5.357044799230378,105.07809965590569,34,-0.0156656206060104,0.0364986232444835,-1741.9375341268142,4040.683504973312,4400.166979892025,2327412.0124618593
286,2026-09-20T21:44:52.655364Z,-40.310701824482,-143.56924093111752,-52.58440224209463,179.99989798517024,36,-12.27370041761263,-36.430861083712216,-1364773.2175937262,-2791162.732933068,3063538.901494757,2329985.882703233
287,2026-09-20T21:45:03.079508Z,-21.42936617898077,97.67270572861514,-20.5827832568574,98.28548623548569,26,0.8465829221233712,0.6127805068705356,94135.72592404444,63609.79176365368,113611.74838129932,2322263.324743923
288,2026-09-20T21:45:18.514469Z,2.3826071384641043,-68.16144558272177,2.328743513444194,-68.15471959171417,29,-0.053863625019910266,0.006725991007613175,-5989.3618328989405,747.2640496291978,6035.798098339573,2314220.8680541813
289,2026-09-20T21:45:33.498508Z,70.99959129895589,120.33490183868076,76.67801252142719,-171.34740913080654,24,5.6784212224713,68.31768903051272,631411.6312896018,2114437.5951716746,2067798.6729677166,2313368.1960988645
290,2026-09-20T21:45:42.369800Z,11.394979838012588,-122.82061459725595,11.280696713800452,-122.77676590448804,14,-0.11428312421213604,0.04384869276790937,-12707.703613479462,4780.602073906183,13577.182284369763,2305437.882258125
291,2026-09-20T21:45:53.592105Z,68.54078000779691,-35.984673482200094,68.45989005309157,-35.89920139997986,18,-0.08088995470534144,0.08547208222023528,-8994.55257974212,3483.198642849956,9645.444830002589,2297548.5611673067
292,2026-09-20T21:46:10.327053Z,66.39618173881932,53.26221945001069,66.6298397399797,52.79527793515493,29,0.2336580011603786,-0.46694151485576185,25981.58429894252,-20692.847748822503,33214.825837764896,2289793.9935805616
293,2026-09-20T21:46:23.254298Z,54.30335860887838,62.04624086295374,54.6936696251127,62.64319367213386,36,0.39031101623431397,0.5969528091801237,43400.60481873772,38547.37412304584,58047.08448668371,2282177.109931777
294,2026-09-20T21:46:38.686653Z,-71.02447013895404,-38.66646316674971,-71.1117394241452,-35.69351600544773,28,-0.08726928519115518,2.972947161301988,-9703.901765153576,107253.61830789021,107680.71470322991,2274780.863689503
295,2026-09-20T21:46:51.163632Z,-6.296299610611691,-103.52501016651091,-5.707243753680701,-102.2086255785832,20,0.5890558569309903,1.3163845879277005,65500.02280098914,145572.9553659073,159629.36847203042,2267610.858620969
296,2026-09-20T21:47:05.792064Z,51.880549924296226,-166.0269206211539,53.39183168782739,-160.74546637829283,24,1.5112817635311657,5.281454242861059,168046.86483510732,356399.4080381603,393901.27231839154,2261280.758667244
297,2026-09-20T21:47:15.262134Z,-30.939322421904734,38.54740974983835,89.99999999613894,-154.9302987612667,17,120.93932241804367,166.52229148889495,13447839.084717005,16111053.47984014,13447839.08556384,2298945.938219085
298,2026-09-20T21:47:32.946638Z,-45.687320622338255,-57.72205344972181,-46.17130210732707,-56.16421909603274,33,-0.4839814849888171,1.5578343536890884,-53816.285720656124,120484.640558178,131954.22287421755,2291674.153939404
299,2026-09-20T21:47:47.126837Z,1.3855212241659538,147.63562442257148,-2.330976621023154,-179.9999993380779,23,-3.7164978451891075,32.36437623935058,-413255.7052704634,3598631.9529725523,3621649.041619014,2296122.2304868274
300,2026-09-20T21:48:02.409444Z,-13.113874780836579,70.48954739909888,89.99999999985918,-179.85908556831905,36,103.11387478069577,109.65136703258207,11465739.742275681,9549625.396961236,11465739.742296604,2326687.62219286
301,2026-09-20T21:48:07.825444Z,-13.66704802277121,2.888845101808073,89.99999999374982,-173.74617747554254,1,103.66704801652104,-176.6350225773506,11527249.799655005,-15442055.195556177,11527249.801043784,2357254.2739498396
302,2026-09-20T21:48:21.702039Z,23.376390148356542,-122.81743381872771,22.969398048966593,-123.30403526680493,25,-0.4069920993899494,-0.4866014480772378,-45255.456636580384,-49742.29701946101,67248.30141104852,2349671.4727162677
303,2026-09-20T21:48:33.677263Z,-46.84870608318234,-75.89825886275374,-46.92202102349757,-75.68608441041377,18,-0.07331494031522823,0.21217445233997978,-8152.249410302004,16124.688705496088,18068.327013675782,2341976.4128294606
304,2026-09-20T21:48:44.856804Z,-31.98935761394933,9.710068738366289,-31.730060668301594,9.51395859857035,17,0.259296945647737,-0.19611013979593395,28832.504850458245,-18521.159619002494,34268.722363634966,2334385.2691108226
305,2026-09-20T21:48:53.026600Z,-9.84528258544678,22.971759362915748,-9.709389074980448,22.889220765015214,8,0.1358935104663317,-0.08253859790053752,15110.668927775328,-9044.566107197395,17610.691336222808,2326789.286888611
306,2026-09-20T21:49:05.952438Z,34.79619083624183,13.899561122302316,35.45595631282512,13.005427045716438,22,0.6597654765832957,-0.8941340765858854,73362.57377129189,-81317.01670861708,109518.48455824489,2319543.3038744596
307,2026-09-20T21:49:19.681283Z,7.269033623771501,-18.071152245889863,7.278605398287813,-18.146966992013486,24,0.009571774516311748,-0.07581474612362626,1064.3327651995414,-8362.372129415557,8429.832236275832,2312015.246963586
308,2026-09-20T21:49:33.611688Z,-39.43555160946208,-76.30408390406761,-38.65696852226129,-76.86326655303687,23,0.7785830872007935,-0.5591826489692551,86574.48926798631,-48289.98526424728,99130.97806903668,2304830.5577788637
309,2026-09-20T21:49:47.790287Z,50.28975934236626,-74.85254277442401,50.18538874338766,-74.77563780354471,21,-0.10437059897859768,0.07690497087929771,-11605.481097273825,5469.551672241199,12829.775532779586,2297413.079519167
310,2026-09-20T21:50:01.620374Z,-8.758074621609284,55.511810797264474,-9.68721839046589,56.28400319365585,28,-0.9291437688566067,0.7721923963913753,-103316.07322025922,84753.91401658944,133631.07521075822,2290433.1375697856
311,2026-09-20T21:50:20.659343Z,4.690522876527751,109.54793908967241,4.031190039919849,108.74403022425939,36,-0.6593328366079021,-0.8039088654130069,-73314.4664009645,-89131.79555482972,115409.6963408225,2283439.493064226
312,2026-09-20T21:50:41.853326Z,10.851652547367802,130.67789237103347,10.738126197059595,129.93435500934575,37,-0.11352635030820757,-0.7435373616877143,-12623.554194745619,-81214.5166452088,82189.69639816432,2276384.2052543988
313,2026-09-20T21:50:51.775420Z,-30.43620106870371,26.246436880250684,-52.97480398030899,26.487873735062436,12,-22.53860291160528,0.24143685481175226,-2506178.297426787,20042.94656749418,2506254.911468298,2277118.61645636
314,2026-09-20T21:51:05.456447Z,-29.714684421820472,163.65935058010047,-29.758107944386094,163.62060491078583,31,-0.04342352256562165,-0.03874566931463619,-4828.47540633264,-3740.987418632914,6108.1224741388,2269886.0989596015
315,2026-09-20T21:51:15.430290Z,52.384565384639636,-43.38301777071857,-89.98349304649797,153.95333969150062,17,-142.3680584311376,-162.6636425377808,-15830605.813778598,-17122451.6776213,15834193.37947556,2312947.3919136208
316,2026-09-20T21:51:32.627037Z,-70.43477248011052,66.56682492677857,-71.53924675389288,60.217186090014486,32,-1.1044742737823583,-6.349638836764086,-122811.93585403162,-230017.97351896318,260575.61096613263,2306452.544505559
317,2026-09-20T21:51:44.053449Z,75.87123573134146,-49.68288541010881,75.82403223900317,-49.39168999790763,19,-0.04720349233828358,0.2911954122011764,-5248.788867922433,7916.81931512376,9498.711227922622,2299206.6333595724
318,2026-09-20T21:52:00.488759Z,19.872251195439418,-71.16660884744039,19.751846931506968,-71.16948989486706,31,-0.12040426393244985,-0.0028810474266833808,-13388.343295660849,-301.3957196764291,13391.735344452403,2292018.5361960027
319,2026-09-20T21:52:12.717894Z,27.218444558919305,9.322662886679353,27.253198423888087,9.286188089530462,31,0.0347538649687813,-0.03647479714888391,3864.453465818536,-3606.1461787735125,5285.6683630881025,2284850.0946040503
320,2026-09-20T21:52:24.693755Z,-47.26301103925061,-24.581355774596233,-56.4477359481796,11.722039584937447,18,-9.184724908928992,36.30339535953368,-1021294.8124988106,2493295.138498401,2655679.450480922,2286008.9363411656
321,2026-09-20T21:52:41.427326Z,39.06116525276697,55.26701333511633,39.11616137630496,55.393728464990545,42,0.05499612353798966,0.12671512987421352,6115.2899225418505,10936.313672340448,12529.951349989467,2278926.4472913486
322,2026-09-20T21:52:56.616248Z,-28.81744698607722,-136.42956756754856,-34.854552682897506,179.94502439487366,27,-6.037105696820287,-43.62540803757781,-671295.5251033795,-4121157.9731262554,4142887.6921623303,2284715.146809581
323,2026-09-20T21:53:10.347851Z,-25.383191367102135,-71.44632840305925,-18.8996232441621,179.9999999998198,32,6.483568122940035,-108.55367159712091,720939.8818253166,-11180487.89237721,10858210.20884396,2311258.475175013
324,2026-09-20T21:53:22.574418Z,-3.565539930015784,90.68638716236472,-3.2531041377166297,91.18121501629821,30,0.3124357922991545,0.4948278539334865,34741.27500583908,54924.96647491468,64990.00315416547,2304325.547792232
325,2026-09-20T21:53:37.905256Z,-37.57904698091677,81.7461511045338,-39.29110738462674,81.66819259687942,41,-1.7120604037099696,-0.07795850765438672,-190372.4310015837,-6790.219975014581,190493.46355475436,2297821.4490715014
326,2026-09-20T21:53:53.040358Z,7.589200419665898,175.9289545857725,7.516106990520363,175.85380341068281,25,-0.07309342914553518,-0.0751511750896725,-8127.618492037035,-8283.933128827413,11605.245385916232,2290808.515931362
327,2026-09-20T21:54:11.377852Z,37.62613909951041,41.68159547970288,37.651658802056836,41.69858029768107,36,0.02551970254642555,0.016984817978197952,2837.661452640748,1495.5558119043576,3207.648608757997,2283812.7946245647
328,2026-09-20T21:54:25.359970Z,10.08421779057428,19.41537696946793,10.165917941127576,19.355532237525583,32,0.08170015055329571,-0.05984473194234852,9084.642247623122,-6550.796871238708,11200.163227743178,2276884.0975776236
329,2026-09-20T21:54:40.093481Z,8.517087181108137,5.559726733944359,8.49523135400042,5.485751857154829,32,-0.021855827107716053,-0.07397487678952075,-2430.2570919986447,-8135.1487956769,8490.39424311564,2269989.2838896764
330,2026-09-20T21:54:55.024292Z,28.452939105757036,81.4888874669951,28.651043520403707,81.95658726440863,40,0.1981044146466715,0.4676997974135304,22028.205854599884,45681.08977925222,50714.86216182178,2263264.209884441
331,2026-09-20T21:55:09.405015Z,49.573775825438815,16.810404865131886,49.56315223694468,16.741788795102607,30,-0.01062358849413414,-0.06861607002929304,-1181.2891433072239,-4948.195873413893,5087.247230697258,2256441.9229882057
332,2026-09-20T21:55:23.984350Z,27.384822275973864,39.35540102484856,27.436078206604357,39.363344495383735,32,0.05125593063049294,0.007943470535167307,5699.399446556254,784.1097603839298,5753.08457207478,2249662.7397399647
333,2026-09-20T21:55:39.225963Z,4.550866773287849,-37.34563388637687,4.7244646894302615,-36.34355282598343,37,0.1735979161424126,1.0020810603934365,19303.207551103827,111061.51362614601,112726.49179668773,2243245.513770165
334,2026-09-20T21:55:54.959849Z,35.48582361274762,100.73146619090585,35.46378320202386,100.74953053716587,32,-0.022040410723761283,0.018064346260018738,-2450.7818536445816,1635.7970527809557,2946.5511367199138,2236538.031846113
335,2026-09-20T21:56:11.594039Z,13.56234084082484,153.4347039210062,13.503102961568551,153.40731663986148,42,-0.05923787925628865,-0.027387281144712006,-6586.951638482244,-2960.7776069387314,7221.781982290007,2229883.356473385
336,2026-09-20T21:56:28.277161Z,-87.32292029924339,43.01153904152238,-87.18096209540153,48.63891824733672,31,0.14195820384186675,5.62737920581435,15785.032062789689,30000.46737430749,33880.29181613176,2223347.633066667
337,2026-09-20T21:56:41.207490Z,-15.103732234207886,173.44208834048675,-15.203329782562735,173.49603962365487,23,-0.0995975483548488,0.053951283168117925,-11074.742083295305,5790.512889257021,12497.197336279716,2216787.246017022
338,2026-09-20T21:56:51.082399Z,-3.323151119380435,-124.23155855824382,-10.90599947630653,179.9999999999998,16,-7.582848356926094,-55.76844144175641,-843174.2668052099,-6153421.635717793,6202104.516557446,2228578.125515662
339,2026-09-20T21:57:01.756330Z,71.90857818630725,-135.67052230080492,70.15040087078779,157.14795312023892,12,-1.758177315519461,-67.18152457895616,-195500.39762731368,-2428438.0751938685,2310108.6895317286,2228818.628654353
340,2026-09-20T21:57:14.981996Z,-6.948091377374379,103.35161617076949,-6.898814317415302,103.40709158688209,29,0.04927705995907683,0.05547541611258566,5479.35906740907,6123.604018028219,8217.171015805043,2222287.4478965923
341,2026-09-20T21:57:30.219748Z,31.383537202475953,-57.29967388093361,31.267343909731572,-57.312307825107226,26,-0.11619329274438073,-0.012633944173614964,-12920.104663301154,-1200.0456405193906,12975.71628105379,2215808.5278625293
342,2026-09-20T21:57:48.655468Z,1.2118444195324585,123.25366674120107,9.841502127554323,-179.99999998568762,35,8.629657708021865,56.746333273111304,959574.1558111421,6280572.591050627,6344698.891219272,2227881.3067027535
343,2026-09-20T21:57:55.271082Z,5.2738895334978295,48.851797819867585,89.99999957516445,-166.0583762984898,7,84.72611004166663,145.08982588164258,9421113.590961933,10871006.45604648,9421113.676940301,2248852.829648053
344,2026-09-20T21:58:10.903872Z,53.426552595713474,-178.37284243477652,53.3841187443286,-176.5844470441212,27,-0.04243385138487099,1.7883953906553245,-4718.428991986837,118550.705535986,118641.45006569588,2242660.3547074064
345,2026-09-20T21:58:24.082562Z,4.133631575344393,-172.78363050477148,4.002146421886198,-172.77448736983925,24,-0.13148515345819511,0.009143134932230623,-14620.481993632553,1014.1089172554886,14655.610194188419,2236202.3699407014
346,2026-09-20T21:58:34.005916Z,70.01885408652538,-159.67271468003855,70.1636792913027,-160.0051526216577,12,0.14482520477731953,-0.3324379416191334,16103.828021497242,-12587.56835537957,20439.6122079329,2229798.4313345375
347,2026-09-20T21:58:46.633121Z,48.703429527108845,-91.17639511642828,48.597882783080024,-90.97285640989317,21,-0.10554674402882114,0.20353870653511308,-11736.262459856784,14952.106593100812,19008.022187702772,2223427.2774176877
348,2026-09-20T21:58:59.061254Z,39.27282005895845,123.97305675113603,52.97606973079898,-179.66071237300204,18,13.703249671840531,56.3662308758619,1523731.8420523815,4344065.092294701,4472177.687934959,2229889.2038846915
349,2026-09-20T21:59:07.231054Z,1.8135968996132763,83.22831500367141,89.99999999999244,-179.57971833960949,21,88.18640310037917,97.1919666567191,9805880.623794148,7519985.144450522,9805880.623795096,2251596.9156895922
350,2026-09-20T21:59:15.501259Z,3.410356535450589,-13.47830420157291,89.99999999420102,-163.4557692697104,22,86.58964345875043,-149.9774650681375,9628329.052574249,-11436112.763512332,9628329.053777367,2272673.2932269857
351,2026-09-20T21:59:26.976986Z,-35.63838045387378,176.40394679690132,-35.71054397336025,176.46465860285613,17,-0.07216351948647315,0.06071180595480996,-8024.217255711567,5484.005179431998,9719.1750830735,2266226.130497231
352,2026-09-20T21:59:46.714848Z,-71.23794472069754,-47.43239049198061,-25.109276993473543,179.84383535849392,37,46.128667727224,-132.72377414952547,5129273.824139897,-9841892.567514742,8697378.534727992,2284496.449827432
353,2026-09-20T22:00:06.403923Z,-58.29290909574246,-132.89545391707625,-76.35937769493448,179.8892800353551,39,-18.06646859919202,-47.21526604756866,-2008899.6506133804,-2023834.3534814517,2709188.930605818,2285699.54467383
354,2026-09-20T22:00:15.379733Z,-40.1431340261281,20.553392353037765,-89.9999999892757,-85.28017258359135,15,-49.85686596314759,-105.83356493662912,-5543830.553499794,-4960111.390096453,5543830.555017646,2294903.3045900553
355,2026-09-20T22:00:31.062307Z,14.424891574609111,-72.9472933172526,14.321708260500309,-72.95530855370491,29,-0.10318331410880255,-0.008015236452308727,-11473.461043270763,-863.3564518408026,11505.898158473834,2288471.199219825
356,2026-09-20T22:00:41.485615Z,-24.886783573576682,30.56666680434546,-24.85673712756559,30.512142158870624,18,0.030046446011091632,-0.05452464547482805,3341.0123601330283,-5500.541944044436,6435.706932763276,2282060.987162839
357,2026-09-20T22:00:58.474542Z,84.12617090550424,-175.98319727304064,87.1631503444869,125.44815867951802,29,3.036979438982655,-58.56864404744135,337696.7059387095,-494573.88985208404,557641.675046306,2277230.6809664345
358,2026-09-20T22:01:06.891980Z,28.199889108250396,-94.44678715325844,89.9997827054432,113.78308097514315,9,61.7998935971928,-151.77013187159844,6871834.635181388,-8666598.912272032,6871880.085384335,2290064.8971798923
359,2026-09-20T22:01:23.627489Z,23.443559370321918,54.640620645272065,25.377366052631736,54.81114836836225,29,1.9338066823098181,0.17052772309017428,215029.49218419773,17266.786821174686,215721.5302318414,2284286.781951625
360,2026-09-20T22:01:31.496606Z,35.448170636196814,-151.09707186375604,37.81300073000709,179.99999999486113,14,2.3648300938102764,-28.90292814138286,262957.1088080786,-2579118.881642147,2582168.063648164,2285114.2299563373
361,2026-09-20T22:01:45.198660Z,55.046405972511224,104.74680035365543,54.97737460833902,104.71055289344743,25,-0.06903136417220423,-0.036247460208016946,-7675.937475302069,-2311.1339266142154,8016.31782234101,2278806.4795072125
362,2026-09-20T22:02:00.129687Z,-43.46518749464481,-127.65510247358927,-66.72873984586897,179.99999936561258,37,-23.263552351224163,-52.34489816079815,-2586788.9971862226,-3330420.6537898583,4023473.796620026,2283626.0024826624
363,2026-09-20T22:02:08.858446Z,-3.235772745961166,16.237854122856447,89.99999999999999,142.4685092004256,9,93.23577274596116,126.23065507756917,10367344.9111359,10201363.68453889,10367344.9111359,2305895.2005781257
364,2026-09-20T22:02:24.291514Z,-24.414805821668946,128.66831400911707,-89.997227762314,118.98258127874787,26,-65.58242194064505,-9.685732730369182,-7292432.596862526,-583327.0230434204,7292436.991065546,2319594.491211333
365,2026-09-20T22:02:37.270431Z,7.120772585279777,-32.55093602905987,-89.99999999999999,139.16094407451516,29,-97.12077258527977,171.71188010357503,-10799337.183283055,14313504.713593958,10799337.183283057,2342826.6629704335
366,2026-09-20T22:02:55.758243Z,-37.11941917671982,-102.69452933895207,-37.15241837655149,-102.21552252918333,35,-0.03299919983166433,0.4790068097687481,-3669.3436046110496,42461.66426827896,42619.8668688214,2336541.944948298
367,2026-09-20T22:03:14.998299Z,-38.03646001620837,133.538829280468,-33.8217795431511,-179.99998744645686,40,4.214680473057271,46.46118327307511,468651.08603185735,4183335.7335468316,4166207.3358727167,2341527.4092287463
368,2026-09-20T22:03:29.038181Z,-8.74350565096987,-46.78083510449255,-8.630334040973185,-45.701096829720605,26,0.11317160999668552,1.0797382747719553,12584.108871828057,118684.12081016593,119349.34402190459,2335488.8818776407
369,2026-09-20T22:03:43.418603Z,15.649500918626012,-146.5334013104643,15.716132061268624,-146.4783106530908,26,0.06663114264261161,0.05509065737351193,7409.045018388328,5897.75552285048,9469.818543605552,2329185.3071802584
370,2026-09-20T22:03:59.652086Z,27.623408777132735,-69.59278916390366,27.488926504142075,-69.70396233929507,27,-0.13448227299065962,-0.11117317539140004,-14953.746480189919,-10959.532118612555,18539.842766344147,2322940.319438599
371,2026-09-20T22:04:14.732218Z,-1.9384860834991668,54.846055282061286,-2.418169722248796,55.107300326921425,27,-0.47968363874962927,0.26124504486014644,-53338.38702336004,29028.131688787787,60725.70307821766,2316842.705917412
372,2026-09-20T22:04:26.907472Z,-33.045653145120575,-93.52033877567088,-32.55189057082217,-94.23070731102311,19,0.4937625742984082,-0.7103685353522451,54903.89322893998,-66396.74966401873,86156.18382543782,2310846.2367720036
373,2026-09-20T22:04:42.338836Z,-12.155778710868715,-60.36956526043679,-12.428623289511012,-59.283452503180825,28,-0.2728445786422977,1.086112757255961,-30338.932907495833,118001.51807279223,121839.07483289776,2304977.58486332
374,2026-09-20T22:04:53.261572Z,-20.131487764763975,175.94297709914377,-19.305263950634,-178.3380455460828,17,0.8262238141299747,5.718977354773415,91871.89640417007,598632.3600192457,605606.0140041937,2300433.8106096857
375,2026-09-20T22:05:05.487648Z,17.764994681692606,93.83895996672254,9.227420746000446,-179.99999999370854,26,-8.53757393569216,86.16104003956889,-949334.9075017864,9316103.850483386,9293383.635661941,2319081.6768098255
376,2026-09-20T22:05:13.005006Z,-4.882750199693494,85.16889035929859,11.264735598604082,-179.99999999918404,26,16.147485798297577,94.8311096415174,1795518.498835753,10528388.952205004,10638818.375381634,2341208.6361145373
377,2026-09-20T22:05:25.731992Z,-7.2887277297784285,-63.19304139439235,-6.154043272841853,-63.479160542039104,21,1.1346844569365757,-0.28611914764675817,126171.15495378351,-31596.33421513732,130067.1159881964,2335343.539244176
378,2026-09-20T22:05:39.769605Z,13.957241954242942,7.129485675174749,14.071555431116527,7.108969394621002,24,0.11431347687358517,-0.020516280553749766,12711.078675442765,-2213.40299969161,12902.351413614835,2329199.514937746
379,2026-09-20T22:05:57.955038Z,-39.595665610377125,142.2691852935282,-39.88221497313036,143.53036276163527,37,-0.2865493627532345,1.2611774681070642,-31862.83537139096,107837.02266599557,112444.64122767851,2323350.5574873234
380,2026-09-20T22:06:14.638621Z,-28.967506960754722,-60.924734557399674,-29.748623981329413,-58.88974429373134,32,-0.7811170205746905,2.034990263668334,-86856.24980361898,197220.02550293267,215493.82679450905,2317803.5660907635
381,2026-09-20T22:06:31.822465Z,0.043382975773739126,150.19852825086423,0.6830822137411688,-179.99989469005322,29,0.6396992379674297,29.801577059082547,71131.30984036847,3313717.5837324285,3314462.1077807816,2320419.4677749895
382,2026-09-20T22:06:45.804652Z,12.058865655102856,-74.42268601914012,11.959365219023663,-74.50384667414767,25,-0.09950043607919312,-0.08116065500755099,-11063.943690927485,-8827.14413221559,14153.773373987977,2314382.1230252483
383,2026-09-20T22:06:59.082243Z,72.90052015274287,70.53467823524574,73.17967887014159,71.05836129786665,27,0.27915871739871534,0.5236830626209326,31041.033103339258,16986.090038270653,35384.34924226795,2308431.7371929167
384,2026-09-20T22:07:14.564895Z,22.192416185931286,16.007248131354572,22.50149489835393,16.01130509202281,26,0.30907871242264306,0.004056960668236798,34367.984755230456,417.2341171318727,34370.51730492367,2302509.702766125
385,2026-09-20T22:07:26.989097Z,22.264176029411008,-79.2859558761617,21.696551596335585,-80.65941585809351,18,-0.567624433075423,-1.3734599819318305,-63116.95719748089,-141620.76912945294,155047.77897154898,2296931.879587438
386,2026-09-20T22:07:37.662799Z,-32.82796148926895,170.46740158717154,-29.926208372163167,-179.99907252936737,15,2.901753117105784,9.533525883461095,322660.22499719734,905052.7038018493,960388.5370126291,2293469.3320678137
387,2026-09-20T22:07:47.784042Z,-44.398324294490266,44.30517716267113,-42.13921766867042,-179.99999926853542,18,2.2591066258198467,135.69482356879348,251201.19554027444,10986693.080090443,9431666.153366486,2311914.2850944255
388,2026-09-20T22:08:03.466459Z,46.75047743440238,-14.188080675400784,46.718015293633336,-14.161929988046882,33,-0.032462140769041525,0.02615068735389059,-3609.625361538912,1992.973648316078,4123.267964968013,2305966.3701018235
389,2026-09-20T22:08:17.698366Z,-68.84125353832849,99.24129531665523,-68.92891057162853,99.2066573093171,25,-0.08765703330004726,-0.03463800733811695,-9747.017387678397,-1387.4886930360797,9845.276270806693,2300063.7451819493
390,2026-09-20T22:08:31.378630Z,27.18953327686387,9.183415300383018,27.21857469363853,9.12531793982867,30,0.029041416774660433,-0.058097360554342004,3229.2582079124245,-5745.5379988127015,6590.850750173954,2294183.045452637
391,2026-09-20T22:08:48.564581Z,-0.3967251343927249,127.26669509973567,-0.428563120106244,127.28171410966533,31,-0.03183798571351909,0.015019009929659433,-3540.2224859252638,1669.9943961764523,3914.3398500050553,2288325.5807324257
392,2026-09-20T22:08:55.935463Z,-2.4147911347534765,42.88989403452268,-2.3514141714212617,42.98831089952151,8,0.06337696333221476,0.09841686499882485,7047.19678868051,10933.991487090925,13008.271988019136,2282521.1998427715
393,2026-09-20T22:09:06.159827Z,-41.57294868584002,-43.62712085086983,-48.92428558188132,-24.22661004932977,19,-7.351336896041303,19.400510801540065,-817431.3668947509,1518764.5566656794,1717806.4890331663,2281084.266736386
394,2026-09-20T22:09:16.680658Z,46.201302099849315,89.02561652084603,46.103431231837476,89.07439584173396,18,-0.09787086801183875,0.04877932088794523,-10882.7439892157,3757.4469136255457,11513.145052730317,2275323.9339402346
395,2026-09-20T22:09:38.874120Z,-47.412245986830214,-150.09859912415584,-59.96202183902843,179.62853964503424,39,-12.549775852198216,-30.272861230809895,-1395471.4052908353,-1993437.1520460208,2399427.95740885,2275638.121341421
396,2026-09-20T22:09:49.347803Z,-14.397792969835335,82.88435151047253,-12.756963118186588,84.21872130495535,19,1.6408298516487463,1.334369794482825,182451.95499028455,144228.624626516,232570.18234990607,2270478.85886922
397,2026-09-20T22:10:01.324266Z,61.63609052513817,69.46646730043304,62.085798483947556,70.45585651332638,26,0.44970795880938397,0.989389212893343,50005.24349128369,51884.540736516494,72057.74881678648,2264941.2742091385
398,2026-09-20T22:10:18.009018Z,-21.463651425456327,-148.34007582629744,-22.86563195447519,179.99999985133667,32,-1.4019805290188643,-31.659924322365896,-155893.12208135225,-3260276.312980119,3257826.688148176,2267435.9611788346
399,2026-09-20T22:10:27.880395Z,25.30566823285932,103.8991559255042,25.2572191277697,104.04243778183123,13,-0.04844910508961675,0.14328185632700752,-5387.294686434451,14406.242403594913,15380.595692660747,2261791.712142528
400,2026-09-20T22:10:40.308656Z,10.376781950035506,128.46047561159793,10.310570552871893,128.48819339659684,26,-0.06621139716361313,0.027717784998912975,-7362.371450641706,3031.9885467482154,7962.252620569832,2256157.1384937232
401,2026-09-20T22:10:53.938475Z,24.73527206360642,128.93937020050663,24.630717907319855,128.99802771030775,21,-0.10455415628656439,0.05865750980112239,-11625.891738668257,5926.47828623958,13049.30983381781,2250563.3533848454
402,2026-09-20T22:10:59.655201Z,-12.802729152103234,-6.517662792217465,-14.022898117598663,51.314606903313035,1,-1.2201689654954286,57.8322696955305,-135676.59861223132,6255252.60669218,6240787.617469043,2260489.2843900304
403,2026-09-20T22:11:14.835827Z,-56.008476226162365,15.666164722301943,-54.75431750577986,13.52291362552331,25,1.254158720382506,-2.1432510967786413,139456.0869135664,-135391.4399726138,194350.34142282867,2255362.388749913
404,2026-09-20T22:11:28.015496Z,39.87518888421263,-40.50046770770331,39.81511671114428,-40.540512178951445,27,-0.060072173068355994,-0.04004447124813737,-6679.720877715081,-3418.7211073561357,7503.753828006064,2249798.382227829
405,2026-09-20T22:11:46.402468Z,-57.4096296414288,87.93251224931964,-57.4894688476518,88.01009718879035,35,-0.07983920622299934,0.07758493947071088,-8877.714679326209,4641.716409738957,10017.94977331827,2244268.060172386
406,2026-09-20T22:12:01.887641Z,-6.575195613514157,-13.770836366106778,-6.571454512053212,-13.829317294009929,38,0.003741101460944307,-0.05848092790316173,415.99150251955376,-6460.034293310514,6473.414241188442,2238756.250699649
407,2026-09-20T22:12:18.324128Z,5.6223307166483085,175.50753383911854,4.569079983664007,-179.6168549273328,29,-1.053250732984302,4.875611233548625,-117116.13799251718,540000.5347226035,552545.8981610488,2234613.2277204385
408,2026-09-20T22:12:31.251483Z,-23.894759995391187,-144.2158804973211,-23.948977962123713,-144.22369780480787,35,-0.054217966732526435,-0.007817307486760683,-6028.762833640403,-794.5761425590108,6080.898985801612,2229151.1386794224
409,2026-09-20T22:12:40.623510Z,17.80827561165388,-155.26343863543198,17.827156343438087,-155.34397010749586,18,0.018880731784207683,-0.08053147206388189,2099.441585740562,-8525.177806918287,8779.880957605661,2223722.3580981954
410,2026-09-20T22:12:59.815472Z,-53.27350828198208,140.30699310154517,-49.03272513506622,-179.99757872381727,37,4.2407831469158594,39.69542817463753,471553.57093678997,2768599.37012838,2771351.753213772,2225058.0395496967
411,2026-09-20T22:13:14.047886Z,11.117478971879372,61.215363825116384,89.99999999999999,-177.07322014901445,43,78.8825210281206,121.7114160258692,8771336.139259733,8597776.119956782,8771336.139259737,2240985.7234905967
412,2026-09-20T22:13:19.013726Z,5.521789827800199,-9.529643758610689,89.999999991,-177.07322014901445,0,84.47821016319979,-167.54357639040376,9393548.382160617,-12523568.24962774,9393548.384138573,2258346.3124727523
413,2026-09-20T22:13:29.934807Z,-26.634520384274566,-140.133102462523,-26.563393453541313,-140.38525430539684,13,0.0711269307332536,-0.2521518428738432,7908.953845336744,-25070.530112697656,26288.45157585382,2252941.8140202174
414,2026-09-20T22:13:40.158153Z,35.327778439071125,121.10887382427586,-89.99978577864483,-71.53598917578337,12,-125.32756421771596,167.35513699994078,-13935789.309730152,16530949.038453517,13935836.372637939,2281161.3660941734
415,2026-09-20T22:14:00.347890Z,55.989427781555904,-6.323782846471147,55.98312056109461,-6.392247839551585,42,-0.00630722046129506,-0.06846499308042553,-701.3309165247641,-4258.62499079402,4315.987748479121,2275674.991688521
416,2026-09-20T22:14:13.527595Z,2.020631876348761,-99.17308075281218,1.8896543959142733,-99.25244949239614,19,-0.13097748043448765,-0.07936873958396973,-14564.031329001982,-8820.26341170664,17026.685560970847,2270245.5486449455
417,2026-09-20T22:14:24.702857Z,-15.013444333034684,48.67867512405809,-15.127660900205653,48.56588948893987,19,-0.11421656717096873,-0.11278563511822881,-12700.302808169185,-12109.853619199737,17548.395475638376,2264843.397198496
418,2026-09-20T22:14:29.666346Z,-5.194151464043022,2.6625347373436057,-15.127660900205653,48.56588948893987,0,-9.93350943616263,45.903354751596254,-1104555.8530771357,5024166.6297381865,5132959.947356413,2271704.920045764
419,2026-09-20T22:14:46.348326Z,-54.924676829085854,31.543281209360686,-54.9184531793991,31.977183021090646,30,0.006223649686752708,0.4339018117299531,692.0382703798983,27727.810335312275,27736.40057335891,2266349.3865864025
420,2026-09-20T22:15:04.035689Z,83.18426543294738,-31.64965668989541,83.07332898222141,-34.97418844923926,33,-0.11093645072597269,-3.3245317593438415,-12335.570500682239,-44226.654319361514,45907.46733633969,2261062.6201119977
421,2026-09-20T22:15:19.422489Z,32.80220326226262,-167.4340796651044,32.775211473398734,-167.54781030100668,34,-0.026991788863888644,-0.11373063590227162,-3001.349982725515,-10631.381983086498,11046.916719741488,2255718.1647595223
422,2026-09-20T22:15:27.542221Z,22.98356391548793,-158.1781035044607,23.06538626467067,-158.3033526351156,9,0.08182234918274034,-0.1252491306549075,9098.230115260281,-12817.607869988276,15718.422620648831,2250410.1084985295
423,2026-09-20T22:15:36.917788Z,44.38443095942541,144.6829417932912,66.62267724299889,-179.99999999954497,22,22.23824628357348,35.317058207163825,2472780.164205584,2224120.539142377,3240226.266728656,2252750.0994163314
424,2026-09-20T22:15:43.937607Z,47.34201600347341,29.067032737334017,89.99999999999999,-179.99999999999997,34,42.657983996526575,150.932967262666,4743351.401298533,6104349.62436662,4743351.401298537,2258624.159090582
425,2026-09-20T22:15:48.901466Z,-8.297295913822776,24.477411251652654,89.999999991,-179.999999982,0,98.29729590482278,155.52258876634733,10930160.607495252,13080827.041166423,10930160.609406818,2279027.7742677964
426,2026-09-20T22:15:53.865000Z,-4.351904775531274,13.344812073936424,89.999999991,-179.999999982,0,94.35190476653128,166.65518794406358,10491453.129288837,13591617.517588805,10491453.131263323,2298305.7680635606
427,2026-09-20T22:16:14.049874Z,24.495115701414722,168.934043018382,26.132885662106503,-179.99999996903426,40,1.6377699606917808,11.065957012583738,182111.7106397844,1112325.4091380276,1126759.2705595647,2295562.099451139
428,2026-09-20T22:16:27.778867Z,-52.05546455886472,130.03034289796062,-32.82302099659394,-179.99999999999625,24,19.23244356227078,49.96965710204313,2138550.151102315,4100565.721971616,4509163.981338164,2300734.0664648935
429,2026-09-20T22:16:39.703847Z,4.524234557142217,-133.39255728425792,4.387786708786165,-133.51000718999612,20,-0.13644784835605162,-0.11744990573819791,-15172.308488759034,-13020.357401354371,19993.213093367805,2295417.6542192725
430,2026-09-20T22:16:56.840468Z,-9.380328677785394,138.78969972721507,-4.238633431669178,-179.99976901876337,29,5.141695246116217,41.21053125402159,571730.4257205691,4550077.28489183,4582819.31030368,2300737.1929543526
431,2026-09-20T22:17:13.275044Z,-52.449416027863215,167.8195237989343,-50.25553824785896,-179.98925963116898,32,2.1938777800042573,12.19121656989671,243948.07881470074,846610.5074938141,879835.9005975062,2297440.4382157056
432,2026-09-20T22:17:20.391852Z,38.39716759652113,-147.53781616491713,-66.11157693318133,-179.97722959971063,7,-104.50874452970245,-32.439413434793494,-11620842.181695193,-3502115.919210276,11949081.893968157,2319782.200844762
433,2026-09-20T22:17:33.569523Z,-29.00820048170429,-164.16155289170356,-29.042582675087115,-164.22691337546917,22,-0.03438219338282522,-0.06536048376560188,-3823.125471082283,-6354.958936315657,7416.319038953469,2314441.8639352797
434,2026-09-20T22:17:44.493057Z,-32.332290914938056,29.29539515495472,-34.66863336981607,27.76142231799051,16,-2.3363424548780145,-1.5339728369642103,-259789.42788672907,-142235.14287546577,296166.38280548796,2309791.4596008793
435,2026-09-20T22:17:57.972626Z,73.53636605531335,53.79161900659915,73.92110576236338,54.45127774723308,27,0.3847397070500307,0.6596587406339154,42781.10350267718,20551.789107562843,47460.90050451322,2304590.6996949106
436,2026-09-20T22:18:12.853198Z,-64.75086444912229,87.22749310001541,-64.77498301803446,87.31177843801994,28,-0.024118568912172123,0.08428533800451987,-2681.862500960714,3995.933622039835,4812.4698659051155,2299315.9789842935
437,2026-09-20T22:18:30.540462Z,-82.4834307462494,125.19915423061155,-83.05474730827223,115.6819510861888,29,-0.5713165620228295,-9.517203144422751,-63527.50320495002,-133202.1481650349,147346.38867010668,2294391.563445817
438,2026-09-20T22:18:44.222444Z,-41.676943715136225,-148.64878719754435,-67.60671723147198,179.99958136664003,23,-25.92977351633575,-31.351631435815648,-2883259.2640589755,-2017381.462405794,3439398.071578565,2297005.7335557095
439,2026-09-20T22:18:53.091002Z,-17.88767014305528,41.1354871839992,19.469978679079315,-5.4202742594151205,10,37.35764882213459,-46.555761443414326,4153981.020390442,-5176270.965582944,6563692.333651918,2306724.837428366
440,2026-09-20T22:19:09.274457Z,78.30442838278965,137.0116485715982,79.6506146245756,-179.68716648739772,29,1.3461862417859436,43.30118494100407,149689.0804053022,920575.1170299959,910300.7815685518,2303551.1463923207
441,2026-09-20T22:19:29.467264Z,-60.36124580855594,-105.38201944944754,-60.35475037871735,-105.30515204399288,39,0.006495429838594191,0.07686740545466364,722.2588444273591,4227.29918990765,4288.556174077489,2298337.3990222113
442,2026-09-20T22:19:44.900481Z,3.5449557951126085,-97.80207945895397,3.452002962596261,-97.80195376930982,27,-0.09295283251634734,0.00012568964416459494,-10335.883393059195,13.950005250271373,10335.89280698674,2293160.925026249
443,2026-09-20T22:19:58.332307Z,54.19708961691595,-13.379637326662362,54.1488867482268,-13.286114020358774,26,-0.04820286868915247,0.09352330630358097,-5359.914447947605,6087.136134025781,8110.603493591536,2288002.7978896066
444,2026-09-20T22:20:12.263730Z,2.356858340836341,153.97779817196448,2.2731569782047667,153.99285360765606,23,-0.08370136263157413,0.015055435691579078,-9307.166877867496,1672.7217586668028,9456.286420911712,2282870.9363772897
445,2026-09-20T22:20:24.939997Z,-31.717335608244465,-168.86789180804016,-35.40487393353394,179.8609765808774,20,-3.687538325289477,-11.27113161108241,-410035.5535795624,-1044364.6548232591,1121104.3901027082,2280260.225037347
446,2026-09-20T22:20:34.617993Z,-32.526823706916815,1.491526043149804,-87.00090484677546,121.05854009302547,11,-54.47408113985864,119.56701404987564,-6057241.456376322,6695019.34685791,6559366.50241683,2289854.633731023
447,2026-09-20T22:20:48.098502Z,71.90697364877374,64.34852914411579,72.31634034355434,65.48361443627363,24,0.4093666947806014,1.1350852921578394,45519.49959685444,38768.80183336256,59789.71322107246,2284865.6741773095
448,2026-09-20T22:20:57.821648Z,38.6672352973332,135.42634350535866,38.63223914715781,135.33039569865107,12,-0.03499615017538815,-0.09594780670758496,-3891.3943515942465,-8332.189889002713,9196.103833574012,2279786.0546006495
449,2026-09-20T22:21:06.794312Z,8.572861091331308,-11.835209567328405,8.619370384802448,-11.892615971202822,16,0.0465092934711393,-0.05740640387440976,5171.597475813589,-6311.594161162931,8159.75728163807,2274726.7532703173
450,2026-09-20T22:21:23.324592Z,-32.68132951307594,-8.435954020970769,-27.538463417539642,-10.845372267281173,26,5.142866095536295,-2.409418246310395,571860.6182359465,-231763.90520771372,616980.228112794,2271042.872103301
451,2026-09-20T22:21:39.061284Z,16.65150796234941,-40.640682510307215,16.597348585208366,-40.69532641066134,34,-0.05415937714104402,-0.054643900354108155,-6022.247968313381,-5822.146637969755,8376.44666052123,2266025.8733772635
452,2026-09-20T22:21:50.936126Z,48.31971338528194,-15.265336962167169,48.29547053199875,-15.170813601308971,22,-0.02424285328319087,0.09452336085820434,-2695.6822924792086,6990.875835376708,7492.598901638088,2261029.118345238
453,2026-09-20T22:22:07.621519Z,-75.4036209410639,-104.41770729037938,-75.34152048862293,-104.20000188226209,28,0.06210045244097273,0.21770540811729688,6905.255253767872,6113.242785391972,9222.47692270502,2256058.242757109
454,2026-09-20T22:22:13.538286Z,22.82467661543319,-100.24965916565434,-28.97872162861116,-103.19648484227145,1,-51.80339824404435,-2.9468256766170953,-5760275.067685374,-327199.6527287606,5768913.733852347,2263795.8099181117
455,2026-09-20T22:22:24.922551Z,-46.306525969122774,-81.74573394911631,-46.362953275259486,-81.83553562349663,28,-0.05642730613671176,-0.08980167438031117,-6274.430166621724,-6894.421410534052,9322.097345353572,2258840.922637732
456,2026-09-20T22:22:38.650097Z,52.524081386172725,42.14092725862301,52.535474711387714,42.09535088457313,28,0.011393325214989147,-0.04557637404988668,1266.8799615183198,-3083.028625445144,3333.1741381529,2253894.633715584
457,2026-09-20T22:22:45.367321Z,-40.85752090640449,107.446633056954,38.21240489761638,134.0015485513224,1,79.06992580402087,26.5549154943684,8792174.599568803,2951985.260766475,9196756.899812477,2269086.892503542
458,2026-09-20T22:23:01.499842Z,-33.90688953424712,-133.25591033468388,-47.68597844396569,179.95645407260122,31,-13.779088909718567,-46.78763559271488,-1532164.7805450088,-3938514.461052002,4151902.3072742997,2273197.8431908144
459,2026-09-20T22:23:13.376249Z,41.7841144665093,134.91445672047843,41.74763231234621,134.83876924444112,23,-0.036482154163088865,-0.0756874760373023,-4056.630456000149,-6277.313310441283,7474.015386332254,2268261.625701044
460,2026-09-20T22:23:27.357097Z,-36.02494908958444,141.73444836329787,-36.098515253599736,141.7587301054304,25,-0.07356616401529692,0.02428174213252987,-8180.184211202517,2182.6399976622997,8466.364589851173,2263349.027307324
461,2026-09-20T22:23:32.774368Z,25.87068396617292,-85.85606439365527,71.79174155165954,174.73678776120963,1,45.92105758548662,-99.40714784513511,5106188.629658742,-7276338.56938181,7602900.927746978,2274931.5693907076
462,2026-09-20T22:23:44.146622Z,26.977573623000218,30.09482660320208,26.993680162432174,30.02144077530136,19,0.016106539431955724,-0.07338582790072223,1790.9654706340095,-7271.659733165178,7488.964580261984,2270023.684964711
463,2026-09-20T22:23:59.828452Z,-37.47580918410196,119.73170336746995,-37.511274193175886,119.81806482469115,27,-0.035465009073924136,0.08636145722118727,-3943.5290824236045,7619.196035881472,8579.251754043855,2265139.3557353145
464,2026-09-20T22:24:18.518040Z,-5.818682302370012,154.5558883886348,-5.91284141621502,154.4933126223241,34,-0.09415911384500841,-0.06257576631068673,-10470.015756912366,-6921.675545293894,12551.127882808942,2260284.639727012
465,2026-09-20T22:24:31.446511Z,31.45044248789997,1.0532204527646343,31.502314561970106,1.061200084053783,28,0.051872074070136165,0.007979631289146027,5767.911471129908,756.7340112287717,5817.340373331851,2255436.3229542077
466,2026-09-20T22:24:38.864533Z,-7.313588352016894,24.71883821559601,-7.252863306233312,24.748463922956493,7,0.060725045783581955,0.029625707360480646,6752.317011392867,3267.649204962603,7501.420885188472,2250612.428314575
467,2026-09-20T22:24:55.345492Z,-76.6558817775857,-151.14933722270052,-89.99999999999999,46.15576091711201,37,-13.34411822241428,-162.69490186018743,-1483798.2468776754,-2101910.3406134113,1483798.2468776784,2248970.427926059
468,2026-09-20T22:25:11.579362Z,-18.926578403810804,-19.832009347956074,-19.084165563462044,-19.84508085079609,27,-0.15758715965123926,-0.013071502840006133,-17522.892657543918,-1374.2525037213613,17576.698649537608,2244202.492607092
469,2026-09-20T22:25:29.013571Z,-7.597866038914059,138.12448184466564,-7.621915959124908,138.23345153390443,32,-0.02404992021084862,0.10896968923879058,-2674.229113652803,12010.159561337243,12304.2850685163,2239443.6478148988
470,2026-09-20T22:25:44.945344Z,-46.902807276355375,115.92663168641758,-46.61044950206259,115.24576858223686,31,0.29235777429278187,-0.6808631041807303,32508.70126645234,-51867.8123402571,61213.096482394605,2234809.1147269574
471,2026-09-20T22:25:54.219893Z,-33.19116998319207,6.889995120600759,-33.21076658361339,6.742414943524993,11,-0.019596600421323274,-0.14758017707575277,-2179.04254633177,-13731.290237214424,13903.111973265266,2230093.8153580534
472,2026-09-20T22:26:10.851520Z,38.50529189794198,-161.05226115721035,38.520444201109925,-161.04891656087003,33,0.01515230316794458,0.0033445963403266887,1684.8592392557127,291.0016488582329,1709.804846847231,2225372.6627934114
473,2026-09-20T22:26:29.539692Z,46.65509537619748,-28.946868388921473,46.612476054413776,-28.975636445848057,34,-0.04261932178370387,-0.028768056926594454,-4739.052359379796,-2196.5272102442586,5223.346439418233,2220678.9010252208
474,2026-09-20T22:26:42.470057Z,6.126179114431677,-93.67010455795416,6.009501239982027,-93.67663669818874,23,-0.11667787444964972,-0.006532140234583039,-12973.987690471835,-722.2714808912733,12994.076823623238,2216021.3381049642
475,2026-09-20T22:26:54.350849Z,-15.669734401284897,143.73359208173588,-10.533727496326375,-179.9999999903838,30,5.136006904958522,36.26640792788032,571097.9110428101,3927667.384555923,3963978.100276061,2219701.2470779563
476,2026-09-20T22:27:08.030167Z,-11.96407370347191,-66.58355848765108,-14.391211725251509,-59.598010814276755,21,-2.4271380217795997,6.985547673374327,-269885.43428800197,756303.8317157526,802930.3328697024,2216724.837594325
477,2026-09-20T22:27:20.457235Z,3.975037173958308,125.59518002225491,-9.879117504699208,-179.99999999995208,26,-13.854154678657515,54.40481997779301,-1540511.7132156927,6041512.185125127,6219551.716744632,2225116.5082005104
478,2026-09-20T22:27:36.639387Z,-21.46925351829557,158.97036088752708,-18.92581903488504,-179.99999999999997,32,2.543434483410529,21.029639112472978,282817.0108080749,2194596.646520959,2211019.123019488,2225087.015762893
479,2026-09-20T22:27:44.611429Z,5.055763091381739,23.7221988329309,5.333998252622925,23.078287778402274,7,0.2782351612411853,-0.6439110545286155,30938.33834415057,-71305.54641140348,77728.05831995353,2220604.0116763734
480,2026-09-20T22:27:57.035410Z,46.65741272106018,129.54740383994033,46.59227200905251,129.47647714442604,21,-0.06514071200767546,-0.07092669551428799,-7243.3166932678,-5416.360265626456,9044.477844910876,2215996.5959808915
481,2026-09-20T22:28:04.753298Z,16.53626025738053,90.40793325169238,16.550877666963192,90.61819150780802,8,0.014617409582662333,0.21025825611565097,1625.3817862776082,22411.81530488307,22470.67604819331,2211436.2510330062
482,2026-09-20T22:28:19.990682Z,-28.76467926436841,-135.32691767009413,-45.35185047539791,179.99999999999974,31,-16.5871712110295,-44.67308232990615,-1844409.2860511616,-3964116.0132036903,4303220.846916734,2215776.053099155
483,2026-09-20T22:28:32.168239Z,7.353743439455942,-93.77660034325746,-89.99999999999999,118.0983054963358,25,-97.35374343945593,-148.12509416040677,-10825242.360323492,-12369501.336101847,10825242.360323496,2233601.03510169
484,2026-09-20T22:28:50.055571Z,62.1459000591718,-172.73725424024894,89.9999999391013,-4.407977796784673,37,27.8540998799295,168.32927644346427,3097234.5928989733,4505012.5370940715,3097234.606302231,2235385.4019843354
485,2026-09-20T22:28:58.977459Z,-37.44908919557849,16.610096979521074,89.9999999999821,107.29149836358434,14,127.44908919556059,90.68140138406329,14171692.124016184,9041465.209302366,14171692.124018198,2259996.3436792507
486,2026-09-20T22:29:07.898500Z,63.445083489700025,-49.86625648331204,89.999999996172,86.75009695026957,20,26.55491650647197,136.6163534335816,2952771.9929895326,3488879.452715982,2952771.993724541,2261421.8079797556
487,2026-09-20T22:29:27.839472Z,2.0849337700139703,-153.17815855433918,2.066306223258812,-153.06684263356675,41,-0.01862754675515843,0.11131592077242658,-2071.28869500793,12369.644538435654,12541.863555674458,2256803.98468525
488,2026-09-20T22:29:50.033376Z,-59.644258688898105,179.23653586545322,-59.37244375377557,-179.01312902434574,41,0.27181493512253496,1.7503351102010356,30224.441771845766,98756.92747697054,103274.91396952668,2252391.0152780456
489,2026-09-20T22:30:06.520548Z,-18.978758446075837,-20.03694073109486,-89.99999990614782,-140.68158983745644,34,-71.02124146007199,-120.64464910636158,-7897201.734358198,-7792196.839959709,7897201.750113383,2263934.5955128833
490,2026-09-20T22:30:24.465822Z,-50.88127294891391,-102.55103324223853,-50.8458775426466,-105.4802617355655,35,0.035395406267312524,-2.929228493326974,3935.7896034481705,-205581.44231117956,205605.6270450395,2259733.9241486634
491,2026-09-20T22:30:43.905801Z,-27.51397248364952,126.21380130557998,-14.90995924701028,-179.99999994085803,37,12.604013236639242,53.78619875356196,1401502.3272751477,5575546.028758914,5704633.76935606,2266750.0134464377
492,2026-09-20T22:30:53.527287Z,-31.926002141583712,39.29712228346975,-81.7579434838404,-177.99101748312373,10,-49.8319413422567,142.71186023340653,-5541059.062108187,8679460.692328406,7199927.901977942,2276776.7977727214
493,2026-09-20T22:31:08.956770Z,-4.7774455465898615,105.9681847824134,-89.99999999800868,-175.80021744159015,34,-85.22255445141882,78.23159777599642,-9476315.690687427,5889375.012283016,9476315.690863691,2291380.3249392346
494,2026-09-20T22:31:18.678928Z,-62.21260143845684,-38.37712413596441,-89.99999999972536,-170.53448860168248,28,-27.787398561268517,-132.15736446571808,-3089817.74466337,-3528637.255551457,3089817.744714405,2292996.595019751
495,2026-09-20T22:31:32.359334Z,13.461449429359687,137.12502514547293,-0.2507581389020462,-179.99983109446376,21,-13.712207568261734,42.87514376006334,-1524727.9146878268,4735851.990402639,4962441.265922469,2298389.412536727
496,2026-09-20T22:31:50.544456Z,-16.37759619373072,119.8658778367926,-3.6186641594152364,-179.99999999746854,37,12.758932034315485,60.13412216573886,1418728.511618621,6585062.572081883,6711278.673161949,2307286.366691213
497,2026-09-20T22:32:04.724933Z,-19.950406119101945,-172.03384100185093,-20.022581300146154,-171.9997015224425,25,-0.07217518104420861,0.03413947940842377,-8025.513961768524,3567.507801600425,8782.709369560844,2302661.6108414712
498,2026-09-20T22:32:24.964016Z,9.626774134048727,151.7805024269859,6.284247534505007,-179.99999963902482,40,-3.34252659954372,28.21949793398926,-371672.0000437503,3107665.6742808176,3128735.056845939,2304320.3928615605
499,2026-09-20T22:32:36.891238Z,-47.488897434608845,42.94989211251385,-3.3687983035210673,-179.9999605889254,19,44.12009913108778,137.05014729856077,4905931.186431965,13762887.542183641,12984384.857436491,2325723.3276603078
500,2026-09-20T22:32:50.020629Z,37.35745565873979,-142.78428350921723,37.41820395953184,-142.511197264944,24,0.06074830079204929,0.27308624427323025,6754.90285035351,24126.956405066852,25054.703780097443,2321121.9904125477
501,2026-09-20T22:33:00.692758Z,20.23207527962449,70.3565223875695,62.82710556035658,-179.99999999995853,14,42.59503028073209,109.643477612472,4736351.267488763,9126943.819494046,8960485.804603424,2334374.213594565
502,2026-09-20T22:33:10.168453Z,-36.17534182579863,4.97439293237349,-36.20515184447841,4.820084494383941,11,-0.029810018679775396,-0.15430843798955607,-3314.722840370551,-13847.804409234044,14238.996551054015,2329752.4302936816
503,2026-09-20T22:33:19.890740Z,-13.482849801973002,12.86064610564003,-13.459625534820876,12.724800418190858,16,0.023224267152125222,-0.13584568744917647,2582.420682354199,-14689.75752308044,14915.021411936425,2325150.3678505765
504,2026-09-20T22:33:32.067496Z,0.6538945344902336,-7.625287249547256,0.6383479813298232,-7.688192347946092,28,-0.015546553160410426,-0.0629050983988293,-1728.69783824757,-6994.28304889405,7204.747829253021,2320551.2693981533
505,2026-09-20T22:33:48.000485Z,-66.97095546630388,-40.58652390433929,-67.32652482122705,-37.41983236323195,33,-0.3555693549231762,3.1666915411073546,-39537.50833773565,136742.3569332293,142325.58213991442,2316237.951205563
506,2026-09-20T22:34:07.438486Z,13.073069126417968,162.68159684375013,8.317272614699432,-179.90053318917566,39,-4.755796511718536,17.41786996707424,-528820.444256991,1903133.9081458275,1974409.774915623,2315562.401450049
507,2026-09-20T22:34:17.214468Z,27.264539403465527,-16.955225113734087,27.27948963768392,-16.981669619118133,17,0.014950234218392922,-0.026444505384034755,1662.390197233173,-2613.632808555612,3097.5179629336726,2311001.3267291673
508,2026-09-20T22:34:30.396849Z,-7.136668502746038,-22.415677004132277,-7.188943257878763,-22.472244606416243,30,-0.05227475513272495,-0.056567602283962515,-5812.687562345621,-6240.942068233939,8528.580873596236,2306468.9000640973
509,2026-09-20T22:34:43.024541Z,-36.005520805805475,158.90873184518188,-36.05254593263437,158.9464634589648,20,-0.04702512682889193,0.03773161378293821,-5228.955528189709,3393.0325260156255,6233.349326211186,2301949.7732453584
510,2026-09-20T22:34:58.455384Z,-23.883703752622218,-171.1255134047275,-24.878886077313332,179.6047689884081,27,-0.9951823246911147,-9.269717606864333,-110659.22559198992,-938822.109144151,945128.7220957796,2299289.3398117316
511,2026-09-20T22:35:14.187167Z,6.919273462948668,103.67769647656536,6.893809626183503,103.71160381764662,37,-0.02546383676516495,0.033907341081260256,-2831.4494611915343,3742.965395567048,4693.281981410752,2294798.9365674458
512,2026-09-20T22:35:32.426023Z,-32.27637884633725,-121.26221931346323,-54.07820017531341,179.93541761281128,33,-21.80182132897616,-58.80236307372547,-2424251.9233932802,-4768152.954276489,5161512.147489444,2300397.985807528
513,2026-09-20T22:35:53.315909Z,-52.56004674331346,-142.7852907877361,-68.73788985792036,179.99423734581677,38,-16.177843114606908,-37.220471866447156,-1798894.0783958947,-2028634.5365851102,2637934.546970987,2301055.9518136946
514,2026-09-20T22:36:06.744467Z,-60.23610836239348,138.97116416024932,-60.27982727401798,139.1313645832405,19,-0.043718911624502255,0.1602004229911813,-4861.321171066475,8837.189117903925,10086.043727235423,2296598.8119146936
515,2026-09-20T22:36:24.480874Z,9.822824178492372,153.302673148128,9.118389249653646,154.2064888237675,32,-0.7044349288387259,0.9038156756394926,-78329.59023808708,99129.9209470911,126341.30875501338,2292384.7196755484
516,2026-09-20T22:36:37.158869Z,34.768635147439994,-42.16403508377488,89.9999999990268,179.4644195220966,27,55.231364851586804,-138.37154539412853,6141447.563151054,-7132103.722997737,6141447.563340157,2299844.1437911773
517,2026-09-20T22:36:42.325457Z,23.192575087442215,-96.13557102716214,60.7202335414633,161.4292392802117,1,37.527658454021086,-102.43518969262618,4172885.228936929,-8470419.460972287,8419390.473512104,2311680.790463752
518,2026-09-20T22:36:51.046024Z,-28.059220107024288,2.6770004727469825,-84.57060476350755,168.847926230269,11,-56.51138465648326,166.170925757522,-6283779.271460098,10248061.076369645,7474506.33315011,2321647.635140753
519,2026-09-20T22:37:02.222981Z,60.29686831178834,-122.41904299526978,60.2565640990334,-122.12564783393299,17,-0.04030421275493978,0.29339516133677535,-4481.623980752218,16175.384821409825,16784.739686950827,2317206.666170707
520,2026-09-20T22:37:20.161910Z,6.1911187803941505,165.87043867242085,1.481961957135265,-179.98446653173832,33,-4.709156823258885,14.145094795840805,-523634.34751999495,1569337.9914856849,1653950.29150996,2315931.173142513
521,2026-09-20T22:37:37.897663Z,64.85009954633233,163.7192367038914,73.66063784116452,-165.16189792179162,29,8.810538294832185,31.11886537431701,979687.1593929405,1225635.8849965094,1538201.4888535554,2314438.409832937
522,2026-09-20T22:37:57.585544Z,-47.69868599943103,-179.615747991263,-47.05097672595677,-176.0728601176769,37,0.6477092734742556,3.5428878735860962,72021.98515097029,266783.4297173715,276305.70603601,2310533.941051717
523,2026-09-20T22:38:01.697540Z,23.218139140757497,-153.18658597085636,-47.05097672595677,-176.0728601176769,0,-70.26911586671427,-22.88627414682054,-7813569.184177292,-2489995.9552769125,8144271.225697911,2321688.314444922
524,2026-09-20T22:38:06.360824Z,-7.90560530844155,-126.97197603342369,-47.05097672595677,-176.0728601176769,0,-39.14537141751522,-49.10088408425321,-4352766.703244612,-4843829.288202138,6354095.213688385,2329383.7474587457
525,2026-09-20T22:38:19.589477Z,-41.400890573893825,107.6554591209707,-59.40047132901183,-179.99965105713795,22,-17.999580755118004,72.34488982189134,-2001462.0616981576,5127610.135035238,5199659.403451408,2334850.939184446
526,2026-09-20T22:38:33.289209Z,58.8240831097582,25.81039519359939,89.99999999999999,-174.0904128487465,29,31.175916890241787,160.0991919576541,3466603.7916872953,4783765.564361936,3466603.7916872986,2337002.560577037
527,2026-09-20T22:38:51.028268Z,9.757127034687375,0.30468096988616367,9.812180656342948,0.262102958758275,37,0.05505362165557237,-0.04257801112788684,6121.68342150866,-4665.58879247582,7696.929572271661,2332582.6257933467
528,2026-09-20T22:39:08.819323Z,16.708156433749053,-53.65485883256713,16.770578237392787,-52.91878832610113,34,0.0624218036437334,0.7360705064660067,6940.987877185984,78379.01216749423,78685.69806179471,2328313.881612037
529,2026-09-20T22:39:21.296575Z,-29.012471339401007,86.30759971283504,-28.493294502706057,86.72220863060231,38,0.5191768366949496,0.41460891776728204,57729.83027184898,40418.0989634227,70472.21512248043,2324045.7499173493
530,2026-09-20T22:39:30.221607Z,21.589399621400077,-107.51072840529052,-89.99999989281932,123.69943810984017,10,-111.5893995142194,-128.7898334848693,-12408175.093293983,-11843691.044563811,12408175.112678116,2343072.4090923695
531,2026-09-20T22:39:37.189468Z,73.4312617388286,-68.08159733654571,-89.99999998477614,130.0552356992732,17,-163.43126172360473,-161.86316696418112,-18172727.15878391,-17810552.472945467,18172727.162085433,2372883.4349925453
532,2026-09-20T22:39:51.669637Z,-6.713482697545292,-76.8566375299216,-6.793636456517462,-76.90765362906791,23,-0.08015375897217059,-0.051016099146295346,-8912.69134919615,-5633.369186255385,10543.761665192815,2368442.9468847867
533,2026-09-20T22:40:06.652521Z,32.94637968565152,60.795102294605215,33.3721716150833,61.65118187473203,32,0.42579192943178157,0.8560795801268171,47345.90235901208,79690.05050197251,92693.2393273032,2364173.2476210766
534,2026-09-20T22:40:19.884856Z,-4.711806398744668,104.05125819598669,-4.714794038795002,104.09045337117018,32,-0.0029876400503345835,0.0391951751834938,-332.2104162372998,4343.5663221543255,4356.252075612709,2359754.114670617
535,2026-09-20T22:40:30.356655Z,-34.33172658367526,31.869406072706454,-35.860593227268694,28.38249731067983,18,-1.5288666435934317,-3.4869087620266157,-170002.21428368436,-317233.3203427724,359878.6519341125,2356016.0296935393
536,2026-09-20T22:40:42.332228Z,-53.46862586324347,28.65406173345869,-55.910293496873216,3.863044357909591,19,-2.4416676336297485,-24.791017375549103,-271501.05341185315,-1593356.6120595655,1607296.4429309512,2354619.1647928627
537,2026-09-20T22:40:57.113903Z,9.181926124856277,7.4050542748690305,9.26224110328627,7.337505064679331,36,0.08031497842999258,-0.0675492101896964,8930.618134982342,-7414.0448821712125,11607.06646451578,2350256.0137717673
538,2026-09-20T22:41:09.543956Z,-20.953726697206147,168.27171500634705,-21.004127094207615,168.29898345245223,20,-0.05040039700146792,0.02726844610518242,-5604.268447434863,2831.120680187686,6278.779210363874,2345899.1787632885
539,2026-09-20T22:41:22.722049Z,-47.77049982431528,-37.12235127408803,-55.62904623286185,-10.523752406121696,20,-7.858546408546573,26.59859886796633,-873830.4914311967,1833085.787654949,2013949.149467138,2345283.316000216
540,2026-09-20T22:41:27.941518Z,-40.241434726138955,11.017007728870652,-55.62904623286185,-10.523752406121696,0,-15.387611506722898,-21.540760134992354,-1711024.3327250208,-1604728.029308011,2326646.60519462,2345248.803572798
541,2026-09-20T22:41:38.415160Z,36.70986305774906,-72.83286766256563,36.59586272110642,-72.77401005814419,13,-0.11400033664263987,0.05885760442146193,-12676.259070433342,5250.5706119679135,13720.641774569729,2340939.139687774
542,2026-09-20T22:41:49.338538Z,32.134985888542815,0.184339904822707,32.10628302605404,0.08944968370088882,22,-0.02870286248877818,-0.09489022112182965,-3191.6126889285465,-8936.22713446391,9489.07467300918,2336637.571302138
543,2026-09-20T22:42:07.174576Z,30.007552288877136,35.649302103895394,30.05782291555602,35.66730059442616,39,0.050270626678884156,0.01799849053077196,5589.838645934521,1732.6408333291693,5852.208126258148,2332345.148902182
544,2026-09-20T22:42:20.363894Z,52.519315209201025,-89.65582728398046,52.411340718841316,-89.53984805557647,22,-0.10797449035970885,0.11597922840400088,-12006.215535031439,7856.9610672226045,14348.551296488828,2328084.1257448187
545,2026-09-20T22:42:31.537948Z,-8.502438793094795,130.702448316389,-6.327979847275282,-179.99999973892923,20,2.174458945819513,49.2975519446818,241788.80297200527,5435794.398195335,5437813.221122103,2333790.050690465
546,2026-09-20T22:42:41.214506Z,1.1417658558428938,113.72530779339576,2.013925646810774,-179.99999999999778,29,0.87215979096788,66.27469220660646,96979.7439790071,7366615.328099236,7366821.248052846,2343008.05654644
547,2026-09-20T22:42:56.648623Z,5.601332422602851,-88.04075608225831,5.523079445045668,-88.05660165448651,28,-0.07825297755718275,-0.015845572228215588,-8701.334099189236,-1753.651204863711,8876.289042286257,2338740.905234732
548,2026-09-20T22:43:03.569972Z,-15.454162447833731,17.916637563859126,-15.518373135848105,17.802602491223304,7,-0.06421068801437357,-0.11403507263582924,-7139.902743554916,-12219.76306913619,14152.766440224084,2334498.9560763477
549,2026-09-20T22:43:18.048249Z,-7.900378330287875,100.2317552016089,-7.888051897279889,100.26625502841051,34,0.012326433007985749,0.034499826801607014,1370.6368141120429,3799.8512752971906,4039.4943895795454,2330254.039024095
550,2026-09-20T22:43:33.478894Z,-17.375031508617877,155.72480080926857,-17.45033598726661,155.6729056918107,30,-0.07530447864873224,-0.05189511745786035,-8373.47597935252,-5506.036656496028,10021.553462514217,2326035.434504892
551,2026-09-20T22:43:46.157464Z,-1.253909303620858,-143.56335172372218,-6.595873830130542,179.92841095062388,22,-5.341964526509685,-36.50823732565391,-593999.3536630793,-4050009.6945762276,4091523.923641709,2329239.5878427085
552,2026-09-20T22:44:05.094759Z,-23.120082545009204,-35.009980676027794,-89.99999996265832,144.67466211004597,41,-66.87991741764912,179.68464278607377,-7436707.51124964,11010246.91218086,7436707.519553988,2338492.2471392867
553,2026-09-20T22:44:11.824462Z,-0.9635137571580336,33.25593509934066,-89.99999999798327,167.7960650315442,15,-89.03648624082523,134.5401299322035,-9900405.556237824,10489125.609166443,9900405.556619368,2352166.5930877137
554,2026-09-20T22:44:26.559210Z,37.656431247757226,80.56168403184017,37.529043167906096,80.51797908034803,26,-0.12738807985113,-0.04370495149214548,-14164.90819443759,-3850.7203811353147,14678.986830596226,2347947.3013796685
555,2026-09-20T22:44:43.046506Z,36.94619721008355,176.68682681539025,36.96685324845218,176.6243435370935,33,0.020656038368635166,-0.06248327829675304,2296.8466711675783,-5551.94968578713,6008.298256526563,2343727.5914641316
556,2026-09-20T22:44:55.223238Z,31.755327555420887,-11.436177398781126,89.99892226994425,172.90975641932687,20,58.243594714523354,-175.654066181892,6476392.241796833,-9505838.244782422,6476631.573459643,2351160.872007289
557,2026-09-20T22:45:05.896642Z,-25.83439336502624,23.099805527208275,89.99999836177713,173.63173739513158,27,115.83439172680337,150.53193186792328,12880196.690978983,14182123.808295555,12880197.031736817,2370063.9889906454
558,2026-09-20T22:45:24.884017Z,-42.67478011198295,134.1369492118452,-42.702559164155836,134.1803606261223,36,-0.027779052172888896,0.04341141427710227,-3088.889668619751,3548.174858838069,4704.336622822956,2365824.9931978714
559,2026-09-20T22:45:41.567513Z,-9.664105931206697,-119.30222970180549,-39.1848821799719,179.9518932250261,30,-29.520776248765202,-60.7458770731684,-3282560.549471878,-6150140.771983789,6821686.738264686,2373796.123332159
560,2026-09-20T22:45:54.291096Z,3.6910260607385235,176.75626437021072,3.5741466394769232,176.7318491810927,21,-0.11687942126160022,-0.024415189118002445,-12996.398673442118,-2709.390647016005,13275.811597802365,2369580.9084897763
561,2026-09-20T22:46:10.022210Z,38.10689857906144,85.29040369755376,38.07172858420179,85.3179234893451,36,-0.035169994859650444,0.02751979179134878,-3910.724998508339,2408.4214771091574,4592.849166379962,2365365.243499895
562,2026-09-20T22:46:24.954476Z,-12.074743246418796,-87.37588184722316,-12.15900599712986,-87.3705178667331,26,-0.08426275071106382,0.005363980490074027,-9369.590384185482,583.1594382678486,9387.720640713775,2361173.1126763024
563,2026-09-20T22:46:37.388066Z,7.488249673598853,-132.09378809005472,7.404097576980309,-132.058692698381,24,-0.08415209661854384,0.0350953916737069,-9357.2862104848,3869.5204956026514,10125.80817778895,2356997.1849596086
564,2026-09-20T22:46:50.869238Z,40.297531884099406,53.76869485530102,89.99999999999999,-150.01506991953983,38,49.70246811590058,156.21623522515915,5526662.296201084,7300169.937338751,5526662.296201087,2362617.1585611003
565,2026-09-20T22:47:05.250471Z,44.5977111736417,11.568639687965572,89.99999999999999,-147.72011923961966,35,45.40228882635829,-159.28875892758523,5048504.175541978,-6835533.5036187405,5048504.175541982,2367370.94089204
566,2026-09-20T22:47:21.050294Z,4.289613795787093,-88.31468856703817,4.216062794545754,-88.2889796033479,26,-0.07355100124133962,0.025708963690277642,-8178.498187664607,2850.8349201250026,8661.125285555738,2363203.6090623466
567,2026-09-20T22:47:25.217445Z,-25.2259281382383,36.58218333777157,18.170023959838197,-113.01533830190448,1,43.39595209807649,-149.59752163967605,4825409.7102164,-16602961.377463317,16785382.243354976,2388639.550216302
568,2026-09-20T22:47:42.401187Z,-15.9953568098981,-85.4474465810435,-16.07019440700372,-85.47096207629647,32,-0.07483759710561877,-0.02351549525297969,-8321.56112041432,-2513.0980025664685,8692.757900929932,2384449.5030467324
569,2026-09-20T22:48:00.087879Z,28.73122864705766,149.62771209564085,21.94288887888001,-179.91682306913978,34,-6.78833976817765,30.455464835219345,-754828.9425608546,3060732.6726550106,3142949.522065869,2385782.543501951
570,2026-09-20T22:48:09.713821Z,-14.49069388782997,38.59423485000585,89.99999999999915,-177.41520611231675,30,104.49069388782911,143.99055903767737,11618835.0418962,12658950.210498093,11618835.041896373,2401980.881218432
571,2026-09-20T22:48:15.630825Z,-55.611368652874205,24.76987641490757,89.99999999847962,-170.68706165134842,1,145.6113686513538,164.543061933744,16191245.455801088,17478647.47578043,16191245.456133092,2426130.2062182827
572,2026-09-20T22:48:29.560454Z,61.935362556073365,26.904624907474926,61.921871286072864,26.88268052007707,27,-0.013491270000500322,-0.021944387397866194,-1500.1607780475692,-1148.2430122684561,1889.1649722354905,2421892.0225797407
573,2026-09-20T22:48:41.534837Z,-3.971854292094544,-84.00030549236455,-4.099550518130262,-83.9472254491295,18,-0.12769622603571795,0.053080043235041785,-14199.172486828651,5887.596279308784,15371.410952928833,2417692.1611283855
574,2026-09-20T22:48:53.463475Z,13.011367558453859,28.055525488767756,13.114486208200413,28.041360804937195,21,0.10311864974655371,-0.014164683830557578,11466.270694253986,-1534.2827268229748,11568.46516963603,2413500.3079995373
575,2026-09-20T22:49:05.387947Z,40.13101483555794,-46.182132734021735,40.11915231375604,-46.17232452711143,24,-0.011862521801901948,0.009808206910292938,-1319.052241581966,833.9331303776235,1560.5586414739976,2409305.630174567
576,2026-09-20T22:49:11.605764Z,43.59966959837171,-116.1325914568217,24.737985246205874,-106.58566595463274,1,-18.861684352165838,9.54692550218897,-2097323.6079319017,878328.1693294981,2270013.070450073,2409063.802813934
577,2026-09-20T22:49:29.289559Z,-43.08450810668092,126.66185873191887,-21.37626516519502,-179.99998247739595,30,21.708242941485903,53.338158790685156,2413846.481460785,5017037.838485603,5456985.863617456,2414346.163404581
578,2026-09-20T22:49:45.023896Z,-35.33279355289584,177.0142546216711,-35.08490694614681,-179.99368426965444,28,0.2478866067490344,2.99206110867442,27563.73305362746,271836.12786626443,273219.2693720745,2410641.7916155974
579,2026-09-20T22:50:00.507698Z,-26.019871338813118,105.96055578167955,-12.541013190652633,-179.99999953259118,33,13.478858148160485,74.03944468572928,1498780.643037118,7771062.871408196,7821276.485667679,2419986.5838333042
580,2026-09-20T22:50:16.692903Z,47.188535031117,147.35277225026942,54.56433961360625,-179.99999997942697,27,7.375804582489252,32.64722777030363,820152.0494944925,2290641.5343197687,2407041.953447891,2419964.265505053
581,2026-09-20T22:50:33.575856Z,-23.657211064655964,-134.6330022578902,-23.744101077674017,-134.61447078643542,36,-0.08689001301805277,0.018531471454792836,-9661.728623687131,1886.8099916640851,9844.239475991671,2415816.0382657605
582,2026-09-20T22:50:49.509636Z,-23.079244074878627,-31.097288514877278,-23.10562784947746,-31.172575176924195,34,-0.02638377459883401,-0.07528666204692058,-2933.7418811239195,-7700.714477363599,8240.621454416138,2411679.310745466
583,2026-09-20T22:50:59.431328Z,-38.68243474043129,-2.4269636877866674,-38.68296621454562,-2.5576739879165524,13,-0.0005314741143322976,-0.13071030012989127,-59.09722515666166,-11345.770320145484,11345.923269089153,2407562.1008184054
584,2026-09-20T22:51:18.418299Z,-39.54691977217414,-130.4375970734854,-39.58138753505467,-130.39058798868678,41,-0.03446776288052433,0.047009084798617096,-3832.6403651019473,4029.688830905136,5561.251871653139,2403449.085666099
585,2026-09-20T22:51:37.910056Z,40.712117640183195,52.40769049618282,89.99999999999999,-176.12365590374824,42,49.28788235981679,131.46865360006893,5480562.463465468,6095654.012069847,5480562.463465471,2408709.108534132
586,2026-09-20T22:51:50.788064Z,68.06269575052569,-164.545473055741,89.9999998318179,45.51193630898173,22,21.93730408129221,-149.94259063527727,2439316.9180986662,-3172375.8165186862,2439316.9529858236,2408761.3403506028
587,2026-09-20T22:52:10.976465Z,22.188627537628935,141.41305072535,89.97998238684498,36.96760544173847,41,67.79135484921605,-104.44544528361152,7538054.72959383,-6480182.502725956,7540835.993298234,2417504.2273232564
588,2026-09-20T22:52:19.347406Z,49.68309206943545,-158.87140736308027,89.99977603893207,40.76966443644683,10,40.316683969496616,-160.35892820047292,4483010.716540033,-6144943.218498906,4483059.074258524,2421017.075702398
589,2026-09-20T22:52:30.875670Z,57.52143333228317,77.42410398991831,57.46466954003504,77.56160072882722,20,-0.05676379224813388,0.1374967389089079,-6311.8457150982185,8216.305096449294,10360.839561232817,2416924.2807344166
590,2026-09-20T22:52:41.298977Z,13.099387661813905,69.0674802549085,14.280980311588227,69.58461581536199,19,1.1815926497743217,0.5171355604534824,131387.10801540548,55869.17639310156,142771.86528604003,2413069.7851150124
591,2026-09-20T22:52:48.464521Z,-10.340565293047328,30.432321867640383,-10.30891025800727,30.383613984320323,8,0.03165503504005862,-0.048707883320048495,3519.879299210255,-5328.371146961063,6386.007243322157,2408997.5621406105
592,2026-09-20T22:53:01.843964Z,31.263904927992908,158.45935240737924,31.26014051105786,158.33979390409604,22,-0.0037644169350485868,-0.11955850328320139,-418.5840649522622,-11364.006597295163,11371.712529129687,2404947.5184757262
593,2026-09-20T22:53:19.080411Z,82.25657827273443,-56.576348743794696,89.99655372231521,135.96944958996897,33,7.739975449580783,-167.45420166623632,860646.0023468205,-1257835.0387503514,861403.2735418435,2402344.577084607
594,2026-09-20T22:53:35.012961Z,10.511636130253338,118.27212076004093,10.443488733446443,118.27903384106718,27,-0.06814739680689463,0.006913081026254986,-7577.644788960285,755.8823931915898,7615.251713876757,2398313.0462338147
595,2026-09-20T22:53:48.192037Z,-13.444055569472315,169.83994642613402,-13.550554461404376,169.91574483923492,24,-0.10649889193206086,0.07579841310089819,-11842.136476112295,8195.614187949908,14401.536897905624,2394306.472268544
596,2026-09-20T22:54:04.123730Z,-52.46116505173466,-163.8636417617076,-57.18009846942661,179.98437645575615,33,-4.71893341769195,-16.151981782536268,-524721.4552208132,-1034754.5222049417,1156311.846169562,2392229.3000771026
597,2026-09-20T22:54:08.495500Z,32.3232901392588,-142.17797950805277,-57.18009846942661,179.98437645575615,0,-89.50338860868541,-37.83764403619108,-9952322.730782209,-4108757.6731732353,10566545.492205536,2405921.6220069663
598,2026-09-20T22:54:21.971529Z,-61.13853736290949,-12.180437050806319,-20.78742785749797,179.99999999995728,30,40.351109505411515,-167.8195629492364,4486838.66148079,-14091303.626028396,10840010.257557264,2420025.4491567155
599,2026-09-20T22:54:32.150241Z,-19.19851841504562,-87.64749341625307,-23.45001217665878,179.99999999904173,29,-4.251493761613162,-92.35250658470522,-472744.5369523746,-9566077.85392203,9399467.818699693,2431677.272812046
600,2026-09-20T22:54:39.569525Z,35.0947040159746,-87.87041854748338,-17.056137955225022,179.99999999941474,10,-52.150841971199625,-92.12958145310188,-5798909.047439517,-10117677.28016967,11275434.138558311,2446416.86758829
601,2026-09-20T22:54:47.488019Z,-3.309287806613319,-139.55959980628333,-7.1547026483277465,179.99999999150737,20,-3.8454148417144274,-40.440400202209275,-427590.6212423332,-4478032.146933019,4496725.371161669,2449828.362602555
602,2026-09-20T22:54:54.107358Z,53.79851167201508,-108.34671151231412,89.9999999999643,179.99999999999997,20,36.20148832794922,-71.65328848768593,4025421.8390501626,-2475407.2713393643,4025421.839052883,2452445.6275136024
603,2026-09-20T22:55:09.436266Z,-26.44838492368287,54.492791844022236,-26.16450525000464,54.329688360713725,27,0.28387967367822853,-0.16310348330850388,31565.979490531892,-16258.02477545988,35506.80862238101,2448437.4371008473
604,2026-09-20T22:55:21.613760Z,-63.32198547526094,-21.643394813845674,-57.581729128658594,39.47018213226144,15,5.740256346602344,61.113576946107116,638287.3833814103,3351242.4907880905,3277546.4439391927,2449810.1341320365
605,2026-09-20T22:55:34.441225Z,62.44466431931913,-38.532341300085506,62.358976657426936,-38.35989192429937,24,-0.08568766189219446,0.17244937578612962,-9528.033278446313,8883.391180510467,13026.812121518702,2445782.3931039204
606,2026-09-20T22:55:48.419447Z,-53.13253516529326,135.01607227888036,-30.34111535138554,-179.99999999994083,26,22.791419813907723,44.983927721178816,2534290.2543328116,3732533.236429111,4404785.641069272,2449015.0717309257
607,2026-09-20T22:56:02.598308Z,10.99805442168224,75.86339639945444,89.99999999992495,-173.52616323138633,29,79.00194557824271,110.61044036915922,8784615.543350121,7823490.582314278,8784615.543361401,2459452.634287154
608,2026-09-20T22:56:21.792022Z,-5.300876737353166,-119.91862728093716,-5.401107899147447,-119.9154119851962,36,-0.10023116179428104,0.003215295740972124,-11145.196683213979,355.96651611577244,11150.879841292935,2455425.822191026
609,2026-09-20T22:56:40.280642Z,-28.5460896472281,-54.92397339561033,-28.551966198089513,-52.960204804019234,35,-0.005876550861412255,1.963768591591105,-653.4426419577542,191810.24738066646,191809.2157718752,2451708.8819506005
610,2026-09-20T22:56:55.213258Z,9.262842781803245,148.80394956265235,0.955371202764653,-179.9993181845575,27,-8.307471579038593,31.196732252790184,-923748.6928329528,3455136.075873685,3573140.343131041,2453547.294182044
611,2026-09-20T22:57:01.379189Z,-14.395822156674173,-16.33428893615465,-21.809368157043725,-145.27737779736006,1,-7.413546000369552,-128.9430888612054,-824348.7036871541,-13628119.135034844,13145547.690528246,2471046.4765001223
612,2026-09-20T22:57:19.763639Z,-41.21476350128576,-126.81159869988514,-41.26279034045801,-126.7336251321672,36,-0.04802683917225181,0.07797356771794739,-5340.34085872856,6519.770136527935,8427.729946010975,2467022.5896593477
613,2026-09-20T22:57:33.895936Z,-3.1108568732362727,131.5915038836231,-8.607947855004904,-179.51050164968575,21,-5.497090981768631,48.89799446669116,-611248.6284762283,5408801.678845402,5439242.9814497195,2471871.236301746
614,2026-09-20T22:57:46.823205Z,-24.545395942851943,167.90748087675075,-22.16612169627493,-179.98925966724065,21,2.379274246577012,12.103259456008573,264563.22531541856,1235545.832044263,1263063.5125153335,2469902.4940805957
615,2026-09-20T22:58:07.062291Z,-57.52266214449205,-133.24572688159657,-57.529525084990546,-133.16378812594044,38,-0.006862940498493231,0.0819387556561253,-763.1241652959261,4891.930099990663,4951.094369074355,2465894.4430241543
616,2026-09-20T22:58:24.247512Z,10.91549886173038,-79.00652513257259,10.833038063313984,-79.02713133221732,34,-0.0824607984163972,-0.02060619964473176,-9169.222430963031,-2250.161125734281,9441.285087718366,2461906.6943911407
617,2026-09-20T22:58:37.728446Z,29.22194390711099,-66.8757743912312,29.10122263896508,-66.87143985336606,23,-0.12072126814591044,0.004334537865133825,-13423.592555922616,420.8873431390378,13430.189244245543,2457938.337008407
618,2026-09-20T22:58:49.357267Z,26.874421565335854,-141.21720392538361,26.86959120625953,-141.1742112508418,19,-0.004830359076326118,0.04299267454180722,-537.1114231589612,4264.354340789291,4298.046815858441,2453968.045276704
619,2026-09-20T22:59:02.985970Z,24.01403262556578,132.52102563925445,-0.03593609322815816,-179.99999316654024,20,-24.049968718793938,47.47898119420529,-2674234.507490224,5164263.512643539,5770443.313060598,2459325.840539682
620,2026-09-20T22:59:27.436034Z,-63.86808377996494,162.79578536564821,-64.02953832572746,-177.96778248187354,46,-0.16145454576251694,19.236432152478244,-17952.926372493625,939390.334995642,935993.5891436246,2456868.8530374304
621,2026-09-20T22:59:42.166648Z,21.049232678689823,6.4080241266070175,89.99999999999999,-172.49893719076317,37,68.95076732131017,-178.9069613173702,7666975.514379122,-11260783.942447888,7666975.514379123,2465258.718836692
622,2026-09-20T22:59:55.352926Z,75.0024333016092,89.71096715280896,89.99999999657055,-136.74451939393657,31,14.99756669496135,133.54451345325447,1667653.3284931043,1937932.4614549554,1667653.329137152,2463976.3950590403
623,2026-09-20T23:00:17.598927Z,45.957816615050795,-11.950590651320397,45.97017440030573,-11.969440011820737,44,0.012357785254934583,-0.01884936050032593,1374.1230249116607,-1456.9186230138039,2002.704650503523,2460024.591382622
624,2026-09-20T23:00:29.275538Z,-8.709345249346722,24.367083742693467,-8.634359395039256,24.370533238844544,28,0.07498585430746552,0.0034494961510631583,8338.046569098196,379.18156925357687,8346.663958070681,2456095.6203450826
625,2026-09-20T23:00:41.703461Z,-42.56981314094965,175.55064773946447,-42.5943369221846,175.62450403542906,18,-0.024523781234954356,0.07385629596458898,-2726.920055467956,6046.895921239936,6633.327896356683,2452176.4806771646
626,2026-09-20T23:00:53.227473Z,-28.214696957659584,90.463387627776,-28.986148138914526,89.96560059490253,28,-0.7714511812549425,-0.49778703287347525,-85781.45750950152,-48597.384965895006,98590.5338984714,2448416.758717454
627,2026-09-20T23:01:09.210133Z,18.69550076390448,113.27096407868225,18.617019800986046,113.24467715180533,35,-0.07848096291843376,-0.026286926876935013,-8726.684914709576,-2769.384588088082,9155.573110099298,2444526.390000377
628,2026-09-20T23:01:15.075784Z,-31.867198976623758,30.775315512359043,-77.94507075476783,139.03342603730934,2,-46.07787177814407,108.25811052495033,-5123625.572308113,6920716.427660424,6956925.777905855,2451711.7393441754
629,2026-09-20T23:01:34.019891Z,0.6433380744925576,116.6639770426292,1.0860791888016132,117.43670116617405,35,0.4427411143090556,0.7727241235448332,49230.565728125635,85913.21712819954,99018.64824793248,2447971.3687700955
630,2026-09-20T23:01:45.249911Z,-1.0368531750423304,-6.893724844815608,-1.02490634669771,-6.95385880274407,15,0.011946828344620464,-0.060133957928456994,1328.4267014152076,-6685.508775207176,6816.211918725982,2444096.519314776
631,2026-09-20T23:01:58.178909Z,-40.86618372222236,-97.3758512391261,-40.97462677058751,-97.35735144613605,21,-0.10844304836515306,0.018499792990041897,-12058.31680807553,1554.3736497095317,12158.086993053768,2440242.4172033314
632,2026-09-20T23:02:10.103660Z,59.6729820258187,172.44619558212128,65.7741517546192,-172.08677088791518,17,6.1011697288005,15.467033529963544,678419.1204399739,788182.3475945278,1035042.8101193398,2438019.0001035146
633,2026-09-20T23:02:30.544030Z,-20.114549713665514,-146.04828540242283,-20.19984656497427,-146.04299024070258,41,-0.08529685130875464,0.005295161720255237,-9484.577124288806,552.7318361480852,9500.669220113725,2434182.478253778
634,2026-09-20T23:02:44.272500Z,37.73805552013052,102.59338923642412,71.6017979452806,-179.99999999996592,27,33.86374242515007,77.40661076360993,3765476.354874794,4977435.50209797,5622692.523547086,2439211.6739088153
635,2026-09-20T23:02:59.504619Z,-61.28111934422889,-22.16418966672245,-61.479929650368405,-19.994744563093665,37,-0.19881030613951367,2.1694451036287887,-22106.69740736549,115547.43958268211,117637.32131086085,2435555.6513062986
636,2026-09-20T23:03:13.984318Z,1.417197128295078,76.89809522274737,1.6103053706521921,77.23425057159638,41,0.1931082423571142,0.33615534884899034,21472.656843358985,37365.72467417008,43096.06762927533,2431793.922401146
637,2026-09-20T23:03:28.015297Z,36.75848156447426,-45.99555054984563,36.743587674315975,-46.03007877165109,33,-0.014893890158283796,-0.034528221805459225,-1656.1250236024819,-3076.2628328679093,3493.729077320477,2427981.8341855668
638,2026-09-20T23:03:40.692733Z,53.3490614488007,104.96389085510225,53.2690028705442,104.91133290205707,22,-0.08005857825649798,-0.05255795304518074,-8902.107736498958,-3491.888872373708,9562.468133089176,2424191.2082199673
639,2026-09-20T23:03:58.127843Z,17.611637736256856,146.67089358890274,17.554460283221534,146.5875155683638,36,-0.0571774530353224,-0.08337802053893029,-6357.842695985376,-8838.062575785196,10887.309316222987,2420414.5198022774
640,2026-09-20T23:04:12.561243Z,26.966235006949116,-61.018936085792774,-89.99999999999999,174.17801233520248,26,-116.9662350069491,-124.80305157900477,-13006051.921487924,-11830347.98683529,13006051.921487926,2436954.578242411
641,2026-09-20T23:04:30.049661Z,-7.638352741758371,-75.05396481364082,-7.795249712676721,-73.9691826040897,33,-0.15689697091834987,1.084782209551122,-17446.147172019377,119529.90687488392,120796.31440330787,2433341.226816765
642,2026-09-20T23:04:43.583526Z,4.229207637931677,45.512128515808286,4.853979515046194,45.27230843987072,32,0.624771877114517,-0.23982007593755839,69471.46304533198,-26583.04511793159,74383.70335171487,2429666.8381509315
643,2026-09-20T23:05:02.069973Z,-33.08742769941129,-51.131297758112964,-33.13904373171831,-50.13623360392296,46,-0.051616032307016724,0.995064154190004,-5739.440926061899,92676.33601542997,92853.53352969566,2426032.602840479
644,2026-09-20T23:05:19.006866Z,-2.061277368401088,146.72187005439622,-6.118231674312364,-179.99933842176813,31,-4.056954305911276,33.27879152383565,-451112.736446131,3691009.8225307837,3717422.090693659,2428037.866020375
645,2026-09-20T23:05:29.881616Z,53.815971810976244,-142.6638549141283,53.83233094695788,-142.49265034084738,14,0.016359135981637962,0.17120457328093153,1819.0529254465948,11236.930847209078,11383.211388841746,2424291.1146178455
646,2026-09-20T23:05:45.865185Z,-73.66820735531857,144.94963701424672,-70.72731728995842,-179.99600164382133,27,2.9408900653601506,35.05436134193195,327012.0550874335,1191704.6257422941,1215774.1296640579,2422420.345291292
647,2026-09-20T23:06:02.500904Z,30.969162704141564,-175.97317509009605,30.9165974436033,-175.9994808411317,29,-0.05256526053826249,-0.02630575103566457,-5844.990289604216,-2508.771626578693,6360.648207000106,2418686.095373078
648,2026-09-20T23:06:18.383481Z,11.982174914767167,-153.07667758336606,11.918266320805781,-153.0517232616851,28,-0.06390859396138637,0.024954321680951352,-7106.311417493247,2714.6582680361666,7607.169684113096,2414965.2945618294
649,2026-09-20T23:06:28.305467Z,-48.282381460338584,31.37624208658454,-48.39025180236557,31.44836339469752,15,-0.10787034202698464,0.07212130811296902,-11994.63476881402,5331.034172629589,13125.972203698606,2411264.463556655
650,2026-09-20T23:06:40.784927Z,-68.25163156363993,94.41772271316489,-68.31669837589212,94.41579134432124,23,-0.06506681225218358,-0.0019313688436568555,-7235.099415376828,-79.46137249640428,7235.535753943073,2407565.957513882
651,2026-09-20T23:06:54.011511Z,12.170407369940726,50.959171220159135,12.314445349432239,50.8821914181996,40,0.14403797949151276,-0.07697980195953846,16016.292563589217,-8365.107089727786,18069.21696072398,2403895.45560827
652,2026-09-20T23:07:10.493543Z,-51.66837952099546,112.53286242069748,-51.66732510604348,112.61064949515116,37,0.0010544149519802204,0.07778707445368127,117.24559323836652,5364.603869213296,5365.884687355172,2400216.729272502
653,2026-09-20T23:07:24.474368Z,-48.90458427113738,-63.90946760099942,-51.95437834853231,-57.27070293135562,26,-3.049794077394928,6.638764669643791,-339121.6287169387,470251.71425290563,579406.2124688491,2397428.351758254
654,2026-09-20T23:07:39.958274Z,-61.49691813601699,10.416286636440447,-58.57699810742003,4.321021462545968,24,2.9199200285969553,-6.095265173894489,324680.2933878163,-338502.59851805767,468691.377325717,2394479.212653618
655,2026-09-20T23:07:53.438465Z,1.2010751868067329,-43.71928213690225,1.1546089781452629,-43.78166164882543,30,-0.04646620866147,-0.06237951192318292,-5166.806663562916,-6934.819669066581,8647.983134808104,2390836.722226871
656,2026-09-20T23:08:11.227480Z,58.18377496915919,8.743087986912428,58.17415514901975,8.744045957876661,34,-0.009619820139441515,0.0009579709642366652,-1069.675194739048,56.16536070036542,1071.14871512646,2387193.786901396
657,2026-09-20T23:08:27.911786Z,-38.789218030619296,-173.08164390926657,-41.304238634271854,177.75816017956026,30,-2.515020603652559,-9.160195911173105,-279657.5315327001,-779733.6025943098,827859.6143098732,2384820.3711135853
658,2026-09-20T23:08:46.149478Z,36.98672074768457,-24.39442344364889,-89.98162091683082,167.13109593542325,37,-126.96834166451539,-168.47448062092786,-14118235.437567059,-16765631.576889966,14122281.540551297,2402658.457997229
659,2026-09-20T23:08:57.824579Z,-38.23805795841733,57.97845408038293,-89.9999664518391,155.98271285589507,38,-51.76190849342177,98.00425877551214,-5755661.617908396,4756827.6972757885,5755665.867738396,2407746.4813807514
660,2026-09-20T23:09:09.751258Z,46.81181671672139,-22.067297295266314,-89.99999357078754,140.96182760267794,40,-136.81181028750893,163.02912489794426,-15212779.209028842,16855687.350932233,15212780.607689066,2427148.0482387943
661,2026-09-20T23:09:26.886421Z,-36.30428315776211,139.45613891756165,-36.340805863690065,139.42746206224348,31,-0.03652270592795759,-0.028676855318167327,-4061.1396065200347,-2569.1373069233928,4805.551037209982,2423483.384854223
662,2026-09-20T23:09:42.819634Z,50.562722195147465,-109.38757289318188,50.55347643176722,-109.20946262831875,26,-0.009245763380242522,0.17811026486313608,-1028.0819808390147,12581.999547274321,12623.929153396279,2419841.603199086
663,2026-09-20T23:09:48.285003Z,22.70723940038051,-110.2680001703981,36.38943960145603,-115.42371674979547,1,13.682200201075524,-5.155716579397392,1521391.2476947596,-498727.4546500316,1600309.7062629277,2418605.5068236166
664,2026-09-20T23:09:58.757875Z,-76.17579833371596,69.90358139639298,-29.182305475141852,-179.99833533219652,10,46.99349285857411,110.09808327141047,5225437.991180743,7422281.072850529,7373389.740929933,2426067.531272572
665,2026-09-20T23:10:16.945226Z,-26.012284073404402,-40.69718399039729,-25.932357579956072,-39.645885774780986,40,0.0799264934483297,1.051298215616299,8887.420575943825,105092.8942572268,105467.720994336,2422577.907497717
666,2026-09-20T23:10:34.683095Z,-5.212354556093553,178.19747998593596,-5.64342495347691,-179.98872449556868,33,-0.4310703973833574,1.8137955184953398,-47932.84121568321,200780.51232815025,206422.2516092545,2419250.3464528397
667,2026-09-20T23:10:45.360192Z,-28.937165585669913,65.9671986015579,-89.55346806753445,-179.94744375756292,15,-60.61630248186454,114.08535764087918,-6740225.3079353105,6487008.423450327,6810229.096736989,2425833.522989997
668,2026-09-20T23:11:01.545532Z,-66.88951672903093,160.0965692638233,-89.99999999951476,-76.22701344293824,37,-23.110483270483826,123.67641729323844,-2569768.491981751,2754737.4383887965,2569768.4920656257,2426048.9945005896
669,2026-09-20T23:11:12.719135Z,-29.623409357949487,157.15842726077113,-29.70627322459936,157.14486291794447,17,-0.08286386664987333,-0.013564342826668963,-9214.041573617162,-1310.603162983853,9306.784739017958,2422436.524829795
670,2026-09-20T23:11:33.160633Z,-46.91847430467617,-114.68939085675515,-87.38604660264093,179.999693649253,38,-40.467572297964765,-65.31091549399184,-4499788.733155569,-2819809.351580625,4675047.663012808,2425798.6310061873
671,2026-09-20T23:11:47.592470Z,75.98724271990937,121.35195634627684,75.95582043509357,121.33606337625292,25,-0.03142228481580389,-0.015892970023912767,-3493.9986550977455,-428.3805784631556,3520.1614018514556,2422188.677996345
672,2026-09-20T23:12:00.921952Z,6.5589193780002635,35.55061547952755,6.591772102599019,35.65909253479261,30,0.03285272459875532,0.10847705526506957,3653.0563018324888,11982.755299296552,12527.219973083007,2418602.8722552387
673,2026-09-20T23:12:17.658260Z,-23.696527582208674,110.69449287547423,-23.700443944737142,110.76404860716649,36,-0.003916362528467943,0.06955573169227591,-435.4796440664914,7082.040518220559,7095.416788057838,2415019.6516676205
674,2026-09-20T23:12:28.033228Z,-40.137342573255815,31.51146655370468,-70.18939491132696,44.010294485417276,12,-30.052052338071142,12.498827931712583,-3341635.7552502602,793910.7588288223,3418946.616129087,2416509.157549611
675,2026-09-20T23:12:44.717918Z,56.15708058784084,172.75219029659632,56.226498040052334,172.57534464513427,33,0.06941745221149631,-0.17684565146205955,7718.868506509493,-10941.52727781867,13390.211796686835,2412948.9813336805
676,2026-09-20T23:12:54.690628Z,70.71695077047282,69.34960028459551,82.63270780833547,152.5011785415529,12,11.915757037862647,83.15157825695735,1324971.7297395216,2131000.351549459,2196480.644560735,2412628.7619005847
677,2026-09-20T23:13:08.369699Z,-27.136548813018138,38.16910711481191,-25.07964057883506,37.804682647664734,25,2.0569082341830764,-0.3644244671471597,228717.76021457603,-36387.490842672625,231593.64798769818,2409407.144302486
678,2026-09-20T23:13:23.046405Z,7.132107788266349,49.368120504486,7.333653700591648,49.23268435318867,42,0.20154591232529917,-0.1354361512973412,22410.882936522306,-14939.976134879438,26934.1849325554,2405893.1723860106
679,2026-09-20T23:13:37.780852Z,15.392406503332543,100.27875241073957,15.357767514316258,100.27899200795865,42,-0.03463898901628504,0.0002395972190925022,-3851.6798427074905,25.688498988044334,3851.7655055407563,2402355.556175583
680,2026-09-20T23:13:50.959893Z,-12.603368934386728,-82.19720245092027,-12.672022622823517,-82.2403376444505,21,-0.06865368843678965,-0.04313519353024731,-7633.941849607216,-4680.212090266656,8954.409545440732,2398835.8486070093
681,2026-09-20T23:14:07.445575Z,-20.113776514923096,-23.264714968285034,-17.210568832698527,-24.296283889663094,29,2.9032076822245685,-1.0315689213780672,322821.9652588803,-108674.22952465953,340618.0923368363,2395813.502415717
682,2026-09-20T23:14:21.124477Z,63.136322873979786,121.51524569502874,63.09294921484354,121.42376720549355,22,-0.04337365913624325,-0.09147848953517723,-4822.930845960663,-4599.823104965595,6664.75942278574,2392310.351766167
683,2026-09-20T23:14:37.304871Z,6.790337814103541,137.00330577559185,6.726504712502691,136.95814395269488,28,-0.0638331016008502,-0.045161822896972126,-7097.917050001204,-4986.870192465763,8674.635327591288,2388820.401961718
684,2026-09-20T23:14:56.292293Z,4.327775262467375,-82.5150140771674,-43.13375117580931,179.99996112065296,37,-47.461526438276685,-97.48502480217962,-5277480.950742961,-10224195.085354995,10943534.068777824,2401327.293287473
685,2026-09-20T23:15:09.523243Z,6.413372792767694,-74.47351386043525,-89.99999999636134,179.1919842237592,23,-96.41337278912903,-106.33450191580556,-10720677.914841698,-8815321.370025126,10720677.915360091,2413472.3306919583
686,2026-09-20T23:15:25.957290Z,-32.97181091051724,102.3109611601356,-33.084813636592095,102.34509587924137,27,-0.1130027260748534,0.03413471910576504,-12565.329836528488,3182.242473118967,12962.02814087358,2409973.0445366357
687,2026-09-20T23:15:45.402932Z,-61.7779736826937,150.50297367834156,-61.792764865371076,150.55248061596794,38,-0.01479118267737789,0.0495069376263757,-1644.7044727973023,2602.593065349782,3078.7242016392606,2406469.5593541977
688,2026-09-20T23:15:59.334845Z,19.289566095468977,3.89069518358815,19.321412720823417,3.81138188771168,29,0.03184662535444005,-0.07931329587646019,3541.1831701637057,-8323.32413121702,9045.313658940828,2402984.931090106
689,2026-09-20T23:16:09.759987Z,53.45205829007323,-124.1102736328051,53.28680006543417,-123.77755169747167,12,-0.1652582246390608,0.3327219353334385,-18375.876166150378,22074.37106079422,28721.901566320274,2399538.9760399987
690,2026-09-20T23:16:19.933848Z,13.665398371645786,13.493886799626011,13.765897069555036,13.500401087737787,14,0.10049869790925037,0.0065142881117878915,11174.945341892762,703.7003504421639,11197.079861634724,2396077.6109730736
691,2026-09-20T23:16:36.121814Z,2.7196771873075773,113.4550174523755,2.662853121758623,113.45596690818469,37,-0.05682406554895447,0.0009494558091773797,-6318.54780036159,105.4582249253957,6319.42780176661,2392619.2054981515
692,2026-09-20T23:16:51.807888Z,-70.31375074483448,32.459888657996174,-70.94326833840894,23.740824704669894,34,-0.6295175935744624,-8.71906395332627,-69999.16263897148,-321580.35823198315,328800.8924568354,2389636.809092022
693,2026-09-20T23:17:01.231237Z,-18.401703555457843,15.921917342006054,-18.37337151592667,15.863426064269662,17,0.028332039531171915,-0.05849127773637974,3150.3790573593997,-6171.8727205718,6929.422755275158,2386198.558895288
694,2026-09-20T23:17:06.948836Z,-39.04306295001966,14.825415531035674,52.60807220284711,-101.216923443441,2,91.65113515286677,-116.04233897447668,10191141.25021356,-12813016.994975915,15015111.295465427,2404395.839495533
695,2026-09-20T23:17:18.575286Z,40.29639710990796,-146.86256661240287,40.3079643432019,-146.83195071092567,18,0.011567233293945378,0.030615901477204943,1286.217657600754,2596.2930933786943,2897.428782566716,2400940.4460988236
696,2026-09-20T23:17:32.753120Z,-26.599540815257864,106.6337674671799,-14.06108231316318,-179.87034391087988,21,12.538458502094684,73.49588862194025,1394212.9733762622,7663274.297171911,7694128.846580285,2408545.601846642
697,2026-09-20T23:17:42.925189Z,35.98756325329267,-107.95398133667939,35.86376812265488,-107.79368912958817,14,-0.12379513063778802,0.16029220709123138,-13765.390470222403,14433.240033279028,19945.027881688588,2405118.628282847
698,2026-09-20T23:18:00.159851Z,-63.878508119385096,-67.50677469924379,-66.3415032883228,-59.04931328838805,29,-2.4629951689377023,8.457461410855728,-273872.56713593035,395804.39412351453,480700.8780062743,2402361.5827953448
699,2026-09-20T23:18:17.043864Z,-64.5585489272263,65.76162310766503,-64.64407036616649,65.76256426815603,33,-0.08552143894019082,0.0009411604909814741,-9509.550129491627,44.88687526206005,9509.656065890715,2398938.332542513
700,2026-09-20T23:18:32.626498Z,60.587284311486904,-30.839236146605913,60.5654626668717,-30.74724835053599,34,-0.021821644615201308,0.09198779606992957,-2426.4561722509393,5024.920699212884,5580.099487547248,2395519.249352434
701,2026-09-20T23:18:46.055436Z,14.97255859187607,117.58810748161687,14.910830419271324,117.53014063771832,24,-0.06172817260474517,-0.057966843898555,-6863.859624687299,-6227.684239434713,9268.042682289466,2392115.1820105365
702,2026-09-20T23:19:00.032246Z,30.763792261671888,-52.617130909768846,30.73834790104793,-52.596446593962,28,-0.025444360623957607,0.020684315806846598,-2829.2838130986647,1976.6050303346763,3451.3496197167433,2388712.526978641
703,2026-09-20T23:19:17.967584Z,-28.90564642083829,137.87962513444336,-25.019398255092746,-179.99995147248663,40,3.8862481657455454,42.12042339307004,432131.0797126269,4174487.9485546025,4175308.1468790006,2391253.9147736626
704,2026-09-20T23:19:33.910489Z,-41.2767682042029,27.4267626962791,-88.01366893865486,-90.13446307118095,22,-46.73690073445196,-117.56122576746004,-5196906.248761409,-5597809.70694753,5522560.128890445,2395701.792918715
705,2026-09-20T23:19:54.348068Z,-60.69178742441059,-92.65840936539533,-60.71338280909478,-92.69260012788284,37,-0.021595384684189867,-0.03419076248752617,-2401.2972158195194,-1860.4038590723717,3037.652107804611,2392307.943073593
706,2026-09-20T23:20:13.587483Z,87.26575936963455,-47.12137016392185,84.79282555210173,-57.81640444435105,36,-2.4729338175328195,-10.695034280429184,-274977.6944374105,-82350.21377567638,285867.0280694782,2389324.31571523
707,2026-09-20T23:20:27.519114Z,-9.937161501152428,-78.62570799770045,-10.216428202947107,-77.25158786124973,26,-0.27926670179467905,1.3741201364506992,-31053.040420327197,150438.18812991804,153609.4316949593,2386162.05986796
708,2026-09-20T23:20:40.496901Z,44.29703137118208,20.39643226921359,44.09116663119395,20.21158724118839,32,-0.20586473998812949,-0.18484502802519387,-22891.114661681215,-14736.7340105315,27224.50131821941,2382830.2271581437
709,2026-09-20T23:20:55.728498Z,11.210192363428586,-79.69775098029707,10.206775883296721,-73.9484340231872,31,-1.0034164801318646,5.749316957109869,-111574.821902204,628161.7443416357,637976.1016849587,2380369.2199289855
710,2026-09-20T23:21:09.909543Z,1.0384855414059655,61.20348627843069,1.1370564332682453,61.92886252464775,28,0.09857089186227985,0.7253762462170528,10960.58308991494,80643.62282165869,81385.05173804112,2377131.214058294
711,2026-09-20T23:21:28.396386Z,11.039933585034689,107.86438127716434,10.950625135333517,107.79563928680544,35,-0.08930844970117136,-0.0687419903588875,-9930.646513261012,-7503.443305774165,12446.661748368433,2373805.3567414028
712,2026-09-20T23:21:43.076115Z,33.078590432304615,-105.1927376611248,84.56149753217015,177.66809476008737,22,51.482907099865535,-77.1391675787878,5724638.07841818,-4440801.470276075,6212951.140305684,2379197.415426184
713,2026-09-20T23:21:53.252219Z,-30.397713084119992,-2.886278361080315,-87.83744103813564,157.83538194149563,14,-57.439727954015645,160.72166030257597,-6387006.33633018,9173013.37573156,6854732.203459492,2385474.46281473
714,2026-09-20T23:22:04.124059Z,-14.368019942619519,28.667916860256355,-13.649942482623349,27.548860082108416,18,0.7180774599961701,-1.1190567781479501,79846.5704893852,-120732.51129553202,144746.53889602536,2382336.1884114826
715,2026-09-20T23:22:23.312219Z,-22.097500810986027,-139.8311724368873,-22.18669734477568,-139.8258507412659,41,-0.08919653378965364,0.0053216956214043876,-9918.202031689441,548.1054696305017,9933.335344001986,2379018.1424631365
716,2026-09-20T23:22:38.996536Z,-22.31328134746267,-174.73787734683782,-22.382574254502867,-174.70715232522335,36,-0.06929290704019664,0.030725021614472325,-7705.019715322892,3159.862489995232,8327.788295853594,2375707.122415417
717,2026-09-20T23:22:53.177118Z,-10.699101787658867,-148.46885603807777,-10.803006904308825,-148.47221708228972,38,-0.10390511664995827,-0.003361044211942499,-11553.721823886428,-367.17095020571026,11559.554595635638,2372409.845472851
718,2026-09-20T23:23:10.361819Z,-23.490904625021816,-158.48341208734982,-23.559124525412,-158.48805910029637,30,-0.06821990039018289,-0.004647012946549012,-7585.706819585489,-473.7771907815212,7600.487664459118,2369116.239124928
719,2026-09-20T23:23:27.297000Z,-59.494395361309,-52.20001981446535,-59.89887168374154,-49.42463911974263,36,-0.4044763224325365,2.7753806947227133,-44975.715002346784,155717.0438115932,162068.17538255712,2366046.631247679
720,2026-09-20T23:23:39.023068Z,22.3189864676991,68.33642025521206,22.56382743857909,69.05059363480356,27,0.2448409708799879,0.7141733795915002,27225.073796582798,73398.58277406266,78284.9540984085,2362869.1844738605
721,2026-09-20T23:23:54.005315Z,17.00964616705102,-55.61627264563171,16.95016298885383,-55.6631246617356,28,-0.05948317819719051,-0.0468520161038839,-6614.2276362218145,-4982.601014405856,8280.961123021052,2359603.458782667
722,2026-09-20T23:24:00.127857Z,-43.4107683804877,70.27678428447382,-7.0328739891288725,-98.70717606353203,1,36.37789439135883,-168.98396034800584,4045037.29833065,-16998796.030635696,14296996.8840766,2376137.2446902758
723,2026-09-20T23:24:15.861295Z,-4.502598458360249,-57.9804947333858,-4.38775586686456,-56.79011813952867,33,0.1148425914956892,1.1903765938571382,12769.913537034185,131965.68100179662,132582.05743890116,2373034.125482459
724,2026-09-20T23:24:26.087870Z,-46.369265758531185,0.7972509363855806,-8.801278415070316,-19.137971032684597,12,37.56798734346087,-19.93522196907017,4177369.5968398424,-1964707.4481032137,4587454.4904165175,2376092.717146733
725,2026-09-20T23:24:37.813621Z,34.514213923639986,-53.51137068524662,34.46032439848665,-53.50888172069517,19,-0.05388952515333756,0.0024889645514463155,-5992.241796335473,228.12017948668307,5996.582406068115,2372823.6190298493
726,2026-09-20T23:24:56.049790Z,81.99131093708382,-29.65049084055613,81.99981063505501,-30.292498708784425,38,0.00849969797118888,-0.6420078682282906,945.1232924072522,-9940.769017681734,9985.544809395093,2369569.0211314736
727,2026-09-20T23:25:05.722989Z,57.22502329481539,-172.14794611972695,57.34540829411042,-172.11639073581978,11,0.12038499929503388,0.03155538390717538,13386.201165716546,1896.3563085185667,13519.857169789595,2366328.2382374415
728,2026-09-20T23:25:23.708895Z,-12.713797023715882,-135.51098898242952,-12.814272748793275,-135.5093482365455,38,-0.10047572507739311,0.0016407458840319578,-11172.390879539576,177.93413825474482,11173.807699858462,2363093.135997692
729,2026-09-20T23:25:35.686823Z,-8.364353331414641,88.99021736002732,4.115782378694362,-179.9999999501833,37,12.480135710109003,91.0097826897894,1387727.7747997085,10112871.483808367,10184879.00433181,2373822.609068109
730,2026-09-20T23:25:44.809133Z,19.7726930035581,19.069306608152374,89.99999999999999,-179.26466639692367,23,70.22730699644188,161.66602699492398,7808920.2499142615,10340053.033114994,7808920.249914264,2381267.9483021447
731,2026-09-20T23:26:01.493274Z,-15.071018148473762,108.07841250210686,-1.8848088069358582,-179.99999920323387,31,13.186209341537904,71.92158829465927,1466239.5804521025,7909927.208773193,8012615.165628299,2388971.569666476
732,2026-09-20T23:26:16.925633Z,38.01095898512174,143.1050564370563,54.56887579994693,-179.9999999778216,26,16.55791681482519,36.894943585122064,1841156.3456111928,2834888.090942198,3322638.165607332,2390247.070480603
733,2026-09-20T23:26:24.643478Z,35.37646753422847,30.301864967434625,89.99999999999999,-179.99999999696809,32,54.62353246577152,149.69813503559726,6073859.685598136,7637568.01285074,6073859.68559814,2395272.462861391
734,2026-09-20T23:26:37.520125Z,10.9592540544365,15.20361886066732,11.055244808275383,15.188470938501766,23,0.09599075383888334,-0.015147922165567707,10673.684831670527,-1653.384756535841,10800.98274817666,2392023.8641146426
735,2026-09-20T23:26:50.896733Z,21.06261740229458,22.62491327634703,21.118745302752007,22.613010741738105,30,0.056127900457425994,-0.011902534608935866,6241.137774076578,-1234.8428430322133,6362.125225498267,2388778.06583044
736,2026-09-20T23:27:03.124453Z,-46.58287939915406,104.55524758395103,-46.60476496343707,104.64559298553417,24,-0.021885564283010694,0.09034540158313575,-2433.563715024149,6903.23396278487,7319.621832181344,2385542.388596746
737,2026-09-20T23:27:21.121723Z,-14.415605008988532,-81.00169435037967,-14.714005407190829,-79.82491255212379,33,-0.2984003982022969,1.1767817982558881,-33180.61038881152,126647.07767418021,130921.18214142481,2382483.2010710267
738,2026-09-20T23:27:36.505286Z,39.690012153990196,141.66101100851296,67.86577026323558,-179.97255526064023,28,28.17575810924538,38.36643373084678,3133001.3561123707,2520942.232106744,3894687.3689952423,2384532.2582091354
739,2026-09-20T23:27:55.691261Z,17.224889798425757,138.95080045359248,2.733436580236761,-179.9999718426364,35,-14.491453218188996,41.04922770377112,-1611376.07756958,4495409.322974397,4760131.6799343135,2387746.871770333
740,2026-09-20T23:28:08.821203Z,-35.7380059488684,136.32110295762698,-31.19538505243509,-179.99999989171022,36,4.542620896433309,43.678897150662806,505116.39735294145,4051634.0313010714,4049756.1845145766,2389992.8303010687
741,2026-09-20T23:28:20.194359Z,6.5542560656832,-153.8899600802854,6.4431771980521075,-153.8402398383893,18,-0.11107886763109232,0.049720241896096695,-12351.40653799996,5493.113780481754,13517.822776956053,2386785.71153248
742,2026-09-20T23:28:33.625045Z,-42.66467285194471,-94.99991287343573,-42.733147983533826,-95.02044602605113,23,-0.06847513158911767,-0.020533152615399786,-7614.087234028446,-1677.973512893105,7796.788974466498,2383579.527000731
743,2026-09-20T23:28:44.048164Z,54.61410623912263,-67.55707371150648,54.531345068973536,-67.5427007913306,16,-0.0827611701490909,0.014372920175873105,-9202.622243746007,926.4247710717334,9249.13606671904,2380383.9275512905
744,2026-09-20T23:28:59.279871Z,9.784882493761536,157.6483188946808,3.738560944102804,-179.99726105482927,31,-6.046321549658732,22.35442005048992,-672320.2811837173,2468408.551319628,2556962.5050885887,2380621.264349056
745,2026-09-20T23:29:15.464037Z,77.3403452080912,131.53493872028503,81.37011965198458,-179.32505005553247,28,4.029774443893388,49.1400112241825,448090.4736828427,1009328.4250360163,1061326.1222055405,2378850.398386447
746,2026-09-20T23:29:32.648472Z,-68.66614982191369,-66.11391458260731,-71.0288307298542,-53.59892088676901,29,-2.362680907940515,12.514993695838314,-262718.130242945,479435.6209608268,545269.3640505986,2376392.5149624045
747,2026-09-20T23:29:50.383912Z,-28.95070632577368,-60.77970882181434,-28.972233318889533,-59.77848070574241,46,-0.021526993115852378,1.0012281160719283,-2393.6924203951257,97408.98720605065,97438.10200495302,2373341.7058419795
748,2026-09-20T23:30:00.610294Z,0.9842894295397119,-13.350382448224451,1.0759999330496142,-13.345548558512757,13,0.09171050350990229,0.004833889711704842,10197.742710319131,537.4171376246265,10211.8937276078,2370182.4413872813
749,2026-09-20T23:30:14.891732Z,1.5251523744103799,35.94927679118092,1.581581122871338,36.04351227123676,35,0.05642874846095802,0.09423548005582916,6274.590545760483,10474.65653997191,12210.196855129141,2367034.280847185
750,2026-09-20T23:30:22.062815Z,20.600624389181057,-173.54430531886686,89.99999347988123,80.51300744675414,9,69.39936909070016,-105.94268723437898,7716857.755219062,-6706225.277422643,7716858.679364201,2374167.380045207
751,2026-09-20T23:30:39.747300Z,-16.487681445140044,-177.21266968124746,-16.63486898558616,179.96788043989957,35,-0.14718754044611515,-2.8194498788529927,-16366.507762898796,-300502.760973741,300945.5569638008,2371406.7651010244
752,2026-09-20T23:30:54.230246Z,74.21629683069973,101.29997681185233,74.15510515692404,101.27866046440178,28,-0.061191673775695676,-0.021316347450550666,-6804.20367674625,-645.9467832669633,6834.795782924607,2368262.38748225
753,2026-09-20T23:31:03.400690Z,9.950633859434152,-39.78493213529151,9.927881366852928,-39.868539378313606,12,-0.02275249258122436,-0.08360724302210087,-2529.9617435501095,-9157.16979400024,9500.234913582333,2365129.901223859
754,2026-09-20T23:31:15.877320Z,11.807733966982353,95.39073164718792,11.749095798353716,95.39699621540349,30,-0.05863816862863658,0.00626456821555621,-6520.266859232509,681.9210923175187,6555.829180649144,2362001.8189001945
755,2026-09-20T23:31:30.810343Z,-3.1980524005590287,-165.85946850733885,-3.184680714461035,178.84217324495654,28,0.013371686097993774,-15.298358247704641,1486.8636547804836,-1698461.6965336069,1698446.5947656357,2361122.9378086254
756,2026-09-20T23:31:46.493854Z,40.94887722127131,138.33348423353442,41.01968926146945,138.16550239444422,28,0.0708120401981418,-0.1679818390902028,7873.939615383922,-14100.376125615347,16149.903655311015,2358021.121625883
757,2026-09-20T23:31:59.975787Z,23.547626883484053,32.3514109805985,24.94383384623824,32.34283986446915,25,1.396206962754185,-0.008571116129360234,155251.13080407376,-868.9973215402189,155253.56263924565,2355111.2569508674
758,2026-09-20T23:32:12.703295Z,30.699053635213218,45.47735081818655,30.735724796605528,45.64330938719088,39,0.036671161392309415,0.16595856900431727,4077.6471009886195,15864.639509846575,16380.290872037605,2352025.859897993
759,2026-09-20T23:32:26.334594Z,58.36141784438495,-34.28543339430598,58.31013008073468,-34.17970802760074,25,-0.05128776365027221,0.10572536670525778,-5702.939116855485,6171.263758765354,8402.855498157303,2348938.082553593
760,2026-09-20T23:32:45.021561Z,-52.71749048635376,156.90511156824795,-51.76912225317477,-179.99449598800499,36,0.9483682331789893,23.10039244374707,105453.73612036748,1572807.001725057,1569554.9624467634,2347912.578448189
761,2026-09-20T23:33:00.705495Z,42.4744366398151,164.43696661152632,46.91925610333537,-178.56032453346998,29,4.444819463520268,17.002708855003675,494241.37419444317,1343921.3160536652,1428375.7051054302,2346704.251413573
762,2026-09-20T23:33:16.890427Z,9.182916659649749,151.3197924458501,2.8052200383431782,-179.9960016640207,33,-6.377696621306571,28.684205890129192,-709167.5079674342,3172100.0445824685,3248384.8152911905,2347887.5592401843
763,2026-09-20T23:33:29.770041Z,-1.334806422816854,124.97058657874345,3.7518230918897055,-179.99999691474116,22,5.086629514706559,55.02941650651542,565607.3957558433,6117630.838677874,6141571.780966508,2352859.62244035
764,2026-09-20T23:33:46.204455Z,-45.21415868954602,125.85320863862779,-39.94634096150337,-179.99999999999034,31,5.267817728042651,54.14679136138187,585754.6058466086,4433333.576640296,4388128.258122449,2355523.5866231797
765,2026-09-20T23:34:00.635140Z,-35.8281566403672,113.85131754195612,-24.53060441750186,-179.99999999990496,43,11.297552222865338,66.14868245813892,1256230.4906845826,6358416.161686682,6363555.604765483,2360762.844163235
766,2026-09-20T23:34:21.378653Z,-32.082274058596404,-30.341520554029103,-29.155000164793513,-31.600105162352694,35,2.927273893802891,-1.2585846083235879,325498.00588994427,-120436.13824756337,347055.0280364986,2358133.9827844794
767,2026-09-20T23:34:34.809841Z,-87.29520083608962,-173.1922345122316,-87.30523987154888,-170.92917387893664,22,-0.010039035459257661,2.2630606332949696,-1116.2898114742798,11852.941109249037,11904.604453197398,2355075.0135819614
768,2026-09-20T23:34:50.442226Z,59.666728300290494,71.91900170932092,-89.98893835286829,-98.78886110768859,30,-149.6556666531588,-170.70786281700953,-16640950.875440527,-18321170.969727423,16643394.728041217,2373679.596543497
769,2026-09-20T23:35:09.934325Z,-68.93921720896174,25.22127702807424,-69.49132783211732,16.765805079901373,32,-0.5521106231555848,-8.455471948172857,-61391.900241466865,-333639.2533539585,338952.5386500874,2371033.657586548
770,2026-09-20T23:35:24.313559Z,3.9910850121989343,132.74730659277185,3.8989347021628467,132.7068987820874,26,-0.09215031003608765,-0.040407810684456535,-10246.64696473611,-4482.497221963363,11184.209894664844,2367968.918044091
771,2026-09-20T23:35:40.849795Z,71.3532310526099,-25.34431898172909,71.32685440532872,-25.122421702130172,32,-0.026376647281182386,0.22189727959892025,-2932.949359560475,7894.421768105916,8421.638024855325,2364908.545437062
772,2026-09-20T23:35:54.327462Z,51.76870098457133,61.62216364402508,51.731599653203126,61.6824719244877,28,-0.03710133136820559,0.060308280462606945,-4125.4798199030865,4151.614620079041,5852.818398609814,2361852.773769914
773,2026-09-20T23:36:06.804719Z,50.7855063579206,19.450409439516932,50.52753482132212,19.33196515781181,32,-0.2579715365984825,-0.11844428170513766,-28685.126088452358,-8349.613207339673,29875.606119785738,2358835.985713446
774,2026-09-20T23:36:20.989507Z,49.30073741750927,-100.61479002692894,49.29803004038724,-100.53595081743076,25,-0.0027073771220287313,0.07883920949819867,-301.04660048314133,5716.70526127876,5724.626197889225,2355795.7901585163
775,2026-09-20T23:36:43.985332Z,-79.40931004158679,-62.360606588188176,-83.92201447660682,-113.10973719010272,42,-4.5127044350200265,-50.749130601914544,-501789.8386206267,-817955.0070878526,912857.6830079035,2353933.9345363863
776,2026-09-20T23:37:00.668085Z,-42.509651851981296,105.65657952719533,-42.39015195388451,105.81958325058996,30,0.11949989809678385,0.1630037233946382,13287.782402904124,13373.991456362332,18852.812153942585,2350924.809378677
777,2026-09-20T23:37:14.851352Z,-38.18182559413647,-103.08198630234996,-22.629071789909865,179.99999807823622,25,15.552753804226604,-76.91801561941384,1729387.318381859,-7376575.593004723,7371392.000820503,2357386.1571154105
778,2026-09-20T23:37:27.781512Z,-12.29859469432753,-155.12496544365723,-14.985279485490457,179.99999967359201,38,-2.686684791162927,-24.875034882750697,-298745.7182704133,-2687945.660038711,2703019.0392996436,2357830.415318732
779,2026-09-20T23:37:46.219900Z,-12.398113172186845,117.24218260548867,-12.48935584639436,117.25027771429224,36,-0.09124267420751586,0.008095108803559015,-10145.722465358096,878.9891330401166,10183.72751269801,2354816.74819703
780,2026-09-20T23:38:04.708509Z,-3.4990103219190836,-37.08455800707915,-4.026201495801341,-36.83551581953696,34,-0.5271911738822572,0.24904218754218732,-58620.9839074964,27632.537439683427,64807.18646494294,2351880.8385025016
781,2026-09-20T23:38:18.186402Z,-19.744902134719663,150.24902473421838,-22.4673176760032,-179.99999999820187,21,-2.7224155412835387,29.750975267579747,-302718.79640902975,3086230.2295406535,3096040.1641498753,2352833.6673445594
782,2026-09-20T23:38:30.163460Z,-50.550851071691746,-96.49211643301147,-50.83161191537671,-98.16758174267966,19,-0.28076084368496623,-1.6754653096681977,-31219.181418214244,-118022.97225347107,122079.12350463317,2349981.0400506468
783,2026-09-20T23:38:46.095230Z,-86.77572879293206,-175.29907411111517,-86.75150447936122,-175.3229086024969,31,0.02422431357084065,-0.023834491381734324,2693.6207705244146,-149.6226078179021,2697.7730569154533,2346983.232557679
784,2026-09-20T23:38:57.518986Z,-3.938221302088478,76.10550476148956,1.8006631493658114,-179.99999997130942,28,5.73888445145429,103.89449526720102,638134.8356010584,11550530.921233816,11562208.494677786,2358737.346412424
785,2026-09-20T23:39:14.205387Z,23.566798733683356,146.3135505609638,23.572291743990494,-179.99999999999997,38,0.00549301030713778,33.68644943903621,610.7948781599905,3433273.554739762,3425136.935192094,2360095.817226156
786,2026-09-20T23:39:31.442911Z,-57.239380763048864,-100.94643410995927,-57.07297011836633,-102.03296180943492,34,0.16641064468253575,-1.0865276994756528,18504.019428348292,-65524.8763125925,68086.65496343536,2357179.7750349822
787,2026-09-20T23:39:46.678466Z,-19.037698981839057,-40.42632856653594,-19.14225711340911,-40.46383353337894,28,-0.10455813157005167,-0.0375049668429881,-11626.333770024017,-3941.017703253138,12276.125266180608,2354200.2278307015
788,2026-09-20T23:40:02.110290Z,24.80983670965992,-101.13461156136398,24.694313835863923,-101.06996765636065,27,-0.1155228737959959,0.06464390500332229,-12845.55747751438,6527.691581429947,14408.993020233227,2351230.949613937
789,2026-09-20T23:40:21.101502Z,54.96514829089919,39.6261087238355,55.38265331978758,40.75360954543228,34,0.41750502888839236,1.127500821596783,46424.44106097917,71598.60100266032,85330.6136870198,2348359.0860703033
790,2026-09-20T23:40:40.341636Z,-10.353244606593952,-68.65302044707144,-10.617833596916508,-67.32341761159292,37,-0.26458899032255623,1.3296028354785108,-29420.9533698745,145376.20549059944,148323.16335958065,2345574.2304719356
791,2026-09-20T23:40:46.206233Z,41.960438947951694,-126.35930109611067,-8.300293784347431,-116.24063144497896,1,-50.260732732299125,10.118669651131711,-5588738.4892697735,1076952.1511839286,5682985.781111656,2349793.4612565623
792,2026-09-20T23:41:02.888187Z,-55.29632636705197,43.72157030058722,-58.01325116254393,34.85711598525475,28,-2.7169247954919626,-8.864454315332466,-302108.25333351153,-541812.0115983475,619665.311395286,2347608.956016838
793,2026-09-20T23:41:17.018200Z,12.514508973113873,-177.44298035889625,12.889535624674368,179.399926380785,24,0.37502665156049453,-3.1570932603187885,41701.06101002368,-342461.3635209522,344988.1829474878,2345083.583036927
794,2026-09-20T23:41:22.933793Z,18.614981779305193,-123.75593670067582,-3.0684788757508237,128.00150978407927,1,-21.683460655056017,-108.24255351524494,-2411090.816939129,-11925424.883946838,12037934.282606494,2357291.2035653526
795,2026-09-20T23:41:38.112553Z,-67.22419927748632,82.44021037212565,-67.27308542468617,82.46196955998909,27,-0.04888614719985185,0.021759187863438,-5435.891551822627,935.7044116687357,5515.837084345637,2354332.9955572
796,2026-09-20T23:41:57.803869Z,-17.256120187003155,-63.783519141297305,-17.261576148378886,-62.56987351249121,38,-0.005455961375730567,1.2136456288060913,-606.6752249499061,128874.94094309382,128876.15674004023,2351537.195508435
797,2026-09-20T23:42:14.189896Z,58.177301837724535,166.99661267667028,60.9352467775591,-179.13065974837932,31,2.757944939834566,13.872727574950432,306669.48527463654,781611.1563876242,837618.0306519422,2349637.6733442484
798,2026-09-20T23:42:31.877429Z,-39.75931095863814,117.50203280880578,-26.68535605229746,-179.99999929642297,35,13.073954906340678,62.49796789477125,1453757.4567648205,5813573.869311051,5872693.168681279,2354052.5298546962
799,2026-09-20T23:42:41.252295Z,2.47165451736724,165.3317451714911,-1.9096227889460509,-179.90254504453478,13,-4.381277306313291,14.765709783974103,-487175.80868497625,1641852.2682053146,1712221.8195557653,2353249.237351193
800,2026-09-20T23:42:50.123759Z,-30.383075260782924,20.447005848126736,-89.91115907367026,-178.08482250733567,10,-59.52808381288734,161.46817164453762,-6619220.912865152,8937266.354958579,6638466.450496888,2358605.758867625
801,2026-09-20T23:43:04.305921Z,23.363861140276263,-1.893076009291235,-89.9740838961089,-148.24753098174392,26,-113.33794503638515,-146.3544549724527,-12602604.484365877,-13601025.630549194,12607885.130593723,2371401.363576397
802,2026-09-20T23:43:12.978544Z,-36.62464213534232,-164.5526993959686,-89.99999999999999,-57.075542147218194,36,-53.375357864657666,107.47715724875042,-5935069.002387681,5367476.932447604,5935069.002387683,2375844.839435264
803,2026-09-20T23:43:26.156323Z,-48.98401161093868,177.64660010354982,-89.99999999999999,-56.06151940445758,37,-41.015988389061306,126.29188049199263,-4560769.820175745,4919803.216640996,4560769.820175747,2378565.792088739
804,2026-09-20T23:43:42.295412Z,-4.937882018249733,-170.3846323421772,-5.075584509432405,-170.39849536771476,35,-0.13770249118267142,-0.013863025537546037,-15311.818405830145,-1535.6164428832099,15388.62890550943,2375626.517010153
805,2026-09-20T23:43:56.276108Z,4.143303664253602,-67.08573458739367,3.3388769953598074,-63.979039139887604,22,-0.8044266688937944,3.1066954475060697,-89448.16443857222,344712.6492339091,356125.9378755741,2373117.820638557
806,2026-09-20T23:44:13.460554Z,-34.01486782003036,106.01838619449558,-34.02315232893534,106.08349217165998,34,-0.008284508904978338,0.06510597716442135,-921.1953599752599,6000.436171851378,6070.735851821669,2370181.0376549507
807,2026-09-20T23:44:32.202278Z,-2.688895689177419,174.3128312373123,-2.8221406908096576,174.29004402618673,36,-0.1332450016322384,-0.022787211125574913,-14816.168182250858,-2530.8925655441085,15030.7768886366,2367262.6358448314
808,2026-09-20T23:44:47.184300Z,-49.361797609267434,-73.04378285552542,-12.290245500866144,179.99996621850195,25,37.07155210840129,-106.95625092597265,4122168.5172936185,-10212836.818679966,10160832.160415323,2376908.142682171
809,2026-09-20T23:45:01.613890Z,-31.635940533910713,87.67653991275921,-32.069130052519284,87.69248956568373,30,-0.4331895186085717,0.015949652924518887,-48168.47674487184,1506.444551897753,48192.02738810856,2374029.6307967645
810,2026-09-20T23:45:14.341476Z,8.589433537499378,77.16643913796082,8.58493369391209,77.19862057259405,31,-0.004499843587288055,0.03218143463323031,-500.35977760048326,3538.2975661977166,3573.501022776944,2371103.1417476605
811,2026-09-20T23:45:23.063471Z,46.81489206474522,125.88382858157553,46.74862254930584,125.76310665422915,13,-0.0662695154393802,-0.12072192734638065,-7368.833908052334,-9192.246779570953,11781.216235784055,2368193.9901748965
812,2026-09-20T23:45:30.982615Z,-20.292297575956308,13.79628029161853,-19.940617204045996,13.055968304868781,18,0.3516803719103123,-0.7403119867497594,39105.07315689831,-77297.1116330219,86625.7125363831,2365384.177025095
813,2026-09-20T23:45:46.913543Z,1.1417838438211079,-95.46029634501349,1.0852182906143923,-95.48632891362503,29,-0.056565553206715524,-0.026032568611526585,-6289.802539429617,-2894.1429260241052,6923.704108359816,2362483.241634054
814,2026-09-20T23:45:58.087529Z,33.94782660561893,-103.34552016301208,33.85249424966466,-103.30547021390416,19,-0.09533235595426959,0.040049949107924476,-10600.474327187969,3696.329212249467,11226.43745858926,2359594.7197616026
815,2026-09-20T23:46:10.514016Z,-12.447425269169518,-137.01631099029896,-12.479716619675933,-136.9457319832238,18,-0.03229135050641574,0.07057900707516751,-3590.634350814633,7663.076374285877,8462.587809373157,2356709.8950598203
816,2026-09-20T23:46:26.448283Z,16.497192170211925,-150.36122372177073,16.431458018983857,-150.27896420947656,33,-0.06573415122806736,0.08225951229417205,-7309.304123847281,8771.786953814106,11417.975364534685,2353835.762805292
817,2026-09-20T23:46:38.175476Z,42.58783545961056,82.48724816965512,87.11200407093068,-178.1234595222471,20,44.52416861132012,99.38929230809777,4950861.662645706,4696821.8307999475,5331542.197767639,2357480.4463242176
818,2026-09-20T23:46:53.056238Z,42.582234595639115,117.50270654173897,78.15928761324191,-179.85639065671413,26,35.5770530176028,62.64090280154687,3955987.8005219204,3443568.464298666,4778305.715869423,2360439.890419016
819,2026-09-20T23:47:07.489382Z,1.3874371435887654,-62.29852713554351,1.52241450242266,-61.25857300677382,32,0.13497735883389472,1.0399541287696934,15008.797514211206,115600.34251635936,116570.56559802829,2357700.1232336424
820,2026-09-20T23:47:22.973125Z,-49.53799931612431,84.25970473662596,-49.54949284372328,84.33896214673558,32,-0.011493527598965159,0.07925741010961929,-1278.0219582541422,5718.4815433992135,5859.553541599769,2354832.0249779206
821,2026-09-20T23:47:33.896346Z,-50.99500166471924,-1.2145547455388623,-34.84894238045045,-10.51055213878045,13,16.146059284268787,-9.295997393241578,1795359.8777129643,-756936.0785256331,1944733.3237756954,2354332.51377061
822,2026-09-20T23:47:46.073204Z,23.17584515781542,-51.49427535632117,23.09414365049995,-51.538051806735204,20,-0.08170150731546855,-0.04377645041404321,-9084.793112693404,-4476.265485264177,10127.705228232275,2351480.6831032834
823,2026-09-20T23:48:00.804441Z,2.2486946571139503,-70.5995986758855,1.6200331311539147,-68.00177829214161,24,-0.6286615259600357,2.5978203837439082,-69903.97226338251,288699.8378700936,297040.9170119471,2348984.401491994
824,2026-09-20T23:48:11.627996Z,49.235210702156984,-0.52362268253313,45.91233633328209,-0.40274868192948204,21,-3.322874368874892,0.12087400060363507,-369486.771696128,9067.554463947692,369597.87492843,2346582.233377232
825,2026-09-20T23:48:26.357869Z,8.01690695192611,-77.09917343485222,4.161516914076134,-69.02083245276346,25,-3.8553900378499764,8.078340982088775,-428699.8124448906,893202.43189255,990589.6066653504,2344938.605950915
826,2026-09-20T23:48:39.486224Z,-40.02867606817582,-172.5668325118333,-40.04953854962622,-172.43690109825442,22,-0.020862481450400594,0.1299314135788734,-2319.8020945007615,11061.249723910001,11301.889280012841,2342113.379901677
827,2026-09-20T23:48:55.920475Z,-17.073969045614458,-71.23039630383185,-17.19990806840745,-70.1347179603578,39,-0.1259390227929913,1.0956783434740487,-14003.780401154076,116424.84484916879,117263.83706878805,2339423.114432713
828,2026-09-20T23:49:13.607182Z,-18.849817287271193,114.46801307639089,-12.00957938915751,-179.99999999999997,42,6.840237898113683,65.53198692360911,760599.7513120816,7024190.040432694,7029361.270379517,2345087.290949557
829,2026-09-20T23:49:32.848597Z,-11.794922724560674,-69.18463121761998,-11.778117656433686,-68.15428041657452,42,0.016805068126988232,1.030350801045472,1868.6383176372685,112154.13206735264,112169.63449517272,2342393.783523195
830,2026-09-20T23:49:43.824273Z,46.43674643641514,-70.41090608261594,46.3929494361687,-70.37532916914654,22,-0.04379700024644251,0.03557691346941283,-4870.004229654895,2727.373308902091,5581.711626006758,2339578.3472919934
831,2026-09-20T23:50:03.072068Z,-31.55132392478241,-132.33871558661195,-31.607742470052184,-132.3166054286076,39,-0.05641854526977497,0.022110158004352343,-6273.456002665344,2094.462562167166,6613.850835216962,2336770.929125379
832,2026-09-20T23:50:19.561472Z,-53.58993815955417,88.53586654671125,-89.99260102121363,-178.88667928701713,30,-36.40266286165946,92.57745416627165,-4047791.426568826,3216710.439783142,4048651.225381425,2338828.477558379
833,2026-09-20T23:50:30.487125Z,-20.075031053236504,7.427325762960834,-89.99998503016694,-178.66961139923734,20,-69.92495397693044,173.90306283780183,-7775300.128088926,11080954.992498424,7775303.4478124725,2345354.8580748904
834,2026-09-20T23:50:49.673975Z,-34.05724840177731,-130.078022159226,-34.228409416020625,-130.27584079875794,34,-0.1711610142433173,-0.19781863953193124,-19032.236423193943,-18205.147083496693,26337.287509773298,2342574.2614674983
835,2026-09-20T23:51:04.863484Z,-6.316894563194816,170.496466924002,-7.033103044221786,-179.99999999947204,32,-0.7162084810269702,9.503533076525969,-79638.7495100048,1049581.4822349085,1052575.1564431912,2341029.3523596846
836,2026-09-20T23:51:26.109293Z,-26.20321782890065,-74.45345128702601,-26.342293567315068,-73.59227711015713,42,-0.1390757384144159,0.8611741768688717,-15464.516531028814,85866.09116543923,87247.36913094581,2338333.4408964925
837,2026-09-20T23:51:45.350483Z,-65.14552738010133,-133.368777624897,-65.13608837239121,-133.27392930863064,36,0.009439007710113856,0.09484831626636492,1049.5697699235345,4433.703489380497,4556.239564825807,2335545.176617721
838,2026-09-20T23:51:58.728877Z,-56.59797910800792,139.25999977043517,-39.955363890872015,-179.99999999991894,37,16.642615217135905,40.74000022964589,1850574.378243044,3014924.511898694,3463271.852865849,2336890.912508232
839,2026-09-20T23:52:15.614481Z,-28.90097890402329,-165.149389482798,-28.941449712809575,-165.11474894972443,35,-0.04047080878628506,0.03464053307357062,-4500.148614236931,3371.46990023353,5623.0014984889185,2334112.2856774693
840,2026-09-20T23:52:26.839024Z,-0.8719911826995936,131.2877632566741,-6.308048484320751,-179.99999999997974,28,-5.436057301621157,48.712236743346125,-604461.9928893825,5405924.42048971,5436864.276526126,2337806.0380475274
841,2026-09-20T23:52:42.119557Z,-8.76785258528703,78.14717705593108,-89.99999998870636,-179.99695209303525,30,-81.23214740341933,101.85587085103367,-9032602.671703195,7372987.308440276,9032602.673216995,2345766.5572332223
842,2026-09-20T23:52:49.042083Z,-4.072971572920157,-149.25434162586868,-89.99999999916973,-179.68666747878154,10,-85.92702842624958,-30.432325852912868,-9554649.622641735,-2306251.6144373724,9554649.622654455,2354328.1760757654
843,2026-09-20T23:53:10.233298Z,-44.44552714353623,-148.50452170195808,-44.368156301982836,-148.77664218554898,44,0.07737084155339602,-0.27212048359089636,8603.245050957647,-21616.284265953807,23265.400607353877,2351562.9770538574
844,2026-09-20T23:53:28.925904Z,37.45032648181909,-10.768391539461163,36.65404804521794,-8.721277453964063,33,-0.796278436601149,2.0471140854970997,-88542.12234650868,181667.511736134,202089.28211886174,2349016.207273129
845,2026-09-20T23:53:45.911247Z,-69.20037568083927,-53.650943526703756,-69.49629424420408,-54.25554053924507,30,-0.2959185633648076,-0.6045970125413191,-32904.64294611299,-23710.388222381982,40556.9455090757,2346284.302821337
846,2026-09-20T23:54:01.642228Z,-7.654351737596253,-46.405549790398936,-8.487294996806462,-46.05624539211731,29,-0.8329432592102091,0.3493043982816175,-92619.06460695887,38456.16894242139,100285.2947898773,2343629.457658179
847,2026-09-20T23:54:11.563890Z,5.066478508882018,170.29026183519647,6.326765264037956,-179.3794930268016,11,1.2602867551559376,10.330245138001942,140137.49329067345,1142998.0520988351,1151518.0431545253,2342222.0061652586
848,2026-09-20T23:54:25.993542Z,16.791471653467827,106.96498312700197,-32.92525634354391,-179.99999999960258,30,-49.71672799701173,73.03501687339542,-5528247.922635199,8040764.1010474805,9513592.735881288,2350678.8112710556
849,2026-09-20T23:54:37.969895Z,-26.482805093324462,-122.41207687397812,-27.151453511659597,-121.33065294326181,16,-0.6686484183351347,1.081423930716312,-74350.31182777551,107316.20853324418,130554.3449306392,2348063.823678193
850,2026-09-20T23:54:46.388419Z,36.18919525380358,-139.69867296000206,36.20643752414736,-139.60512732419795,9,0.017242270343778898,0.09354563580410513,1917.252986062145,8394.07398937369,8610.245658892416,2345311.5253511113
851,2026-09-20T23:54:57.363009Z,-59.04874637685418,34.73583523851761,-59.16341578623807,34.86701681473806,17,-0.11466940938388603,0.131181576220456,-12750.656564816083,7489.556938018263,14787.579663441351,2342572.9543221015
852,2026-09-20T23:55:09.089212Z,68.94872508713378,23.521328934861998,69.36094070526605,24.144475390978076,26,0.41221561813226515,0.6231464561160749,45836.28541995866,24656.67392592209,52046.65707123528,2339884.5431750934
853,2026-09-20T23:55:23.518999Z,35.46322494562934,-106.69666692372475,35.385742327215695,-106.62489511700201,24,-0.07748261841364723,0.07177180672272243,-8615.67407073384,6503.282318619313,10794.558931341036,2337154.074260388
854,2026-09-20T23:55:38.950287Z,-56.48359586814078,64.25700059183669,-21.846974393062105,-179.99999396937594,36,34.63662147507868,115.74300543878735,3851416.584136721,9978489.305464623,9448413.369432135,2345481.0757769826
855,2026-09-20T23:55:54.135473Z,-69.10021891510759,65.64101637694577,-27.889908446465935,-179.99999999999997,33,41.21031046864165,114.35898362305426,4582377.449560099,8426788.99561727,8019866.2978107,2352117.7836390105
856,2026-09-20T23:56:07.313528Z,6.49250926800003,52.69482752391954,89.99999999999999,-101.63418648547423,18,83.50749073199995,-154.32901400939377,9285609.306215903,-11427768.057247648,9285609.306215907,2360217.656913049
857,2026-09-20T23:56:16.736892Z,-21.38719808595977,10.084811684547617,-25.072886244025984,6.602760424302561,16,-3.6856881580662133,-3.4820512602450435,-409829.8243708914,-355796.70964468556,542658.2017753569,2358096.8174088043
858,2026-09-20T23:56:23.603832Z,38.266217486782644,179.63083223590064,-89.99999500613318,-19.614103024367445,7,-128.26621249291583,160.7550647397319,-14262552.089125158,16084237.601186505,14262553.168679688,2371971.4751608684
859,2026-09-20T23:56:34.775458Z,-17.657148073895407,51.77914161772583,-17.60664696909119,51.88506551483754,23,0.05050110480421566,0.10592389711172245,5615.466644173933,11224.885878286683,12551.15591054051,2369224.7693177364
860,2026-09-20T23:56:49.455792Z,-24.91898632585363,-112.49644494044082,-24.985116663690434,-112.55962379347035,25,-0.06613033783680322,-0.06317885302951254,-7353.358064743221,-6369.446774005932,9728.397549171186,2366481.168885447
861,2026-09-20T23:57:04.887896Z,-51.44479334017883,-33.48216418052863,-51.69595904139354,-32.57358937298758,31,-0.2511657012147097,0.9085748075410436,-27928.351722198804,62794.810674405,68724.76964852812,2363812.4622661243
862,2026-09-20T23:57:19.619816Z,36.50499629594735,148.50759646112783,36.51380618724526,148.3926576188619,27,0.008809891297907768,-0.11493884226592854,979.6152166173907,-10272.538435062463,10319.141378830109,2361082.191592241
863,2026-09-20T23:57:38.859200Z,-48.441301457384895,-35.700522571503825,-89.91485780120301,98.32665710190153,33,-41.47355634381812,134.02717967340539,-4611649.055339829,5297539.325106832,4627700.356809133,2363708.6321081356
864,2026-09-20T23:57:56.094639Z,-22.269323543770177,168.13208354875383,-22.32488374689244,168.17585999737238,32,-0.05556020312226195,0.04377644861855856,-6178.012710536701,4503.754284751765,7645.367301550743,2360981.707033128
865,2026-09-20T23:58:11.025885Z,13.689792028178955,-103.89086780564581,-50.11193420513748,179.9998288747389,26,-63.80172623331644,-76.10930331961526,-7094428.26830984,-8039072.549440825,10211524.977653528,2370057.479600319
866,2026-09-20T23:58:28.411423Z,66.11094435155756,126.82265953375702,66.08549455228653,126.6494812608848,29,-0.02544979927102986,-0.17317827287223508,-2829.8885630609097,-7802.1744466773725,8299.526513682267,2367330.2764212354
867,2026-09-20T23:58:45.094432Z,-3.1999455385889113,175.3590190661261,-3.327316630645354,175.33843891896262,35,-0.1273710920564426,-0.020580147163485663,-14163.019237853472,-2284.696510434971,14346.11271061875,2364616.3385161483
868,2026-09-20T23:59:00.579466Z,-56.40602447130397,-86.11304998430928,-19.969632028099106,179.99999999830524,38,36.436392443204866,-93.88695001738546,4051541.9849145194,-8205522.796340957,8402792.661200833,2371572.7628510385
869,2026-09-20T23:59:10.251619Z,-54.71036064648293,-63.01514857446604,-13.487681824887645,179.99999998442576,27,41.22267882159529,-116.98485144110822,4583752.747659493,-10771634.414912743,10418960.837636208,2380833.278472195
870,2026-09-20T23:59:23.833460Z,-49.779920805200156,67.3270866552418,-49.81807270750455,67.43795542376829,23,-0.03815190230439214,0.11086876852647265,-4242.297978087255,7957.396025003184,9017.606109175395,2378107.0535614328
871,2026-09-20T23:59:37.061271Z,-53.964892013648324,-26.70293654317601,-54.07346134418277,-26.762906286407222,32,-0.10856933053444351,-0.05996974323122117,-12072.358744626297,-3917.740900224575,12692.143545210027,2375391.307396087
872,2026-09-20T23:59:52.547133Z,-34.58252913790306,-108.13747220568602,-34.66166496938562,-108.15209199272684,29,-0.07913583148256009,-0.014619787040828669,-8799.50297665943,-1337.7723533092553,8900.611597583049,2372677.4419192537
873,2026-09-21T00:00:02.471241Z,38.353872901400365,102.67414393736101,-89.95986401501739,-142.79359944884004,13,-128.31373691641775,114.53225661379895,-14267836.56391028,11465635.160031894,14274151.485730503,2386310.2873302633
874,2026-09-21T00:00:21.660645Z,-18.58111571402937,-166.58147466279553,-18.6825998178495,-166.59638181553808,33,-0.1014841038201304,-0.014907152742551943,-11284.517479868184,-1570.726468912561,11393.310121610391,2383592.991017667
875,2026-09-21T00:00:32.783847Z,48.632182828177,-5.196632839679893,45.67345697498639,-5.09949277813249,22,-2.9587258531906144,0.09714006154740673,-328995.3042068898,7345.496671871671,329077.21387932036,2381244.972986652
876,2026-09-21T00:00:37.747448Z,-6.795633594275612,-5.264950836942546,45.67345697498639,-5.09949277813249,0,52.469090569262,0.16545805881006004,5834296.676955797,17349.347383385324,5834319.919219509,2385186.8393636304
877,2026-09-21T00:00:53.176020Z,0.4750471285665188,168.06879691686078,0.3426447232861296,168.0470439627367,27,-0.1324024052803892,-0.02175295412408218,-14722.475742716013,-2418.756557310531,14919.841576723951,2382484.1403923794
878,2026-09-21T00:01:11.562467Z,60.59738819917322,103.51326102471774,60.56027767749435,103.39936669816886,35,-0.03711052167886919,-0.11389432654885923,-4126.501735823166,-6221.112213665695,7465.268244768758,2379779.1075083846
879,2026-09-21T00:01:22.438454Z,31.026443100502224,-134.6535399774957,-3.155101002670133,179.50070114081612,13,-34.18154410317236,-45.8457588816882,-3800814.289149999,-4947770.422110666,6161646.508060408,2384081.573265554
880,2026-09-21T00:01:32.860621Z,15.171188800596275,-43.79851468367929,-89.99977802129885,179.85109907465298,16,-105.17096682189512,-136.3503862416677,-11694477.940897949,-12042196.549070297,11694520.483716417,2394661.617481976
881,2026-09-21T00:01:40.730824Z,17.47736158532212,4.36209483066915,-89.9999984322796,128.67451156000448,9,-107.47736001760171,124.31241672933533,-11950937.163108053,11145796.367431842,11950937.435697114,2405508.6955957273
882,2026-09-21T00:01:55.160638Z,7.683906698154758,36.04987220706573,7.912841236148787,35.9318963519738,41,0.22893453799402863,-0.11797585509194164,25456.35915865196,-12996.994315999345,28582.299494244195,2402813.7677089907
883,2026-09-21T00:02:08.792373Z,-11.766438741119075,-98.71647122977555,-11.842748915609596,-98.74060342714208,23,-0.07631017449052102,-0.024132197366526498,-8485.304254706962,-2626.6271286189494,8882.54227178189,2400102.6338183484
884,2026-09-21T00:02:24.524904Z,28.073097586011563,-49.086052902353316,28.068039106503587,-49.10769018748704,29,-0.005058479507976443,-0.021637285133721207,-562.4772578224442,-2122.9405587882343,2196.191536371688,2397390.0699696136
885,2026-09-21T00:02:44.214007Z,-33.0435021547459,98.019632707624,-33.04316009834139,98.05791488049195,40,0.00034205640451290265,0.03828217286795166,38.03493680811372,3568.2845880034906,3568.4872728481705,2394685.186825323
886,2026-09-21T00:03:01.959361Z,-28.232150531963548,-84.1206311205667,-28.470111145157123,-83.03894793050365,38,-0.2379606131935752,1.0816831900630461,-26460.01292835381,105850.84710311792,109107.41907250018,2392105.527945241
887,2026-09-21T00:03:18.394041Z,-61.69364724724234,131.60785143144972,-61.740119525112945,131.76157381382453,26,-0.04647227787060615,0.15372238237480929,-5167.481528827601,8099.225227509198,9607.301559793694,2389419.5096516833
888,2026-09-21T00:03:38.638308Z,-61.81698732768114,-83.94823101375,-89.99866602060567,175.8093127692869,38,-28.181678692924528,-100.24245621696309,-3133659.694980267,-2713966.4021185823,3133834.4052993306,2390257.81471435
889,2026-09-21T00:03:46.606905Z,18.727160302339776,61.29058409794973,-89.99999997715877,167.65522065170734,24,-108.72716027949855,106.36463655375758,-12089908.611550022,9612333.497214781,12089908.614805445,2401168.558021539
890,2026-09-21T00:03:55.084495Z,-3.345534573079316,-28.93768762129372,-89.99994533984149,172.67945032337562,10,-86.65441076676217,-158.38286205533063,-9635530.848637579,-12084297.97468269,9635542.57701897,2409297.0681552435
891,2026-09-21T00:04:07.564060Z,61.161994955925465,29.44277392071072,61.46530228747204,30.074155333647305,27,0.3033073315465771,0.6313814129365767,33726.23648207849,33700.09726082409,47677.22214141614,2406646.5408308734
892,2026-09-21T00:04:21.293282Z,-29.557437477986745,100.32082945721464,-29.55177423328998,100.47993373495065,21,0.0056632446967661565,0.15910427773599167,629.7240786270991,15389.665066901793,15402.542188853182,2403965.7740162527
893,2026-09-21T00:04:28.712648Z,-0.4252607547916249,-160.24141585855165,0.9046059347939996,179.9999999999624,10,1.3298666895856246,-19.758584141485926,147874.4289955157,-2197035.092077216,2201956.41395334,2403739.5597272683
894,2026-09-21T00:04:43.694501Z,79.73366137102121,-67.39210018539319,89.44246784566698,176.24068006645854,29,9.708806474645769,-116.36721974814827,1079570.023754453,-1220392.7448888132,1170402.6670361047,2402359.9882589336
895,2026-09-21T00:04:52.816836Z,45.287620083330104,165.893928417974,45.285266765130615,165.70491640644457,13,-0.0023533181994892516,-0.18901201152942804,-261.67704456351237,-14786.905054820974,14789.216872890223,2399692.3114193957
896,2026-09-21T00:05:09.001508Z,80.90690514066182,7.430246917280385,80.73931555926433,31.863754717379,28,-0.16758958139749325,24.433507800098624,-18635.111209886567,433296.5406883814,430488.1892993606,2397494.5389616727
897,2026-09-21T00:05:14.676529Z,17.47180663111036,-132.00487816959927,89.91445588494071,-18.443487969584805,1,72.44264925383035,113.56139020001444,8055255.069717163,7476837.048183421,8068571.291728332,2403816.8095890605
898,2026-09-21T00:05:30.359070Z,-52.90028917001045,-125.87458856398459,89.9925020899965,-46.394265274581,31,142.89279126000696,79.4803232894036,15888953.442192718,8378843.72481974,15889634.885358807,2418834.4243727685
899,2026-09-21T00:05:39.080863Z,46.71310749461403,106.84123910795404,89.9999999999668,-68.50244018200223,19,43.286892505352775,-175.34367928995627,4813282.836803601,-7191189.141908807,4813282.836810971,2421497.8820061814
900,2026-09-21T00:05:43.545444Z,-32.60034208127395,-3.204524216950574,89.999999991,-68.50244018200223,0,122.60034207227395,-65.29791596505166,13632536.043324308,-6368790.62188184,13632536.043906847,2433954.59107496
901,2026-09-21T00:05:53.666454Z,-30.502518955839555,-109.84252165439877,89.99999999974852,78.79392232962327,26,120.50251895558807,-171.36355601597796,13399268.755751165,-16543526.183807734,13399268.755806772,2446124.7510802117
902,2026-09-21T00:06:08.104237Z,13.350527188597166,103.42196845488485,13.286865634835111,103.5494735225963,25,-0.06366155376205462,0.12750506771146775,-7078.841800650296,13796.583896121163,15506.63410922768,2443430.0525026387
903,2026-09-21T00:06:21.334623Z,-48.99576079100227,-63.67593171131074,-56.08374797611614,-37.51952503839185,21,-7.0879871851138745,26.156406672918877,-788148.2151063096,1768956.667248208,1921394.0688931253,2442851.939563979
904,2026-09-21T00:06:31.556404Z,5.971293312889884,61.214342212872054,24.686333842478533,107.04338956263022,11,18.71504052958865,45.829047349758184,2081017.5588375537,4914666.813941437,5302965.517387205,2446015.782017323
905,2026-09-21T00:06:49.292521Z,-45.17116645137951,-99.42288419609972,-89.99942872391772,69.85213284095394,29,-44.828262272538204,169.27501703705366,-4984675.334997925,7177171.249367394,4984801.271377151,2448821.06985087
906,2026-09-21T00:06:58.965635Z,-38.909388933302445,-124.5641402804651,-89.99999999999999,43.09751870371511,36,-51.09061106669754,167.66165898418024,-5681016.749787114,8039375.691149874,5681016.749787117,2452388.614751462
907,2026-09-21T00:07:12.945901Z,-10.420393724947349,146.06276211700225,-10.510145931937245,145.9929445979078,30,-0.08975220698989617,-0.06981751909444256,-9979.990072428756,-7634.211997271701,12565.085805102839,2449698.6218860303
908,2026-09-21T00:07:29.680893Z,-16.18758192232494,-32.742339576060544,-89.77925756062199,129.4307604445986,28,-73.59167563829705,162.17310002065915,-8183020.9742506,10856592.670912612,8230934.602141706,2456065.621864286
909,2026-09-21T00:07:41.856913Z,62.26828137552017,-81.99122513262647,-89.9999882617074,135.8477274771283,22,-152.26826963722758,-142.16104739024524,-16931459.072605412,-15346945.89027041,16931461.408640597,2471990.1496825214
910,2026-09-21T00:07:54.633568Z,-25.235591881808347,69.35485087982482,-25.235230264454874,69.44104503220714,34,0.0003616173534730649,0.08619415238231909,40.21001509283692,8669.657613727539,8669.750711963488,2469283.204189147
911,2026-09-21T00:08:10.314846Z,4.2317566687504735,-127.74956337626625,-88.73851903167825,137.5771869292465,27,-92.97027570042873,-94.67324969448725,-10337822.986633575,-7791995.495637967,10489407.111345224,2478086.8528248835
912,2026-09-21T00:08:23.743469Z,-63.91957938773602,86.38328681935667,-64.01031135938638,86.394295717142,21,-0.09073197165035651,0.011008897785330873,-10088.934931977576,537.297891328516,10103.23197131458,2475380.7304335968
913,2026-09-21T00:08:34.970803Z,-46.5735712131995,2.2615419371983307,-39.95678490066402,-17.077056531615433,15,6.616786312535481,-19.338598468813757,735753.0686451031,-1565865.0910373582,1724040.3209693502,2474557.79460724
914,2026-09-21T00:08:49.901463Z,-55.96518813025489,-56.4268041594262,-60.160793481762006,-27.389363711509485,22,-4.195605351507119,29.03744044791671,-466530.0292903522,1708000.4385165041,1754607.4460793429,2473770.102759835
915,2026-09-21T00:09:07.337512Z,43.89147179011633,-66.83896975241151,43.85539207327928,-66.86628588862195,38,-0.03607971683704392,-0.027316136210430386,-4011.881467051549,-2189.589690861992,4570.502738062156,2471071.523961997
916,2026-09-21T00:09:24.323612Z,-11.78032818687009,-59.140478392613986,-11.510512691553954,-58.25445822914124,40,0.269815495316136,0.8860201634727503,30002.114209243027,96492.94659535511,101049.43661369992,2468484.1636046297
917,2026-09-21T00:09:39.305368Z,0.1625870960290456,-86.6083135547128,0.11824161477090712,-85.64214765728825,31,-0.04434548125813849,0.9661658974245597,-4930.992535516363,107432.42347584765,107545.52395829225,2465909.5304098134
918,2026-09-21T00:09:52.081889Z,-9.68102196227428,69.38057704329592,-9.612874202120407,69.41738727023387,28,0.06814776015387203,0.03681022693797331,7577.685191300783,4035.230037997317,8585.126220171895,2463232.706440108
919,2026-09-21T00:10:07.566360Z,61.68303839979773,7.16330734381404,61.69780824817714,7.125420503437375,28,0.014769848379408757,-0.03788684037667167,1642.3322070996114,-1997.8703528318629,2586.2599756858217,2460555.1803830196
920,2026-09-21T00:10:21.994322Z,0.8428753658529947,167.99823400076957,0.7009232384808673,168.03173085159213,28,-0.14195212737212737,0.0334968508225586,-15784.35639018276,3724.341860917449,16217.787205728293,2457898.291912175
921,2026-09-21T00:10:35.924693Z,6.652560195946713,-49.29566593885605,-89.99998491010523,179.99326551257604,25,-96.65254510605195,-130.71106854856794,-10747272.66307735,-10856378.657822276,10747275.435411585,2466898.7014056593
922,2026-09-21T00:10:54.613757Z,-75.56075424379831,-130.730830431421,-89.99962163053338,97.74784699177742,36,-14.438867386735069,-131.5213225768016,-1605528.7998985173,-1837953.312048441,1605598.7629483908,2465964.5366134066
923,2026-09-21T00:11:00.782445Z,-6.962088691954223,1.4717719623112657,-89.9999984287987,157.04461422058372,8,-83.03790973684448,155.57284225827243,-9233394.281905912,11466891.030850418,9233394.615686487,2473296.5301985345
924,2026-09-21T00:11:11.655988Z,21.313874579395076,148.6184379966416,21.3790982564863,148.51601336350967,17,0.06522367709122534,-0.10242463313193184,7252.5419896471885,-10607.764062522738,12850.058444520526,2470633.709341658
925,2026-09-21T00:11:23.280502Z,-48.26859675074252,32.097833215388164,-50.4898576655368,32.81487903589871,18,-2.2212609147942857,0.717045820510549,-246992.94447897605,51909.38199916602,252385.34908148166,2468235.6030062414
926,2026-09-21T00:11:33.202754Z,-28.183614539112064,-14.982935635345257,-22.820707102404278,-17.31775723837232,13,5.362907436707786,-2.334821603027052,596328.0990262808,-234325.26215530347,640661.0957899956,2466261.9804282538
927,2026-09-21T00:11:50.136975Z,-41.694466842542674,107.94302422302877,-41.43737859830899,108.6366471717797,32,0.25708824423368526,0.6936229487509422,28586.90845874303,57706.132861011065,64398.54372926838,2463670.9734846735
928,2026-09-21T00:12:04.319780Z,18.14398173414432,-74.65784822795112,-89.99999999999989,169.59780391263916,30,-108.1439817341442,-115.74434785940969,-12025062.115978666,-10421694.70693589,12025062.115978684,2473974.196698568
929,2026-09-21T00:12:13.490092Z,-42.27020112253751,76.44196439365766,-89.99999999328651,165.7270426053885,36,-47.729798870749,89.28507821173082,-5307311.484192478,4016703.647785899,5307311.48492967,2477024.0753726596
930,2026-09-21T00:12:24.919449Z,19.7843181937743,17.88244068879709,-89.99999999688717,149.78562348831014,32,-109.78431819066147,131.90318279951305,-12207459.207933497,11998618.809677748,12207459.208510801,2487486.9088491523
931,2026-09-21T00:12:42.606167Z,-50.72034081723677,106.27134178722906,-51.079069691179456,111.3308846075757,35,-0.35872887394268815,5.059542820346621,-39888.83082334237,354817.6126468019,356980.5331705513,2485198.502430593
932,2026-09-21T00:12:54.232739Z,29.049212958926837,100.65857523990331,28.91467104824556,100.52275288851365,17,-0.1345419106812784,-0.13582235138966325,-14960.377888823527,-13211.475396578826,19958.85306119869,2482553.395510669
933,2026-09-21T00:13:09.866706Z,37.289651007630326,143.26038725296183,37.35023941393623,143.1524198363376,31,0.060588406305903675,-0.10796741662423415,6737.123394695678,-9547.467244772017,11685.158501568214,2479905.090862213
934,2026-09-21T00:13:24.045903Z,-62.19741128605825,-38.02714985417887,-62.370279333481115,-34.208033466445556,25,-0.17286804742286677,3.8191163877333167,-19222.049852373773,197508.78802119044,198412.54598838225,2477462.379358066
935,2026-09-21T00:13:40.528464Z,16.363849523523353,-91.21145167349283,16.2367069008541,-90.80488627224584,30,-0.12714262266925402,0.4065654012470077,-14137.614601104511,43390.82559510285,45635.88828210933,2474861.495410391
936,2026-09-21T00:13:56.010228Z,-60.249785141423196,-26.286646330830706,-60.298262194140335,-24.40697923757438,28,-0.0484770527171392,1.8796670932563302,-5390.402320826701,103637.84121630687,103774.39742989394,2472328.282698874
937,2026-09-21T00:14:08.390037Z,24.09202926107594,-111.4077822591473,23.939169101120186,-111.50331703671701,20,-0.15286015995575397,-0.09553477756969642,-16997.274273155577,-9703.40077000459,19572.00108567569,2469710.6132414425
938,2026-09-21T00:14:26.575458Z,-35.95009457014249,-98.26127856792961,-35.92355822727402,-98.38247694652966,32,0.026536342868467955,-0.1211983786000701,2950.706698674154,-10911.56206145458,11303.487774477024,2467089.7101226076
939,2026-09-21T00:14:35.596450Z,13.222611146944228,-7.823935078659872,13.55453498022594,-7.470484620291618,10,0.3319238332817118,0.3534504583682576,36908.24629334069,38233.753882981204,53141.63667675392,2464518.945401153
940,2026-09-21T00:14:58.339896Z,-52.829825370857414,-146.90217701921915,-53.08918130847371,-146.8472488360875,43,-0.2593559376162986,0.05492818313166481,-28839.064458075074,3679.1736066709277,29072.80192408646,2461928.045248518
941,2026-09-21T00:15:12.520342Z,2.302408956023122,114.14896844874715,2.1877094892005746,114.15318545211983,23,-0.11469946682254717,0.004217003372673389,-12753.998799503132,468.549454289034,12762.602551799011,2459325.318954473
942,2026-09-21T00:15:31.219683Z,27.905500975787717,50.07068423487624,27.611770902778208,49.948520277227395,38,-0.2937300730095096,-0.12216395764883714,-32661.293921593304,-12020.72949818549,34803.124385031435,2456751.5162001527
943,2026-09-21T00:15:44.904468Z,-18.627006558819126,136.13191045131185,-18.686204380720845,136.06802660360918,29,-0.059197821901719294,-0.06388384770266953,-6582.497463879329,-6730.287804590747,9414.140476261628,2454156.2485694806
944,2026-09-21T00:15:56.831086Z,5.7460474397254435,89.18882809293473,5.674254210420839,89.2361366693454,18,-0.07179322930460419,0.04730857641067132,-7983.0428661014475,5234.370994020723,9546.078220781745,2451566.619151738
945,2026-09-21T00:16:12.368467Z,19.402813415576574,-66.03081333705039,19.34488761624929,-66.07883099018191,34,-0.05792579932728259,-0.04801765313152373,-6441.055007024616,-5036.975950546249,8176.693292757743,2448981.0213465965
946,2026-09-21T00:16:26.302525Z,-23.70019352795243,-55.27275265684999,-23.54836169129405,-54.72783309974316,39,0.15183183665837774,0.544919557106823,16882.929939536938,55514.23270566215,58024.62224923689,2446453.583292582
947,2026-09-21T00:16:43.087880Z,-50.38871067075021,-37.88959732654192,-48.35581166730365,-41.284634455122394,25,2.032899003446559,-3.3950371285804692,226048.0555640367,-245813.10342475577,333885.37762497354,2444222.7826530174
948,2026-09-21T00:17:00.322796Z,-21.580981910184178,87.79332425479072,-21.60047164628191,87.8355663996928,41,-0.01948973609773219,0.042242144902076006,-2167.1597757091395,4367.544276799954,4875.65627540664,2441649.631675826
949,2026-09-21T00:17:16.005496Z,-12.928275653979512,-104.07358951049616,-15.25557526087272,179.99999998666237,37,-2.3272996068932077,-75.92641050284146,-258783.9090684006,-8188561.94032993,8149517.294670195,2447664.244597843
950,2026-09-21T00:17:33.841889Z,6.6803726600450455,24.260550373559227,6.732405205616606,24.353235182796215,39,0.052032545571560895,0.0926848092369994,5785.755087959374,10235.562585356383,11757.622870551531,2445100.132364446
951,2026-09-21T00:17:49.575952Z,37.63716594070904,13.838915593854892,37.674552629535945,13.836345260241801,38,0.03738668882690632,-0.002570333613078901,4157.210121590792,-226.2726440869792,4163.363459927379,2442533.4270343673
952,2026-09-21T00:18:05.008211Z,18.656833833875808,-111.95414423575795,18.540131492341352,-111.92409961750423,26,-0.11670234153445591,0.03004461825372573,-12976.708306172064,3166.3415686449143,13357.420137353989,2439981.771564938
953,2026-09-21T00:18:22.597100Z,-13.021611164805098,-47.978990271862244,-11.915172603341519,-47.910050643874996,33,1.1064385614635786,0.06893962798724829,123030.3546786537,7484.942472409721,123257.8214128567,2437550.791554285
954,2026-09-21T00:18:36.027547Z,0.9433448176159954,125.57850756752879,0.8757557552943538,125.4873448528647,23,-0.06758906232164164,-0.09116271466410808,-7515.56082682945,-10135.554133441452,12617.967356362147,2435008.933247998
955,2026-09-21T00:18:41.946269Z,47.55352385560706,-144.23392118001533,55.32073002112758,145.85774585079736,1,7.76720616552052,-69.90833296918731,863673.9198082186,-4845760.458263205,4712032.638630012,2437393.2512641046
956,2026-09-21T00:19:02.885919Z,-67.17134835195822,-169.39274876602815,-67.50313721292018,178.64522063690438,39,-0.33178886096196436,-11.962030597067496,-36893.238056147326,-512502.5075375517,513025.0126308358,2435380.313775995
957,2026-09-21T00:19:14.261521Z,-10.173791315874798,4.376349967806732,-10.427255300664358,0.39688886418861,17,-0.2534639847895601,-3.979461103618121,-28183.909195712688,-435364.3584422627,436272.4839132363,2433291.381874362
958,2026-09-21T00:19:31.245467Z,-12.846206920443194,-154.34214247708144,-12.905434628020947,-154.074836881365,31,-0.05922770757775275,0.26730559571643653,-6585.820599433592,28975.65014286953,29714.662577025694,2430782.429140231
959,2026-09-21T00:19:49.983867Z,40.444517589592856,10.915881358043322,39.931475212143575,12.022912656378525,34,-0.5130423774492812,1.1070312983352153,-57047.70952602283,94037.08120683,109986.87960262831,2428362.412925906
960,2026-09-21T00:20:07.376209Z,-20.323600208724375,176.54751872721903,-20.399806855972447,176.48640279481873,34,-0.07620664724807114,-0.061115932400298334,-8473.792550577034,-6371.145611727841,10601.728522901656,2425843.912212986
961,2026-09-21T00:20:24.112308Z,65.96071789310568,90.23562321457274,65.89799634477392,90.26800504705105,26,-0.06272154833176558,0.032381832478307615,-6974.317965783818,1468.5893482997915,7127.261904862505,2423327.0374467964
962,2026-09-21T00:20:31.033234Z,40.54694459193865,-152.24011938956068,88.88403837167014,122.20179250328361,7,48.3370937797315,-85.5580881071557,5374839.5970484,-4063396.9024515734,5490347.819977331,2426515.2087384085
963,2026-09-21T00:20:41.408186Z,-0.2077481925450877,-133.82692358773764,89.99542037080668,129.57230086065329,15,90.20316856335177,-96.6007755516091,10030134.711508667,-7609459.453203953,10030702.479436487,2434411.561044429
964,2026-09-21T00:20:54.583706Z,-20.774593828915293,-50.78427612792504,89.9999999953359,127.46495071962305,32,110.77459382425118,178.24922684754807,12317572.8343684,16312404.33547707,12317572.83540541,2444663.803030281
965,2026-09-21T00:21:03.104062Z,-21.655888519984057,-51.294578429716154,89.99999999872598,125.94229869036657,32,111.65588851871004,177.23687712008274,12415568.333270991,16305373.654939672,12415568.333554154,2454996.3465852276
966,2026-09-21T00:21:20.994730Z,-12.3174239411904,100.36590202975685,-12.371443929408999,100.36228512163142,39,-0.05401998821859877,-0.003616908125422924,-6006.748627307017,-392.88341850429146,6019.583576885471,2452461.1739527136
967,2026-09-21T00:21:32.521546Z,46.80532744568602,-1.523399000726954,46.538348691545615,-1.654003573238165,30,-0.2669787541404034,-0.13060457251120283,-29686.682982297836,-9965.035916022314,31314.537823169823,2449957.4028708837
968,2026-09-21T00:21:41.948315Z,46.430005582287414,-170.8097889832636,89.99969865535083,-38.12160118977567,12,43.56969307306341,132.68818779348794,4844728.825185224,5475703.869873646,4844785.051925721,2452431.398376106
969,2026-09-21T00:21:48.366879Z,-3.9436012670083445,-88.55335506009604,89.99999999999996,-33.287467791733114,33,93.9436012670083,55.26588726836292,10446051.851610662,4492314.595701305,10446051.851610664,2460680.7486890415
970,2026-09-21T00:21:58.240925Z,-30.054000623819107,-151.16408347601407,89.9999999959128,-19.797472910832436,35,120.05400061973191,131.36661056518165,13349395.7922969,12653733.821645273,13349395.793051723,2471906.2281162194
971,2026-09-21T00:22:09.417042Z,-73.43642671396111,-109.02132601898971,89.9999999995406,-16.733362990413447,32,163.4364267135017,92.28796302857626,18173301.479456622,10154937.807378095,18173301.479509745,2488076.563081609
972,2026-09-21T00:22:20.091214Z,72.35001487951273,-137.73976758136712,89.89429568867298,-15.565434825242297,14,17.544280809160256,122.17433275612484,1950835.0176061143,2096576.218526051,1968871.9924093797,2487542.402000671
973,2026-09-21T00:22:31.213489Z,24.06650316555577,155.06169722397846,89.99750569601314,-17.575689542387863,18,65.93100253045736,-172.63738676636632,7331192.989976423,-10446115.111447625,7331745.411133214,2492521.027909337
974,2026-09-21T00:22:38.331333Z,32.73096322254811,-179.06076793165582,89.99999031351818,-16.54562402070751,7,57.26902709097007,162.51514391094827,6368025.266385664,8659931.648657937,6368027.370795609,2496499.9871936147
975,2026-09-21T00:22:43.697848Z,14.416035516809796,-169.9315846219155,89.9999975611832,-6.95236986071037,7,75.58396204437341,162.97921476120513,8404553.115029212,11105381.056019008,8404553.645519087,2502559.529407282
976,2026-09-21T00:22:51.419072Z,-37.4910065153101,-78.92453816849651,89.99999983938487,28.782882514519507,20,127.49100635469497,107.70742068301604,14176353.099451277,10740997.44201049,14176353.122742975,2514520.383498815
977,2026-09-21T00:22:57.536293Z,59.500656318619924,-174.33008085334254,89.99999990877231,8.25389416001107,17,30.499343590152385,-177.4160249866464,3391372.2732141875,-5188908.170646816,3391372.293491985,2515417.877777211
978,2026-09-21T00:23:10.714441Z,76.58057486249895,116.62619870454353,83.30397629000504,18.941333422161957,19,6.72340142750609,-97.68486528238157,747608.1285334611,-1896953.2834303987,1751594.08989759,2514636.8718591337
979,2026-09-21T00:23:26.645297Z,-30.075130331522082,162.91732015862834,-30.116395242816434,162.89624050759815,27,-0.04126491129435195,-0.021079651030191826,-4588.448784369688,-2027.9588163037088,5016.620260577207,2512073.4190995847
980,2026-09-21T00:23:47.836259Z,-48.71735431836068,-164.41046095723496,-50.92018121547675,179.97735601214612,47,-2.2028268971160756,-15.612183030618894,-244943.17523548298,-1120077.2853213672,1144215.1710248233,2510677.6453770595
981,2026-09-21T00:23:56.306885Z,-1.7076032226833744,-24.316403430061115,89.99999999249032,179.7368141131687,14,91.70760321517369,-155.94678245677017,10197420.212259537,-12442928.413147746,10197420.213857105,2518513.264712921
982,2026-09-21T00:24:15.291728Z,-41.19797870765435,98.43227492270643,-41.19194960749332,98.5157497404728,38,0.0060291001610295325,0.08347481776638688,670.4053501383762,6984.434645258897,7016.535238699105,2515955.7324018474
983,2026-09-21T00:24:28.271334Z,26.500391266568993,-87.67032141671784,-89.99999999999999,101.57460390243867,26,-116.50039126656898,-170.7550746808435,-12954252.460948529,-16145755.147899551,12954252.46094853,2526574.5490127797
984,2026-09-21T00:24:48.465185Z,-3.8680962981481946,173.91205950823553,-3.991021331876123,173.88346371214138,40,-0.1229250337279284,-0.028595796094151638,-13668.640108156906,-3172.232138295785,14031.919869709944,2524021.1520319437
985,2026-09-21T00:24:59.892997Z,-57.912431740495435,-96.82774948641409,-18.108421217208765,179.99999999984428,30,39.80401052328667,-83.17225051374163,4426004.030296105,-7286749.035750247,7909709.891469658,2529488.8563359412
986,2026-09-21T00:25:11.117627Z,37.58824973341551,-26.203896699662636,89.99999999999999,169.44375114933396,26,52.41175026658448,-164.3523521510034,5827920.726205792,-8070266.055529541,5827920.726205797,2532834.1219240446
987,2026-09-21T00:25:15.782199Z,-2.039015613257847,-155.79821077226435,89.999999991,169.44375114933396,0,92.03901560425784,-34.75803807840168,10234271.588552848,-2781102.9254017062,10234271.588731414,2540636.996763768
988,2026-09-21T00:25:25.252437Z,-22.670824386440366,-73.51190376623566,89.99999999743613,144.9238918061391,39,112.6708243838765,-141.5642044276252,12528424.052347105,-13101369.55534718,12528424.052855507,2550746.092974387
989,2026-09-21T00:25:36.227310Z,71.6833561010639,-88.43854819729404,89.99999999514294,138.51201677950792,36,18.31664389407905,-133.04943502319804,2036717.8741766247,-2354725.8525208584,2036717.8750853783,2550226.347556906
990,2026-09-21T00:25:52.864266Z,-17.741366680050252,122.65955042878852,-17.834264109110702,122.63540515111819,35,-0.09289742906045007,-0.02414527767032837,-10329.722809844843,-2556.4823050973196,10641.370833760808,2547661.1102066804
991,2026-09-21T00:26:07.549185Z,39.52285557057815,147.7201703126745,39.52251289144088,147.57833048548116,27,-0.00034267913726893084,-0.141839827193337,-38.10418153123943,-12165.989160719375,12166.04757401763,2545102.588448222
992,2026-09-21T00:26:20.278475Z,-26.471925375168627,50.076469430115026,-26.465994559930042,50.1926839524865,21,0.005930815238585296,0.11621452237147878,659.4765653969231,11567.880249281941,11586.662741256232,2542548.640942469
993,2026-09-21T00:26:30.450073Z,5.062282817827715,7.741818315972978,5.1539567041278636,7.735979276582822,14,0.09167388630014894,-0.0058390393901675,10193.67106236668,-646.692947157375,10214.163764316347,2539998.4551648474
994,2026-09-21T00:26:47.882827Z,-46.37735180898044,-75.67019713941711,-47.3796132545985,-72.65278241787824,32,-1.0022614456180605,3.01741472153887,-111446.38792416963,229344.8304469832,254964.5899873114,2537699.628338713
995,2026-09-21T00:27:02.815469Z,-59.851274613387744,-80.91315386725567,-64.67542397283178,-58.250832199206144,25,-4.824149359444036,22.662321668049515,-536420.9341457746,1172798.7937402306,1280470.9571402543,2536436.081935499
996,2026-09-21T00:27:15.542893Z,40.205230433220535,53.3761531816082,40.09353587920614,53.38970534755137,24,-0.11169455401439876,0.013552165943167438,-12419.867740227774,1151.8475809520492,12473.165845717771,2533901.982622156
997,2026-09-21T00:27:30.925728Z,-45.15098789900431,36.138639916844085,-48.94679168978403,31.444219109400056,26,-3.795803790779715,-4.694420807444033,-422074.12407288834,-355674.3803248818,551730.3942543424,2531913.846625799
998,2026-09-21T00:27:54.123572Z,67.58595301252518,-109.29133207472093,67.55585116856439,-109.2023127318794,43,-0.030101843960792962,0.08901934284153867,-3347.1723310863267,3776.672054778935,5046.464689943058,2529381.915381374
999,2026-09-21T00:28:07.599261Z,61.848840771407176,4.920440058536627,61.8492750443801,4.9286926788530705,22,0.00043427297292453204,0.008252620316454795,48.28895136805778,432.9433688546376,435.62803307086864,2526850.4376162603
1000,2026-09-21T00:28:22.084547Z,17.911766291843943,-95.78030720273554,17.83428123505015,-94.57650462137387,28,-0.07748505679379392,1.2038025813616855,-8615.945206235383,127396.68086041317,127687.4673650786,2524451.2746460093
1001,2026-09-21T00:28:34.712476Z,46.16626109481628,-13.486873455933193,45.994270378921755,-13.579353426554064,27,-0.1719907158945233,-0.09247997062087165,-19124.49503743666,-7133.013147289526,20411.418849777398,2521949.736328531
1002,2026-09-21T00:28:52.098880Z,16.725547141326928,124.24512223930412,16.663999189789862,124.1561960287961,35,-0.06154795153706516,-0.08892621050802063,-6843.819956286817,-9471.345407009148,11685.214716588647,2519444.482314946
1003,2026-09-21T00:29:06.080187Z,22.4482206877792,66.15829101466733,22.411827415372443,66.19444160007623,29,-0.036393272406758825,0.03615058540890459,-4046.7472556249913,3715.6515208659944,5493.835527870422,2516938.050962217
1004,2026-09-21T00:29:16.504459Z,-24.748490851716642,143.7219394210377,-24.81322363224424,143.70698434829526,16,-0.06473278052759923,-0.014955072742424136,-7197.956782264717,-1509.801743047805,7354.596028530706,2514438.465847741
1005,2026-09-21T00:29:20.666835Z,-6.836863710563526,-2.4968692770274004,-24.81322363224424,143.70698434829526,0,-17.976359921680714,146.20385362532267,-1998880.0228274728,15640963.619121194,14938516.800301503,2526800.7328471974
1006,2026-09-21T00:29:32.290628Z,-20.841446444246568,155.29648280872289,-20.899814654911978,155.32746604776543,23,-0.0583682106654102,0.0309832390425413,-6490.248903314438,3219.1311978188537,7244.731546210193,2524296.2040188666
1007,2026-09-21T00:29:47.221467Z,11.528826950558306,28.329650519198083,11.739269048949645,28.168830975582853,43,0.2104420983913382,-0.16081954361521866,23400.093693551862,-17514.93562699968,29229.0430559427,2521818.4809195986
1008,2026-09-21T00:29:58.348889Z,40.29925151037912,172.21651784436665,40.33318295841747,172.27067870112617,17,0.033931448038345025,0.05416085675952331,3773.0048755674316,4592.000570475574,5943.2341721891235,2519322.5729367146
1009,2026-09-21T00:30:18.339512Z,-44.96935612551292,166.7162362509086,-45.01639649185913,166.72341672734302,37,-0.047040366346216445,0.007180476434427874,-5230.6500852007075,564.6472612654378,5261.038563976313,2516830.9361335705
1010,2026-09-21T00:30:33.023245Z,15.02693668701516,-116.750805843246,-37.04806417616707,179.99999999918785,27,-52.075000863182225,-63.24919415756614,-5790475.900996881,-6903526.141770506,8784753.890169954,2523036.8004444977
1011,2026-09-21T00:30:48.754298Z,53.27184526441912,16.1009762672779,53.29024315759674,16.08481246972679,30,0.018397893177620972,-0.016163797551115522,2045.7523822999915,-1074.6076717152303,2310.8189867339433,2520543.500759574
1012,2026-09-21T00:31:02.184849Z,40.865911838779425,-104.52283931456498,40.800026321106756,-104.47302768515769,23,-0.06588551767266893,0.04981162940728723,-7326.1353045512,4190.761344983338,8440.067085468389,2518061.185113651
1013,2026-09-21T00:31:16.917231Z,-26.18708300860737,135.77900377654186,-18.669607769027095,-179.98839849633399,24,7.517475239580275,44.23259772712413,835905.1078174153,4546396.82151071,4600663.17167393,2520117.060717363
1014,2026-09-21T00:31:32.852300Z,51.26476667881649,-124.98298045469846,51.22528441125568,-124.8202053955567,34,-0.039482267560813966,0.16277505914177937,-4390.22784518555,11330.2905941733,12151.111234848226,2517643.7215166898
1015,2026-09-21T00:31:49.385839Z,-51.002902609134416,60.13179914155515,-14.652339209411943,-179.99999995809722,32,36.350563399722475,119.86820090034763,4041998.2307205223,11200208.1586994,10688014.472252272,2525693.3478720943
1016,2026-09-21T00:32:01.769468Z,-10.18149523058265,-169.92722008526295,-10.288742898758896,-169.97168233239802,30,-0.10724766817624598,-0.04446224713507263,-11925.396595657649,-4865.302221292037,12879.68330524064,2523220.1060762606
1017,2026-09-21T00:32:11.689986Z,-18.531855310329842,-15.630619364643849,-18.51988732811468,-15.765829577941954,16,0.011967982215161044,-0.13521021329810878,1330.778904498216,-14255.596379559469,14317.576265577894,2520753.141936821
1018,2026-09-21T00:32:26.118871Z,-47.91444505739746,-111.22190273414134,-47.932774709091206,-111.31668179088372,30,-0.01832965169374745,-0.09477905674236808,-2038.1642755065595,-7062.369948402166,7350.590088205163,2518284.1806874606
1019,2026-09-21T00:32:44.553573Z,-39.17243365270513,-179.88001922298534,-38.84339616549717,-175.62665409929065,31,0.32903748720796244,4.253365123694692,36587.29925339932,367512.1011788851,369294.0465570847,2516175.260045527
1020,2026-09-21T00:33:02.790797Z,-40.9986309890097,84.17564959288228,-14.774799030830728,-179.99999998582138,39,26.22383195817897,95.82435042129634,2915957.0709289457,9417839.10077809,9412599.844331024,2522936.460618356
1021,2026-09-21T00:33:08.654802Z,44.64954020849888,-148.29152373272925,-5.875802150458291,-133.2037538136403,1,-50.52534235895717,15.087769919088942,-5618161.737295459,1582556.7320223637,5816985.807884165,2526162.7577263536
1022,2026-09-21T00:33:20.031173Z,14.057726676371976,154.12970827987607,21.080894657851395,-179.93702197791163,16,7.0231679814794195,25.933269742212303,780940.6485130177,2749133.024766535,2853639.551112296,2526483.1851171423
1023,2026-09-21T00:33:31.253510Z,48.01511988251974,72.16923588040419,89.99999998648853,-179.4893570970331,17,41.98488010396879,108.34140702256275,4668505.663341404,4315779.981757341,4668505.6653165845,2528577.0487341504
1024,2026-09-21T00:33:39.425426Z,-28.246397533947615,-124.4630968841264,89.99999999894612,58.391445633243634,14,118.24639753289374,-177.14545748262998,13148399.499653451,-16905978.98539543,13148399.499887677,2538947.9690966047
1025,2026-09-21T00:33:48.598686Z,18.553561909170195,-86.75447811779227,89.99999999779702,79.7073008876017,34,71.44643808862682,166.46177900539396,7944481.442279867,10807266.436626695,7944481.442762981,2544221.6602904256
1026,2026-09-21T00:34:05.983299Z,-4.117100272041372,114.86440964834776,-4.189372336028273,114.86180565526502,36,-0.072272063986901,-0.0026039930827437274,-8036.286853474312,-288.79043638205945,8041.474137012266,2541749.7497776053
1027,2026-09-21T00:34:23.417935Z,-38.41573670351938,-141.4856792213235,-38.948259162402024,179.84342815699398,33,-0.5325224588826458,-38.670892621682526,-59213.79575203585,-3356700.8314600084,3331656.9981563366,2542518.8902336704
1028,2026-09-21T00:34:32.842450Z,5.036590880515321,156.97636224096476,5.135109698909942,156.98781530414828,11,0.09851881839462173,0.011453063183523682,10954.792784498568,1268.5086474665577,11027.9916001998,2540056.3504490075
1029,2026-09-21T00:34:50.224483Z,-43.63232538590346,121.01028430489703,-43.69751034416962,120.94236811748134,31,-0.06518495826616544,-0.06791618741567618,-7248.236652734889,-5462.9948831410875,9076.410853685624,2537596.7003619373
1030,2026-09-21T00:35:11.165884Z,-57.062499312632134,-171.41041086928007,-59.42403859479293,169.92580773793796,38,-2.3615392821607983,-18.66378139278197,-262591.18724811386,-1092268.4373962057,1119325.2949671487,2536219.7378324275
1031,2026-09-21T00:35:25.896914Z,39.5631216641304,-46.899422577447496,-85.70955341782214,102.26308489963101,25,-125.27267508195254,149.16250747707852,-13929685.916305354,15259304.615448598,14812185.044237912,2548126.5906999405
1032,2026-09-21T00:35:32.061004Z,36.67477657639957,-143.57514262513064,-32.26555395759565,117.43753098567853,1,-68.94033053399522,-98.9873263891908,-7665814.996579232,-10998741.457773099,12802722.16681239,2558063.2143202047
1033,2026-09-21T00:35:49.243739Z,-77.44586014023395,-130.71469999682628,-89.99973564549254,120.6005293428111,33,-12.553875505258588,-108.68477066036263,-1395927.2659121514,-1321380.8152725792,1395966.0780447896,2556938.2412938005
1034,2026-09-21T00:36:06.677903Z,-22.345345636002268,73.41710768960462,-22.092225492299654,72.98325207217124,36,0.2531201437026134,-0.4338556174333803,28145.67581127226,-44660.37319957353,52789.40964540522,2554516.4339130963
1035,2026-09-21T00:36:22.613064Z,-9.298611659848026,106.20355577951591,-9.402828999600963,106.2558993500757,33,-0.10421733975293712,0.05234357055979899,-11588.439448918898,5743.000401369815,12933.443956565938,2552060.798174008
1036,2026-09-21T00:36:30.283550Z,25.743545155219177,-115.55910852300735,10.496016464491943,179.99999999874376,24,-15.247528690727234,-64.44089147824889,-1695447.8342762196,-6810151.702686879,6953329.843947175,2556309.1273687696
1037,2026-09-21T00:36:40.457052Z,47.60168021722708,-174.32230282913207,48.94456763154982,179.9999999949513,28,1.342887414322746,-5.677697175916592,149322.2675275189,-420201.69044091087,445811.0942772534,2554273.9315798674
1038,2026-09-21T00:36:47.627207Z,53.11560228139687,-170.11644364540345,56.722783618095846,179.99999999339852,21,3.6071813366989787,-9.883556361198089,401100.2641278642,-631630.3015610145,747156.5244402431,2552532.9706866695
1039,2026-09-21T00:36:54.042714Z,73.77058545482092,-114.33392872460328,89.99999993883553,179.99999999999997,27,16.22941448401461,-65.66607127539675,1804628.5530341438,-1030678.8688008143,1804628.5570328692,2551813.1396821905
1040,2026-09-21T00:37:02.010802Z,13.399137197949996,-52.98662325789677,39.34604186473818,179.99999999999997,26,25.946904666788186,-127.01337674210328,2885164.161076871,-12653357.720768642,11988547.20638116,2560886.922438632
1041,2026-09-21T00:37:17.894231Z,-15.110519085293971,12.733784874648563,-13.248558257167597,11.744938272833863,31,1.8619608281263744,-0.9888466018147142,207040.59769855405,-106604.72282055976,232871.56837847977,2558650.5964501016
1042,2026-09-21T00:37:30.072271Z,-54.11132161468535,8.810733196799902,-54.27400718257743,8.72870857012582,25,-0.16268556789207622,-0.08202462667406962,-18089.809787887796,-5336.183597340376,18860.433211913012,2556213.1778673395
1043,2026-09-21T00:37:48.108058Z,24.854160546219,-79.98908030421585,24.842553059267132,-78.61858621414324,34,-0.011607486951866974,1.3704940900726115,-1290.693660140521,138284.01848878205,138289.45927549675,2553894.938443953
1044,2026-09-21T00:38:00.334575Z,50.63939194031971,80.61150608055516,50.554998594933224,80.54914049207312,20,-0.0843933453864878,-0.06236558848203799,-9384.11184953942,-4401.951511057041,10365.264689861995,2551458.607338825
1045,2026-09-21T00:38:18.573292Z,35.51805864311347,16.733963222273104,35.83373873272461,17.330067329382786,34,0.315680089611142,0.5961041071096815,35102.024407458666,53844.209054366525,64275.371618421515,2549078.527687418
1046,2026-09-21T00:38:29.950486Z,34.46223970995088,166.45165774300057,34.41546287350112,166.54425430506475,19,-0.04677683644975872,0.09259656206418754,-5201.346897695442,8491.643251444735,9958.01184904676,2546651.070215297
1047,2026-09-21T00:38:43.382292Z,64.8331683703745,148.24338678541864,64.86696202797371,149.83441638185727,24,0.03379365759921882,1.5910295964386307,3757.6832777964714,75186.59171126687,75278.44126747461,2544290.637904936
1048,2026-09-21T00:38:58.064861Z,63.549483083411744,156.66533073000772,63.66149866411799,157.5090009208819,28,0.11201558070624884,0.8436701908741782,12455.564279678989,41703.99355323011,43523.92036377857,2541904.4101210227
1049,2026-09-21T00:39:16.801269Z,23.083066831637602,27.063815978079504,23.29459094884227,27.097481762259182,36,0.21152411720466802,0.03366578417967503,23520.408696128106,3441.0378856153566,23770.78766171729,2539503.901424684
1050,2026-09-21T00:39:28.277975Z,26.22772178224286,-75.3402150636564,26.11779015258176,-75.34452875384962,18,-0.10993162966109793,-0.00431369019321437,-12223.839496082583,-430.480015414466,12231.417128509418,2537096.975249164
1051,2026-09-21T00:39:43.210535Z,42.278668449406936,-122.82293578476916,42.325170605849706,-122.67600728804526,23,0.046502156442770115,0.14692849672388775,5170.803874467618,12083.505088263786,13143.372617207366,2534695.497035432
1052,2026-09-21T00:39:48.123778Z,-13.377213414066773,-39.03640924940811,42.325170605849706,-122.67600728804526,0,55.70238401991648,-83.63959803863715,6193822.505021654,-9005119.131623661,10492853.012815095,2542260.2855485305
1053,2026-09-21T00:40:09.329828Z,-58.916683717551784,-117.96793278441007,-58.91567121338979,-117.99958970191256,39,0.001012504161991501,-0.03165691750248811,112.58532601995537,-1817.391978644385,1820.8758873830695,2539847.712509916
1054,2026-09-21T00:40:27.018817Z,27.744769705081794,121.55864530923941,55.04094321395431,-179.9999998433118,35,27.296173508872513,58.44135484744879,3035196.0109962267,4875044.1586400345,5525111.868928659,2542680.0314438995
1055,2026-09-21T00:40:46.763122Z,-6.5510605629197745,-79.9382652229593,-6.580551101450926,-78.77994051991095,34,-0.029490538531151245,1.1583247030483506,-3279.1982686798956,127955.0559044363,127997.03826976106,2540391.232398237
1056,2026-09-21T00:41:03.949498Z,49.414901513256,-78.2922266641142,49.35397535978186,-78.18060571829598,31,-0.06092615347413499,0.11162094581823112,-6774.6791662915675,8079.762433101796,10544.135604186922,2537995.5438596066
1057,2026-09-21T00:41:19.686269Z,55.76138733191114,13.607000034650412,56.16752052675132,18.452041829944797,29,0.40613319484018007,4.845041795294378,45159.9508081741,301538.8941498817,304836.07327763137,2535882.810207211
1058,2026-09-21T00:41:32.865452Z,20.645522303490708,-120.01292957829199,20.540040413393527,-119.9283047820735,22,-0.10548189009718101,0.08462479621849184,-11729.051031685449,8808.59500929135,14668.399749122327,2533499.8098192546
1059,2026-09-21T00:41:48.046455Z,-37.63576891987489,104.79301067642524,-22.645673720987663,-179.99999994759753,37,14.990095198887229,75.20698937597723,1666822.5360352173,7231963.569881571,7233962.376120231,2537938.3958119843
1060,2026-09-21T00:42:06.235975Z,-65.98680525996711,-169.76173561010754,-65.98065941393683,-169.65748273364443,36,0.00614584603027879,0.10425287646310721,683.3868985056025,4718.056798605101,4767.291908394893,2535548.6117516975
1061,2026-09-21T00:42:25.175821Z,-82.69113129549989,-166.34165154090243,-82.6719715047251,-166.0865189921721,35,0.01915979077479335,0.2551325487303302,2130.4715297282396,3613.8128457946927,4195.057656099734,2533162.793133323
1062,2026-09-21T00:42:39.608607Z,-51.68941045042818,40.41465333937265,-54.77041362651621,32.21774817417916,24,-3.081003176088032,-8.196905165193499,-342591.92215676117,-545601.5237866703,643636.1051201487,2531383.577796211
1063,2026-09-21T00:42:51.787202Z,32.60038924813793,-36.34156378288637,32.59651857484311,-36.32452505804858,19,-0.0038706732948199374,0.017038724837789232,-430.39923308255544,1596.154501031863,1653.1644453578604,2529003.77496145
1064,2026-09-21T00:43:06.216417Z,10.227688367169442,-72.9093116037587,10.173451642605258,-72.99704092306662,27,-0.05423672456418416,-0.08772931930792538,-6030.848609355594,-9600.86532180493,11337.889651957797,2526637.5476256325
1065,2026-09-21T00:43:23.852516Z,-47.06387978083269,-134.43689080608112,-47.097297394018014,-134.40056572351492,41,-0.033417613185321215,0.03632508256620781,-3715.8690467780316,2750.546118629353,4623.114278174112,2524269.458955823
1066,2026-09-21T00:43:35.327076Z,33.136610925571134,-91.35495064335392,33.242795377416954,-93.96533715735049,20,0.10618445184582015,-2.610386513996559,11807.17233378865,-242909.2222369106,243189.64239777968,2522129.609221716
1067,2026-09-21T00:43:52.511055Z,-62.66065130898202,-80.33028250161182,-66.33010440141213,-64.00134724364094,29,-3.6694530924301105,16.328935257970898,-408024.56743841537,781808.9455303297,878288.5955108054,2520588.9897149582
1068,2026-09-21T00:44:06.690456Z,2.369020389425255,29.169476379078787,2.6707047155537746,28.929206749676705,36,0.3016843261285196,-0.24026962940209273,33545.76651367387,-26690.929778372232,42868.6660152892,2518269.026865052
1069,2026-09-21T00:44:21.127778Z,21.283654482460655,-126.7469577763764,21.190784648622053,-126.67712954282558,29,-0.09286983383860203,0.06982823355082246,-10326.654361175712,7237.244877719791,12610.213566842962,2515925.0990696372
1070,2026-09-21T00:44:38.065925Z,-42.90188167844889,113.23720603865786,-83.97537711637713,-179.99988275036435,29,-41.073495437928244,66.76291121097779,-4567164.312256049,3319551.6885138326,5001868.385394435,2518248.410552184
1071,2026-09-21T00:44:48.491164Z,46.62041186591074,166.6697132815309,49.10017704675577,-179.3553624871411,17,2.4797651808450283,13.974924231328032,275737.30737979384,1042601.9533430507,1076703.8916164066,2516902.4306092
1072,2026-09-21T00:45:01.719462Z,33.55895198683201,77.59305461232884,-89.99999999999697,-178.84586187109804,21,-123.55895198682899,103.56108351657315,-13739128.602454005,10146670.983982958,13739128.602454418,2527370.925172488
1073,2026-09-21T00:45:15.401362Z,15.140334956340183,72.31494055351564,-89.99999837644332,-178.1096539628082,26,-105.1403333327835,109.57540548367615,-11691071.652323315,9675475.377447527,11691071.893341068,2535911.1870253948
1074,2026-09-21T00:45:26.124297Z,-37.94453516236447,-38.74952768492204,-89.91132844970465,-104.05661090618,11,-51.96679328734019,-65.30708322125795,-5778443.767538739,-3191577.9153658454,5784189.5192645695,2538935.654746288
1075,2026-09-21T00:45:45.863828Z,37.76727401683115,21.542662188755628,-89.996833067239,-101.69225062355443,39,-127.76410708407015,-123.23491281231006,-14206720.515020726,-12304203.58355222,14207265.658784756,2549789.9152151607
1076,2026-09-21T00:46:04.054371Z,-47.964775964255956,98.0556905536497,-47.98250338904855,98.10599493539237,36,-0.01772742479259648,0.05030438174267715,-1971.1996994096974,3744.755695715617,4231.881668171983,2547424.154960935
1077,2026-09-21T00:46:12.975390Z,-4.3949575004523584,-140.49639667127292,-35.20722046655728,179.98449517198716,10,-30.812262966104925,-39.51910815673989,-3426167.320268891,-4134506.96488431,5307318.689066921,2549986.731130021
1078,2026-09-21T00:46:30.910559Z,-4.271444136612417,156.58114494265448,-4.399038444031372,156.55606042600803,36,-0.1275943074189545,-0.0250845166464444,-14187.839653713922,-2781.2904022555035,14457.882524368943,2547634.6635524654
1079,2026-09-21T00:46:42.586245Z,-43.6979981879149,128.6532824476201,-43.75874010501645,128.71437653833993,16,-0.06074191710155219,0.06109409071984828,-6754.193016356963,4909.046510712474,8349.721636237964,2545281.2947462406
1080,2026-09-21T00:46:59.571113Z,-71.1564192597682,-52.37824246221116,-89.99508091840437,178.37753593174608,29,-18.83866165863617,-129.24422160604274,-2094763.6012137101,-2353207.321031444,2095656.6518795942,2544864.9756324757
1081,2026-09-21T00:47:07.791841Z,0.23974439128870847,-27.027269323411588,-89.99956693321379,169.24081150559266,9,-90.2393113245025,-163.73191917099575,-10034153.603183554,-12900652.555911213,10034247.984795447,2551793.174530869
1082,2026-09-21T00:47:19.016688Z,64.7564882785897,72.8383591565509,64.6543198989204,72.96052081099727,18,-0.10216837966929404,0.12216165444635863,-11360.605482720577,5803.96668469456,12757.321307887607,2549446.5609881487
1083,2026-09-21T00:47:39.708743Z,-21.27374373465134,-174.87875473733575,-21.34554584833452,179.99299014104955,40,-0.07180211368318012,-5.128255121614757,-7984.030763925481,-531248.9582730483,531285.4669988484,2547583.0696732923
1084,2026-09-21T00:47:53.339106Z,21.613170212020215,97.14569940936371,21.49770326430224,97.25117702814676,22,-0.11546694771797661,0.10547761878302708,-12839.338781371507,10908.309062495444,16847.544725699277,2545248.44280526
1085,2026-09-21T00:48:07.277468Z,-41.20351214972575,119.14901690326559,-41.264048031522094,119.1061931548066,26,-0.06053588179634062,-0.042823748458999944,-6731.2829357077735,-3580.9871074819994,7624.541587731839,2542909.61893317
1086,2026-09-21T00:48:24.512293Z,-58.87528934355985,18.845261847309246,-60.163052869297914,16.4195482454428,32,-1.2877635257380646,-2.4257136018664482,-143192.77077998244,-136819.05336191514,198025.0862252131,2540750.4250724814
1087,2026-09-21T00:48:33.432281Z,6.832023590039207,-160.2424401106895,-89.99999999999999,52.34734833676495,24,-96.8320235900392,-147.41021155254555,-10767229.75993859,-12260399.411877772,10767229.75993859,2548318.4833382275
1088,2026-09-21T00:48:47.362629Z,47.71591255879864,107.8576620249055,47.661964976964136,107.73775312557831,26,-0.053947581834506764,-0.11990889932718574,-5998.69740473931,-8975.355358481782,10795.43101442354,2545986.2011210183
1089,2026-09-21T00:48:51.724842Z,37.317333466941065,175.82469185628827,47.661964976964136,107.73775312557831,0,10.34463151002307,-68.08693873070996,1150270.5419220063,-5582793.2568527125,5516172.368915273,2548713.6448012698
1090,2026-09-21T00:49:09.911485Z,-31.827877415039957,-50.05569980063319,-28.942004964390463,-51.69416037999464,33,2.8858724506494937,-1.6384605793614355,320894.37545552343,-157164.30042752624,357299.28273199336,2546703.1729094633
1091,2026-09-21T00:49:22.793702Z,22.74795092728107,-155.97334282188444,22.695184421079084,-155.894520134647,22,-0.052766506201987085,0.07882268723744801,-5867.367786419608,8084.480062363371,9989.234907256967,2544378.0455602403
1092,2026-09-21T00:49:38.073233Z,-33.156733016991346,-48.33696767367482,-29.287448116200743,-50.116420677694904,28,3.8692849007906034,-1.7794530040200698,430244.85071030987,-169208.0980210608,462296.99637840956,2542471.377932784
1093,2026-09-21T00:49:54.007254Z,-2.030364775185578,-58.09438398507075,-2.0343945217589425,-58.15001755977575,35,-0.004029746573364523,-0.05563357470498431,-448.0873746214301,-6182.279814024097,6198.497073855348,2540150.908691376
1094,2026-09-21T00:50:12.545075Z,35.365112494541606,-0.5127897260848329,35.40355752309902,-0.460732586510478,43,0.03844502855741183,0.052057139574344546,4274.892130289374,4719.275542025512,6367.5946599358585,2537834.8361922614
1095,2026-09-21T00:50:24.573898Z,56.765029739929524,65.73583058532881,56.638208435150275,65.686352272684,19,-0.12682130477924858,-0.04947831264479419,-14101.885681895774,-3020.4493965948122,14421.728895015905,2535530.3493362824
1096,2026-09-21T00:50:38.503845Z,-23.004036299192318,35.64260735493704,-23.147161556885962,35.53022201232422,28,-0.1431252576936437,-0.11238534261281075,-15914.802530228279,-11496.801847440309,19633.065976242375,2533234.822617888
1097,2026-09-21T00:50:51.983552Z,22.007600526144707,19.57452776754249,21.946589478345985,19.69235706640598,30,-0.06101104779872202,0.1178292988634837,-6784.118984486561,12149.942762160876,13915.6513131391,2530938.2691344745
1098,2026-09-21T00:51:06.065005Z,22.023915515881413,7.696000108434589,22.047844276969737,7.404237767875092,37,0.023928761088324535,-0.2917623405595009,2660.756833911418,-30072.538351541454,30190.013168970883,2528660.7206317736
1099,2026-09-21T00:51:19.792889Z,57.285132797904346,-103.83624914220742,57.26202316529534,-103.76004884285628,24,-0.02310963260900678,0.07620029935114303,-2569.6739027412114,4580.790683133611,5252.3197455281625,2526364.625635517
1100,2026-09-21T00:51:23.957759Z,-26.926731743584345,10.149614844331552,41.67328995800473,-107.41031599557738,1,68.60002170158907,-117.55993083990893,7627974.380923334,-12963976.533553995,14181038.954923255,2536959.7841166873
1101,2026-09-21T00:51:42.393105Z,28.35032011213303,124.52141527468171,87.78311675634126,-167.62423604612195,37,59.432796644208224,67.85434867919633,6608625.46313371,3990818.7172711496,6764452.88259824,2540799.4690381056
1102,2026-09-21T00:51:57.074308Z,-68.08269224295165,-149.5423273567029,-68.04514860595368,-149.37519256289127,24,0.0375436369979667,0.1671347938116412,4174.661961958848,6942.663717345323,8101.130720757783,2538501.1946839155
1103,2026-09-21T00:52:09.502233Z,-47.23560245541903,-112.10496973693527,-47.32499829942255,-112.14818473001789,19,-0.08939584400352629,-0.04321499308261423,-9940.364316300522,-3259.9665251483893,10461.272124976407,2536209.2273923843
1104,2026-09-21T00:52:25.634224Z,-11.245723561951971,-172.68539077212824,-11.359013801640192,-172.74322229746522,27,-0.1132902396882205,-0.05783152533697944,-12597.299891676153,-6305.861282093011,14087.435410050717,2533924.6967837047
1105,2026-09-21T00:52:39.617503Z,-21.04824931207757,-98.61797367975072,-22.921200520420737,-94.90293079025858,27,-1.8729512083431672,3.715042889492139,-208262.67222055612,383055.2567119815,435979.3639639931,2532026.1037223293
1106,2026-09-21T00:52:59.057108Z,-24.161841193650208,152.3205850414771,-28.32795917722168,-179.9894570301493,35,-4.166117983571471,27.689957928373587,-463251.1835758067,2761576.98226201,2793838.8449852965,2532262.8241032185
1107,2026-09-21T00:53:11.737087Z,19.167812579786403,-17.334350903521965,19.218003677755377,-17.361363490462118,26,0.05019109796897325,-0.02701258694014541,5580.995456869841,-2836.7102508515627,6260.545872296969,2529980.9792267676
1108,2026-09-21T00:53:25.418480Z,17.243289490499933,-35.34858864691401,17.195659401417476,-35.422115160267154,25,-0.047630089082456806,-0.07352651335315841,-5296.224261597583,-7809.319006846857,9435.859765929681,2527706.1190106478
1109,2026-09-21T00:53:39.547232Z,47.449577656586506,-60.582752986685364,47.46699114436723,-60.600795440021955,25,0.017413487780721937,-0.018042453336590825,1936.2914964032957,-1356.4654228323243,2364.1537871955243,2525428.984686731
1110,2026-09-21T00:53:54.231939Z,-21.097677177692724,93.38390057746176,-21.170824603829708,93.4164613541982,27,-0.073147426136984,0.03256077673643176,-8133.622683540214,3377.065440862407,8806.837495195989,2523161.757527099
1111,2026-09-21T00:54:05.862474Z,-18.65682928225179,-5.327198256275437,-18.725204811361408,-6.003945375520108,31,-0.06837552910961975,-0.6767471192446806,-7603.011943627059,-71282.15671842813,71686.43372534095,2520955.209080833
1112,2026-09-21T00:54:18.438567Z,8.445125808120254,40.61779099045063,8.629913628410527,40.98918730041167,33,0.18478782029027307,0.37139630996102824,20547.468121984817,40839.76330820555,45717.42601141594,2518729.275822677
1113,2026-09-21T00:54:33.622398Z,-51.52374842658729,-88.07251456728677,-56.62248417356893,-78.4837704884392,23,-5.098735746981639,9.588744078847583,-566953.5473656127,625606.933802921,842904.1955594163,2517223.5929113897
1114,2026-09-21T00:54:48.051424Z,19.253198820396037,-165.1985397202346,19.15161506781363,-165.20745620988487,29,-0.10158375258240682,-0.008916489650260928,-11295.59791667973,-936.3056423340547,11334.337220930032,2514974.141155833
1115,2026-09-21T00:54:57.175448Z,37.13595170345552,103.96476375182823,85.88135426022824,-179.9692828406444,11,48.74540255677272,76.06595340752733,5420241.461559828,4034756.840808229,5779908.501591847,2517902.3334073448
1116,2026-09-21T00:55:13.356213Z,49.88473652857241,126.06280177731537,87.99938992372995,-174.51406043796882,29,38.11465339515754,59.42313778471578,4238156.088357324,2374171.144469556,4350957.687669468,2519544.8561262176
1117,2026-09-21T00:55:17.470754Z,28.01668681236219,174.7452017388806,87.99938992372995,-174.51406043796882,0,59.982703111367755,10.740737823150539,6669772.272410883,632748.716624246,6673744.320584401,2523263.9245814173
1118,2026-09-21T00:55:31.898641Z,-13.227325422362808,-136.79912706629545,-13.306360933389026,-136.79692332462963,32,-0.07903551102621797,0.0022037416658235998,-8788.347850875522,238.50509522686178,8791.583624007422,2521014.8437755518
1119,2026-09-21T00:55:43.825242Z,52.86037885928705,-139.24846677618635,52.72392910298587,-139.0053785035847,19,-0.1364497563011824,0.24308827260165344,-15172.52064257789,16345.372687051069,22301.918153088296,2518781.8563531903
1120,2026-09-21T00:56:01.059472Z,-21.059116954610456,80.41287403025098,-11.04040521675907,-179.9999998920322,40,10.018711737851387,99.58712607771679,1114029.9167633646,10641956.431809539,10541642.552774874,2525945.1248321384
1121,2026-09-21T00:56:15.540468Z,76.28327922293231,-114.67592459566113,75.90015424665432,-114.90259437531472,26,-0.38312497627798336,-0.22666977965360502,-42601.55363292866,-6058.371846262263,43030.09840275457,2523730.214014628
1122,2026-09-21T00:56:27.317347Z,-15.23964889972114,50.555681247730035,-15.205390121767195,50.64456632706819,29,0.034258777953944275,0.08888507933815504,3809.4023015210596,9536.78870959722,10269.463482439553,2521490.052917897
1123,2026-09-21T00:56:35.539757Z,33.15874232211096,-57.14986910639375,33.17020289310547,-57.2846507157769,16,0.011460570994508146,-0.13478160938313977,1274.3573510390909,-12545.698944647032,12610.254785303412,2519255.965831403
1124,2026-09-21T00:56:44.209852Z,-44.391866276935545,-1.6805758449007442,-15.865487110849095,8.204426077282866,8,28.52637916608645,9.88500192218362,3171988.6388078514,950665.6037681454,3305553.4604924605,2519955.5187625964
1125,2026-09-21T00:56:52.829223Z,18.233626621110496,156.36993146404302,18.214967591549588,156.21200993028629,12,-0.018659029560907925,-0.1579215337567348,-2074.78942328381,-16679.251582062683,16807.800689113283,2517730.4985687537
1126,2026-09-21T00:57:07.263485Z,-13.30970424529373,145.71541052566937,-13.398686950402038,145.73134488700674,28,-0.08898270510830741,0.015934361337372138,-9894.425367152646,1723.911603511097,10043.48166043715,2515503.4230652824
1127,2026-09-21T00:57:17.747133Z,0.5541814743525123,-147.44198191057825,-25.566123566389837,179.99926952111576,12,-26.12030504074235,-32.55874856830599,-2904445.4029388432,-3534468.808819276,4545412.861413799,2517304.5849449174
1128,2026-09-21T00:57:31.978033Z,-43.12871944694205,-105.01876939369082,-11.828663193066653,179.9999999993125,31,31.300056253875397,-74.98123060699669,3480407.459120237,-7396912.864670655,7897033.839622829,2522073.848468568
1129,2026-09-21T00:57:43.454890Z,-86.50099158521952,60.78363704813637,-86.57453952453365,80.13954698258506,17,-0.07354793931412473,19.355909934448675,-8178.157716892558,129977.46763200348,129613.47476271163,2519954.751591947
1130,2026-09-21T00:57:54.631404Z,-33.268144482708,-134.51415252262123,-33.34983043149032,-134.56278276052527,15,-0.08168594878231517,-0.04863023790403531,-9083.063082740717,-4519.10885006888,10145.164929860317,2517733.6811612723
1131,2026-09-21T00:58:09.864307Z,-0.7645587946141673,-86.6363623912058,-0.7938503373522059,-85.50068214071943,35,-0.02929154273803858,1.1356802504863595,-3257.070946062157,126270.20431663406,126312.20275692675,2515619.2501458838
1132,2026-09-21T00:58:26.048412Z,24.545941859085065,91.24491758748638,24.439701229858258,91.29670602939552,27,-0.10624062922680721,0.05178844190913878,-11813.418973546592,5240.413046270499,12923.5747241664,2513408.388241801
1133,2026-09-21T00:58:43.786307Z,68.48009475887709,2.4024535178393194,68.72761662379146,2.849412303781832,33,0.24752186491437556,0.44695878594251326,27523.17561207837,18131.097810415347,32958.306332564345,2511219.1119117844
1134,2026-09-21T00:59:00.720780Z,-26.320468430513944,-63.71570567437104,-26.310820991760544,-63.77967326496767,37,0.009647438753400905,-0.06396759059663282,1072.746244492287,-6375.732057769521,6465.349393591376,2509010.334343426
1135,2026-09-21T00:59:13.149857Z,-2.9846731059647005,-128.7388669370507,-3.0441133680547194,-128.75596760831593,22,-0.05944026209001896,-0.017100671265239953,-6609.455582833004,-1898.8768768600933,6876.818753519716,2506805.8114222013
1136,2026-09-21T00:59:30.583852Z,-45.92759621278946,173.36380696101583,-40.93746418976207,-179.02553383526214,30,4.9901320230273924,7.610659203722037,554877.3642471944,614545.7153121103,827291.7778579352,2505327.36597012
1137,2026-09-21T00:59:41.005495Z,13.094755061156944,162.69365261616053,17.500113373728126,-179.99968075731002,16,4.405358312571183,17.306666626529477,489853.4944093497,1856230.080831571,1918756.1105942384,2504811.47216592
1138,2026-09-21T00:59:59.440477Z,-82.79524552898681,-89.27694337742919,-82.96960955558303,-85.15846794533097,35,-0.17436402659622274,4.118475432098222,-19388.395146816878,56743.11140236629,59948.68900789597,2502663.086591967
1139,2026-09-21T01:00:11.667256Z,15.526759109208726,45.21398398354529,15.703179876280782,45.77010789730722,26,0.1764207670720559,0.5561239137619225,19617.09425315404,59555.85201596744,62703.46417599334,2500520.8920156583
1140,2026-09-21T01:00:26.599634Z,-20.37291305792786,99.05122603027479,-20.457272907601894,99.10923785260053,27,-0.08435984967403343,0.05801182232573865,-9380.387296250148,6045.457738268867,11159.7139464509,2498337.241859457
1141,2026-09-21T01:00:32.515814Z,41.16854068615382,-157.6312834394369,20.152991127478924,112.03756282392436,1,-21.015549558674895,-90.33115373663873,-2336822.4915719437,-8640180.433343604,8576657.420550039,2503664.4286944177
1142,2026-09-21T01:00:53.704474Z,-33.799459360083375,-80.05822015905768,-14.827004937490923,179.99999999995384,44,18.972454422592453,-99.94177984098849,2109640.6777874017,-10127385.400741942,9984201.912980607,2510214.811780483
1143,2026-09-21T01:01:03.580465Z,44.957485642305286,152.56567460112382,76.4058564246904,101.80263610519552,13,31.448370782385112,-50.7630384959283,3496899.2822381966,-2763939.0019161594,4184040.8493767017,2511679.226511538
1144,2026-09-21T01:01:14.503467Z,-37.19787490097089,136.208192942398,-37.37292030642377,136.02033548383284,15,-0.1750454054528845,-0.187857458565162,-19464.161018800532,-16619.7090940591,25594.28872308387,2509506.0753421425
1145,2026-09-21T01:01:32.740117Z,-22.834301053069602,-170.96358579677766,-23.604997656079675,179.9999999993506,39,-0.770696603010073,-9.0364142038718,-85697.55223691567,-923414.5232698263,927223.3849497825,2508124.169062324
1146,2026-09-21T01:01:46.218242Z,10.06040301051607,-104.98812031900715,-35.23867235384452,179.9999999999829,35,-45.29907536436059,-75.01187968100999,-5037027.362206413,-8140408.503520241,9323325.412345288,2514071.1160459914
1147,2026-09-21T01:01:54.438830Z,18.66119997465857,-42.93144026908709,18.10234430615147,-40.954706189813116,8,-0.5588556685070998,1.9767340792739674,-62141.915064542794,208587.66700970335,217645.45480277264,2512069.0012585083
1148,2026-09-21T01:02:10.674428Z,-34.00646801069214,-47.69815877126442,-33.831757350279226,-47.8187793176838,27,0.17471066041291294,-0.12062054641938857,19426.939068636264,-11129.954781485498,22389.319207437376,2509900.2907340736
1149,2026-09-21T01:02:26.363844Z,18.290825239219153,-113.21055271481988,18.184374013312258,-113.31022592331489,28,-0.10645122590689482,-0.09967320849500538,-11836.83625594052,-10526.41365954727,15840.329292303973,2507729.655432558
1150,2026-09-21T01:02:40.853933Z,-45.09339120434356,-79.34567409053321,-46.04993507414008,-75.67784735410665,24,-0.9565438697965192,3.667826736426548,-106362.82543432628,285497.3828448757,304630.60466306406,2505813.917127541
1151,2026-09-21T01:02:56.583333Z,33.208069043658405,-70.72107488470711,33.23321706974463,-70.77603785666707,28,0.025148026086228015,-0.05496297195998068,2796.3329159135737,-5112.765783754386,5827.5080587544835,2503641.9046088015
1152,2026-09-21T01:03:15.472461Z,29.528486975040575,-163.44387075664926,29.443432874681207,-163.46198620310872,34,-0.08505410035936833,-0.018115446459461282,-9457.584450278899,-1753.440299368343,9618.755397930725,2501476.9539584448
1153,2026-09-21T01:03:35.662471Z,-53.21605436060391,168.00619542786484,-53.61651362896892,-179.9259532937188,43,-0.40045926836500456,12.067851278416356,-44529.03896998034,799758.3157830472,800033.6546857578,2500001.28761042
1154,2026-09-21T01:03:50.593460Z,-41.11817023508163,111.56704714020657,-89.98893746028412,-179.65184627802864,26,-48.87076722520249,68.78110658176479,-5434181.3766696965,3165113.2266063862,5434966.353133036,2502544.5848942352
1155,2026-09-21T01:04:12.787731Z,-78.25308230486613,92.53313216900006,-89.99452436246732,-167.65265173978182,39,-11.74144205760119,99.8142160912181,-1305588.7882963012,1136290.701509639,1306301.570393892,2501508.876656573
1156,2026-09-21T01:04:27.468063Z,-34.38218662358479,165.23335260809847,-35.33047217774541,-179.98021148076378,26,-0.9482855541606199,14.786435911137744,-105444.54263298486,1349191.1816245266,1352043.2247899885,2500514.5292068613
1157,2026-09-21T01:04:36.390312Z,-20.157597411159085,-28.19927227583193,-20.284504527173574,-28.27977893258117,12,-0.12690711601448967,-0.08050665674923607,-14111.427455903684,-8400.189267714262,16422.409159400762,2498367.5178671484
1158,2026-09-21T01:04:49.118524Z,-24.208303428490257,-101.12299199970926,-26.683861480139097,-96.68239661913415,26,-2.4755580516488394,4.440595380575104,-275269.4959574395,445870.89320467325,523931.12719887384,2496662.477806122
1159,2026-09-21T01:05:06.305812Z,-15.51071170011974,170.33235024848977,-17.10635906539213,-179.8482581867739,32,-1.5956473652723897,9.819391564736293,-177427.8917320468,1047933.6048363895,1062705.8509589648,2495425.241717384
1160,2026-09-21T01:05:15.777051Z,-3.408124025902813,55.020422211842344,89.99999949347928,-174.2791781747881,30,93.40812351938209,130.70039961336954,10386509.442743571,10577589.221209588,10386509.535794241,2502227.9005915886
1161,2026-09-21T01:05:30.756548Z,-79.11518425782111,-62.349835327249195,-79.33082865137696,-59.50017347636467,29,-0.21564439355584852,2.84966185088453,-23978.56252275293,59250.1454874161,63910.13744102181,2500127.7130264286
1162,2026-09-21T01:05:45.943984Z,49.802749445903494,19.702958001076496,50.038082104384436,20.15438985799932,40,0.2353326584809423,0.4514318569228237,26167.79769685737,32319.346518547693,41584.647912115644,2498011.9272561064
1163,2026-09-21T01:05:56.618461Z,-26.63548171295832,-42.22062255209548,-26.699820480134107,-42.27445037635003,15,-0.06433876717578713,-0.053827824254540246,-7154.144496512993,-5348.685644609348,8932.536923905775,2495871.7042205674
1164,2026-09-21T01:06:11.598427Z,-0.30130047997736426,20.272734081426165,-0.10128990429890673,20.04684000710829,43,0.20001057567845754,-0.22589407431786412,22240.16129070205,-25118.120005651323,33549.12943911046,2493756.306819552
1165,2026-09-21T01:06:25.328877Z,69.43083283890635,-17.190184681165533,69.40809004363791,-16.75626442466162,35,-0.02274279526844225,0.4339202565039102,-2528.8834515666535,16960.92304693644,17148.378142170517,2491630.463103949
1166,2026-09-21T01:06:35.203616Z,37.40189738097026,91.23156377297522,37.30319572628593,91.21948562202259,18,-0.09870165468433356,-0.012078150952618216,-10975.123252321038,-1067.5971916815076,11026.925835940023,2489503.0158164124
1167,2026-09-21T01:06:49.384460Z,77.375805181717,-163.91443015632257,81.78046394166435,154.64546905033077,24,4.404658759947353,-41.44010079334669,489775.7077066589,-833548.9443219032,936143.1158881518,2488171.9447796275
1168,2026-09-21T01:06:57.556042Z,16.43770843108348,138.29866818828998,16.491359627404453,138.20512496507098,12,0.05365119632097404,-0.09354322321900099,5965.7408393035275,-9975.020734518024,11622.869330113846,2486051.611667085
1169,2026-09-21T01:07:10.783620Z,33.456280168933425,-58.351322126801605,84.22154612897032,179.9714572759014,23,50.76526596003689,-121.67722059729698,5644840.0245178165,-7000986.702845117,6639366.858352607,2489604.4904067647
1170,2026-09-21T01:07:21.758550Z,-54.70530273031517,-8.671627285557975,-8.713404120180686,179.999971913354,18,45.991898610134484,-171.32840080108804,5114065.792197887,-16207039.498148736,12916823.170968773,2498516.6431251937
1171,2026-09-21T01:07:36.239317Z,-58.940585340306455,99.39200457638816,-59.066607997778284,98.37754610666988,25,-0.12602265747182884,-1.014458469718278,-14013.080153132358,-58091.58228819622,59757.18283851409,2496434.013355521
1172,2026-09-21T01:07:51.119664Z,-36.93633743339636,164.44720748528852,-36.87614735080949,165.54812970693513,27,0.060190082586871085,1.1009222216466128,6692.831817977062,97886.96078628472,98114.94486453536,2494387.6660274575
1173,2026-09-21T01:08:06.551208Z,-11.409647289375025,-168.20967244128602,-12.511280050759357,179.99999954854076,29,-1.101632761384332,-11.790328010173198,-122495.97409137347,-1282563.4076486789,1288280.3712661802,2493359.4415647453
1174,2026-09-21T01:08:17.631444Z,-17.663901746703523,23.401608073095986,-17.454633742533808,23.003557098720727,22,0.20926800416971503,-0.39805097437525205,23269.540372704672,-42198.91305708209,48189.382089415885,2491276.673200627
1175,2026-09-21T01:08:29.360461Z,22.577534102781108,64.96196876614411,22.52464895333347,65.11400407984226,21,-0.05288514944763634,0.15203531369814982,-5880.5603134164485,15612.921621928455,16683.652593961644,2489170.6365873446
1176,2026-09-21T01:08:40.535337Z,77.16059431184401,103.700348437407,77.25251949500269,104.08547744577757,15,0.09192518315867915,0.3851290083705692,10221.613998116953,9482.900594145989,13942.931285451277,2487065.8511236524
1177,2026-09-21T01:08:50.507516Z,-31.16716594827417,-22.310262434823954,8.03420991838226,-42.23949466229667,11,39.201375866656434,-19.92923222747271,4358994.113858637,-2171027.997927993,4847927.156986758,2489071.680610367
1178,2026-09-21T01:09:04.638968Z,53.137575354784886,110.0783346142901,53.0894906822608,109.99057406265646,24,-0.04808467252408377,-0.08776055163363594,-5346.771634043124,-5857.3742666387125,7930.749218991851,2486965.448919882
1179,2026-09-21T01:09:17.117485Z,-14.952667589512487,114.09637082657872,-15.027295942637345,114.04801045969552,28,-0.07462835312485794,-0.04836036688320178,-8298.294251322804,-5194.439326164511,9789.988899503238,2484864.3671047674
1180,2026-09-21T01:09:31.298169Z,5.656454995879337,-165.60647979863973,0.8072787991885872,179.98173949831096,24,-4.84917619669075,-14.411780703049317,-539203.7914775683,-1599968.1956418925,1687913.2941858107,2484188.9848395814
1181,2026-09-21T01:09:45.577857Z,30.13777923803247,-66.11334625019227,89.99992907952075,176.99449022425915,28,59.86214984148829,-116.8921635255486,6656367.360409874,-6485375.8650393225,6656378.813346682,2487721.7450669375
1182,2026-09-21T01:09:57.051546Z,-38.598277427458086,-109.03023868976176,-11.010309652038604,179.9999999799405,20,27.587967775419482,-70.96976133029773,3067642.0530602196,-7163457.3938491475,7597738.1746492265,2492044.9400158226
1183,2026-09-21T01:10:10.778313Z,-32.382654772494064,42.44522050791781,-35.303322073260716,40.90176300767194,27,-2.9206673007666524,-1.5434575002458644,-324763.38626190927,-142545.74000437785,354654.5187532992,2490238.1856445107
1184,2026-09-21T01:10:29.714712Z,-58.852270424729625,-98.75768127810723,-67.17387708566258,-66.68516417980474,31,-8.321606660932957,32.072517098302484,-925320.4422273115,1618341.7510742783,1834124.0860771474,2489684.035222579
1185,2026-09-21T01:10:42.292644Z,8.48680407021053,9.041938419946746,8.534421794357234,9.135632724887248,34,0.04761772414670418,0.0936943049404988,5294.849343473604,10303.609571156823,11584.463419838956,2487592.8119552345
1186,2026-09-21T01:10:56.472854Z,39.90991871478618,-61.197767932779556,39.9580515742476,-61.22053645352535,27,0.04813285946141832,-0.02276852074578528,5352.129777005265,-1941.3021522197419,5693.3247306016865,2485500.147969379
1187,2026-09-21T01:11:13.105222Z,-51.6088083488297,101.55900109125241,-51.642009268986484,101.61500661741456,32,-0.033200920156787106,0.05600552616215282,-3691.7738813657934,3866.0519563383664,5345.610252319429,2483410.7170193223
1188,2026-09-21T01:11:27.287200Z,-9.68690547699444,-173.2241097399754,-9.171342911666844,179.7269641135524,23,0.5155625653275955,-7.04892614647224,57327.9416322825,-773214.8493059053,775321.2613346177,2481972.931282214
1189,2026-09-21T01:11:42.020486Z,0.27963759349869605,-73.76956622762688,-19.27737984779585,179.99999999999997,37,-19.557017441294544,-106.23043377237315,-2174641.119771103,-11650325.313123383,11719164.977538357,2489741.8060057266
1190,2026-09-21T01:11:59.219890Z,64.3573888334941,71.86502661329666,64.28683484279337,71.81220274713725,32,-0.07055399070073065,-0.05282386615942869,-7845.245820448624,-2545.1605093029116,8247.770134223305,2487656.516899952
1191,2026-09-21T01:12:19.710708Z,-31.842828591463356,-94.81854838198977,-89.9999999273071,150.01980512615737,46,-58.15717133584374,-115.16164649185288,-6466782.400544179,-6223532.308466046,6466782.412063972,2490997.512613776
1192,2026-09-21T01:12:32.137891Z,-59.133532108211206,85.16072661748615,-89.99999999452987,161.40680324899498,36,-30.866467886318667,76.2460766315088,-3432194.632395832,2256172.490668605,3432194.6328594703,2491787.1075133113
1193,2026-09-21T01:12:51.074388Z,-78.19168265084325,82.25494746016108,-82.25113028087365,137.97297071998725,32,-4.059447630030405,55.71802325982617,-451389.9814386587,1052262.3807161732,1088473.1238680033,2490610.8175018737
1194,2026-09-21T01:13:09.263126Z,26.80297289426104,100.81550244047054,26.72719652299934,100.74041092900961,31,-0.07577637126169989,-0.07509151146092563,-8425.948043835568,-7455.201496724448,11250.627266807012,2488534.30142965
1195,2026-09-21T01:13:28.451648Z,18.116172987315622,-40.13232007864815,18.283082642507594,-40.20382954251021,35,0.1669096551919722,-0.07150946386207124,18559.506865339943,-7553.709009575253,20037.808281521648,2486468.6139876847
1196,2026-09-21T01:13:44.983921Z,66.82188750073982,-51.90579116415901,66.81616727735667,-52.391904073224694,30,-0.005720223383150369,-0.48611290906569593,-636.0598194798949,-21277.35579835354,21286.80672218296,2484407.4251856236
1197,2026-09-21T01:14:01.669223Z,-27.72052750270242,113.33441280695195,-22.18109759132742,-179.99999986290817,32,5.539429911375002,66.66558733013989,615956.5026480178,6721033.414626063,6669480.138104069,2487903.7265330907
1198,2026-09-21T01:14:17.152635Z,-4.520290878589056,24.22634830193485,-4.935368093992385,24.1810639366015,28,-0.4150772154033291,-0.04528436533334457,-46154.48051860088,-5018.258612133021,46426.48898024788,2485865.765566853
1199,2026-09-21T01:14:32.837266Z,47.81241105714697,118.31338671884549,47.832317347030454,118.19729286957521,27,0.01990628988348675,-0.11609384927027122,2213.4784433596305,-8667.539286278039,8945.708829680334,2483799.944001601
1200,2026-09-21T01:14:48.521278Z,60.84073794465795,-113.06300256521881,82.13891141544173,179.5593950463536,28,21.298173470783773,-67.37760238842759,2368248.8367468887,-2378523.314573564,3006618.4053877573,2484235.6260527563
1201,2026-09-21T01:15:00.550461Z,7.751573326537029,7.498031296052204,89.99999995881957,175.45129819395595,35,82.24842663228254,167.95326689790375,9145607.766007029,12282791.337793656,9145607.775064295,2489782.147409136
1202,2026-09-21T01:15:15.281499Z,-63.273717735269585,-4.642647146863737,89.99999961555812,-61.57592163753164,27,153.27371735082772,-56.93327449066791,17043259.757364117,-6159286.314485347,17043259.776788145,2501889.8659027955
1203,2026-09-21T01:15:24.199628Z,61.17270832550645,100.78368421234319,89.9999999999795,-74.16377983197174,38,28.827291674473045,-174.94746404431493,3205448.583104329,-4842319.018436943,3205448.583108882,2502474.7027417035
1204,2026-09-21T01:15:32.120058Z,0.8995620582254886,-8.788327477313317,89.9999999967828,-43.080786144223936,12,89.10043793855732,-34.29245866691062,9907516.66057594,-2675053.1356853102,9907516.660638124,2508625.069816368
1205,2026-09-21T01:15:42.291553Z,-23.644792075553166,91.69509012152457,89.9999999997739,-70.84697930607729,36,113.64479207532708,-162.54206942760186,12636724.318352126,-15127422.868585825,12636724.318401245,2517030.1314334515
1206,2026-09-21T01:15:59.281861Z,13.045159633892416,-26.240048781655503,13.361816998420412,-26.1645081275198,32,0.3166573645279964,0.07554065413569333,35210.69242014986,8177.690421790654,36147.85308293902,2514973.0151164113
1207,2026-09-21T01:16:11.707737Z,-17.228507976100744,-138.70141798532725,-17.60838411923999,-139.14865123670117,17,-0.37987614313924567,-0.4472332513739161,-42240.29987038631,-47449.64678335737,63527.16116492695,2512941.9912109002
1208,2026-09-21T01:16:29.441735Z,62.912619614050676,-16.977644848969334,63.13363083247707,-20.985877601318986,33,0.2210112184263906,-4.008232752349642,24575.32622054705,-202181.06496563778,203635.09591965913,2511030.3133174474
1209,2026-09-21T01:16:43.371993Z,4.372319676029446,-28.969202055377934,4.774742758525156,-28.786782736409382,21,0.40242308249571046,0.1824193189685559,44747.40513818773,20219.5145848426,49103.53675168108,2508993.9801689233
1210,2026-09-21T01:16:57.799949Z,28.443898694064536,-122.52893444595324,28.326849799978397,-122.62133264280496,25,-0.11704889408613894,-0.09239819685171824,-13015.243191734944,-9038.941910160751,15846.102640323186,2506933.527377577
1211,2026-09-21T01:17:07.773346Z,7.15737556128373,54.70447585466522,57.91407449830282,-179.99999999999997,41,50.75669893701909,125.29552414533481,5643887.415021789,11745650.936476287,11283655.460354408,2514181.02690935
1212,2026-09-21T01:17:23.507466Z,37.58990463781625,-88.86184737634099,37.55790319629567,-88.99801578718244,26,-0.0320014415205776,-0.13616841084143516,-3558.3979424007625,-12000.451309940589,12516.908242950702,2512116.9476035195
1213,2026-09-21T01:17:35.431366Z,-10.681929775257046,-56.1335450900508,-8.350873770868361,-55.61049345687901,18,2.331056004388685,0.5230516331718036,259201.60141235802,57360.298843654964,265471.62054461264,2510264.808009901
1214,2026-09-21T01:17:49.610511Z,-30.34718803390065,-144.52464604260848,-30.014263506303145,-145.08588630339608,21,0.33292452759750546,-0.5612402607875993,37019.51842437899,-53947.414921955926,65427.40971960776,2508250.9386538137
1215,2026-09-21T01:17:59.031945Z,34.11003874053045,65.60040018774004,-89.97670465059798,-81.78136068644376,13,-124.08674339112844,-147.38176087418378,-13797816.328938711,-14478779.393943056,13802588.33078502,2517546.689593839
1216,2026-09-21T01:18:16.065580Z,-23.804606911752078,-100.17547771087577,-23.810008986628194,-98.60120110791071,32,-0.005402074876116103,1.5742766029650568,-600.6833195781437,160156.11617540754,160156.4216076882,2515608.0462813503
1217,2026-09-21T01:18:39.011311Z,11.555800174647327,78.33610280207114,11.509830577441042,77.1973179482332,41,-0.045969597206285684,-1.138784853837933,-5111.585989232848,-124070.54258580018,124175.70883040794,2513643.0238183667
1218,2026-09-21T01:18:53.592030Z,69.45965013088063,-46.528661444527216,69.04889526271474,-47.963742210280465,25,-0.41075486816589546,-1.4350807657532414,-45673.85743460214,-56524.40387185305,72668.17470820453,2511638.93937739
1219,2026-09-21T01:19:00.709611Z,22.822009107368775,166.46942445843314,26.69927466257294,-179.37049178608098,7,3.877265555204165,14.160083755485857,431132.2589924015,1429775.7339067054,1492320.3540165164,2510802.7469365685
1220,2026-09-21T01:19:11.134790Z,57.44534157736289,-152.75835184202046,57.39436174880156,-152.54196056385675,18,-0.05097982856133143,0.2163912781637123,-5668.698297229429,12956.669619702405,14142.460673329802,2508756.3040789757
1221,2026-09-21T01:19:25.116249Z,66.43423951629217,-146.13970476159597,66.43470823969967,-145.92445283733312,23,0.0004687234075078095,0.21525192426284434,52.119664914418486,9569.124356186523,9569.261565576926,2506709.467844321
1222,2026-09-21T01:19:36.592416Z,43.75329001548076,-106.33869706309645,43.733897759378024,-106.26796028355955,20,-0.01939225610273354,0.07073677953690094,-2156.3204948159528,5682.413142948226,6077.790230621208,2504663.1244092854
1223,2026-09-21T01:19:53.927410Z,-48.29053269815544,44.97558046328908,-48.316470636768685,45.09896612729804,33,-0.02593793861324656,0.12338566400896411,-2884.1671814110186,9126.24116791508,9571.137520717622,2502622.9837822304
1224,2026-09-21T01:20:06.903745Z,38.38139578580164,29.559745205683612,38.59049105653663,30.106231626463597,34,0.20909527073499135,0.5464864207799849,23250.333291101513,47565.651295120435,52943.88789981045,2500621.6119718687
1225,2026-09-21T01:20:21.636706Z,-38.08329280309245,135.99473802375502,-38.1346887613916,135.97314995287533,34,-0.05139595829915322,-0.021588070879687393,-5714.969812901142,-1888.7924471852273,6019.00458332617,2498585.201680123
1226,2026-09-21T01:20:34.515254Z,17.769128229454367,96.69442153767767,17.69134397680219,96.66906998125587,20,-0.07778425265217592,-0.025351556421810528,-8649.214267760524,-2685.066194479439,9056.405824640404,2496554.5909167826
1227,2026-09-21T01:20:50.194578Z,11.564234658538242,114.2485840080194,11.536026667396866,114.16976436394293,38,-0.028207991141375288,-0.07881964407647502,-3136.585505755588,-8586.86563140087,9141.795658652405,2494527.3596248035
1228,2026-09-21T01:21:00.671873Z,31.880911441244937,-100.44204812008606,-36.27757964449455,179.99999987058118,16,-68.15849108573948,-79.55795200933278,-7578878.416482612,-8839929.941592308,11215316.83412753,2501628.9797180467
1229,2026-09-21T01:21:05.535027Z,2.2453945317413178,-10.382369487430708,-36.27757964449455,179.99999987058118,0,-38.52297417623587,-169.61763064198811,-4283559.2876567785,-18034951.097813476,16083258.054729057,2512679.939095598
1230,2026-09-21T01:21:19.714096Z,-9.655531793631619,16.81574200397398,-9.403786971533949,16.458980847092494,37,0.25174482209767035,-0.35676115688147547,27992.747026297944,-39122.585509804376,48105.79774798918,2510676.220281495
1231,2026-09-21T01:21:35.198262Z,-42.16139929095312,-107.07931382235816,-42.657544079768805,-105.30578852552526,30,-0.496144788815684,1.7735252968329007,-55168.783397440064,145606.5889221434,155703.6907284575,2508763.1637993236
1232,2026-09-21T01:21:51.180500Z,12.055381122680236,-94.7151975982681,11.677144062624771,-92.5361646724179,28,-0.378237060055465,2.1790329258502084,-42058.042147120985,237119.5675746166,240819.5390833392,2506922.3004675736
1233,2026-09-21T01:22:09.725019Z,-22.625205767140226,-87.85566265633658,-22.591552261957826,-86.71200542950587,39,0.03365350518240007,1.143657226830726,3742.0990400892524,117396.46251624527,117455.79801147546,2504984.371430707
1234,2026-09-21T01:22:21.153522Z,26.256231491017108,-160.82038336312937,26.21751909312589,-160.7200558423252,20,-0.038712397891217165,0.1003275208041714,-4304.622243748863,10006.562762798838,10893.165719923434,2502963.2278280244
1235,2026-09-21T01:22:39.141020Z,-30.129526856467244,47.5150879498423,-86.02345247861975,-59.37442898613778,34,-55.8939256221525,-106.88951693598008,-6215120.95943167,-6284931.811262283,6793717.164412007,2506437.522513517
1236,2026-09-21T01:22:56.325968Z,-12.644715821686596,-179.44736262439034,-12.755690039774283,-179.49374753191157,30,-0.11097421808768715,-0.04638490752122948,-12339.770039697636,-5031.575266160667,13326.164680971746,2504420.4421269214
1237,2026-09-21T01:23:11.958818Z,-20.07427161106393,89.99143843057726,-24.731424462830798,-179.99996044639354,25,-4.657152851766867,90.00860112302917,-517851.7697247143,9253129.19835265,9090325.827995338,2509744.5370225306
1238,2026-09-21T01:23:18.676219Z,50.398644223981606,40.00346517973793,-89.99262546160789,-155.74672479063733,7,-140.3912696855895,164.24981002962477,-15610796.934225587,17184331.903143484,15612406.164169181,2520328.2701623905
1239,2026-09-21T01:23:36.911495Z,-30.055366943627938,-121.93678097837207,-30.072801770161163,-121.98944626508212,43,-0.01743482653322559,-0.05266528671006654,-1938.6642574226257,-5068.26420617567,5426.391094941489,2518298.4865634665
1240,2026-09-21T01:23:49.590866Z,69.58415634387717,80.35909609361846,89.17818738054012,-172.7664903852174,22,19.594031036662955,106.87441352116412,2178756.843792944,2189896.5316398675,2298257.1118214964,2518121.0338419
1241,2026-09-21T01:24:05.074859Z,-20.9295491203193,73.95374332411711,-16.93692360094435,-179.99999999326485,37,3.9926255193749505,106.04625668261804,443959.70174609084,11153837.209138697,10921168.812871661,2524892.224638862
1242,2026-09-21T01:24:15.597820Z,-17.870726209913634,131.34152144491753,-30.26239808255837,-179.9999999999291,28,-12.391671872644736,48.65847855515335,-1377891.0448821732,4940247.1584209865,5088378.784016291,2526956.2234789403
1243,2026-09-21T01:24:29.325362Z,-22.802413377905452,77.05418786922826,-20.540111882080637,-179.99999999999997,35,2.262301495824815,102.94581213077174,251556.4488761158,10637950.414803457,10373523.573062127,2533268.827943609
1244,2026-09-21T01:24:43.055168Z,-19.046662521053477,37.29913426171882,-89.99999975131892,-160.2481373462075,24,-70.95333723026545,162.4527283920737,-7889651.128506004,10483782.00489547,7889651.182523462,2537574.601540538
1245,2026-09-21T01:25:03.244548Z,-59.79180497689905,-119.84693063744967,-59.80611817574087,-119.8805692285719,39,-0.01431319884181903,-0.03363859112221235,-1591.5550952650503,-1881.5748574399288,2464.421089829786,2535538.3684638706
1246,2026-09-21T01:25:15.922920Z,-36.97696970410138,130.57081767455765,-11.00960480185563,-179.9999656847702,19,25.96736490224575,49.429216640672166,2887439.235457705,5021361.789160055,5707210.082968659,2538083.8513808087
1247,2026-09-21T01:25:31.202851Z,-50.75164245639426,-98.98035758253054,-53.105673133971486,-94.05882689025267,29,-2.354030677577228,4.921530692277884,-261756.26851224076,337456.97490194824,426914.2943565402,2536390.8525379663
1248,2026-09-21T01:25:48.637480Z,-21.539175188721575,103.21198512792455,-18.28473111084841,-179.99999999999997,35,3.254444077873167,76.78801487207545,361877.6705079254,8027985.08024867,7952180.148685381,2540730.4272944946
1249,2026-09-21T01:25:54.553442Z,-31.181249243019387,-10.680174067211738,53.260539493846586,-116.71957360170857,2,84.44178873686597,-106.03939953449684,9389498.504331138,-11572849.059637,13765984.03169565,2549717.820092254
1250,2026-09-21T01:26:07.733436Z,38.476884530659156,-37.828163647983416,38.02689608150077,-38.189764492782984,37,-0.44998844915838276,-0.3616008447995682,-50036.43259506512,-31575.3427754113,59166.12974467633,2547725.378739976
1251,2026-09-21T01:26:24.175456Z,-8.594356340365215,169.23019881140203,-10.69894567857599,-179.57865677057927,29,-2.1045893382107757,11.191144418018666,-234019.6570792676,1226802.5945751735,1248795.7885077146,2546687.0657182075
1252,2026-09-21T01:26:33.446125Z,9.719532198337335,39.270192664907086,89.99999999999999,-169.2328926260802,22,80.28046780166265,151.49691470901269,8926780.728196738,10859751.697729886,8926780.728196742,2551782.9871738614
1253,2026-09-21T01:26:40.211570Z,36.85033314062072,-8.62070977472007,89.99999999999999,-169.2384893244737,36,53.149666859379266,-160.61777954975364,5909973.307611412,-7989909.367493127,5909973.307611415,2554463.107142287
1254,2026-09-21T01:26:46.577921Z,51.15554746107101,-161.0438487238455,-19.265441434985668,-143.9262760649207,1,-70.42098889605668,17.117572658924814,-7830456.694534308,1830155.538462607,8006960.800566738,2558811.1914273147
1255,2026-09-21T01:27:02.257339Z,61.04500830897085,-1.6883521737297542,61.033002404929604,-1.6678160143370306,29,-0.012005904041245685,0.020536159392719355,-1334.9956191679253,1105.710982175593,1733.4387848981694,2556773.679273815
1256,2026-09-21T01:27:17.940990Z,46.778472581572395,-119.5797909164306,46.74853513482296,-119.50065451324797,34,-0.029937446749435992,0.0791364031826447,-3328.8921952289184,6027.802553841077,6885.92188294617,2554743.5138618792
1257,2026-09-21T01:27:29.617502Z,-13.576628427670292,-10.280814889894316,-13.517986889795086,-10.232944260849044,25,0.05864153787520543,0.04787062904526351,6520.641502357581,5174.86920418441,8324.544074745225,2552717.7231142363
1258,2026-09-21T01:27:41.093532Z,27.383405897917918,62.054956567264725,27.24782661231402,62.00167908145775,19,-0.13557928560389598,-0.05327748580697289,-15075.728717246891,-5263.593119314553,15968.18665934992,2550701.229047102
1259,2026-09-21T01:28:03.836064Z,-38.36595251077206,-110.68262875113416,-38.57883181681259,-109.81370232971959,44,-0.21287930604052718,0.8689264214145851,-23671.09881932099,75644.7373683868,79261.50205748164,2548738.2109954823
1260,2026-09-21T01:28:17.972375Z,9.880131318691191,169.753105817865,11.158132757784648,-179.9996293041423,24,1.2780014390934564,10.247264877992734,142107.27627163738,1120294.3741612115,1129196.4685173533,2547611.590564944
1261,2026-09-21T01:28:29.898266Z,3.2413860401735333,146.40383854443655,1.41092224669389,-179.99999954933304,21,-1.8304637934796433,33.59616190623041,-203538.28724148963,3732644.417865449,3737938.3783850875,2548555.54519446
1262,2026-09-21T01:28:43.679152Z,-19.818553899458863,29.708284295314826,89.99999999575319,-178.80562476004334,28,109.81855389521205,151.48609094464183,12211266.044589624,13782878.51317437,12211266.045476792,2556212.2096162373
1263,2026-09-21T01:28:56.908373Z,42.45800061061761,-46.84999202342581,89.99999999999999,-166.47914907753878,39,47.541999389382376,-119.62915705411297,5286429.134638029,-5361861.2037891755,5286429.134638031,2558373.901560039
1264,2026-09-21T01:29:11.096294Z,-20.99873999521985,-128.34263458026976,-20.674958846207325,-129.17578238540972,23,0.3237811490125253,-0.8331478051399586,36002.821113338694,-86582.76594070609,93769.57477042162,2556424.056364794
1265,2026-09-21T01:29:29.282278Z,-50.871901651298764,143.43256505883562,-59.86783074798855,-179.99835516838803,35,-8.995929096689785,36.56907977277638,-1000301.6760060723,2310780.8731331993,2477520.9281336726,2556361.6823503817
1266,2026-09-21T01:29:53.978374Z,-25.754840374480068,-161.10216405359736,-25.85470596071049,-161.11324073918314,47,-0.09986558623042185,-0.011076685585777568,-11104.546535207613,-1108.8520768296362,11159.77177860499,2554351.254300957
1267,2026-09-21T01:30:06.408367Z,-32.57664249917256,-19.224991173600273,-33.24713152032,-18.719235136715675,17,-0.6704890211474464,0.5057560368846055,-74554.97752247228,47211.78820554696,88245.88343473255,2552404.8412221363
1268,2026-09-21T01:30:18.583503Z,10.62803726056197,130.00498249796493,10.57774477518662,129.89139259872286,20,-0.05029248537534947,-0.11358989924207208,-5592.269222084527,-12414.96613428684,13616.344829724623,2550402.6420924887
1269,2026-09-21T01:30:31.309839Z,2.649876764890995,-69.68430432880932,-82.83800290153972,176.22275734123673,21,-85.48787966643071,-114.09293832995394,-9505818.508507628,-9705064.810585901,10624660.633669117,2556765.335545268
1270,2026-09-21T01:30:52.548900Z,36.906466752941945,5.3728330231262476,36.96671714099814,5.530463815308577,43,0.06025038805619687,0.15763079218231724,6699.537480215008,14009.944255494047,15529.399441914691,2554764.3623672337
1271,2026-09-21T01:31:06.732544Z,18.28282293533277,-131.14287127291448,18.164757981665012,-131.13608520543858,25,-0.11806495366775849,0.006786067475900381,-13128.22386237963,716.7284506841572,13147.774002158518,2552764.66402863
1272,2026-09-21T01:31:19.461009Z,-26.361029239533543,-26.69865105474946,-28.59075355248163,-27.65829771715658,19,-2.229724312948086,-0.959646662407124,-247934.03141585155,-94671.73437538285,265390.14230163564,2550966.4136184673
1273,2026-09-21T01:31:24.878843Z,-9.283784372603801,-177.588560856052,-28.59075355248163,-27.65829771715658,0,-19.30696917987783,149.93026313889538,-2146837.0216852715,15769131.527563695,14708674.680942982,2560516.8521631053
1274,2026-09-21T01:31:33.497833Z,28.906947946778292,-128.83936747866042,28.809516976002122,-128.82780862438793,9,-0.0974309707761698,0.01155885427249359,-10833.829648364348,1125.6747708257858,10892.153504009591,2558515.5768894325
1275,2026-09-21T01:31:48.428300Z,1.05714025643099,111.40303599060394,-27.934886961739565,-179.99993533577364,25,-28.992027218170556,68.59702867362239,-3223766.339801525,7418784.699544415,7974596.284139122,2562763.483326491
1276,2026-09-21T01:32:00.405450Z,-8.76515442873057,-50.022173229980325,-8.79413001207807,-50.09784835226527,19,-0.028975583347499168,-0.07567512228493456,-3221.9378648084676,-8316.092030314972,8918.42297986208,2560762.0373544325
1277,2026-09-21T01:32:11.581401Z,22.138833905614618,-78.20395805296758,22.078211379120443,-78.27333853405143,19,-0.06062252649417488,-0.0693804810838401,-6740.917386527593,-7147.511890810668,9824.809689330672,2558764.435766598
1278,2026-09-21T01:32:26.866440Z,-12.478290672839549,-104.85694612541006,-12.84312594941747,-103.0378951044231,29,-0.3648352765779208,1.8190510209869615,-40567.8318164292,197351.0839974756,201476.774441086,2556919.922729567
1279,2026-09-21T01:32:40.153841Z,75.9119264716324,49.80632073977384,75.86003773949324,49.558735557194886,24,-0.051888732139161675,-0.2475851825789448,-5769.76376389324,-6713.306318907296,8852.03029940744,2554927.688255423
1280,2026-09-21T01:32:55.286892Z,-4.434402561007559,105.71678912927638,-4.5466299285094385,105.67366839236476,30,-0.11222736750187945,-0.043120736911617996,-12479.11389688342,-4780.088590959416,13363.290131612104,2552942.0910693887
1281,2026-09-21T01:33:00.703266Z,-33.01146275077419,-29.1122195841848,32.870980196091786,78.11671613051405,1,65.88244294686598,107.22893571469888,7325793.410641088,11923304.681002129,13375080.576882102,2561390.286608665
1282,2026-09-21T01:33:13.178395Z,-27.720049509469053,34.13988419082884,-27.723497206022753,34.241310461475756,27,-0.0034476965536995863,0.10142627064692533,-383.3663653813234,9983.553126567966,9990.910724946147,2559400.1154886307
1283,2026-09-21T01:33:18.092468Z,-8.427848558357152,-25.191412122913306,-27.723497206022753,34.241310461475756,0,-19.2956486476656,59.43272258438907,-2145578.235936356,6282465.813251567,6571995.616016379,2562527.625621544
1284,2026-09-21T01:33:30.868189Z,62.74551808648879,-32.00228572695235,62.64995280314107,-31.87060800020363,33,-0.09556528334771741,0.13167772674870548,-10626.374671615908,6716.0129373279515,12570.78058711538,2560541.6779229194
1285,2026-09-21T01:33:47.301631Z,-40.491017773513924,95.58175142055842,-40.52523959214672,95.60158526489113,34,-0.034221818632794054,0.01983384433270885,-3805.2926125169283,1676.8134820979417,4158.35965762375,2558552.2745624017
1286,2026-09-21T01:34:05.938464Z,-12.415969532565514,-177.29375866406983,-12.877293997427897,179.71406866212496,35,-0.46132446486238265,-2.992172673805271,-51296.940029712954,-324642.4020640044,328667.40243837674,2556818.3049884327
1287,2026-09-21T01:34:21.469460Z,34.07646815730941,74.22879768467067,33.946266076813245,74.32657089159605,26,-0.13020208049616144,0.09777320692538183,-14477.810789739604,9011.99448701182,17053.53221583852,2554844.9057865893
1288,2026-09-21T01:34:35.398243Z,68.44854102243856,-1.9216337867015056,68.62103080324876,-1.557258774415944,34,0.17248978081019573,0.36437501228556357,19179.98852412573,14826.513027453015,24242.38889205875,2552880.1522796834
1289,2026-09-21T01:34:48.028531Z,23.739602353824868,95.14406412957152,23.63002881236619,95.07312511570926,19,-0.10957354145867626,-0.07093901386224388,-12184.021904682022,-7223.640059349546,14164.439251912028,2550910.628840562
1290,2026-09-21T01:35:00.252448Z,18.59871144800073,-134.19901770662221,-9.732227057513006,179.9990404047945,20,-28.330938505513735,-45.801941888583315,-3150256.628892104,-5077705.853770732,5929196.295738711,2553529.4549389323
1291,2026-09-21T01:35:14.483150Z,-41.38575856409388,-29.47067829643524,-85.81249740203,132.98503042831263,21,-44.42673883793613,162.45570872474786,-4940027.966141277,8032247.566045206,5850878.482704584,2556083.5595305404
1292,2026-09-21T01:35:24.454883Z,-1.007267244375793,-15.200451611158002,-89.95665919847787,106.96078372573731,14,-88.94939195410207,122.16123533689529,-9890721.113414481,9523997.410394859,9898105.732293205,2561766.239230821
1293,2026-09-21T01:35:38.934448Z,-33.84605350977477,56.395117992511985,-89.99958484430853,89.83639292579264,24,-56.15353133453376,33.44127493328065,-6243987.797576412,1750151.1946506868,6243995.439879043,2564614.0576381283
1294,2026-09-21T01:35:52.612463Z,-53.4466754774074,-25.373317717756265,-52.79642988393903,-27.875167534925932,22,0.6502455934683766,-2.5018498171696706,72304.0110666637,-166949.01183684706,181920.6290209633,2562772.7180487798
1295,2026-09-21T01:36:04.141529Z,54.39266956532927,-101.5913353926618,54.32113901003792,-101.61160089728968,19,-0.07153055529135344,-0.020265504627872133,-7953.8348484665985,-1313.1460846827047,8061.5035752541435,2560799.9680762133
1296,2026-09-21T01:36:18.672015Z,-13.801333915116773,16.929510185852365,-13.637404744290167,16.67970709458185,34,0.16392917082660574,-0.2498030912705076,18228.092124967763,-26984.335470823386,32564.04540146002,2558849.168753162
1297,2026-09-21T01:36:32.398895Z,14.391209655370098,63.339702337817414,14.351739947841908,63.35921042040063,37,-0.039469707528189346,0.019508082583229225,-4388.831233279202,2101.3187243026964,4865.940789166719,2556880.022085495
1298,2026-09-21T01:36:45.481094Z,58.91894061390771,-40.24996463975401,58.91109778566247,-40.18278408373269,24,-0.007842828245237854,0.06718055602132722,-872.0827114150966,3856.8978729589676,3954.262003597179,2554913.2071701777
1299,2026-09-21T01:37:01.965476Z,25.865450112413352,-117.55548068195426,25.740610925091616,-117.58251533440395,29,-0.12483918732173649,-0.027034652449685836,-13881.484276606814,-2706.393634272692,14142.848626417175,2552957.26386106
1300,2026-09-21T01:37:15.443509Z,11.54362896895707,-101.46194847724341,11.339960922194402,-99.29240557663968,23,-0.20366804676266703,2.1695429006037443,-22646.853519615317,236447.8932285932,237529.27645593448,2551176.16540921
1301,2026-09-21T01:37:32.427846Z,-0.8119427379558469,-102.22358218421734,-0.853755988964152,-101.34369394528416,40,-0.04181325100830502,0.8798882389331766,-4649.421378638998,97828.77194574008,97939.19172019724,2549290.5105485725
1302,2026-09-21T01:37:46.857466Z,-2.039217196263992,97.14802762084071,-20.701212359245112,-179.9999999999552,34,-18.66199516298112,82.85197237920408,-2075119.1831887958,9031908.27371458,9184002.686296541,2554386.295629792
1303,2026-09-21T01:37:56.028887Z,-28.65812965497555,160.81959659342033,-35.52388516777132,-179.99999999356027,22,-6.865755512795769,19.180403413019405,-763437.1806048002,1806888.613730596,1957161.5610278917,2553927.9497091463
1304,2026-09-21T01:38:14.765623Z,-19.205726216347845,56.311432060271926,-17.613186824870382,-179.99999999999997,40,1.5925393914774624,123.6885679397281,177082.30081390665,13049688.659886708,12627310.958557798,2561652.936679122
1305,2026-09-21T01:38:35.961667Z,17.049472623774278,104.06246720346996,-46.97665966244342,-179.99999999999997,39,-64.02613228621769,75.93753279653004,-7119381.08290079,8157537.557039207,10363557.160184773,2567631.407348475
1306,2026-09-21T01:38:55.202876Z,-7.413225739635856,147.9379186541624,-12.326868065959035,-179.87584712878672,41,-4.9136423263231785,32.186234217050924,-546372.0980331048,3525974.23372854,3565493.814073227,2568395.4673842518
1307,2026-09-21T01:39:08.128469Z,21.813184537382252,125.24816735985826,78.62635336612792,-179.99611895524248,20,56.81316882874566,54.75571368489926,6317336.140357304,3895730.5467485473,6890726.873384906,2571702.5304339845
1308,2026-09-21T01:39:29.071470Z,-46.55216623357215,152.62398530234964,-48.88887173779163,-179.99978142165526,38,-2.3367055042194806,27.376233275995105,-259829.7971316218,2047909.7645175739,2053002.3404511719,2571305.9706557104
1309,2026-09-21T01:39:39.244682Z,-5.411029218495347,-139.8746282021138,-5.497166701171866,-139.93208980352176,26,-0.0861374826765191,-0.05746160140796519,-9578.05106756249,-6360.511424355212,11497.615403786396,2569350.425693715
1310,2026-09-21T01:40:00.438311Z,-55.30213418621484,178.09685451252528,-55.51681875984849,-179.88023364993094,39,-0.21468457363364735,2.022911837543802,-23871.835416911785,127698.74590190969,129905.91512952457,2567488.254311605
1311,2026-09-21T01:40:17.375128Z,-6.227948990417983,116.08070755559862,-23.193648044141916,-179.99999857967472,31,-16.965699053723934,63.91929386472668,-1886499.6617524927,6874516.663115312,7073347.424626984,2570925.217828245
1312,2026-09-21T01:40:37.866866Z,-78.23688620330083,102.07851811318864,-88.53951791824437,-176.86871611849543,39,-10.302631714943544,81.05276576831591,-1145600.3777890517,1037732.539667411,1292593.829409473,2569950.8798797554
1313,2026-09-21T01:40:51.553312Z,-10.22594578740418,92.13458288939671,-89.99459345796303,-142.52540783401545,25,-79.76864767055885,125.34000927658781,-8869868.926263442,8938077.989498101,8870817.848715827,2574749.712300803
1314,2026-09-21T01:40:58.970337Z,29.09507674580646,67.11310041839519,-89.99999999999999,-156.1046197658412,21,-119.09507674580644,136.78227981576362,-13242768.322478041,13111345.18452049,13242768.322478045,2582868.4479249865
1315,2026-09-21T01:41:12.399239Z,-8.360740445170434,-122.11692766825837,-8.481877910196781,-122.11416392104633,21,-0.12113746502634726,0.0027637472120431994,-13469.871537512483,304.00118147803926,13473.301596814976,2580914.535266182
1316,2026-09-21T01:41:23.074322Z,-54.5531709890535,-11.47312286226088,-54.679792736186855,-11.428378075706386,15,-0.12662174713335617,0.04474478655450298,-14079.695884099403,2880.984880745955,14371.426036500363,2578964.2745448826
1317,2026-09-21T01:41:32.247028Z,1.9411655058558348,-9.810622604770685,2.0567926439373805,-9.824046022768263,15,0.11562713808154568,-0.013423417997586284,12857.151137097737,-1491.7076461918878,12943.397015695324,2577015.891190646
1318,2026-09-21T01:41:49.980402Z,-61.11029496911352,21.035509030983405,-61.36208826288715,20.05639685034573,33,-0.25179329377363047,-0.979112180637685,-27998.136830750667,-52389.359365054675,59400.68114410955,2575105.7127308236
1319,2026-09-21T01:42:00.404856Z,-46.745030807712745,-8.571296020353543,-36.40472522072741,-60.000576774070026,11,10.340305586985338,-51.42928075371648,1149789.5212271556,-4278078.650035697,4347160.428074916,2576449.196214784
1320,2026-09-21T01:42:10.876336Z,0.008120479462149789,28.806489087807506,62.010174288210905,80.46248932061047,13,62.002053808748755,51.65600023280297,6894313.825075801,4922998.17098117,8124505.742502106,2580652.269355911
1321,2026-09-21T01:42:32.132464Z,-82.00873546338083,91.61297887209292,-82.00495262829233,91.93837689713345,43,0.0037828350885007467,0.3253980250405277,420.6320701743034,5031.365940650249,5048.911410684683,2578702.5317647336
1322,2026-09-21T01:42:37.296847Z,2.348695326520516,-33.33307094279104,-82.00495262829233,91.93837689713345,0,-84.35364795481284,125.27144783992446,-9379697.696536345,10697464.631221725,10779245.785508752,2584905.6658447213
1323,2026-09-21T01:42:48.970754Z,0.6058885826604196,31.27667092135013,0.6342328899691213,33.8166937098503,17,0.028344307308701744,2.5400227885001527,3151.7431719819206,282421.10855508765,282438.68871855986,2583165.3279935303
1324,2026-09-21T01:43:02.599829Z,1.769802535219953,85.53484278600013,1.6830773399715262,85.58955114396944,22,-0.0867251952484267,0.054708357969332155,-9643.401723883842,6080.530424794534,11400.352624993957,2581222.90731727
1325,2026-09-21T01:43:17.781465Z,29.38385101598795,-176.95269415969705,30.415155618785043,177.5810696147238,27,1.0313046027970927,-5.466236225579223,114675.8396562185,-526917.8459134032,539189.8282044178,2579681.75027643
1326,2026-09-21T01:43:36.969207Z,-11.11880913982307,-143.90700012719668,-19.11772936315308,179.99734000730206,38,-7.998920223330012,-36.09565986550126,-889439.3474688581,-3874739.741521344,3967326.1663920283,2580728.2392780255
1327,2026-09-21T01:43:46.592470Z,17.71755895519648,144.04786552237675,17.727393631245132,143.96542372624464,19,0.009834676048651403,-0.082441796132116,1093.5660818027916,-8732.058077642823,8800.268381305876,2578790.0870768977
1328,2026-09-21T01:44:04.330872Z,-35.30972011817344,-154.81323976221222,-31.996004903088938,179.98288733120643,29,3.3137152150844997,-25.20387290658141,368468.3202622791,-2332865.5298466845,2355255.1994541506,2578621.7626133263
1329,2026-09-21T01:44:18.010849Z,-32.412337883082834,-123.2713660484441,-11.617635732432927,179.99999996430105,30,20.794702150649908,-56.72863398725485,2312265.380236964,-5847998.401713843,6208459.946207604,2581353.0178304776
1330,2026-09-21T01:44:33.443226Z,-11.607062655863507,-150.98961959768562,-17.18585613422956,179.99999999928576,34,-5.5787934783660535,-29.01038040302865,-620333.531592056,-3124512.0260372916,3181964.17219819,2581804.605164589
1331,2026-09-21T01:44:36.554889Z,0.336241317015633,153.1444535654186,-17.18585613422956,179.999999982,0,-17.522097451245195,26.855546416581404,-1948368.3407500188,2953976.3957664263,3527844.961070549,2582515.379286231
1332,2026-09-21T01:44:51.937027Z,-39.78035998275598,21.932638162439332,-40.10186091678458,21.649687237634915,36,-0.3215009340285988,-0.28295092480442463,-35749.272775467165,-24122.605775267126,43126.62040442561,2580608.9312690524
1333,2026-09-21T01:45:10.129051Z,74.45149403404488,95.87071066803293,74.47477895913586,95.66201194308536,33,0.02328492509097657,-0.20869872494756692,2589.165537415185,-6215.984080561898,6733.6598846855895,2578678.04209322
1334,2026-09-21T01:45:15.542490Z,61.127694804666675,-111.31475744914115,89.9999999999988,179.99999999999633,8,28.87230519533213,-68.68524255086254,3210453.8582542688,-1904024.018486783,3210453.8582543526,2579151.6371578085
1335,2026-09-21T01:45:27.268399Z,6.985172925247073,-115.32986055656947,0.9333017672596321,179.99999999941227,43,-6.051871157987441,-64.67013944401828,-672937.3694747343,-7173829.574970343,7199806.048264342,2582612.8015106977
1336,2026-09-21T01:45:45.157697Z,25.797491356122222,-14.910360617281071,26.02040866496112,-14.96591726485675,34,0.22291730883889826,-0.05555664757568479,24787.273804143737,-5556.702167929612,25402.47654543863,2580698.721926143
1337,2026-09-21T01:46:01.792443Z,-31.847883498922236,-0.1240395923813935,-31.308475818773765,-1.3498728043407264,28,0.5394076801484715,-1.2258332119593263,59979.3974256209,-116123.05315853111,130697.1233227721,2578866.259997494
1338,2026-09-21T01:46:10.915639Z,12.852058921411235,-153.00500966982847,-89.99999999999999,-38.03010135917943,23,-102.85205892141121,114.97490831064903,-11436627.147008153,9995069.833190875,11436627.147008156,2585486.4101372627
1339,2026-09-21T01:46:23.643903Z,24.016964961726067,75.54825632478156,23.902363361163488,75.56025180494873,20,-0.11460160056257962,0.011995480167172445,-12743.116567905063,1218.9019383850314,12801.278881773515,2583565.0620183265
1340,2026-09-21T01:46:29.558431Z,36.718026762383836,-166.89888975561206,33.868807931241314,108.29268027949205,1,-2.8492188311425224,-84.80842996489588,-316818.6789231882,-7697021.5242485525,7431453.159496456,2587182.888956743
1341,2026-09-21T01:46:32.670816Z,1.673219269993295,154.24462733306797,33.868807931241314,108.29268027949205,0,32.19558866124802,-45.95194705357591,3579986.11946586,-4865812.2073647715,5960887.554743177,2589698.701533765
1342,2026-09-21T01:46:38.336945Z,18.4022779204466,-161.10808830907416,34.80800749350526,113.13892046201545,1,16.405729573058657,-85.75299122891039,1824233.8964267254,-8525643.467042638,8477215.139998714,2594085.82257584
1343,2026-09-21T01:46:50.812999Z,-48.50121727398145,-60.73429893334847,-89.99379655142243,126.89336845991845,19,-41.49257927744098,-172.3723326067331,-4613764.309048588,-6791451.0267699165,4615137.790227837,2595590.701181687
1344,2026-09-21T01:46:56.929558Z,40.15173794802072,-161.90866823428541,-34.210709188344076,102.56926958464177,1,-74.36244713636479,-95.52206218107278,-8268726.854437959,-10607296.874573538,12792662.390542997,2603177.808093414
1345,2026-09-21T01:47:10.606312Z,-56.181049205550046,-15.165360924803508,-89.99996101773263,163.40329952797813,26,-33.818911812182584,178.56866045278161,-3760491.418154443,5775310.42887536,3760500.086062658,2604038.270753614
1346,2026-09-21T01:47:18.073099Z,34.88505756944622,21.433750029665816,-89.99997030868232,153.52674712013447,26,-124.88502787812854,132.09299709046866,-13886581.513912177,13021670.448015679,13886587.028565815,2612420.5506628356
1347,2026-09-21T01:47:32.351858Z,-0.09872504382616965,7.772774748352504,-89.99999904344835,154.14592100714788,42,-89.90127399962219,146.37314625879537,-9996565.567640366,11498916.0277953,9996565.762569036,2617902.4698995887
1348,2026-09-21T01:47:43.026896Z,-39.284609090806924,60.38041269599421,-89.9999999021047,159.287656055703,31,-50.71539081129778,98.90724335970879,-5639294.161012385,4710084.871199179,5639294.173583298,2620143.858403805
1349,2026-09-21T01:47:51.998057Z,26.64563087408119,-66.96299166534307,-89.99999999758508,158.89815411335243,21,-116.64563087166627,-134.13885422130448,-12970402.368183207,-12693444.201264696,12970402.368638737,2627816.399923623
1350,2026-09-21T01:48:05.930561Z,31.17183037107463,76.10999648908529,31.025485148535804,76.18392829204821,21,-0.14634522253882665,0.07393180296293167,-16272.846284986452,7039.335379638032,17730.135662791723,2625883.0026908373
1351,2026-09-21T01:48:18.155955Z,32.44264445508774,-51.449133657498265,32.43924744723238,-51.47085247738548,23,-0.0033970078553551275,-0.02171881988721225,-377.73003928720317,-2038.1457174426487,2072.8526071828437,2623940.878227415
1352,2026-09-21T01:48:33.593544Z,54.795429578532215,-2.5857593044596854,54.80329267671542,-2.5927905683784935,29,0.00786309818320774,-0.007031263918804598,874.3366256807477,-450.6854705648285,983.6574230765983,2622000.8211114355
1353,2026-09-21T01:48:48.275543Z,-41.2685649167853,0.3208616479920181,-49.45210913566884,2.0181882132800633,22,-8.18354421888354,1.6973265652880514,-909968.5991112579,132613.2217846722,919514.2344188361,2620742.5161693124
1354,2026-09-21T01:48:59.249859Z,10.560320101170518,36.198061895407676,10.575464088084935,36.21916679117903,23,0.015143986914416985,0.021104895771344445,1683.934514054754,2306.9522940637275,2856.162512615169,2618809.0698224464
1355,2026-09-21T01:49:15.182498Z,-9.047095939783013,104.04559029223941,-9.160337393292927,103.99625282880096,36,-0.11324145350991444,-0.04933746343846224,-12591.875116158146,-5416.970524550049,13707.621174788292,2616886.4857275034
1356,2026-09-21T01:49:28.409434Z,-45.63433494549814,-99.08169707819863,-62.24800983939574,-64.91236214609074,21,-16.613674893897603,34.16933493210789,-1847356.3611234908,2236419.4372659437,2843374.660882632,2617053.512405346
1357,2026-09-21T01:49:38.534427Z,19.208081707148636,135.5515492050411,-89.9902479894246,-88.36813011330443,16,-109.19832969657324,136.08032068165448,-12142300.2603188,12335422.364184117,12144165.707608424,2624074.22883512
1358,2026-09-21T01:49:53.766878Z,49.53399724447968,-122.36953332320414,49.525173990838375,-122.30229117953742,28,-0.008823253641303097,0.06724214366670367,-981.1010414110336,4852.976995155143,4951.155740451984,2622145.566778349
1359,2026-09-21T01:50:09.198475Z,-73.4428256884976,51.12920537804132,-73.50515293557518,51.177837829072296,25,-0.062327247077575976,0.04863245103098279,-6930.4736667483485,1538.2183011814448,7099.1247680638235,2620221.323627495
1360,2026-09-21T01:50:27.384628Z,-23.918020719304607,-81.33520794723958,-23.741035054256685,-80.2133341834446,36,0.17698566504792268,1.12187376379498,19679.908042142204,114112.21374342244,115796.4238727821,2618379.8347306172
1361,2026-09-21T01:50:41.813936Z,-7.886285244973873,124.26382757451654,-18.801248540626567,-178.78939608675105,25,-10.914963295652694,56.946776338732434,-1213688.5429881522,6161241.522621538,6254084.008014729,2621051.182396513
1362,2026-09-21T01:50:56.695492Z,-23.83542294297188,9.551962099780582,-89.99968005371448,-158.70908080110092,26,-66.1642571107426,-168.2610429008815,-7357129.715920746,-10212642.673972152,7357200.124639017,2624528.531105942
1363,2026-09-21T01:51:05.066362Z,16.900552107591814,-62.55686626573117,-89.99998572200121,-141.86014668902752,16,-106.90053782959302,-79.30328042329634,-11886797.462225473,-7083954.167794144,11886798.755183823,2631324.0338382074
1364,2026-09-21T01:51:17.647870Z,-15.65940414021645,65.11502199149035,-89.99999999999999,-138.80395877034533,33,-74.34059585978353,156.08101923816434,-8266297.103341417,10485902.23646838,8266297.10334142,2635455.2457659957
1365,2026-09-21T01:51:30.075467Z,-5.267288261598709,-59.76384284993664,-5.297440983733593,-59.831266394457096,19,-0.030152722134884513,-0.06742354452046584,-3352.829725922246,-7465.31628187982,8183.667453274845,2633530.504682983
1366,2026-09-21T01:51:44.456278Z,9.248232361417507,-177.82209257261658,9.13669444739075,-177.80630445769796,25,-0.11153791402675672,0.015788114918620977,-12402.450168292313,1733.0121491716664,12522.94295533929,2631611.7582981163
1367,2026-09-21T01:51:54.679424Z,37.3013381629002,-149.63018862867347,37.30025672347531,-149.48870476390616,14,-0.0010814394248939152,0.14148386476730934,-120.25057752161268,12514.485178963134,12515.061736080594,2629695.8133847574
1368,2026-09-21T01:52:04.103102Z,-30.55783665982458,-48.84291260943024,-30.59972210594062,-48.980894208953856,11,-0.041885446116040725,-0.13798159952361289,-4657.449108347766,-13209.130847827795,14006.174788939974,2627783.7595553743
1369,2026-09-21T01:52:15.526966Z,-49.84262497399965,147.70547263717947,-89.99999999999999,35.07093458826231,32,-40.15737502600034,-112.63453804891716,-4465296.370254142,-4299752.4765707,4465296.370254145,2629125.989365965
1370,2026-09-21T01:52:31.158281Z,0.05469032415811661,160.23049444373834,-0.07668711185529618,160.24438643418006,26,-0.13137743601341278,0.013891990441720736,-14608.504360261644,1544.7188296541908,14689.947408380867,2627217.6418900834
1371,2026-09-21T01:52:41.080360Z,-34.1212351673643,-19.798542112851493,-36.28411479426808,-22.441215972974373,18,-2.1628796269037807,-2.642673860122869,-240501.24145457646,-240111.69380296365,339814.66222317214,2625549.222503018
1372,2026-09-21T01:52:56.062669Z,49.42113556666228,30.589727800667333,49.35830529731152,30.62560147577081,26,-0.06283026935076208,0.03587367510348827,-6986.4071915158565,2596.4626127514266,7453.287864138428,2623640.989314506
1373,2026-09-21T01:53:04.938459Z,0.5172868126416498,-13.361006456251658,0.6352673450943394,-13.367796898726569,13,0.11798053245268958,-0.006790442474908787,13118.8366515628,-755.0245613726377,13140.545535752148,2621739.677993472
1374,2026-09-21T01:53:17.971230Z,0.4749565735404856,-76.47409715664013,0.46514390313179993,-76.56131247629634,25,-0.009812670408685664,-0.08721531965619533,-1091.1191662810347,-9697.574717702135,9758.765096532818,2619838.672962252
1375,2026-09-21T01:53:32.711313Z,51.50244469754283,61.33527210107445,51.44926391989933,61.305413273673395,25,-0.05318077764349738,-0.029858827401056942,-5913.432668969281,-2067.936876123327,6264.586740930317,2617937.8918086365
1376,2026-09-21T01:53:49.894515Z,-36.830392259202426,-172.84651060577508,-37.77692761781179,177.38770266825009,31,-0.946535358609367,-9.765786725974863,-105249.92976704965,-863767.3404404672,869747.4589254962,2616667.404575437
1377,2026-09-21T01:54:04.375401Z,29.235571226912004,-121.6513136699901,0.8723559665816141,179.9940258452431,24,-28.36321526033039,-58.35466048476678,-3153845.6402762663,-6266059.144014731,6924789.742571953,2619796.0337243085
1378,2026-09-21T01:54:16.804634Z,5.089631321021294,169.24247205515877,4.980145465038884,169.27758040755901,25,-0.10948585598240967,0.03510835240024335,-12174.271724580765,3888.80736135177,12780.285990739269,2617904.15001768
1379,2026-09-21T01:54:36.195538Z,-48.024845825091006,170.39438145396514,-48.020852192986396,170.50879672396044,34,0.003993632104609901,0.11441526999530538,444.0716289174527,8509.174515256864,8520.753318051631,2616011.921303612
1380,2026-09-21T01:54:48.870860Z,76.86741091530207,155.49863674614602,76.9314502170445,155.36263206198197,21,0.06403930174242589,-0.13600468416404965,7120.845459617809,-3427.8011097024187,7902.922642457346,2614121.987246611
1381,2026-09-21T01:55:05.254270Z,71.32065781599039,85.03808251232778,71.30990289568471,84.82199600353039,32,-0.010754920305672044,-0.2160865087973889,-1195.8925744572782,-7697.53027583581,7789.869295179489,2612234.7083777105
1382,2026-09-21T01:55:22.299293Z,-4.930244497715305,-71.50878554811867,-4.932845527584158,-71.5462103642976,38,-0.002601029868853466,-0.037424816178941,-289.22132546746735,-4146.044492652044,4156.1200539229985,2610347.53139629
1383,2026-09-21T01:55:39.186631Z,-33.63456046500984,84.33562184776173,-33.65094632730598,84.35743842265957,42,-0.01638586229613992,0.021816574897854935,-1822.024756027119,2019.575049859653,2720.0105723572956,2608462.045119483
1384,2026-09-21T01:55:43.600819Z,0.769326055626916,-24.560977799491212,-33.65094632730598,84.35743842265957,0,-34.4202723829329,108.91841622215077,-3827359.662705955,11615981.166237237,11797732.648940846,2615101.691509527
1385,2026-09-21T01:55:56.777303Z,15.659131422639579,90.19412109767751,15.587560354019532,90.17803520155975,24,-0.07157106862004703,-0.016085896117772336,-7958.339725078809,-1722.5838896282246,8142.632618434775,2613219.4106005807
1386,2026-09-21T01:56:11.507830Z,59.22845661205476,41.268536307685395,59.178999199142474,41.25285102823058,28,-0.04945741291228245,-0.01568527945482856,-5499.4134008108995,-892.9685160983292,5571.439675026651,2611337.990708138
1387,2026-09-21T01:56:31.196532Z,29.203470093653113,110.37400513032924,28.870394407411716,110.68456915473499,36,-0.33307568624139705,0.3105640244057497,-37036.3264986982,30192.57022567488,47783.63015455478,2609489.7179175443
1388,2026-09-21T01:56:43.274800Z,46.39349640384363,-17.436184960725967,46.28892407125957,-17.51291008808599,36,-0.10457233258405552,-0.0767251273600209,-11627.912850734452,-5889.787376282472,13034.4891934407,2607619.072940077
1389,2026-09-21T01:57:01.411695Z,38.10776248253322,169.48697949232945,38.07474290526813,169.51823747136672,35,-0.03301957726508675,0.031257979037263794,-3671.609471825661,2735.500020144563,4578.610686039795,2605745.033730391
1390,2026-09-21T01:57:19.701292Z,2.818776955098898,1.02394401204333,3.3140721551905936,0.5642702869165489,33,0.4952952000916957,-0.45967372512677684,55074.31344159815,-51040.201446178326,75088.38633378713,2603924.4174373
1391,2026-09-21T01:57:35.683276Z,70.36189377242724,-56.82003518142315,70.25679839593175,-55.976494673549,31,-0.10509537649548406,0.8435405078741383,-11686.072680097632,31604.262047459084,33695.26436894455,2602076.6610368197
1392,2026-09-21T01:57:44.603737Z,11.893276274396769,140.82751513045014,85.95320779207555,-55.05529666649266,12,74.05993151767878,164.1171882030572,8235088.652409335,11990860.612689165,9118096.265016997,2606757.709602897
1393,2026-09-21T01:57:50.520301Z,49.7983576312717,-174.18317076879748,89.987141180289,-73.29271841597141,1,40.1887835490173,100.89045235282606,4468788.838667028,3856681.6685820385,4470488.998657033,2608095.635869268
1394,2026-09-21T01:58:05.198675Z,4.910006529505506,93.77077301772772,89.99994647592372,-82.63082575779622,29,85.08993994641821,-176.40159877552395,9461569.630531881,-13263036.819985364,9461581.522009645,2613012.0532911764
1395,2026-09-21T01:58:15.527246Z,-37.25023526923629,-109.94706585969963,89.99999877205738,-7.4685963278713245,28,127.25023404129368,102.4784695318283,14149580.439724581,10208932.673143405,14149580.60576835,2621281.9949058555
1396,2026-09-21T01:58:26.950225Z,-17.30294551810425,147.27521715043486,89.99999994391808,-4.72627414516213,31,107.30294546202234,-152.001491295597,11931543.149394661,-13613154.713923296,11931543.161136843,2627951.2364289435
1397,2026-09-21T01:58:47.192315Z,-19.542714098965103,49.60516599603636,-19.80377465396042,49.36540171857659,40,-0.2610605549953178,-0.2397642774597557,-29028.60926249215,-25104.3365612383,38378.20028651535,2626097.569259192
1398,2026-09-21T01:58:55.812148Z,39.28182266371124,93.88492358013309,39.1523440233725,93.78233838324144,10,-0.12947864033873913,-0.10258519689165269,-14397.3679145033,-8837.60571342274,16893.412018421383,2624231.1857418525
1399,2026-09-21T01:59:09.591480Z,68.67718851119005,-48.9559399807265,68.72314585581083,-48.426046513028034,33,0.045957344620774165,0.5298934676984572,5110.223563885689,21403.1345776013,22004.6633923246,2622371.1238959986
1400,2026-09-21T01:59:22.470576Z,-37.00955116935898,46.89685374825473,-42.19016223083092,39.50975159011432,23,-5.180611061471943,-7.387102158140408,-576057.6669543623,-632907.2689753808,855192.813739622,2621108.8536744583
1401,2026-09-21T01:59:35.197821Z,18.95261480392361,7.719382230633926,19.666593338176703,7.764748387760041,32,0.7139785342530942,0.04536615712612502,79390.79074206238,4760.7116319354145,79533.39945242787,2619294.7384323296
1402,2026-09-21T01:59:54.887119Z,-30.265913149825884,-175.48453962996402,-31.364487329827828,178.3168441139128,37,-1.0985741800019433,-6.1986162561231595,-122155.87535892235,-591948.4782234032,604328.640586097,2617857.530088645
1403,2026-09-21T02:00:08.570236Z,75.9399535139856,107.37593936714256,76.02139681351021,107.20356575739493,21,0.08144329952460794,-0.1723736097476376,9056.081716329605,-4643.206538182297,10177.022619046193,2615998.883967854
1404,2026-09-21T02:00:21.945296Z,53.793203895833365,86.57518175024785,53.77616787130984,86.5344081509799,26,-0.01703602452352726,-0.040773599267936333,-1894.3194972085175,-2678.676024587251,3280.815608427352,2614137.9736627545
1405,2026-09-21T02:00:37.330245Z,-42.11326152829611,132.95550537755042,-42.14355081791978,132.94563524490434,31,-0.030289289623674165,-0.009870132646085494,-3368.0153378202426,-813.9600270945326,3464.975928844001,2612279.843415257
1406,2026-09-21T02:00:47.254236Z,-11.316811055931149,24.011213950285565,-10.3313540565768,25.516399599880742,18,0.9854569993543496,1.5051856495951768,109577.81875457386,164391.24609940083,197562.613020021,2610562.4058402963
1407,2026-09-21T02:01:03.140631Z,6.616494606743733,-138.55523188502553,6.528962812086834,-138.57184453542973,28,-0.08753179465689875,-0.016612650404198348,-9733.091485940435,-1835.1011837673757,9904.578009535728,2608714.03496053
1408,2026-09-21T02:01:22.079098Z,62.71804536075296,123.07043447459944,80.48758880878351,-171.55842245277813,32,17.769543448030554,65.37114307262243,1975883.0802110566,2294094.61353583,2752590.2076501623,2608816.21974227
1409,2026-09-21T02:01:39.766082Z,0.8594646864750851,88.9275010606874,88.03591799441634,-178.27139521453617,32,87.17645330794126,92.80110372477645,9693579.330709327,7366639.96503644,9922702.008529779,2614007.05422686
1410,2026-09-21T02:01:55.199258Z,-26.884229858699943,148.53136085767784,-30.072157478953823,-179.544362661024,26,-3.1879276202538804,31.924276481298193,-354481.37788229296,3120284.868816057,3130263.0710031167,2614373.19324585
1411,2026-09-21T02:02:06.070737Z,-2.6097114653367117,-9.271727003319256,-2.5322513802368705,-9.184214360137018,26,0.07746008509984126,0.08751264318223662,8613.168480558124,9721.166914811205,12987.984560453464,2612529.546747845
1412,2026-09-21T02:02:18.748239Z,41.06366983755053,-143.29549422074248,40.966518622613634,-143.16706632647194,19,-0.09715121493689338,0.12842789427054413,-10802.722218337618,10775.184467985935,15257.892900503573,2610690.119230956
1413,2026-09-21T02:02:32.730784Z,30.879303087791445,-84.8557158849677,30.845894848108863,-84.89960735941345,35,-0.033408239682582774,-0.043891474445757694,-3714.826760828628,-4189.428912320029,5599.2188043025135,2608846.4597118995
1414,2026-09-21T02:02:51.723033Z,-68.03532915533626,-112.95974982998088,-68.34718990527747,-110.57568714869343,38,-0.3118607499412178,2.384062681287446,-34677.33321303079,98485.55415967073,104404.22883871735,2607075.2841596557
1415,2026-09-21T02:03:03.349890Z,25.228803278659672,136.78392072099967,-89.87140011557416,-152.68738100762098,21,-115.10020339423383,70.52869827137931,-12798558.673195621,6627351.430702369,12808085.041998256,2614284.478334807
1416,2026-09-21T02:03:23.990967Z,-21.452996289621968,175.16272222328558,-21.150644807334977,-179.47055231492772,41,0.3023514822869906,5.3667254617867,33619.950893775516,555982.315405945,556970.146025468,2612831.5727328933
1417,2026-09-21T02:03:36.923907Z,45.238754422463124,79.76780432827172,89.99996004113494,-177.59026217685368,22,44.761205618671816,102.64193349487459,4977218.975290223,4345690.903551027,4977224.390947182,2614500.1632891493
1418,2026-09-21T02:03:51.903960Z,47.84861334239298,-101.3547779617137,47.79876108352406,-101.35106333132106,31,-0.04985225886891698,0.003714630392636309,-5543.318267994776,277.3263570861281,5550.251102969961,2612660.283238242
1419,2026-09-21T02:04:06.884260Z,-3.624931325095615,-88.8277954330967,-3.662238694960536,-88.88765618928473,33,-0.037307369864921114,-0.059860756188015785,-4148.3902554313245,-6642.758023372286,7831.690384215323,2610824.604173511
1420,2026-09-21T02:04:13.050487Z,52.6689891834019,-176.49834581264952,-4.677341281930717,-152.62422487756953,1,-57.34633046533261,23.874120935079986,-6376621.009427284,2425250.576674309,6760755.7822810365,2613747.090918657
1421,2026-09-21T02:04:31.485939Z,77.38219655425488,-164.7095960490569,77.45449605231164,-164.4935275768488,34,0.07229949805676483,0.216068472208093,8039.337382860382,5233.539873465036,9592.738489551097,2611914.469980987
1422,2026-09-21T02:04:44.663519Z,-6.864240796828609,-161.8687921678318,-6.906281243356252,-161.7862733271819,21,-0.04204044652764338,0.08251884064989667,-4674.6843677458,9109.50341370624,10238.931696731355,2610084.8809948517
1423,2026-09-21T02:05:05.151617Z,43.202116192016554,3.9411055146887577,43.32884921708539,4.520926507645464,42,0.12673302506883743,0.5798209929567122,14092.069425972402,46948.43370842736,49017.64707881168,2608285.114843119
1424,2026-09-21T02:05:17.884025Z,42.86410308887591,133.14793448490423,42.848767856368326,132.97703035460728,22,-0.015335232507581509,-0.17090413029694673,-1705.2000537577785,-13930.83708408817,14034.808811271108,2606463.309852928
1425,2026-09-21T02:05:30.061419Z,-7.312651855424172,-16.739675314045513,-7.238423813092523,-16.7161083840293,19,0.07422804233164904,0.023566930016215792,8253.781722036916,2599.4241798601793,8653.43387269256,2604640.285378556
1426,2026-09-21T02:05:40.532612Z,-3.159335283913641,21.26402274361945,0.7755946182699949,24.02580405423321,19,3.9349299021836357,2.7617813106137703,437544.2418247901,307029.62844697275,534485.7755079636,2603188.564123387
1427,2026-09-21T02:05:53.209467Z,29.60436106654167,-50.33216384884264,29.63350235387785,-50.381517729058224,28,0.02914128733618071,-0.04935388021559106,3240.363307674623,-4770.80623840235,5767.19561138134,2601368.3669485366
1428,2026-09-21T02:06:09.894768Z,25.106797431102144,103.08251195924845,25.038707400439108,102.9878809956198,35,-0.06809003066303632,-0.09463096362864576,-7571.265964802077,-9530.95399348909,12172.227853451075,2599555.204386145
1429,2026-09-21T02:06:25.076914Z,85.88988557619986,-177.10137329323456,87.45600533270202,121.37664281427571,26,1.566119756502161,-61.52198389248974,174144.57144085199,-397016.4477722713,406812.00835855625,2598020.7444868954
1430,2026-09-21T02:06:39.559083Z,-39.70955778696142,35.6182051057545,-39.052945187092874,36.62235848528023,31,0.656612599868545,1.0041533795257465,73011.98987627587,86304.11455688457,113043.4774805209,2596282.9981463314
1431,2026-09-21T02:06:55.040836Z,-1.966319871674721,-143.20952139617597,-89.99999999999999,12.492344784692529,27,-88.03368012832526,155.70186618086848,-9788898.604119675,12030459.230050934,9788898.60411968,2601309.284383909
1432,2026-09-21T02:07:14.728983Z,-58.68050284961337,130.80787996057518,-58.68639362289643,130.86287595897923,38,-0.005890773283063311,0.05499599840405267,-655.0241030899513,3178.5121133089274,3245.303557901389,2599494.9938945053
1433,2026-09-21T02:07:29.415813Z,-56.40435952806946,-94.17796745155046,-20.720810188661968,179.9999998781991,26,35.68354933940749,-85.82203267025045,3967829.6512129083,-7461916.296846508,7848616.3859759625,2603158.0234772554
1434,2026-09-21T02:07:43.899148Z,22.275065657611187,-101.52599057248688,-3.863572193716275,179.9999999955755,25,-26.138637851327463,-78.47400943193759,-2906483.9184670434,-8613523.934970433,8990622.967631452,2607612.322601491
1435,2026-09-21T02:07:55.382767Z,38.14135184783841,47.506207596222254,38.089980659088816,47.432379172034295,26,-0.05137118874959157,-0.07382842418795121,-5712.215564654615,-6458.836762638856,8622.410847868805,2605801.179805844
1436,2026-09-21T02:08:13.321479Z,75.79682668255269,-147.29766958639024,80.90550748379015,167.7802553568743,32,5.108680801237455,-44.92207505673548,568059.3869440643,-1008575.6852041589,1115686.812795184,2604763.4957062546
1437,2026-09-21T02:08:23.747431Z,20.754218751503565,121.47634164976188,20.869964704041188,121.38097798802684,15,0.11574595253762254,-0.09536366173503552,12870.362701825517,-9912.054850637061,16244.845849684554,2602962.160528901
1438,2026-09-21T02:08:32.667444Z,-6.745690187257415,-66.35791815490913,-61.100214617533695,179.99876343966042,10,-54.35452443027628,-113.64331840543048,-6043947.3568244465,-10485676.19103472,10579399.296485422,2608509.0570073132
1439,2026-09-21T02:08:46.095838Z,33.73108383567223,62.86725156406749,33.59431579551421,62.94206809716436,22,-0.13676804015801736,0.07481653309687886,-15207.912192690803,6924.211981548548,16710.03440078222,2606707.945803278
1440,2026-09-21T02:09:04.531641Z,-70.63037082379068,155.548967694348,-70.57345963282107,154.11608809757465,34,0.05691119096961472,-1.432879596773347,6328.235705120783,-52917.85806722968,53293.626467212634,2604934.74141485
1441,2026-09-21T02:09:19.965110Z,-33.861448876618795,-154.4478310151958,-27.80419400228499,179.97585264582693,25,6.057254874333804,-25.57631633897722,673536.0114189432,-2442010.0950463666,2525703.359593945,2604879.7578049814
1442,2026-09-21T02:09:30.137440Z,-3.0359714277317664,176.88547491332594,-3.147079656591957,176.76736856958746,13,-0.11110822886019056,-0.11810634373847506,-12354.671357715733,-13113.713475315193,18016.86240525694,2603085.8168234285
1443,2026-09-21T02:09:43.814830Z,-83.56876676866187,-165.74587083290118,-81.25030286702432,159.38723639197065,22,2.318463901637557,-34.86689277512818,257801.42347064562,-512121.34972794686,561217.6745900244,2601670.8007858447
1444,2026-09-21T02:09:57.443141Z,43.675450421119656,123.65433524402209,43.71038750190321,123.4810588258297,24,0.03493708078355695,-0.17327641819238693,3884.8261349026375,-13931.384594034746,14462.892440165162,2599879.1055584583
1445,2026-09-21T02:10:10.120458Z,-7.107331107463057,83.25797892593437,-7.1927328050057024,83.3423797118165,19,-0.08540169754264504,0.08440078588213851,-9496.235493575206,9311.958416436168,13300.039136929909,2598089.0854432876
1446,2026-09-21T02:10:22.046908Z,-29.44394509348757,107.598883198919,-29.514274409551387,107.52654063504761,27,-0.0703293160638161,-0.07234256387138771,-7820.263140678017,-7002.694727432988,10497.344206880049,2596299.6029113126
1447,2026-09-21T02:10:37.479844Z,3.504615211608272,93.99243094266308,3.4062289159712567,93.96772220097198,37,-0.0983862956370154,-0.024708741691085834,-10940.056926187797,-2742.4917725264745,11278.568384410899,2594513.133640734
1448,2026-09-21T02:10:43.396431Z,4.114533747264738,-179.29167599155855,3.4062289159712567,93.96772220097198,0,-0.7083048312934812,-86.74060180746949,-78759.9037576652,-9624349.468424786,9619482.420135748,2599364.631766767
1449,2026-09-21T02:10:54.819907Z,-3.603584514338109,39.88494625649986,-3.6141909703703314,39.93325251286262,32,-0.010606456032222322,0.04830625636276409,-1179.3841004616986,5360.758998317937,5488.960175176886,2597574.5174316447
1450,2026-09-21T02:11:04.243309Z,76.69499259291925,174.34487253167953,76.76705808515341,174.3705044008019,11,0.07206549223415948,0.025631869122378248,8013.317122581381,654.1704997806653,8039.974331000298,2595788.6315398514
1451,2026-09-21T02:11:21.429630Z,17.35206391983682,64.28674177433732,17.28182373143753,64.29555898400275,29,-0.07024018839928914,0.008817209665437531,-7810.3525965589415,935.9888974945435,7866.2368866526385,2594005.087504942
1452,2026-09-21T02:11:38.163249Z,-64.20718603240059,-62.697453779645286,-64.54976982304571,-57.965062907401055,27,-0.3425837906451221,4.732390872244224,-38093.57947039922,227549.47985169676,230659.46802046103,2592377.4390066746
1453,2026-09-21T02:11:53.844901Z,-13.682624992368275,125.33278318371634,-13.771976598452026,125.4163007444793,32,-0.08935160608375092,0.08351756076297079,-9935.445284056192,9021.46439073694,13420.12937669913,2590602.5200048643
1454,2026-09-21T02:12:06.273503Z,-15.878190489142298,12.530714640395303,-15.85756055507338,12.318345912011136,35,0.020629934068917777,-0.21236872838417753,2293.9440054753954,-22714.495675753446,22830.033767376848,2588836.5141683873
1455,2026-09-21T02:12:21.306757Z,-35.600731679928295,18.430883431208855,-37.67898978898609,18.03713603406289,34,-2.078258109057792,-0.3937473971459724,-231091.75798514052,-35131.35773775618,233746.1256736336,2587217.8953446797
1456,2026-09-21T02:12:34.640014Z,23.097691698013865,-11.04638129111342,23.21718742970543,-11.498253740378185,36,0.1194957316915648,-0.451872449264755,13287.319119781421,-46197.49487564592,48070.3492101749,2585473.9753267304
1457,2026-09-21T02:12:53.328775Z,-20.90724555495208,153.73338130995796,-20.980821112174873,153.71834130954667,35,-0.0735755572227923,-0.015040000411289611,-8181.228688220924,-1561.8782013167797,8328.983484218264,2583705.172998767
1458,2026-09-21T02:13:12.020058Z,-65.91029652570481,48.78785854026495,-65.91599971833338,48.83883917164765,33,-0.005703192628573106,0.050980631382685715,-634.1660859739746,2313.5511046303386,2398.8924472051326,2581934.729733642
1459,2026-09-21T02:13:24.748159Z,26.918125258101067,-30.793252789164086,26.940205002148243,-30.871149376726947,24,0.02207974404717561,-0.07789658756286144,2455.155519656324,-7722.491617918803,8103.373508672928,2580170.6232523364
1460,2026-09-21T02:13:36.175629Z,-9.222747997294672,89.1015249534413,-9.317728641382146,89.11894442870982,26,-0.09498064408747453,0.017419475268525275,-10561.36575195967,1911.6596957974907,10732.981339530059,2578410.7344565056
1461,2026-09-21T02:13:49.104221Z,12.605334583479483,-150.74584565336352,-5.488895775928587,179.99271633464332,21,-18.09423035940807,-29.261438011993164,-2011986.617504128,-3247451.089451928,3808399.738628772,2579252.6160473153
1462,2026-09-21T02:14:02.837141Z,37.58338910026552,13.382495866773581,37.81831408951763,13.957648161015,35,0.23492498925210725,0.5751522942414056,26122.466946861812,50601.342113824925,56946.124064102805,2577527.3722087494
1463,2026-09-21T02:14:16.268396Z,-38.32084914756655,127.7429983568648,-38.35879361223948,127.71010295212709,25,-0.037944464672932554,-0.03289540473770103,-4219.231965873785,-2868.980358769414,5102.251045226545,2575769.050184714
1464,2026-09-21T02:14:25.941915Z,23.717549340610628,-162.3420860202944,16.4599309156877,179.99999555295042,10,-7.257618424922928,-17.657918426755145,-807010.348373503,-1844016.848426899,2010491.2658377632,2575382.931479559
1465,2026-09-21T02:14:40.122630Z,3.904511979520045,53.343064802635666,3.892470472882541,53.347362361415634,34,-0.012041506637503918,0.004297558779967403,-1338.9544472472153,476.76098289971804,1421.302235898372,2573625.9610841707
1466,2026-09-21T02:14:59.559491Z,80.30131817564937,101.91535763547694,80.35572549745909,101.48054560457982,37,0.05440732180971963,-0.4348120308971204,6049.818157558675,-8122.549800833568,10127.946003931984,2571877.326694621
1467,2026-09-21T02:15:13.991645Z,45.90794626756627,12.71218645866449,46.13997314423148,13.402106667148068,34,0.23202687666521626,0.6899202084835849,25800.211530354798,53268.07089949638,59187.02698861289,2570164.5180376978
1468,2026-09-21T02:15:25.921623Z,-5.943576960912342,-19.064673130904083,-5.855750689750653,-19.01983359702606,18,0.08782627116168928,0.044839533878018756,9765.835779289164,4959.52031131137,10953.00804357603,2568421.185946421
1469,2026-09-21T02:15:37.550857Z,16.342782751302334,-20.560673032446857,16.416861827307155,-20.603021866809694,26,0.07407907600482133,-0.04234883436282644,8237.2174222528,-4517.853972410216,9394.825795259834,2566679.166640668
1470,2026-09-21T02:15:55.238080Z,10.667172239889997,94.57425161300546,10.632601223128125,94.49778163180498,43,-0.034571016761871576,-0.0764699812004892,-3844.1216728641202,-8356.606906199451,9198.377450566273,2564939.383790879
1471,2026-09-21T02:16:08.868299Z,-51.16961547278375,107.11556446883657,-51.233457963338154,107.14316158013747,31,-0.06384249055440705,0.027597111300906363,-7098.961054003225,1922.769135786936,7354.745882389119,2563200.713064905
1472,2026-09-21T02:16:14.582878Z,-8.846021797049483,17.773749294465432,-86.56943302057766,141.04944245021983,1,-77.72341122352817,123.27569315575442,-8642449.009565089,9224040.173384976,9234355.649962492,2567732.7476687753
1473,2026-09-21T02:16:26.266846Z,-43.86024087783836,125.22623444857038,-41.82406334097297,128.5495448530086,22,2.036177536865388,3.3233104044382173,226412.6118470451,270954.26442733395,353046.3165423969,2566229.2266700473
1474,2026-09-21T02:16:38.697818Z,-16.18648358515349,106.75523440637897,-16.264210379821897,106.69580405573467,28,-0.0777267946684077,-0.05943035064430546,-8642.825231470273,-6345.143880102359,10721.906118597803,2564495.503928832
1475,2026-09-21T02:16:57.935288Z,-40.088955356953036,-171.41238750356865,-39.508542142678614,179.14223593060186,34,0.5804132142744223,-9.44537656582952,64539.00478477694,-806925.9291713714,809118.440020075,2563305.417783809
1476,2026-09-21T02:17:10.663461Z,-2.2680161246198782,35.337464926137955,-2.2406157422939716,35.39546104822186,25,0.02740038232590658,0.05799612208392091,3046.783502762046,6443.883602473986,7127.869583150114,2561573.590176627
1477,2026-09-21T02:17:20.384454Z,71.7614263912927,9.216807887937335,72.2940476599076,10.69197089991919,19,0.5326212686149034,1.4751630119818628,59224.782892966,50612.7291743474,77900.90417785835,2559892.024377034
1478,2026-09-21T02:17:29.554576Z,-31.720886826760072,-49.62301445512932,-31.798498113426852,-49.72045577816088,12,-0.07761128666678019,-0.09744132303154629,-8629.981327702442,-9212.585370680867,12623.322596052138,2558168.567880565
1479,2026-09-21T02:17:39.979836Z,23.60605578441129,-176.64157220270675,-56.45468084555474,-179.9999706855854,15,-80.06073662996603,-3.3583984828786413,-8902347.736678408,-358198.4382249312,8907971.951930048,2562461.8764566635
1480,2026-09-21T02:17:55.961223Z,-57.68277880419804,-119.57062729131137,-62.02160747803853,-105.10734158924943,29,-4.338828673840496,14.463285702061938,-482455.7361110019,807712.294391355,937813.8335365,2561364.1412925282
1481,2026-09-21T02:18:09.942444Z,12.520679510973405,-74.05655224613012,12.972548584627548,-74.12244414686187,24,0.45186907365414264,-0.06589190073174223,50245.5484979171,-7146.277617674667,50751.198232466915,2559668.926611191
1482,2026-09-21T02:18:30.680273Z,73.61497773535507,-44.78872394029739,73.61198621830674,-45.23010826227844,37,-0.0029915170483292286,-0.4413843219810474,-332.64151874491546,-13846.154032754266,13850.117604588831,2557951.100154372
1483,2026-09-21T02:18:48.363855Z,14.455568143965337,-123.56977914895194,14.569815159534926,-124.18109568263053,32,0.11424701556958894,-0.6113165336785755,12703.688515620202,-65806.35185251084,67021.30514224483,2556271.444190102
1484,2026-09-21T02:19:02.743906Z,-47.82699825859247,105.0755150309243,-89.99999999999999,-177.02718314216364,33,-42.17300174140752,77.8973018269121,-4689423.835016657,3116310.8525518132,4689423.8350166585,2557708.8784157266
1485,2026-09-21T02:19:20.434309Z,-45.89147950141069,139.58128723696262,-72.5957768959858,-179.95692813006073,34,-26.7042973945751,40.46178463297667,-2969382.389884259,2300811.806320298,3611985.2457804056,2558418.8288314603
1486,2026-09-21T02:19:29.159246Z,42.688043577559796,-121.40904542173126,42.55021930967417,-121.4702500921355,11,-0.13782426788562674,-0.06120467040423705,-15325.359357382276,-5008.079836932687,16122.88619257463,2556707.997106939
1487,2026-09-21T02:19:39.832149Z,45.53623405691447,-101.70284731504498,45.488249761123484,-101.77936873773132,16,-0.047984295790989506,-0.07652142268634066,-5335.610250569887,-5962.595702882969,8001.329454132693,2554994.004727885
1488,2026-09-21T02:19:59.022477Z,-11.248323592117325,-87.91102760681765,-10.834709648967822,-88.11401452634999,39,0.41361394314950317,-0.20298691953234993,45991.772067675694,-22153.294149752972,51049.08565334699,2553311.2460457115
1489,2026-09-21T02:20:14.756482Z,-14.118716413990748,135.03250813563824,-22.839576845912433,-179.99998675576717,32,-8.720860431921684,44.967505108594594,-969715.4360049665,4742345.655968989,4821710.706792387,2554834.6842329153
1490,2026-09-21T02:20:32.493619Z,-36.02045450486521,-175.9085952759946,-36.092008625254664,-175.82607074624218,35,-0.07155412038945741,0.08252452975241908,-7956.455167821641,7418.492861944768,10878.381927366412,2553127.331009892
1491,2026-09-21T02:20:48.425282Z,-49.07301252306581,-3.990835995586565,-25.372976303613182,-179.9999811467144,28,23.70003621945263,-176.00914515112783,2635323.7888954203,-15584394.99452267,11727580.804568453,2559280.5526554706
1492,2026-09-21T02:21:09.369801Z,-18.56097791402762,-157.81812216951454,-18.627567993714653,-157.93858088743664,39,-0.06659007968703179,-0.12045871792210505,-7404.47902605482,-12695.214557311912,14696.759913878625,2557575.0675396924
1493,2026-09-21T02:21:17.741766Z,71.6562201217444,142.39507829031527,77.99518656867758,-179.99999999999997,17,6.338966446933185,37.60492170968473,704860.9090690546,1094527.5614297206,1267141.807132418,2556710.745195146
1494,2026-09-21T02:21:33.422468Z,27.675231815779426,-74.35049440217011,27.86763986085356,-74.53371672080206,27,0.192408045074135,-0.18322231863194816,21394.798457841393,-18026.65002523338,27976.720547877616,2555018.1521398267
1495,2026-09-21T02:21:51.057411Z,-13.95573966233036,140.97543921033537,-20.99638471368335,-179.99897933171218,38,-7.040645051352991,39.025581457952455,-782884.0100155713,4139148.659995114,4201775.703939052,2556119.6622079196
1496,2026-09-21T02:22:02.031532Z,-44.83610980172873,43.91445088914003,11.576551333009538,-179.99999999999997,20,56.41266113473827,136.08554911086003,6272801.716701572,14499110.062102173,14448292.054617777,2564068.9753044504
1497,2026-09-21T02:22:12.455291Z,55.958572215269726,53.47098760180867,-89.9988170965101,-120.68321917088647,17,-145.95738931177982,-174.15420677269515,-16229721.197754657,-18516913.457673162,16229983.579446834,2573197.8427754873
1498,2026-09-21T02:22:17.869193Z,22.792469487354225,-151.59633971296182,-89.99991432438175,-102.74272078082956,1,-112.79238381173597,48.853618932132264,-12541940.844010895,4524461.561524102,12541944.102281079,2579852.5465535284
1499,2026-09-21T02:22:27.991177Z,66.55170554642679,173.9886518850097,66.62921488695402,173.74723308683775,14,0.07750934052722869,-0.24141879817193512,8618.645434193319,-10665.35652077714,13712.419265219145,2578140.6452011014
1500,2026-09-21T02:22:44.175595Z,39.94590494063441,103.723105482922,39.96050158172724,103.58738071968546,29,0.014596641092829543,-0.1357247632365386,1623.0724355741327,-11568.989445877709,11682.287998208016,2576429.672962966
1501,2026-09-21T02:22:59.363302Z,70.94023691482619,164.9052800528815,71.06853204962687,164.5552612084641,25,0.12829513480068044,-0.3500188444174057,14265.768103015436,-12668.400566450704,19078.739518429644,2574725.908183856
1502,2026-09-21T02:23:16.296866Z,10.725681562950523,97.81555537384747,10.747007162709465,97.6895211584459,31,0.021325599758942104,-0.12603421540157456,2371.2985008467867,-13769.04142111465,13971.741235749656,2573021.011934223
1503,2026-09-21T02:23:20.662744Z,-1.3386954995885516,-19.10556269481404,10.747007162709465,97.6895211584459,0,12.085702662298017,116.79508385325994,1343868.820982176,12943273.235188788,12960843.709802229,2579932.4042814407
1504,2026-09-21T02:23:31.789697Z,62.3919397542899,-100.39570600550097,67.6451320454016,179.7911631392492,19,5.253192291111695,-79.81313085524982,584128.3314599263,-3748056.677324554,3526051.730704106,2580561.47298252
1505,2026-09-21T02:23:52.031272Z,-68.235375638177,-0.06106524378344602,-68.3198894634045,0.050794127569034585,39,-0.08451382522748929,0.11185937135249446,-9397.508596621728,4603.493348232829,10464.47497748259,2578853.767336005
1506,2026-09-21T02:24:11.471242Z,10.850879500418579,-137.2757726874652,10.775231129668926,-137.24517533798152,37,-0.07564837074965247,0.030597349483684866,-8411.71503628799,3341.8611239838324,9051.242114453114,2577147.3911572387
1507,2026-09-21T02:24:23.648259Z,39.64877463994837,75.65360086972714,89.99999999915937,-179.53328359095724,22,50.351225359211,104.81311553931562,5598800.810281113,4957835.228509089,5598800.810398484,2579152.4697366958
1508,2026-09-21T02:24:39.830462Z,-63.732545103254346,-90.23121918853792,-63.94846935025193,-87.62337718241672,37,-0.21592424699758794,2.6078420061211887,-24009.680805678374,127843.35826055218,130068.65901435961,2577528.4088542536
1509,2026-09-21T02:24:51.205547Z,23.952030127937885,114.92207832723614,-89.9993601993556,-104.97772394530001,21,-113.9513903272935,140.10019772746386,-12670816.48848888,13061666.208583292,12670942.209272057,2584217.218529812
1510,2026-09-21T02:25:05.634438Z,-43.980198389830356,100.2403753412247,-89.99999999999999,-108.15622083521369,31,-46.01980161016963,151.60340382356162,-5117168.464239958,6589442.813621937,5117168.4642399615,2585894.669685912
1511,2026-09-21T02:25:21.919523Z,-23.41617447092601,77.54835324421384,-23.47884974420001,77.61443761911154,28,-0.06267527327399947,0.06608437489768448,-6969.172414130044,6741.465544673349,9696.221632202929,2584189.7071127454
1512,2026-09-21T02:25:42.308487Z,-47.15566152843577,170.352978919443,-46.8227035656872,169.93659907433954,42,0.3329579627485728,-0.4163798451034495,37023.236243549276,-31582.45706524137,48663.711175375625,2582512.7719302475
1513,2026-09-21T02:25:52.432818Z,12.557055150367777,147.48890886593085,12.53371853489461,147.4970290076351,15,-0.023336615473166233,0.008120141704239359,-2594.9132456709935,881.3607017015443,2740.505688129069,2580807.701033855
1514,2026-09-21T02:26:10.118096Z,-52.080300563597,93.28933177902508,-52.135971918142126,93.21869377167639,34,-0.05567135454512595,-0.07063800734869119,-6190.372184848501,-4824.077008451533,7848.083462538437,2579108.256108114
1515,2026-09-21T02:26:23.245022Z,55.75645301073665,-63.40779040056441,55.78517337099269,-63.44380517981593,24,0.02872036025603819,-0.036014779251530626,3193.558351875467,-2252.6401846893546,3908.094400010727,2577408.454021178
1516,2026-09-21T02:26:39.929020Z,62.554121106708166,-119.65124176766989,62.49235138581087,-119.5721705711312,29,-0.0617697208972956,0.07907119653867767,-6868.479584029651,4056.676511842199,7977.005377190285,2575713.5783954235
1517,2026-09-21T02:26:57.615561Z,-9.061017195700847,49.685074821890055,-9.039422964881707,49.588201334212435,32,0.021594230819140137,-0.0968734876776125,2401.1689118799572,-10637.740051298717,10905.371311142515,2574022.8676458625
1518,2026-09-21T02:27:12.045229Z,1.2640571080660756,83.56348631136035,1.1742336799517672,83.59037553352172,21,-0.08982342811430843,0.026889222161372572,-9987.90950013332,2989.268251134727,10425.644297951181,2572334.0684209955
1519,2026-09-21T02:27:22.667831Z,48.519957580297124,-166.54911775638953,62.679900146823314,179.99999999999997,14,14.15994256652619,-13.450882243610522,1574513.7749760444,-845005.6536049668,1778744.7559504742,2571811.626477302
1520,2026-09-21T02:27:36.396236Z,2.0526548118708035,38.37680411960159,2.1090885593863193,38.528884898096294,24,0.056433747515515886,0.1520807784947067,6275.146415265338,16899.459672706962,18026.901463129816,2570131.5049476875
1521,2026-09-21T02:27:56.687116Z,57.12982123636858,-45.032643562531206,57.129113915088205,-45.06985274140049,37,-0.0007073212803732076,-0.03720917886928987,-78.65053788523419,-2245.5820841702384,2246.958984563351,2568443.21793522
1522,2026-09-21T02:28:12.422900Z,13.204947530445853,-129.15034244230043,13.117464027148422,-129.16525349679137,28,-0.08748350329743104,-0.014911054490937659,-9727.721731766856,-1614.4825273989418,9860.787155787219,2566762.151949162
1523,2026-09-21T02:28:22.596527Z,-56.8009119324882,-43.08724553385977,-9.194562229037274,-69.44218331837719,12,47.606349703450924,-26.354937784517404,5293584.563090436,-2457816.802264782,5762882.537852679,2568860.7208171226
1524,2026-09-21T02:28:33.321201Z,42.08617913103282,36.97144408056971,41.98375013038119,36.97801949487681,17,-0.10242900065163241,0.006575414307093297,-11389.585213733724,543.053697400346,11402.524211287086,2567182.598640872
1525,2026-09-21T02:28:41.742413Z,41.34641176592831,77.3220657299189,41.230657216162456,77.25908491743574,9,-0.1157545497658532,-0.06298081248314702,-12871.318669987972,-5262.137855463763,13905.427238756844,2565508.3185284776
1526,2026-09-21T02:28:55.970827Z,-25.13792265357448,-146.13202326202395,-17.137602350400112,179.99999999988802,26,8.00032030317437,-33.86797673808803,889595.029244448,-3512559.4450628543,3612764.9326692624,2566194.5941602867
1527,2026-09-21T02:29:10.651894Z,-28.24191738876411,98.63269322360998,-28.276028868549222,98.57115276651118,30,-0.03411147978511053,-0.061540457098800516,-3793.023492442714,-6027.41620558018,7121.57079185157,2564518.7113682968
1528,2026-09-21T02:29:23.530628Z,28.599574652449064,77.47819017717381,28.469057562721275,77.47827007908789,22,-0.13051708972778897,7.99019140913515e-05,-14512.838218142786,7.805474890670615,14512.840317159715,2562849.8593584467
1529,2026-09-21T02:29:38.263575Z,-21.147914465313555,-118.62655278353338,-5.611713079437113,179.99999999251497,41,15.536201385876442,-61.37344722395164,1727546.773437623,-6639184.022167889,6818090.028091293,2565632.8810515353
1530,2026-09-21T02:29:50.940460Z,22.98674434919125,-39.29924113505854,89.99999999999999,89.57810910764888,19,67.01325565080873,128.8773502427074,7451534.046304738,7910919.403593356,7451534.046304743,2568826.280505949
1531,2026-09-21T02:30:00.413519Z,-41.27913411775685,48.904079570825445,-41.30729241072066,49.067535052770594,11,-0.028158292963816223,0.16345548194516368,-3131.0593205475393,13655.962219422023,14010.30938585963,2567157.556814819
1532,2026-09-21T02:30:12.036222Z,-53.71851615427998,85.06305472119931,-53.82129576056249,85.0703642516237,25,-0.10277960628251037,0.007309530424379318,-11428.57078114037,480.3784988165538,11438.66221171791,2565489.332993277
1533,2026-09-21T02:30:29.978695Z,24.129774269766422,89.14770557506694,24.080471319521067,89.10910761430571,49,-0.04930295024535525,-0.038597960761222794,-5482.237935892606,-3917.633938867688,6738.159010596844,2563820.2193768495
1534,2026-09-21T02:30:43.456420Z,6.5420752114967975,9.326384085893949,6.624678081681458,9.193616457426167,44,0.08260287018466084,-0.132767628467775,9185.02009081337,-14665.73995919526,17304.579816101523,2562160.1700681397
1535,2026-09-21T02:31:03.398912Z,-68.02780670078246,119.00892636095955,-68.03656299404511,118.98086796813456,38,-0.008756293262649706,-0.028058392824988232,-973.6553870185779,-1167.1290467828812,1519.9325477032405,2560492.0005322956
1536,2026-09-21T02:31:19.336884Z,-25.047293753540895,151.68934820249058,-25.10560304764761,151.69023363000713,31,-0.058309294106713594,0.0008854275165504077,-6483.697680892019,89.17497926820954,6484.310895769518,2558829.2351093553
1537,2026-09-21T02:31:32.014887Z,11.110121549352266,79.50962605191415,11.047360567996005,79.48713430447951,22,-0.06276098135626107,-0.02249174743462845,-6978.702718049969,-2454.360236414543,7397.714182269603,2557169.2276136316
1538,2026-09-21T02:31:50.451906Z,-58.08220856264502,-153.20279614713837,-57.73316955188402,179.53323274074424,35,0.34903901076100396,-27.26397111211736,38811.36719765919,-1610651.3886769332,1600146.8476564405,2556546.9763912926
1539,2026-09-21T02:32:11.044857Z,22.422979015708652,-18.10038415518602,89.99999999999999,179.49590082525728,35,67.57702098429134,-162.40371501955667,7514221.891206082,-10042837.813681789,7514221.891206085,2559768.337609496
1540,2026-09-21T02:32:19.112911Z,15.011781507227512,-17.683062126796898,89.99999999999999,71.0164081417767,24,74.98821849277248,88.69947026857358,8338309.454509978,6003367.502360528,8338309.45450998,2563520.6370360553
1541,2026-09-21T02:32:26.481374Z,31.919888700917696,161.4482545641639,89.99999999999999,7.603890452626826,17,58.08011129908229,-153.8443641115371,6458213.715409263,-8303956.786399133,6458213.715409266,2566048.017359464
1542,2026-09-21T02:32:38.408326Z,-42.439973473905816,3.377493739637117,89.99999999998211,-89.52169606802701,33,132.43997347388793,-92.89918980766413,14726653.135236274,-9452912.459906084,14726653.135238362,2573934.272299723
1543,2026-09-21T02:32:53.638474Z,-46.06783078722411,-126.03659459791848,-48.42628728490509,-120.5504209761915,27,-2.358456497680976,5.4861736217269765,-262248.39725401904,414114.98425491335,489985.27495759894,2572583.6896702074
1544,2026-09-21T02:33:09.371549Z,6.649165771768894,-115.69442371836166,6.754422907226281,-114.6552057267337,29,0.10525713545738657,1.0392179916279645,11704.059456000483,114766.17523376342,115361.3939315912,2570992.22445276
1545,2026-09-21T02:33:26.106533Z,-9.960459872025796,3.489045301351865,-10.178340324075506,3.4230528616085962,31,-0.21788045204971063,-0.06599243974326896,-24227.20088295087,-7224.994685309503,25281.56921145081,2569344.5152907916
1546,2026-09-21T02:33:43.593470Z,8.221598371939816,-50.85892775295696,8.41026526836666,-50.7878953424119,32,0.18866689642684342,0.07103241054505816,20978.801708439416,7815.39636852456,22387.283949313587,2567697.065593934
1547,2026-09-21T02:33:56.522105Z,7.865421582499661,162.79971986337915,9.708358002051774,-179.98281665891147,24,1.842936419552113,17.217463477709373,204925.17998268292,1892024.8569932096,1902836.5407609036,2567267.2914990196
1548,2026-09-21T02:34:14.956895Z,-14.321157016083367,-161.02212277961564,-14.365626763616353,-161.06638665517048,34,-0.04446974753298605,-0.04426387555483302,-4944.810314832431,-4768.494291584109,6869.474901603487,2565613.287741528
1549,2026-09-21T02:34:28.937369Z,-11.36911692548684,-150.1388482736519,-11.412939262736668,-150.2466283908271,22,-0.043822337249828536,-0.10778011717522418,-4872.821575887798,-11748.530890232276,12718.976336694333,2563965.195868445
1550,2026-09-21T02:34:38.311259Z,4.2815772242586725,-19.867458277790746,4.359875609723251,-19.726406832496014,14,0.07829838546457868,0.14105144529472113,8706.38322812121,15639.629741595587,17899.695191552957,2562322.5729647824
1551,2026-09-21T02:34:57.551137Z,38.96631108643362,11.871321148526647,38.63084483056416,11.520170729517833,39,-0.33546625586946277,-0.3511504190088033,-37302.145713129685,-30430.750478593294,48140.12605039606,2560701.565584438
1552,2026-09-21T02:35:07.223289Z,-29.29974645448483,-168.57730967724615,-29.449217356653996,-168.46871352002475,9,-0.14947090216916692,0.10859615722139893,-16620.40600219653,10522.84355718799,19671.502274622144,2559064.303945707
1553,2026-09-21T02:35:26.214105Z,9.14481102351552,-125.49141291696395,9.324406779148186,-125.63936062393917,33,0.17959575563266483,-0.14794770697523063,19970.136873248262,-16237.820965035622,25738.55006894572,2557433.0574847437
1554,2026-09-21T02:35:41.146482Z,18.437907913511555,-61.34678523252161,18.54312426104625,-61.39420478323026,27,0.105216347534693,-0.047419550708639235,11699.524045928587,-5000.6106063139905,12723.40205325664,2555795.5351839513
1555,2026-09-21T02:35:58.130232Z,18.404932897456177,-137.11103412571026,18.295546113175615,-137.16910447795098,33,-0.10938678428056292,-0.0580703522407191,-12163.255453961365,-6128.782214764613,13620.085872742471,2554160.695666709
1556,2026-09-21T02:36:15.568856Z,40.660997732682745,-112.06047345031726,40.609094413210364,-112.11074210832429,34,-0.05190331947238036,-0.05026865800704172,-5771.3858013404315,-4241.8120969169,7162.53164006978,2552523.8073864863
1557,2026-09-21T02:36:39.067935Z,16.161059846921464,-2.0988225722171876,16.041429078887635,-2.1376646915987383,45,-0.11963076803382933,-0.038842119381541806,-13302.334475953874,-4149.623938111597,13934.542456346186,2550893.371121277
1558,2026-09-21T02:36:53.048488Z,-4.082252460406879,-160.661892885521,-4.185555453846163,-160.70385445865978,23,-0.10330299343928395,-0.0419615731387637,-11486.768777644511,-4653.774741824268,12393.686712791268,2549264.0388463037
1559,2026-09-21T02:36:58.968625Z,39.82237807691134,-171.30888662431238,39.75439156365799,-171.42183104530295,1,-0.06798651325335214,-0.11294442099057278,-7559.755354025812,-9650.38442443707,12258.86514066855,2547636.7103192317
1560,2026-09-21T02:37:13.898460Z,-78.75191226161577,40.71017493804871,-88.43700589324447,-117.21098138737516,23,-9.685093631628703,-157.92115632542385,-1076933.2759146367,-1959085.5405065774,1413273.4904792393,2546909.554409078
1561,2026-09-21T02:37:30.932885Z,-64.74971026965994,-149.78553691996342,-64.74304854893803,-149.7660879651241,35,0.006661720721908182,0.01944895483933351,740.7495469991172,922.6318666700256,1183.1988134716014,2545278.7239442505
1562,2026-09-21T02:37:45.566271Z,-6.253221322139551,63.2692154906517,-35.87749856775489,-179.9999999999978,36,-29.62427724561534,116.73078450935049,-3294069.335224268,12112439.379378403,11938433.276524758,2551292.267191741
1563,2026-09-21T02:37:54.986881Z,-15.415564209329506,118.52462542575154,-32.01543989015145,-179.99999999525554,26,-16.599875680821942,61.475374578992955,-1845821.9586377905,6258496.730231705,6439218.833549887,2553779.744201567
1564,2026-09-21T02:38:05.162841Z,-35.03487777767214,110.19877805628079,-12.54573133907579,-179.99999999999997,20,22.489146438596354,69.80122194371927,2500678.988538461,7102027.574770284,7381151.791629241,2556866.299219104
1565,2026-09-21T02:38:10.629439Z,62.788458254635295,160.22654792390142,-2.2794120870730636,-157.103987228201,1,-65.06787034170836,42.669464847897586,-7235217.06956392,4098389.434031278,8062419.684303314,2560384.2247047806
1566,2026-09-21T02:38:22.854723Z,-28.573278082140746,-70.55697997797405,-28.634428017928997,-70.6461416091458,18,-0.06114993578825079,-0.08916163117174847,-6799.562624294023,-8704.285909757442,11045.298908081239,2558756.2943562516
1567,2026-09-21T02:38:38.790554Z,-8.417690606130742,-161.52815659117636,-8.478892818105194,-161.52862070280108,26,-0.06120221197445197,-0.0004641116247228183,-6805.375470983921,-51.046864597075526,6805.566918574152,2557127.736138359
1568,2026-09-21T02:38:45.259839Z,-28.684141606578816,-54.53457718471522,0.8523011185350519,-141.62940173524512,1,29.53644272511387,-87.0948245505299,3284302.5821602475,-9400259.513198948,9769730.879499426,2561727.6105920332
1569,2026-09-21T02:38:54.981666Z,56.070178604651566,4.806347433056885,89.99999999999999,-179.21484394237496,32,33.92982139534842,175.97880862456816,3772824.0011187466,5709653.795284574,3772824.0011187503,2562499.5012169704
1570,2026-09-21T02:39:02.901481Z,-25.427608434349878,-40.35994761890163,89.99999999708362,-162.32829069938893,24,115.4276084314335,-121.9683430804873,12834964.452290097,-11465407.249673115,12834964.452786077,2569042.4725237023
1571,2026-09-21T02:39:10.569612Z,-63.45994983849436,-92.67521661048693,89.99999999757019,-160.41496530368764,28,153.45994983606454,-67.73974869320071,17063967.86489886,-7331196.7049339665,17063967.865066692,2578269.032289802
1572,2026-09-21T02:39:21.194204Z,-40.884957535001064,129.3565213106982,-40.87335454649697,129.28376184600296,16,0.01160298850409447,-0.07275946469525252,1290.193455570443,-6117.14658231928,6251.726073106025,2576632.888965237
1573,2026-09-21T02:39:33.676214Z,52.25347909383336,17.875165084766763,52.142986088835045,17.90113143222776,20,-0.11049300499831816,0.0259663474610079,-12286.26158552485,1769.7329084121088,12413.064588243738,2575002.7428594665
1574,2026-09-21T02:39:48.758532Z,32.07074794883295,-31.71640345922262,32.10089197076782,-31.710762093361872,34,0.030144021934866316,0.005641365860753922,3351.862307819429,531.4746619532225,3393.7363233776605,2573368.9378997865
1575,2026-09-21T02:40:00.483343Z,-26.448778319831003,-48.154274334199755,-29.159829345320105,-49.01748369394933,19,-2.711051025489102,-0.8632093597495896,-301455.1199089164,-84902.70100976051,313179.1198772894,2571933.8967454867
1576,2026-09-21T02:40:19.421275Z,61.82496254910397,-152.87933379104658,61.77238089193719,-152.67604871525282,35,-0.0525816571667832,0.2032850757937581,-5846.813511509794,10682.126475972642,12177.55598434192,2570309.685869369
1577,2026-09-21T02:40:34.155781Z,24.22798888857755,49.17794481422604,24.076854014433962,48.970065923391424,24,-0.15113487414358673,-0.2078788908346212,-16805.431243830742,-21091.588772843097,26968.076331337772,2568696.9137643985
1578,2026-09-21T02:40:48.086203Z,47.13215881383794,63.16328287197473,47.10284908505508,63.08036084263278,25,-0.029309728782862976,-0.08292202934194393,-3259.0931419823605,-6274.529100081099,7070.459391108883,2567073.5763408416
1579,2026-09-21T02:40:54.505325Z,53.17328870567639,-179.95742640181115,58.65907901015961,107.62645552819562,1,5.485790304483217,-72.41611806999322,609992.0504944428,-4512552.567654397,4329566.004649024,2568189.7843385036
1580,2026-09-21T02:41:05.929727Z,17.735939350660168,-55.021021149411766,89.99999999999999,130.96398075622525,34,72.26406064933983,-174.01499809436297,8035396.922941285,-11409443.283489177,8035396.922941288,2571650.0420211633
1581,2026-09-21T02:41:10.143205Z,-22.606276267142878,-28.925036261346918,-35.212061128022654,-6.236671193531799,1,-12.605784860879776,22.688365067815113,-1401699.3229026159,2208453.990519193,2605591.62830073,2571671.510450183
1582,2026-09-21T02:41:25.274470Z,32.03752964166451,93.98435258539166,31.966739951495327,93.86913458919915,24,-0.07078969016918535,-0.11521799619251283,-7871.454405553605,-10864.648051916636,13416.420087764132,2570054.4086231524
1583,2026-09-21T02:41:44.711069Z,1.101879016898127,-127.60162827583844,1.4233996688306663,179.99999080604132,34,0.3215206519325393,-52.39838091812021,35751.46530634941,-5825019.408524325,5825013.795355531,2572110.605329869
1584,2026-09-21T02:41:53.685007Z,-3.4917670569514314,-92.04901361281351,4.259342749727342,179.9999998149698,41,7.751109806678773,-87.95098657221666,861884.0863675659,-9779484.102934254,9809590.220422445,2576679.7212484875
1585,2026-09-21T02:42:01.204849Z,-36.85327053551,-67.01682588301009,-20.34296112484833,179.99999999951885,16,16.51030941066167,-112.9831741174711,1835862.6437974921,-11030434.633521693,10546196.204923587,2581707.807358062
1586,2026-09-21T02:42:22.346716Z,-21.00681990894216,171.86633509389037,-21.087831374643862,171.8837567934596,43,-0.08101146570170314,0.017421699569240445,-9008.063986069068,1807.962257530663,9187.706107187245,2580085.789639745
1587,2026-09-21T02:42:32.175036Z,14.195512614586715,-21.741847285699947,85.17410885611814,179.9999994949384,27,70.97859624153142,-158.25815321936165,7892459.802410838,-11385443.121360958,8928206.63998157,2584085.865789929
1588,2026-09-21T02:42:50.365750Z,-10.663318855606382,73.23840574506525,-10.827737062825838,73.63154714015288,34,-0.16441820721945533,0.393141395087639,-18282.47049079719,42948.77825838513,46678.095793994915,2582488.0019549187
1589,2026-09-21T02:43:05.547551Z,32.05566039534024,92.26925256439824,32.011135764092586,92.15967354647036,26,-0.044524631247654156,-0.10957901792789926,-4950.913105458932,-10329.3874965766,11454.59583779546,2580869.982190213
1590,2026-09-21T02:43:19.631529Z,7.252572106311429,-93.30174838163283,7.227404941639414,-93.38801592964634,25,-0.025167164672014408,-0.08626754801349534,-2798.461029556172,-9516.032424362294,9918.984597088873,2579253.0318772616
1591,2026-09-21T02:43:32.608802Z,49.08964666454381,-135.42467772160683,49.10711262593296,-135.41158373252173,24,0.017465961389156348,0.013093989085092517,1942.1262954439353,953.3240283303754,2163.488204962614,2577633.239580799
1592,2026-09-21T02:43:46.087625Z,-22.045990209826872,21.853022501922936,-21.710213016838974,22.27888179017716,34,0.3357771929878979,0.42585928825423025,37336.72034320515,43942.94141719868,57662.84203923268,2576050.3436024436
1593,2026-09-21T02:44:01.570996Z,-45.063528615740424,-43.050032188519,-43.24844872280161,-45.61076079146306,23,1.8150798929388117,-2.5607286029440672,201827.67554934468,-204285.5717064283,287141.5542697546,2574613.4893718516
1594,2026-09-21T02:44:15.752879Z,57.67594870660723,44.67950026553228,57.58333349704703,44.5954541530055,26,-0.09261520956020064,-0.08404611252677796,-10298.341433216945,-5003.48723115366,11449.483455428972,2573005.481839909
1595,2026-09-21T02:44:30.088693Z,-8.897884311490749,36.008090758687615,-8.8789453233229,36.03285261620383,31,0.018938988167848336,0.02476185751621074,2105.9194000460616,2720.327786692213,3440.215067618144,2571394.469133469
1596,2026-09-21T02:44:49.826119Z,-16.180900544663377,-83.52116000376444,-15.194099092583402,-83.46141598975872,37,0.986801452079975,0.05974401400573015,109727.31507677688,6395.77594096596,109913.54954294844,2569852.18785553
1597,2026-09-21T02:45:00.600066Z,58.54725941278535,-51.130431392241746,58.25633581790676,-50.92635157477201,20,-0.290923594878592,0.20407981746973292,-32349.227791696358,11890.017297490556,34465.087116851304,2568264.5941794254
1598,2026-09-21T02:45:16.032457Z,18.76836355239327,-136.54583500818907,18.65073042950207,-136.5888871282883,28,-0.11763312289120265,-0.04305212009921888,-13080.206470857642,-4534.207767969242,13843.801197552286,2566666.0830448936
1599,2026-09-21T02:45:28.013224Z,60.8435646569596,-121.80068059272719,60.7494757163276,-121.68474745665563,20,-0.09408894063199824,0.1159331360715612,-10462.212851639286,6289.768432930068,12207.33304835156,2565068.5478666592
1600,2026-09-21T02:45:46.249045Z,-20.43550787367799,-128.8722728233643,-20.71572366935414,-127.82437993450964,34,-0.28021579567614907,1.0478928888546761,-31158.57484485605,109087.44388201293,113449.7795518205,2563536.286136463
1601,2026-09-21T02:46:04.440160Z,-20.98176650715869,163.8737251276532,-21.542149047075334,-179.96238241641944,37,-0.5603825399166453,16.16389245592734,-62311.695418922885,1675001.6762372544,1675415.6640748198,2562981.5574531015
1602,2026-09-21T02:46:18.418559Z,-52.576171777774235,-129.39365690517937,-53.045566380009014,-127.49119429425944,34,-0.4693946022347788,1.9024626109199403,-52194.29836284806,127867.4631118013,138104.35024109777,2561467.901268824
1603,2026-09-21T02:46:31.096301Z,18.156982459917913,-134.6567759195966,18.062011524970572,-134.6634465723036,28,-0.09497093494734088,-0.006670652706986857,-10560.286144834728,-704.9999353764791,10583.792714301844,2559876.582423812
1604,2026-09-21T02:46:43.771447Z,-9.55423386580787,-129.7625068297376,-9.906503686488769,-127.78988453020294,20,-0.35226982068089896,1.9726222995346347,-39170.61686970442,216190.09176780246,219709.35549404178,2558417.625299791
1605,2026-09-21T02:46:58.608234Z,35.246181874297974,-22.78751132437867,35.29151923249089,-22.820764078280668,38,0.045337358192917065,-0.03325275390199067,5041.284218519498,-3018.860535784262,5876.058562682698,2556827.2567223846
1606,2026-09-21T02:47:09.783114Z,-34.040562457984656,131.43090471708598,-34.0615377785963,131.38977707171918,16,-0.02097532061164742,-0.04112764536679947,-2332.3492367582357,-3789.0625799751424,4449.364856230723,2555237.980326453
1607,2026-09-21T02:47:22.011638Z,8.318590643819714,-65.53156696469176,89.99999999999999,163.38610116357998,27,81.68140935618027,-131.08233187172823,9082558.321584638,-9531892.636976726,9082558.321584642,2559299.785143664
1608,2026-09-21T02:47:34.689717Z,-2.439179232671146,83.34111672143337,-2.5385095715414305,83.42785609802831,20,-0.09933033887028442,0.08673937659494868,-11045.029744260437,9635.880465200773,14657.518581628483,2557717.2961719213
1609,2026-09-21T02:47:47.576610Z,49.76644266489802,-175.1510075715795,68.74364995991881,159.49205344801774,18,18.97720729502079,-25.356938980402788,2110169.1730884216,-1441409.6282410838,2515035.102440614,2557690.7690160912
1610,2026-09-21T02:47:55.543862Z,20.34178238326541,-83.42691067818512,-23.65532371160322,176.3370737821031,8,-43.99710609486863,-100.23601553971179,-4892254.9847917855,-11141077.016081503,11896030.139817925,2563490.979805409
1611,2026-09-21T02:48:10.927830Z,32.010419642881985,-158.48165857957602,31.343975015384395,179.98667821950139,26,-0.6664446274975901,-21.531663200922594,-74105.26146725481,-2037522.4569136496,2035508.4003356162,2563163.243877743
1612,2026-09-21T02:48:22.355189Z,15.805140823020697,-96.9686117783702,0.904716504648886,179.9999999999984,24,-14.90042431837181,-83.0313882216314,-1656851.5890541526,-9134682.27043655,9234600.227889352,2567301.852428619
1613,2026-09-21T02:48:37.041299Z,31.859641951270174,-100.1886929047325,51.26737583060764,179.99999999991786,44,19.407733879337467,-79.81130709534966,2158041.545050047,-6640169.500560906,6629252.2322578905,2569820.1105686245
1614,2026-09-21T02:48:54.477876Z,-22.31449452178122,82.66664330799756,-22.37486285274205,82.65614526112874,36,-0.06036833096083072,-0.010498046868804067,-6712.652132844016,-1079.6789088924345,6798.926756474892,2568232.117270104
1615,2026-09-21T02:49:08.958265Z,29.554115961562292,27.687868312036755,29.545286388571608,27.712490483754692,29,-0.008829572990684653,0.02462217171793668,-981.8037210019571,2381.7421686614784,2576.166582593056,2566643.4758145697
1616,2026-09-21T02:49:29.951805Z,-60.359108883231976,-123.07086787569997,-72.60873421094163,-62.901643352203656,34,-12.249625327709659,60.169224523496325,-1362096.1897380042,2669557.312311561,2830173.907129167,2566806.551576522
1617,2026-09-21T02:49:49.641850Z,-51.844961455367574,-173.53439684612152,-51.86557051856619,-173.47088025423105,38,-0.020609063198612887,0.06351659189047609,-2291.6232705828347,4362.291366040576,4927.587723016772,2565222.2108443924
1618,2026-09-21T02:50:05.574477Z,-23.476906846917636,144.84806900806205,-29.75989578599677,-179.9648445832142,27,-6.282988939079132,35.18708640872376,-698636.494189478,3497927.8296540817,3552821.2604000918,2565832.593446096
1619,2026-09-21T02:50:12.642862Z,-19.874634105999295,-45.827038454940094,-19.7548272807409,-45.78279710857733,7,0.1198068252583937,0.04424134636275312,13321.911146124556,4628.152753323511,14102.946625677529,2564256.478778511
1620,2026-09-21T02:50:31.077587Z,-58.08287247094935,65.59139305770867,-58.09743697616791,65.68007070773263,37,-0.014564505218565671,0.08867765002395345,-1619.4990893927027,5212.107113010404,5457.914681655343,2562676.973492031
1621,2026-09-21T02:50:34.236691Z,2.258189421431031,136.9538316024155,-58.09743697616791,65.68007070773263,0,-60.35562639759895,-71.27376089468288,-6711239.449867408,-7002820.054037224,9137859.879202832,2566733.224513444
1622,2026-09-21T02:50:39.850808Z,48.937072883462925,174.33808590709134,-10.329439520324263,78.01956904691242,1,-59.26651240378719,-96.31851686017892,-6590135.499217947,-10107995.453997009,11331506.799353948,2572136.907358599
1623,2026-09-21T02:50:54.282194Z,-9.964710706475222,-87.28278795544779,-85.01026343581695,179.9999861170954,27,-75.04555272934174,-92.71722592745681,-8344684.73073952,-6966782.172516426,8930016.978283396,2576054.270310493
1624,2026-09-21T02:51:08.715315Z,-62.11649013363092,-71.60584471616797,-89.99999951636465,141.3603224684943,28,-27.883509382733735,-147.03383281533775,-3100504.780405943,-3939153.1955526136,3100504.8793028835,2576377.207877607
1625,2026-09-21T02:51:19.889456Z,-27.975600363008972,59.91883034993526,-89.99999984440683,144.42661318934537,36,-62.02439948139786,84.50778283941008,-6896798.550506841,4841443.647334711,6896798.566152109,2579035.928713468
1626,2026-09-21T02:51:29.515106Z,5.6417530248553085,152.33290436176657,-89.99999999999999,137.0612707145947,16,-95.64175302485529,-15.271633647171853,-10634877.711755786,-1258396.6977331925,10634877.711755788,2583990.3209539615
1627,2026-09-21T02:51:37.883878Z,-9.797807867658719,67.41554734587496,-89.99999999999999,115.77529016490702,36,-80.20219213234127,48.35974281903208,-8918076.870888492,3463762.074922463,8918076.870888492,2587883.428851893
1628,2026-09-21T02:51:48.557595Z,-1.1683023412215754,-89.2508932477915,-89.9999999946736,117.61720838590941,33,-88.83169765345203,-153.13189836629908,-9877634.104287218,-11916875.422237096,9877634.10540782,2592361.1626827014
1629,2026-09-21T02:51:56.828023Z,18.09288330172506,13.575944370116218,-89.9999999910722,116.3633095199711,26,-108.09288329279727,102.78736514985485,-12019380.22854144,9252048.305186493,12019380.229753887,2598148.1602683803
1630,2026-09-21T02:52:12.811578Z,-6.960556920601046,-1.7919418974373116,-6.646527601383613,-2.146606317681643,33,0.3140293192174326,-0.354664420244319,34918.467114623134,-39159.176988807645,52466.5266314224,2596586.3923949837
1631,2026-09-21T02:52:25.992532Z,38.061635134656456,108.50081893101515,38.08293648177322,108.38362917190273,24,0.02130134711676135,-0.11718975911242069,2368.6017300785606,-10258.364864214995,10528.262271102618,2595000.8264047173
1632,2026-09-21T02:52:41.123066Z,46.10808408923537,100.14844430425126,46.12215963654512,100.03595796943125,28,0.014075547309751357,-0.11248633482000514,1565.1294505898184,-8670.628526659171,8810.755648439299,2593416.151116264
1633,2026-09-21T02:52:51.095837Z,1.0095065001777226,11.376817027445725,1.2762250137968971,11.80564152185025,29,0.26671851361917454,0.4288244944045232,29657.74555662985,47673.62258710749,56145.81060668427,2591862.403204133
1634,2026-09-21T02:53:08.788940Z,-41.332388808024724,157.67929621900157,-41.470454889984325,158.29414476759982,36,-0.13806608195960024,0.6148485485982462,-15352.247855599384,51282.501047879254,53531.02978454039,2590308.956831171
1635,2026-09-21T02:53:22.216421Z,18.936220660348297,173.33838501979784,18.86311345110381,173.41249489994883,23,-0.07310720924448688,0.07410988015098496,-8129.150769129125,7796.366904553697,11263.499327558016,2588731.558997836
1636,2026-09-21T02:53:38.702187Z,31.936932954986776,-88.140251220174,69.41195420480697,179.9999998769544,33,37.4750212498202,-91.85974890287162,4167032.238877037,-6473091.345563096,6777742.807784098,2591292.0793210547
1637,2026-09-21T02:53:52.932042Z,-28.625675993287683,44.52798871608147,-28.61877830013803,44.592178664652586,31,0.006897693149653605,0.06418994857111215,766.9884837924079,6265.362381042222,6312.134034390391,2589712.9834473305
1638,2026-09-21T02:54:08.614382Z,-56.45948823901648,-149.60849711382446,-56.48784122848644,-149.64242956296863,27,-0.028352989469958345,-0.03393244914417437,-3152.7085842659644,-2083.9683353470764,3779.2187893159207,2588134.2693052925
1639,2026-09-21T02:54:20.191559Z,11.433299604175867,-27.75507645580106,11.531725869819393,-27.77829318297866,19,0.09842626564352663,-0.02321672717761203,10944.501388129796,-2529.913217974213,11233.101519746455,2586562.0294225677
1640,2026-09-21T02:54:28.861043Z,-3.403875977359401,-144.57054893905666,-3.3833370481798757,-144.52214269284346,9,0.02053892917952549,0.04840624621320444,2283.824723475124,5373.090406862263,5838.31787156516,2584988.417403329
1641,2026-09-21T02:54:40.337184Z,41.71405987773413,-143.43203698075874,41.69961159041922,-143.3769332089893,20,-0.014448287314912989,0.05510377176943848,-1606.5762481212582,4574.359835300068,4848.283619470523,2583416.119942157
1642,2026-09-21T02:54:56.518556Z,-28.77146436497239,-102.62388112242411,-30.341112741378396,-99.71345888167173,26,-1.5696483764060076,2.910422240752382,-174536.93607221675,281511.46037462103,331206.8214721111,2582044.4943036246
1643,2026-09-21T02:55:15.206652Z,-18.05275339772357,158.7941766917155,-18.13857864249598,-179.99915677271036,40,-0.08582524477240838,21.20666653557413,-9543.331796719247,2241441.5854322743,2240212.0507512833,2581836.4404730997
1644,2026-09-21T02:55:26.580556Z,-19.824050866838885,116.96198526240073,-32.80490136323026,-179.99999955576246,30,-12.980850496391373,63.03801518183684,-1443404.7187302224,6283143.457449295,6356298.428439453,2584132.341925634
1645,2026-09-21T02:55:41.861040Z,-36.15706545668723,-124.1388615605174,-38.57250257851682,-120.10937583982053,28,-2.4154371218295907,4.029485720696869,-268584.3535763854,356111.31866493536,445961.80157759914,2582832.5422050576
1646,2026-09-21T02:55:54.287875Z,55.152052299858,152.89879862977858,48.5895438265971,-179.55049241332122,19,-6.562508473260898,27.550708956900166,-729717.6482885408,1891517.2782271702,2011131.816793975,2582485.214911369
1647,2026-09-21T02:56:13.677906Z,-75.40622613829161,141.921215751827,-82.65719755540343,-179.11475763569078,36,-7.250971417111813,38.96402661248226,-806271.2348275402,824345.3899206116,1110799.0180089483,2581591.6592362616
1648,2026-09-21T02:56:29.660426Z,-9.792696135976321,-143.8845039185935,-9.889160303214918,-143.86790435008123,26,-0.0964641672385973,0.01659956851227662,-10726.325999924273,1818.6289938343036,10879.406234781787,2580031.761024489
1649,2026-09-21T02:56:42.288883Z,57.3384035773842,-86.00920558143675,57.27507657215953,-85.88154200899905,23,-0.0633270052246715,0.12766357243771154,-7041.641700576935,7667.598624914864,10410.41400293472,2578473.470334967
1650,2026-09-21T02:56:59.423417Z,-32.929567187319215,-0.15663829199172596,-36.86898884970076,-0.23130147549518648,32,-3.939421662381548,-0.07466318350344636,-438043.70277050184,-6809.097867956479,438096.56972718495,2577176.272213387
1651,2026-09-21T02:57:14.052510Z,69.42611410918899,-173.56517368616545,89.94933242310798,21.156204893540703,24,20.52321831391899,-165.27862142029386,2282077.7549264864,-3289927.23022514,2293161.190899888,2577004.2461193143
1652,2026-09-21T02:57:24.279655Z,44.716195538889785,47.42774150125487,44.608622543995466,47.5303865848772,12,-0.10757299489431915,0.1026450836223205,-11961.571276209308,8118.055283218699,14456.207116138052,2575453.066918949
1653,2026-09-21T02:57:39.364919Z,57.61967123623885,-65.69262134469032,57.59743059928424,-65.74116883492934,27,-0.022240636954613535,-0.0485474902390024,-2473.0459946965143,-2891.838494920678,3805.0867438380365,2573897.321014427
1654,2026-09-21T02:57:47.084970Z,12.945839047988096,-48.435181523446204,13.049592480361119,-48.37904706462216,10,0.10375343237302204,0.05613445882403312,11536.85530183937,6081.944357156772,13041.819870931397,2572349.0407839897
1655,2026-09-21T02:58:00.516844Z,12.646416832153815,-67.95314928287395,12.679345625858332,-68.02378512104453,29,0.03292879370451729,-0.07063583817057406,3661.514800467608,-7663.303723191433,8493.10969958966,2570799.8831217033
1656,2026-09-21T02:58:12.243196Z,34.49477040856852,-120.47554495305917,34.3773932412329,-120.45485646502011,18,-0.11737716733561854,0.020688488039070307,-13051.745511630199,1897.3175521811913,13188.929893934815,2569255.4320629905
1657,2026-09-21T02:58:23.168423Z,-10.56441318470453,-34.90518014353469,-10.491474120735957,-34.90546507374878,22,0.0729390639685743,-0.00028493021409303765,8110.453867508397,-31.149443332704994,8110.513684388626,2567709.780331923
1658,2026-09-21T02:58:40.551640Z,-38.00772828872385,-2.93991729910951,-40.471069961830096,-3.660808671672378,35,-2.4633416731062496,-0.7208913725628747,-273911.096641534,-62084.28139040867,280855.7360382206,2566330.4956248705
1659,2026-09-21T02:58:54.782888Z,-1.5638035832672492,82.11350136081785,-1.6736534640196241,82.0670688673069,30,-0.1098498807523749,-0.04643249351096301,-12214.74943217385,-5160.997313057614,13260.31631509637,2564791.574480018
1660,2026-09-21T02:59:07.712469Z,-4.38912767340867,-174.12729548443787,-8.736010628895684,179.9055799512073,19,-4.346882955487014,-5.96712456435489,-483351.33136786125,-659166.3964813796,817255.7503058437,2563738.8420558167
1661,2026-09-21T02:59:24.646477Z,-3.7694988667100504,-171.89830552576115,-5.685714363161285,179.98085141579986,30,-1.9162154964512346,-8.12084305843905,-213073.44156306173,-899924.3651928557,924758.2722332019,2562752.0987868086
1662,2026-09-21T02:59:38.326625Z,-11.36886033761868,31.585351555992816,-11.32439736010964,31.6329270638522,30,0.04446297750904016,0.04757550785939202,4944.057522516385,5186.758324402037,7165.623847837028,2561214.441461334
1663,2026-09-21T02:59:50.901496Z,-25.20310436371022,31.022543066991062,-25.21303702040572,31.07641615968793,29,-0.009932656695500697,0.053873092696875347,-1104.461032641785,5419.929846120111,5531.31749173986,2559677.6506471606
1664,2026-09-21T03:00:04.533219Z,27.167974614019908,-31.138341546350745,27.206694431602486,-31.130873365090135,31,0.03871981758257803,0.007468181260605888,4305.447275785459,738.6764753223617,4368.354283068121,2558142.0080411728
1665,2026-09-21T03:00:15.657859Z,35.5691068544314,-172.5697195244308,35.4801645793972,-172.4012505505921,15,-0.08894227503420638,0.1684689738387135,-9889.929748028746,15246.061898875376,18172.862714811192,2556616.5010469826
1666,2026-09-21T03:00:26.582005Z,0.4772812547848555,-148.33781679298005,0.42266231846535635,-148.27983534855179,17,-0.054618936319499156,0.057981444428264695,-6073.348617450533,6447.043636737587,8857.196618268878,2555087.2337574093
1667,2026-09-21T03:00:40.763222Z,30.10065245902485,-33.06533464426144,30.141087435566124,-33.07478567452636,36,0.040434976541273926,-0.009451030264926885,4496.164250381407,-909.0013179986482,4587.131597538277,2553557.239694926
1668,2026-09-21T03:00:56.243486Z,25.939522497794545,-139.12548612540334,25.8163108268177,-139.1261707780891,31,-0.12321167097684693,-0.0006846526857486879,-13700.512716024,-68.49606018274554,13700.68393873493,2552034.5439180937
1669,2026-09-21T03:01:11.228581Z,76.26402235600325,83.51412032826067,89.90059906202276,-157.02787178872546,27,13.636576706019511,119.45800788301386,1516318.146508738,1599863.7835823612,1532836.3042743353,2551423.8799039274
1670,2026-09-21T03:01:27.861378Z,-42.45031423983926,-160.42023280309118,89.99910897713147,19.26719828749304,32,132.44942321697073,179.68743109058425,14727703.898725176,18284797.872170776,14727902.051695855,2558715.1841984135
1671,2026-09-21T03:01:48.453013Z,14.448429128874109,-18.169226866655833,15.621369601565652,-18.593319422806548,37,1.1729404726915433,-0.4240925561507254,130425.02981937022,-45542.664191242584,138147.50779835778,2557266.609885786
1672,2026-09-21T03:02:11.448721Z,-5.937977658123272,-2.7352286056729156,-5.311921340954428,-3.1512704672499945,43,0.6260563171688442,-0.4160418615770709,69614.28626295223,-46038.98533244101,83460.86046941303,2555787.0609925943
1673,2026-09-21T03:02:28.386473Z,49.150073718231624,-64.81666068922861,48.537856761210236,-62.785774748470814,34,-0.6122169570213885,2.0308859407577984,-68075.41962654826,148617.6041780357,163459.80772987657,2554357.098498116
1674,2026-09-21T03:02:39.810752Z,8.07270504458597,-84.60422287529596,7.925517900963837,-84.526732636646,17,-0.1471871436221326,0.07749023864994342,-16366.463638085164,8532.684604027803,18457.188191665013,2552842.223999725
1675,2026-09-21T03:02:54.943453Z,12.838777872893727,-32.56968988948316,12.725108123480966,-33.29127088539314,24,-0.11366974941276098,-0.7215809959099886,-12639.49944765733,-78247.82423094542,79262.05058971906,2551365.459717092
1676,2026-09-21T03:03:01.061802Z,59.47242874493452,163.76482084287306,-88.13537471124673,-122.46540259596838,1,-147.60780345618124,73.76977656115855,-16413238.877474517,7947552.21883892,16557444.48201627,2559722.308775743
1677,2026-09-21T03:03:18.748851Z,51.93116925714048,-20.312973566335017,52.54230972571283,-16.54851504538675,36,0.6111404685723514,3.764458520948267,67955.71957242387,256343.82222790524,265163.38974677754,2558354.0565878903
1678,2026-09-21T03:03:33.180072Z,-66.64183722106966,50.46742408074877,-66.16529548968128,55.92028041891596,26,0.4765417313883802,5.45285633816718,52989.02286480195,242709.02838110685,248339.48366257857,2556977.4090474104
1679,2026-09-21T03:03:46.609191Z,27.263677804654098,-75.82568344405996,27.296975542905727,-75.8530049765414,27,0.03329773825162974,-0.027321532481437316,3702.5395623196864,-2700.111472436471,4582.510313811986,2555457.2214960502
1680,2026-09-21T03:03:58.835236Z,-16.674919089393974,-42.599944207839656,-16.647806889948413,-42.61314208614256,26,0.027112199445561203,-0.013197878302889876,3014.739028521824,-1405.9241148278481,3326.4506578687433,2553938.0960372183
1681,2026-09-21T03:04:17.171642Z,-41.299311378656846,131.0148654781617,-41.36320704898918,131.0082902333145,32,-0.0638956703323359,-0.006575244847198292,-7104.874375508997,-549.01130286214,7126.054532387649,2552423.0383087797
1682,2026-09-21T03:04:22.084424Z,2.1803137042955205,-49.55931022680468,-41.36320704898918,131.0082902333145,0,-43.5435207532847,-179.4323995398808,-4841818.596007314,-18796903.330356233,15657776.756470378,2560214.5684622647
1683,2026-09-21T03:04:35.263563Z,-30.35743259544547,61.112596327237156,-30.373927803476086,61.14410772910995,37,-0.01649520803061577,0.03151140187279111,-1834.1834469510568,3023.2300932861135,3536.120604137569,2558695.4487665677
1684,2026-09-21T03:04:48.992173Z,16.093321775451003,-67.73155518014441,16.076785355588772,-67.79913225432988,21,-0.016536419862230645,-0.06757707418546488,-1838.7659935443605,-7220.056781676182,7450.522088661566,2557180.4577174718
1685,2026-09-21T03:05:04.673523Z,1.1984905562753072,50.343305900496716,1.1732174853346429,50.372449392204445,33,-0.025273070940664333,0.02914349170771402,-2810.2372693299,3239.9143606274743,4288.878455216052,2555665.388530966
1686,2026-09-21T03:05:18.409788Z,-29.12675190692042,150.71859311501697,-29.172967175039567,150.76081783437434,32,-0.046215268119148334,0.04222471935736394,-5138.903348367313,4100.524499402329,6574.391747616054,2554153.4721627673
1687,2026-09-21T03:05:33.840655Z,-64.27524471202713,-13.05863914558023,-64.34478407691586,-12.911790609521688,27,-0.06953936488872614,0.14684853605854187,-7732.424577711106,7078.5659509567595,10483.14731413236,2552645.6652126494
1688,2026-09-21T03:05:46.015869Z,61.172486466725275,55.020795164797676,61.073946925821744,55.03831732790337,18,-0.09853954090353056,0.017522163105695654,-10957.097022356576,940.9243694573092,10997.4229458729,2551139.949429316
1689,2026-09-21T03:06:00.944518Z,28.751082372944,3.95752425411186,28.969110422814076,4.418502658788502,38,0.21802804987007463,0.46097840467663787,24243.613011759142,44892.20511718766,51020.14966307052,2549659.712721343
1690,2026-09-21T03:06:14.572722Z,54.958183018497756,107.1697796178056,55.00748955229265,107.00029875245,28,0.049306533794890584,-0.16948086535558105,5482.636408420315,-10813.908432113985,12124.347778539415,2548158.2125054
1691,2026-09-21T03:06:31.758763Z,78.03908970940584,-40.348236370961075,78.25409421007603,-40.101675363819076,32,0.21500450067019017,0.2465610071419917,23907.409680271776,5631.545399786831,24561.675892558873,2546665.8431756473
1692,2026-09-21T03:06:44.335014Z,19.784480094477882,-24.77974359834863,21.47185420943071,-25.154191359670058,25,1.6873741149528279,-0.3744477613214201,187627.4409341069,-38967.215422746885,191630.7475084516,2545273.9784618956
1693,2026-09-21T03:06:55.560209Z,56.50130552861785,31.206379786591725,56.39732589315321,31.236130412352384,20,-0.10397963546463984,0.02975062576066989,-11562.007938018585,1828.3125923997006,11705.671585450167,2543777.482119972
1694,2026-09-21T03:07:11.745849Z,2.8680481904012693,-148.7763815639526,2.8005295164849144,-148.7739600242857,27,-0.06751867391635491,0.002421539666897843,-7507.7339932669665,268.93354279968634,7512.549164941837,2542280.277318936
1695,2026-09-21T03:07:24.525344Z,69.27005142213143,-97.53247819434755,68.71871155408431,-100.46525860610659,22,-0.5513398680471226,-2.9327804117590404,-61306.196183720494,-116897.33481267943,131979.4902073163,2540858.2709548585
1696,2026-09-21T03:07:40.008179Z,-10.948088412319043,29.740445164163276,-10.92611006992478,29.78805106678739,34,0.021978342394262995,0.04760590262412734,2443.880170299069,5197.383436823983,5743.286903147985,2539363.5097614317
1697,2026-09-21T03:07:51.389196Z,-10.105768538743419,-35.24921742448461,-10.037624150808655,-35.257084146787406,23,0.06814438793476363,-0.007866722302793505,7577.310217644395,-861.2596004948723,7626.099798593818,2537871.6197143113
1698,2026-09-21T03:08:05.118118Z,38.779518675073575,-93.06804253009919,38.76977590961265,-93.1171516217148,31,-0.009742765460927671,-0.049109091615605394,-1083.3460907429928,-4257.230310371949,4392.90884318095,2536379.582782114
1699,2026-09-21T03:08:10.634525Z,-7.369550788151272,-78.47977258898449,38.76977590961265,-93.1171516217148,0,46.13932669776392,-14.637379032730308,5130459.04758719,-1566878.4236905228,5348655.27313814,2538034.8362784977
1700,2026-09-21T03:08:24.162865Z,29.559561481247012,-26.616494591806486,29.62146528316336,-26.621066730751295,34,0.06190380191634759,-0.004572138944809012,6883.388713107564,-442.09162478003725,6897.570959620774,2536545.932004781
1701,2026-09-21T03:08:35.890477Z,-5.44240717745009,-154.01938031700885,-5.5233373673710835,-154.02951349353563,19,-0.0809301899209931,-0.010133176526778698,-8999.026531595035,-1121.6026844604976,9068.653201174478,2535060.054709776
1702,2026-09-21T03:08:53.374895Z,-3.9660385506719953,-118.5197731845767,-3.941949721249192,-117.31410730584622,37,0.024088829422803215,1.2056658787304855,2678.5556206218916,133744.8219220418,133771.62870090734,2533649.1919447887
1703,2026-09-21T03:09:08.808474Z,-53.53716278929174,96.83295687916149,-53.51641029164135,97.02587948516756,25,0.020752497650391888,0.19292260600607847,2307.5724539267035,12752.084000003535,12959.18307949147,2532169.045139818
1704,2026-09-21T03:09:20.438116Z,27.36600031441591,153.65473597176776,27.427656924503484,153.74351443618008,20,0.06165661008757439,0.0887784644123144,6855.902235839995,8764.511754963347,11127.445579715812,2530689.5606330335
1705,2026-09-21T03:09:41.078318Z,-53.46669328507313,148.66561218987977,-53.482831979498684,148.75287502847843,38,-0.01613869442555682,0.08726283859866157,-1794.5409427887396,5775.110638266312,6047.501508051987,2529208.8321526083
1706,2026-09-21T03:09:54.757801Z,60.5416462259447,179.41205811306156,62.39674025043869,173.55570182486377,21,1.8550940244939866,-5.856356288197787,206277.0439723681,-311032.0646280371,373003.9695074537,2527944.9371569194
1707,2026-09-21T03:10:10.389462Z,56.56542091813341,108.72012624598011,56.63681850716839,108.55552396960948,29,0.07139758903498006,-0.16460227637062985,7939.049675342959,-10075.116264343944,12827.171358115125,2526471.5231172014
1708,2026-09-21T03:10:30.631963Z,-66.43017054849103,-54.75050898598748,-67.98713334339648,-41.33720008314294,37,-1.556962794905445,13.413308902844534,-173126.36376781808,577768.7270774785,601769.1949128301,2525344.6482177842
1709,2026-09-21T03:10:41.354859Z,21.2675553440595,13.402817722870168,26.799709903576552,25.911687692970965,14,5.532154559517053,12.50886997010079,615147.5204318599,1270338.9699157597,1410353.1402208589,2524692.2248661183
1710,2026-09-21T03:10:58.788881Z,-25.049919738276675,-131.5086354680542,-25.444131216855375,-130.1539074725933,33,-0.39421147857870054,1.3547279954609053,-43834.31644300164,136249.4459680969,143126.09612712034,2523299.4961358616
1711,2026-09-21T03:11:12.967856Z,30.842443318184312,-91.9035531388528,30.85521517438737,-91.97660448628103,25,0.012771856203059428,-0.07305134742824748,1420.1656136140457,-6973.731821608866,7116.867551152931,2521828.9043015046
1712,2026-09-21T03:11:28.700852Z,39.980542323668814,-10.771392441557992,40.30840233999484,-10.138298642253421,35,0.3278600163260279,0.6330937993045609,36456.370465056505,53812.821171545584,64998.843521167706,2520393.8400136656
1713,2026-09-21T03:11:41.879630Z,10.150849618425083,-172.63591050820665,10.061714098089647,-172.58658026250708,23,-0.08913552033543581,0.04933024569956501,-9911.41764512336,5400.1632645584095,11287.070325040555,2518929.0958398837
1714,2026-09-21T03:11:49.848400Z,32.833095910892276,-95.68576240980876,32.81636827784149,-95.80888331620382,9,-0.016727633050784618,-0.12312090639505868,-1860.027930019092,-11504.507641743896,11653.89990090901,2517466.274838752
1715,2026-09-21T03:12:02.227243Z,1.5705530458912853,109.14423461525837,-26.03377814717274,-179.93126288848546,21,-27.604331193064024,70.9245024962562,-3069461.582084859,7707415.83909278,8189440.632753266,2520773.548516836
1716,2026-09-21T03:12:15.053342Z,-16.080491915946265,-13.085102627417797,-15.042903288036875,-13.893350381483536,22,1.0375886279093898,-0.8082477540657464,115374.59136761294,-86578.49472492187,144245.8686300936,2519388.6256264597
1717,2026-09-21T03:12:31.740016Z,-7.931573193909407,-102.33530477686561,-7.912969597847503,-102.41617572040214,40,0.018603596061903538,-0.08087094353652446,2068.6254994283654,-8906.614462242187,9143.685889634113,2517926.630903258
1718,2026-09-21T03:12:48.472482Z,74.1235805576172,-80.58824937453595,74.14766215921858,-80.38513466105154,33,0.024081601601380953,0.20311471348441046,2677.751923549043,6173.952666239816,6729.6350976344265,2516464.933001159
1719,2026-09-21T03:12:58.896126Z,18.000460442245327,155.36833598327985,40.80502083723736,-178.8356576552781,14,22.80456039499203,25.79600636144204,2535751.4202825483,2498909.3013584064,3533555.026475094,2517056.608448206
1720,2026-09-21T03:13:14.578484Z,-14.408026331468033,-152.34297601605795,-14.477855266033972,-152.35587888671003,27,-0.06982893456593864,-0.012902870652084175,-7764.623256727239,-1389.3911566266154,7887.951687099963,2515597.789461717
1721,2026-09-21T03:13:33.218463Z,-17.229519502957622,158.06075122085565,-17.120061960398978,-179.1183192554163,33,0.10945754255864415,22.82092952372807,12171.123415502101,2424417.1481182673,2423029.605092459,2515544.0020216415
1722,2026-09-21T03:13:50.705147Z,-66.77432205892889,-151.0200925417234,-66.78896933275617,-151.0703651142334,30,-0.01464727382727915,-0.050272572510010605,-1628.70253876707,-2203.802761333851,2740.331704344449,2514084.766440737
1723,2026-09-21T03:14:05.384820Z,-29.09655781593531,33.55438371346611,-29.69519989106446,33.17689516516188,32,-0.598642075129149,-0.3774885483042283,-66565.96163033215,-36570.51745952999,75950.01697115575,2512669.714351666
1724,2026-09-21T03:14:19.717972Z,83.35642067870718,-144.41142896181015,83.39690628512365,-143.8678670311485,26,0.04048560641646759,0.5435619306616388,4501.79403563959,6971.408101368253,8298.546188420152,2511217.0628620125
1725,2026-09-21T03:14:33.947906Z,-75.71751622015893,132.77928355770405,-89.99999999999999,-37.00034567895786,37,-14.282483779841058,-169.77962923666192,-1588139.7362015264,-2346911.1308009475,1588139.7362015296,2510681.9455711944
1726,2026-09-21T03:14:49.179915Z,14.474249191901402,-140.16687912628737,14.379814840171196,-140.1578972909415,28,-0.09443435173020553,0.008981835345878153,-10500.620813366662,967.2401503606834,10545.074239692005,2509233.4305820107
1727,2026-09-21T03:15:09.370574Z,-24.549559166743627,173.5763519938119,-24.24815569270647,-179.19028384167729,36,0.3014034740371585,7.233364164510817,33514.537185977,732481.6951850787,733163.6295485566,2508205.01726352
1728,2026-09-21T03:15:24.851577Z,49.236220857276095,16.486821752589037,-89.99971765395485,-174.4119390978829,31,-139.23593851123093,169.10123914952806,-15482329.969042612,17625987.566908497,15482392.193649057,2515713.22743504
1729,2026-09-21T03:15:39.381460Z,-6.15095152402238,-125.96668711138324,-8.464705991840681,-120.6981136828031,23,-2.313754467818301,5.26857342858014,-257277.758322576,581079.9105764269,635447.6342615535,2514625.740105269
1730,2026-09-21T03:15:51.807482Z,-13.951326549555317,93.45019871355578,-32.904342220916696,-179.92366507606448,20,-18.953015671361378,86.62613621037974,-2107479.187270201,8838308.129764654,8861435.005570952,2518294.4159812606
1731,2026-09-21T03:16:02.482542Z,52.328053701532156,48.15725808342913,-89.99977398091062,-177.4896750775671,17,-142.32782768244277,134.35306683900376,-15826132.35862862,14139336.441218631,15826175.060119566,2525982.388623744
1732,2026-09-21T03:16:21.472488Z,8.587505452381293,101.48124499742727,-37.372532118362614,-179.99999999376175,40,-45.96003757074391,78.51875500881101,-5110523.006260032,8456873.969817271,9588193.258934017,2530059.8775788886
1733,2026-09-21T03:16:32.398119Z,21.447559516109152,145.65145295695118,21.52878675254061,-179.99999999984985,27,0.08122723643145946,34.348547043199005,9032.056596536364,3553910.999245067,3546556.6334523056,2530646.4308136683
1734,2026-09-21T03:16:44.774285Z,-58.50696677972704,15.984849291127546,-58.497320631949826,16.089457816124497,20,0.009646147777210956,0.10460852499696216,1072.6026944895457,6077.299446866436,6171.226528319473,2529190.562760447
1735,2026-09-21T03:16:55.495273Z,-43.935960430486745,-82.53725021644699,-43.96939213846356,-82.59760206311452,14,-0.03343170797681694,-0.060351846667515474,-3717.436316084468,-4831.208044659664,6095.892091117847,2527736.329520868
1736,2026-09-21T03:17:13.433125Z,-40.621727929280134,143.06622919694672,-44.87433262995364,-179.9891870027962,34,-4.252604700673508,36.94458380025708,-472868.0677396964,3016729.657799853,3026843.534878582,2528023.83367142
1737,2026-09-21T03:17:29.617856Z,31.39906160677307,-119.38723284856746,31.332999451562348,-119.39929087540321,30,-0.066062155210723,-0.01205802683574575,-7345.776502637798,-1144.847540116694,7434.454116371307,2526572.71716045
1738,2026-09-21T03:17:47.506627Z,25.458202569865815,89.75997755685012,89.99999081985798,-160.15295845031858,37,64.54178824999217,110.0870639928313,7176719.409966523,6535817.467730667,7176720.78133807,2529248.291420621
1739,2026-09-21T03:18:03.243430Z,19.79324981761861,-124.48792624888274,19.928736805604597,-124.0358584001565,34,0.13548698798598835,0.4520678487262444,15065.465690394185,47277.7131742423,49620.03256525085,2527822.39822979
1740,2026-09-21T03:18:08.456262Z,-41.84402031297043,-71.97702399470654,19.928736805604597,-124.0358584001565,0,61.77275711857503,-52.05883440544996,6868817.196432094,-5683138.966344037,8703681.736010931,2531371.7426767903
1741,2026-09-21T03:18:26.196300Z,-24.633598312374474,-127.25607730047392,-24.80898011887057,-125.93005854207348,34,-0.17538180649609458,1.326018758400437,-19501.567108123432,133933.5015871646,135345.22900988066,2529995.506884908
1742,2026-09-21T03:18:39.923495Z,30.50773264393342,-26.720043748998336,30.550267561584203,-26.832153967487706,33,0.042534917650783655,-0.11211021848936298,4729.667048011235,-10737.94074625839,11733.41815252636,2528549.8914493555
1743,2026-09-21T03:18:50.849459Z,-5.277282512282751,167.1402095014261,6.475157608778345,-179.99276439847569,14,11.752440121061095,12.867026100098201,1306811.7171559574,1430669.8520905823,1935815.6636866885,2528209.825914208
1744,2026-09-21T03:19:09.836465Z,-63.814695448769996,-95.80102310703532,-63.987768410615075,-93.47181463180574,34,-0.17307296184507948,2.3292084752295636,-19244.835296520123,113937.55716009451,115544.60414393035,2526826.4169567707
1745,2026-09-21T03:19:27.471371Z,23.03986257970636,94.54099964081695,-89.99619464458043,-24.811310978429702,33,-113.0360572242868,-119.35231061924665,-12569036.091244714,-11069599.023031099,12569666.635171918,2532581.626250877
1746,2026-09-21T03:19:36.597248Z,22.314983279533404,148.67392804598518,-89.99999968702419,-24.891097354449446,32,-112.3149829665576,-173.56502540043462,-12488856.292051235,-16029656.808346676,12488856.36143462,2538283.960005278
1747,2026-09-21T03:19:45.818084Z,-29.678237154701357,-75.44339898439304,-86.61268405013182,137.3738127241114,11,-56.93444689543046,-147.18278829149557,-6330821.646085915,-8637383.93416233,7025774.878613753,2540852.643988454
1748,2026-09-21T03:19:58.047451Z,-76.28829689035781,19.01348250849921,-89.99999999695444,124.45785122843657,24,-13.71170310659663,105.44436871993736,-1524671.8211099803,1399620.4584732887,1524671.8215388146,2540271.304845176
1749,2026-09-21T03:20:01.658609Z,-28.17881480747447,-37.715666190907484,-89.99999999712055,167.20844900381053,1,-61.82118518964609,-155.075884805282,-6874202.1522423765,-8858061.752285713,6874202.152852915,2542749.2527285423
1750,2026-09-21T03:20:07.874377Z,60.191759362765765,54.58643874084214,-89.99999999999999,179.99999999999235,27,-150.19175936276577,125.41356125915024,-16700561.664959958,13476196.442097608,16700561.664959962,2550839.4312498174
1751,2026-09-21T03:20:18.547836Z,42.37975306786832,-177.82828592834085,42.47837073104717,178.91052668911678,14,0.09861766317884957,-3.2611873825424027,10965.783823029979,-267660.1463610349,267868.1301384851,2549535.621254894
1752,2026-09-21T03:20:34.030200Z,36.48281242712807,-81.78262409232549,79.4444688425464,179.9998454990733,29,42.96165641541833,-98.21753040860119,4777118.233641177,-5793278.811587498,6194008.226876055,2551615.7996827597
1753,2026-09-21T03:20:46.958564Z,24.237572075355356,119.2961739518729,24.393636196004834,119.12763081775498,22,0.1560641206494786,-0.16854313411792532,17353.538447466337,-17078.636696866215,24347.99379039403,2550174.1181049547
1754,2026-09-21T03:20:59.333565Z,42.52530233666855,119.1436528618774,42.51059875225935,118.99695759910944,22,-0.014703584409204495,-0.14669526276796319,-1634.9639897935715,-12022.844458556581,12133.501442849596,2548727.116613129
1755,2026-09-21T03:21:04.248280Z,-8.747720832019356,-83.34432005476893,42.51059875225935,118.99695759910944,0,51.2583195842787,-157.65872234612164,5699665.086097218,-16775405.541915873,15673515.30838981,2556205.6284033153
1756,2026-09-21T03:21:19.927817Z,47.94529605491074,-7.991773942051964,46.82709090631734,-10.064538882565573,30,-1.118205148593404,-2.072764940513622,-124338.73947141145,-156047.89091615268,199514.69982884184,2554863.5492868153
1757,2026-09-21T03:21:35.915054Z,25.851197841525455,-10.771839413176053,25.675713863203445,-10.844966568386717,42,-0.1754839783220099,-0.07312715521067048,-19512.928096811225,-7323.079597383626,20841.827777558257,2553421.3058482786
1758,2026-09-21T03:21:50.597486Z,18.356072586955527,-153.19914082640253,18.239473298756675,-153.2627988270241,28,-0.11659928819885224,-0.06365800062158655,-12965.249298079138,-6720.544033496153,14603.539992373604,2551977.1546731615
1759,2026-09-21T03:22:06.078322Z,-5.417019582394534,-95.00355304994548,-5.309782572574393,-95.1758430624735,27,0.10723700982014162,-0.17229001252803755,11924.211440532472,-19073.90017379908,22494.452091812214,2550539.1315335473
1760,2026-09-21T03:22:11.342550Z,2.2401877002272297,-56.71493839523464,-5.309782572574393,-95.1758430624735,0,-7.549970272801622,-38.46090466723888,-839518.3906527754,-4275123.190527237,4353646.880479424,2551563.6245727213
1761,2026-09-21T03:22:26.722831Z,-33.110869996392914,74.50864895686342,-33.28745458785226,-179.99999999692056,38,-0.17658459145934557,105.49135104621598,-19635.310693881303,9815425.525790969,9287393.114999209,2555388.627122651
1762,2026-09-21T03:22:44.762380Z,-19.335386031054277,-169.53669714542747,-19.39963334253438,-169.80168532632186,32,-0.0642473114801021,-0.2649881808943917,-7143.975087140069,-27797.92308546201,28701.230730610332,2553954.638815959
1763,2026-09-21T03:22:57.993265Z,-19.75864269289893,135.51463441314587,-29.283096210201062,-179.99999993800398,35,-9.524453517302131,44.48536564885012,-1059070.9101859198,4500418.702087993,4595090.835818751,2555112.401831842
1764,2026-09-21T03:23:11.122233Z,9.325040002886206,156.4917794485877,11.551860027286843,-179.9999999999965,22,2.226820024400636,23.508220551415775,247611.08926386322,2570733.5236787694,2581853.870893524,2555127.5613948023
1765,2026-09-21T03:23:24.852507Z,-24.264608356213714,39.14712344777743,-24.363290069515735,39.181825618102046,23,-0.09868171330202102,0.034702170324607096,-10972.905871777604,3516.4499421477312,11522.589920403596,2553686.425433627
1766,2026-09-21T03:23:39.986854Z,-46.50630199527117,-0.0054319492240608724,-49.26374901244905,-1.8116967567245554,25,-2.757447017177874,-1.8062648075004972,-306614.118801351,-134692.44225327283,334868.7618268628,2552430.0167905875
1767,2026-09-21T03:23:56.220453Z,-2.8112008371256696,63.46913188380489,-2.892426836853951,63.37215691007771,26,-0.08122599972828137,-0.09697497372718544,-9031.919081417194,-10769.77076116704,14055.728543996092,2550993.47220188
1768,2026-09-21T03:24:07.902560Z,-29.001207876818746,-42.70150775166269,-30.360130890076885,-43.57318142661537,24,-1.3589230132581385,-0.8716736749526888,-151105.34477484142,-84208.90642886369,172983.4536369624,2549648.4439108367
1769,2026-09-21T03:24:23.287499Z,-7.6675506819118535,61.96059364893213,-7.709245797548749,61.96221932585252,31,-0.04169511563689543,0.001625676920383512,-4636.285324680981,179.14198640562037,4639.744978083614,2548209.773080462
1770,2026-09-21T03:24:38.971912Z,-23.123824428844856,30.73923024981451,-23.118740599152872,30.74502844011491,39,0.00508382969198351,0.0057981903003963,565.2960696735361,592.9419119610017,819.2311987131333,2546770.569384483
1771,2026-09-21T03:24:55.906889Z,-10.934347717770788,53.632801642817725,-10.966593633631623,53.61926141474249,36,-0.032245915860835694,-0.013540228075243022,-3585.5822487322384,-1478.1902586284148,3878.3303673886285,2545334.7183178444
1772,2026-09-21T03:25:04.775858Z,26.72295281540765,-166.62661028031124,25.025229027543094,179.9975394911028,8,-1.697723787864554,-13.375850228585932,-188778.27205432145,-1338229.931084937,1350821.069745198,2544660.613550027
1773,2026-09-21T03:25:21.256838Z,-17.628611999620862,69.7827128473802,-17.688796496813545,69.84994727493894,27,-0.06018449719268304,0.06723442755873066,-6692.210750480042,7123.854851051084,9774.200020809509,2543230.8975807494
1774,2026-09-21T03:25:36.439574Z,-63.4483992164179,-101.68474382105504,-63.772844053898595,-96.18002366983507,25,-0.32444483748069786,5.504720151219971,-36076.61990387198,272058.1956189325,274351.771496566,2541951.9352774327
1775,2026-09-21T03:25:53.622672Z,72.85103123996294,91.68722538324886,89.99415410379959,-137.5922431896824,30,17.143122863836652,130.72053142706875,1906228.289302974,2167897.691643738,1907302.4477197304,2541594.3862703578
1776,2026-09-21T03:26:12.261564Z,-57.422834598579364,141.74757201911711,-75.53163684812485,-179.9719140090321,35,-18.108802249545484,38.28051397185078,-2013606.9377590304,1698865.6596831041,2540498.1412818837,2541593.769015297
1777,2026-09-21T03:26:27.895190Z,33.40560529382888,155.74036071777692,30.254961812164378,-179.99999999999176,34,-3.150643481664499,24.25963928223132,-350335.5708268411,2291875.3779982734,2313112.5877386904,2541465.1920984276
1778,2026-09-21T03:26:36.315928Z,-31.129104061627665,103.03915933988645,-32.58313176591539,-179.9999999992707,23,-1.454027704287725,76.96084066084285,-161680.50391742974,7268668.1916233245,7096891.504893292,2544027.299135995
1779,2026-09-21T03:26:51.547223Z,58.4811294790382,29.78504109553137,58.41578443191875,29.697732373988867,27,-0.06534504711945033,-0.08730872154251301,-7266.037721032513,-5080.010473176913,8865.764597085134,2542602.2504937584
1780,2026-09-21T03:27:12.990934Z,49.903718315932984,-82.16156044965142,49.89580942425485,-82.24139114003205,43,-0.007908891678134466,-0.07983069038061785,-879.428629989923,-5717.763853994766,5784.999121799868,2541177.0722626504
1781,2026-09-21T03:27:24.666884Z,39.27054975921715,77.65040839469015,39.34656633583808,77.53243494056376,17,0.07601657662092975,-0.1179734541263997,8452.657661134763,-10150.033081679156,13208.729423594092,2539757.662749546
1782,2026-09-21T03:27:41.351081Z,-64.56610621554306,-151.22617102135666,-55.84348244642663,179.99999999999997,34,8.722623769116431,-28.773828978643337,969911.510154986,-1589837.7505002029,1838269.188153812,2539364.0104068997
1783,2026-09-21T03:27:56.533897Z,38.10729239257479,-96.58663728826306,55.326361214895925,179.99999569264548,29,17.219068822321134,-83.41336701909142,1914673.0945856068,-6359080.757881456,6229293.835665,2541433.516758699
1784,2026-09-21T03:28:17.475406Z,-52.14009866759756,145.6845568723029,-52.55956590784996,146.93101424185025,41,-0.4194672402523949,1.2464573695473575,-46642.62900966055,84662.07579539903,96658.32263247292,2540063.127075893
1785,2026-09-21T03:28:33.462054Z,12.915139185107506,-121.24182778798902,7.77833821604102,179.9999999999974,27,-5.136800969066486,-58.75817221201356,-571186.2069430461,-6427366.650384553,6440213.750847659,2542248.085408538
1786,2026-09-21T03:28:45.637764Z,14.086212988534715,0.24214205692720725,14.176260650676758,1.354784482242915,19,0.09004766214204274,1.1126424253156983,10012.843186398452,119976.30301435923,120393.27150446839,2540892.063676229
1787,2026-09-21T03:28:59.316613Z,2.1701123255442,72.86574088845157,2.0904095070363122,72.76944064869653,22,-0.07970281850788785,-0.09630023975503832,-8862.549057349168,-10700.69773877679,13894.23223182454,2539477.9630430765
1788,2026-09-21T03:29:14.297462Z,-34.61881208240199,-162.30691036292558,-26.157397339110638,179.99999999973173,25,8.46141474329135,-17.693089637342723,940866.3916894693,-1697100.3527229452,1936187.6843689308,2539140.552372677
1789,2026-09-21T03:29:25.776736Z,-2.1451679824650203,-83.39273677979205,-46.59974182478712,179.99999999999997,23,-44.4545738423221,-96.60726322020798,-4943123.077412125,-9784912.503585873,10337751.785777884,2543499.753732881
1790,2026-09-21T03:29:38.754389Z,36.16691540757257,-91.4851869179694,68.02759104419634,179.99999999999247,32,31.860675636623775,-88.51481308203813,3542745.4902604604,-6046411.835609331,6258292.185322644,2545575.056767289
1791,2026-09-21T03:29:52.686133Z,-25.09956842669462,-153.90933785928925,-25.000008735738934,-153.95323016975996,21,0.09955969095568662,-0.04389231047071007,11070.532532572512,-4421.533773816395,11920.849095336449,2544160.3978015315
1792,2026-09-21T03:30:13.627847Z,-46.740239844621144,179.5939217182302,-48.21081141088045,-176.877341054716,43,-1.4705715662593093,3.5287372270537958,-163520.09743577774,265210.0653009097,311521.2527067842,2542914.505421456
1793,2026-09-21T03:30:24.052227Z,-20.542372107305454,24.99170196722244,89.99999999999999,-172.88529444926354,33,110.54237210730544,162.123003583514,12291750.957587343,14815837.787031928,12291750.957587346,2548351.670202363
1794,2026-09-21T03:30:30.220838Z,-36.22613361777717,123.32299565370579,89.99999999999999,-179.99999999999997,10,126.22613361777715,56.67700434629421,14035705.668255001,5620932.361223014,14035705.668255001,2554754.8775591366
1795,2026-09-21T03:30:40.093921Z,-25.43148466282532,-12.955080554538654,89.99999999981459,-140.83878878361404,27,115.43148466263992,-127.88370822907538,12835395.469534753,-12021727.074306807,12835395.46956803,2560482.253933515
1796,2026-09-21T03:30:52.971222Z,-47.94357868152607,-12.97199800326888,-54.834780042900704,-28.965655309516773,19,-6.891201361374634,-15.993657306247883,-766266.6298709357,-1109778.3934670927,1343659.3875846795,2559804.7356337663
1797,2026-09-21T03:31:03.894058Z,21.123415911860334,-41.10038039381047,21.173923410190206,-41.11862170158004,23,0.050507498329871225,-0.018241307769585546,5616.177571790204,-1891.7268484126023,5926.219760283162,2558383.545585979
1798,2026-09-21T03:31:19.827317Z,-58.29255835040536,86.10026528150149,-58.3112975085835,86.25193713708076,26,-0.018739158178142645,0.15167185557925222,-2083.6993189993545,8861.67057861848,9103.349322784106,2556965.7034301036
1799,2026-09-21T03:31:35.062559Z,35.53777242062751,-28.839717579803647,35.56323374716121,-28.87816082759578,30,0.025461326533701367,-0.03844324779214503,2831.1703361880805,-3477.9054308253126,4484.568095241039,2555546.8701141863
1800,2026-09-21T03:31:47.488459Z,28.227972516093953,-119.33450799756335,28.14177077696407,-119.3806672385575,22,-0.08620173912988349,-0.04615924099414315,-9585.196059180784,-4524.083056895783,10599.212403064108,2554133.010304347
1801,2026-09-21T03:32:03.673033Z,-21.255139644352028,137.865866803561,-31.714310685439948,-179.91210137779763,28,-10.45917104108792,42.22203181864137,-1163006.7566766643,4202163.942864562,4331129.022275571,2555119.6821599673
1802,2026-09-21T03:32:19.380900Z,10.807769372621697,61.77642378561134,-89.99989892398025,-178.3362476454132,25,-100.80766829660195,119.88732856897548,-11209301.281449663,10272189.852755986,11209318.121007718,2559922.234012824
1803,2026-09-21T03:32:31.306067Z,43.065137427734086,-3.8020284278355234,-89.99999743593398,-151.73321312070934,32,-133.06513486366805,-147.9311846928738,-14796167.910113884,-15088628.143812554,14796168.43683133,2566708.837564027
1804,2026-09-21T03:32:45.788053Z,24.75198091533803,-114.79243733920956,24.696582011132914,-114.85103331866348,28,-0.055398904205116395,-0.05859597945391215,-6160.077089276854,-5918.299382463303,8542.412558975991,2565290.785222006
1805,2026-09-21T03:32:58.464452Z,-2.4174660661881777,-153.9162496136844,-2.469409269609226,-153.88957905039385,24,-0.05194320342104808,0.026670563290565497,-5775.820694086834,2962.9349641156273,6491.462677006627,2563873.1678687953
1806,2026-09-21T03:33:15.898896Z,-49.62534941566666,102.69391962515795,-47.26950917349377,-179.99999999999997,33,2.3558402421728886,77.30608037484205,261957.48291471385,5701815.771229822,5447446.134141161,2565469.8306408175
1807,2026-09-21T03:33:28.826964Z,31.008103423996033,-128.09783871605643,31.56116734540064,-130.1583768026798,21,0.5530639214046076,-2.0605380866233816,61497.90217033734,-195806.70070593816,205232.82906568225,2564163.6673859335
1808,2026-09-21T03:33:44.256068Z,0.8952791782359472,7.953831158630834,1.040193221317822,8.261770422109715,41,0.14491404308187483,0.307939263478886,16113.706390255495,34236.39978233221,37838.89503545778,2562766.3638614034
1809,2026-09-21T03:33:53.629887Z,25.166716839533912,171.50842906858878,25.08868649330093,171.49490249180226,10,-0.07803034623298188,-0.013526576786517808,-8676.57862542594,-1361.745360164609,8782.788087607343,2561354.54320039
1810,2026-09-21T03:34:04.351625Z,-4.043815350158816,16.35301610988057,-4.014765936159508,16.41539150304258,29,0.02904941399930827,0.06237539316200014,3230.1474587205007,6918.6836993599145,7635.576970527936,2559943.6487439093
1811,2026-09-21T03:34:15.076281Z,-19.46955393201493,5.844304420826774,-18.803477315176167,6.677684846916363,29,0.6660766168387617,0.8333804260895761,74064.34054904197,87546.8761433,114672.79556443276,2558593.416356731
1812,2026-09-21T03:34:31.210905Z,-48.666158617299196,3.528177412666764,-49.61106849845678,3.4615695327915796,30,-0.9449098811575851,-0.06660787987519257,-105069.1849210364,-4845.536630182775,105180.84511001153,2557239.4359090235
1813,2026-09-21T03:34:37.929487Z,-40.059297236970174,-50.97784313572933,50.900883520079155,175.74832121215093,2,90.96018075704933,-133.27383565211971,10114310.626855902,-14753098.377246277,16249279.02227479,2564791.581295877
1814,2026-09-21T03:34:51.807554Z,46.82659623597903,65.60433862337786,46.827671142364935,65.50879232093163,26,0.0010749063859023522,-0.09554630244622331,119.5241367301798,-7269.140720295981,7270.122853916701,2563381.7017708267
1815,2026-09-21T03:35:04.634551Z,41.762658606936576,-31.78597704853658,41.84891627563018,-31.647500980802636,36,0.08625766869360518,0.13847606773393295,9591.41514291608,11477.680590295133,14957.68307937856,2561977.6114024017
1816,2026-09-21T03:35:23.624057Z,-71.93982553389154,22.9935959809292,-71.96064782828616,23.18564974784099,38,-0.02082229439461969,0.19205376691178344,-2315.333497781143,6616.820519746932,7010.209115567471,2560570.691026693
1817,2026-09-21T03:35:38.814472Z,-26.012025840125776,125.74947569490564,-26.062040037494764,125.82518785562402,30,-0.05001419736898782,0.07571216071838194,-5561.325007631083,7564.387685212143,9388.73202586902,2559166.6283084764
1818,2026-09-21T03:35:56.700053Z,-48.56257629953557,152.18542460460537,-48.601346319750405,152.2548361836639,37,-0.03877002021483378,0.06941157905853856,-4311.029553796501,5105.969938222893,6682.506879995445,2557762.6216410236
1819,2026-09-21T03:36:12.384324Z,1.3652529687449282,-13.634088311833011,1.5516844819191151,-13.862245047564928,42,0.18643151317418694,-0.22815673573191475,20730.2384316378,-25361.652591252834,32756.00156361669,2556374.4926580237
1820,2026-09-21T03:36:27.816018Z,66.92007126169335,179.39766641831983,89.89257896159026,-33.88562183339701,24,22.97250769989691,146.71671174828316,2554426.3085315973,3278651.9512341614,2576364.225031807,2556385.47602746
1821,2026-09-21T03:36:45.054101Z,-7.6759264638643785,17.436392022943664,-7.628471550780826,17.487356900192896,32,0.047454913083552874,0.05096487724924259,5276.745579249572,5616.568778909584,7706.4834275089615,2554985.8719678223
1822,2026-09-21T03:37:00.540636Z,-64.93525960938446,-26.924094284146946,-65.05809898453606,-26.910448155192707,27,-0.12283937515159948,0.013646128954235337,-13659.115309045535,641.3523306410243,13674.164014868673,2553591.079592436
1823,2026-09-21T03:37:12.467000Z,51.64417134421411,37.97980727368633,51.57507231218114,37.95098684574164,19,-0.06909903203296608,-0.028820427944708626,-7683.461798115678,-1990.1614155686207,7937.02241634907,2552194.6703454936
1824,2026-09-21T03:37:27.148984Z,10.932269846222008,85.7596165576872,10.892020679215976,85.66164238081129,28,-0.04024916700603143,-0.09797417687590837,-4475.503172740258,-10697.248532975194,11595.742692718919,2550801.798126386
1825,2026-09-21T03:37:41.576847Z,-63.62735830656399,-20.285599753137546,-24.08860047324285,80.14344322178704,24,39.53875783332114,100.42904297492458,4396509.2768931165,8052215.220309777,8117951.558927001,2553852.2911460022
1826,2026-09-21T03:37:50.597082Z,-2.7293118531867937,163.10087539148515,-87.29600864127613,84.47368739551092,13,-84.56669678808933,-78.62718799597423,-9403387.645924235,-6180829.086509222,9645114.302589402,2557735.7862234632
1827,2026-09-21T03:38:05.326325Z,85.64711177596249,-117.50685678272367,-89.99998572457991,44.028238952582306,27,-175.6470975005424,161.53509573530596,-19531066.12190247,17948925.759351883,19531069.214890342,2567026.061772816
1828,2026-09-21T03:38:23.515562Z,61.55451123133449,-82.69929643141027,61.42278299060084,-82.13802226069315,36,-0.13172824073365064,0.5612741707171267,-14647.512065395056,29790.74638764158,33196.81211461098,2565639.940739086
1829,2026-09-21T03:38:36.193233Z,-6.557999529263811,86.58114933884792,-6.679567922393456,86.67103965520455,22,-0.12156839312964518,0.08989031635661604,-13517.788556347776,9928.728459227586,16772.30507490552,2564246.3553724024
1830,2026-09-21T03:38:55.581571Z,54.702556707922675,-72.84175126467505,54.64725734983665,-72.66320412355304,37,-0.0552993580860246,0.1785471411220101,-6149.008065866691,11479.612477590874,13022.736291086454,2562852.244105145
1831,2026-09-21T03:39:11.765109Z,-57.70265853423594,-17.01139405533334,-59.01690985687143,-19.57020660534613,30,-1.3142513226354922,-2.5588125500127887,-146138.07941296784,-149258.1849075441,208861.11505752194,2561566.6126856757
1832,2026-09-21T03:39:19.739877Z,19.808774198415758,-88.3653219351126,19.699394985283785,-88.40486184529107,7,-0.10937921313197307,-0.03953991017846192,-12162.413580649301,-4137.903754544912,12847.044185303983,2560175.390213787
1833,2026-09-21T03:39:36.374314Z,-49.215864659076935,62.252069875116376,-49.22039309114533,62.29640197714032,32,-0.004528432068397592,0.044332102023929565,-503.5386716603376,3219.859150244054,3258.9942954163566,2558780.454918687
1834,2026-09-21T03:39:51.106426Z,41.031897883147316,-23.908613709181253,40.92368475878511,-23.777209367215328,36,-0.10821312436220865,0.13140434196591855,-12032.750425434302,11031.150983951846,16324.00789785304,2557394.1645986103
1835,2026-09-21T03:40:11.296403Z,-55.6469355290002,78.28973928824308,-55.646802607188505,78.36335268957075,39,0.00013292181169788364,0.07361340132766259,14.78023110120802,4618.975297745096,4618.998728734853,2556003.0064700707
1836,2026-09-21T03:40:25.929473Z,25.88481288108165,-33.25262239099405,25.834674310018983,-33.633631246807646,33,-0.050138571062667836,-0.38100885581360444,-5575.154731376345,-38123.884138542315,38529.36172612606,2554631.8334609508
1837,2026-09-21T03:40:42.364295Z,-14.314925242010053,108.01959929345873,-14.41336297145493,108.05471662639361,30,-0.09843772944487661,0.03511733293487396,-10945.776104679975,3782.797589264334,11581.000297694503,2553247.4835245525
1838,2026-09-21T03:40:59.550206Z,0.7091353427462566,49.81086426510922,0.6410708406894629,49.85003285134818,30,-0.06806450205679371,0.039168586238957914,-7568.427313303593,4355.045742544357,8731.982202506591,2551863.089889448
1839,2026-09-21T03:41:13.934570Z,51.27835416301203,89.52373519800085,51.29601688150076,89.36557422206707,28,0.017662718488729467,-0.1581609759337823,1964.0046866977643,-10999.023277702967,11172.993120378585,2550481.5292060496
1840,2026-09-21T03:41:34.122240Z,51.15149612594447,116.38925701061987,51.18667296905773,116.27818996864264,37,0.035176843113262635,-0.11106704197723616,3911.48648956639,-7743.806697938813,8675.61218197185,2549100.1129467976
1841,2026-09-21T03:41:43.646622Z,30.867607188877074,0.9382162764846669,31.07805482658752,1.6035319753974622,24,0.21044763771044472,0.6653156989127922,23400.709637733573,63431.06633326735,67609.70345866408,2547752.209410954
1842,2026-09-21T03:42:01.232154Z,-28.465010874943875,-11.88136587405458,-28.484951778597384,-12.079816186896238,34,-0.019940903653509423,-0.1984503128416577,-2217.3273189781935,-19397.161297589577,19523.481098195774,2546379.663955844
1843,2026-09-21T03:42:07.397442Z,0.025811015071500434,177.1623559445697,-89.16999160653138,-18.659249973667603,1,-89.19580262160288,164.1783940817627,-9918120.72951167,13004850.778068665,10099209.43435757,2550477.7810314824
1844,2026-09-21T03:42:18.023503Z,-22.460529130125863,-23.722250998533923,-22.20310234572994,-24.26808103738852,28,0.2574267843959248,-0.5458300388546036,28624.552407249495,-56141.447577486055,63017.5825376956,2549128.832984577
1845,2026-09-21T03:42:34.260888Z,37.88517369186416,-106.77733082620475,37.88616851117838,-106.79166418964539,34,0.000994819314222184,-0.014333363440641733,110.61886066952597,-1257.8848878407066,1262.739450627151,2547747.875752309
1846,2026-09-21T03:42:51.198716Z,-31.751169543630223,177.26783161620978,-32.4711188586094,-179.56602432670957,30,-0.7199493149791785,3.1661440570806576,-80054.71126691006,298200.6348282827,308744.923475419,2546534.9814119637
1847,2026-09-21T03:43:05.277669Z,43.64923252546603,-45.20483340425264,43.42471661541133,-45.4200181326448,32,-0.22451591005470561,-0.21518472839215974,-24965.030149069335,-17345.726524934973,30399.430314344532,2545172.6990345423
1848,2026-09-21T03:43:15.299410Z,56.957964603188614,13.482320932613163,56.85290802807691,13.489295126090012,15,-0.10505657511170341,0.006974193476850132,-11681.758163074435,423.4376617351424,11689.429961669566,2543801.7665296323
1849,2026-09-21T03:43:29.979695Z,-26.06712291781509,71.48945741070392,-26.12891029211305,71.45241978497155,34,-0.06178737429796044,-0.03703762573235281,-6870.442552621605,-3698.495962478581,7802.6822876016495,2542430.214834531
1850,2026-09-21T03:43:47.465039Z,40.27022178904301,-105.52620445501647,40.24498240764772,-105.56913415072357,36,-0.025239381395294913,-0.0429296957071017,-2806.4911628038585,-3642.9300560026454,4598.622739941354,2541058.413973939
1851,2026-09-21T03:44:04.949639Z,-56.040075852719056,-168.0498199879954,-56.075790775401984,-168.0522564445472,31,-0.03571492268292786,-0.002436456551805577,-3971.3182078442505,-151.2702595541039,3974.1981573308994,2539687.7579956483
1852,2026-09-21T03:44:17.828200Z,-28.056818282232943,-4.123697128595552,-28.674144339605956,-3.6433231524989265,23,-0.6173260573730133,0.48037397609661525,-68643.52566536686,47001.857030912055,83192.93958857578,2538361.3569057956
1853,2026-09-21T03:44:27.301461Z,35.26450987707125,-146.39547496002373,-89.99999999999999,106.49762028619605,14,-125.26450987707123,-107.10690475378021,-13928777.98694754,-10576738.128890708,13928777.98694754,2544508.3707374427
1854,2026-09-21T03:44:39.626357Z,-16.67005294660436,-19.1838859998619,-17.41667645188525,-19.318254468705913,18,-0.7466235052808905,-0.1343684688440021,-83020.74590081192,-14284.927064425337,84240.72460176788,2543181.365534565
1855,2026-09-21T03:44:54.559307Z,36.69637290543183,119.03442797212335,36.67209432932661,118.58348093346235,28,-0.024278576105217553,-0.45094703866101327,-2699.654489054002,-40211.69905925248,40302.18148109144,2541832.1045189025
1856,2026-09-21T03:45:10.540867Z,78.65216283420605,-1.8228348329867572,83.24631998105285,-53.84133140325089,26,4.594157146846797,-52.01849657026413,510846.9669372048,-909907.9228199208,992603.9567295399,2540997.391077206
1857,2026-09-21T03:45:27.775488Z,-72.73760429147957,12.02517063948747,-89.98889137226922,126.14703806151557,27,-17.251287080789652,114.12186742202812,-1918255.6014726292,1905617.4118248965,1919995.954916748,2540662.9799645725
1858,2026-09-21T03:45:45.463561Z,-64.05927734556653,95.17882313482414,-64.02534327603364,95.28081060755139,39,0.03393406953289002,0.10198747272724518,3773.2963724610618,4963.815163705052,6235.15929203414,2539298.9176283656
1859,2026-09-21T03:45:57.438834Z,19.093096370732557,-10.764419593924913,19.463486509890537,-9.732724520235575,30,0.3703901391579798,1.0316950736893489,41185.504353539465,108286.5031040191,115853.88281474824,2537995.2893148563
1860,2026-09-21T03:46:13.871490Z,1.833411091846468,-137.89826202920466,1.8265154148066165,-137.14771216709818,42,-0.006895677039851611,0.7505498621064817,-766.7643026108678,83414.77338470446,83418.29677251591,2536675.6242651027
1861,2026-09-21T03:46:29.804895Z,-6.0341780582124755,-118.37628369786349,-7.038161468396071,-115.93462779429697,27,-1.0039834101835954,2.4416559035665273,-111637.86164771882,269735.05355693144,291921.1083831857,2535469.4154978367
1862,2026-09-21T03:46:38.926973Z,30.45079134267952,19.2818441101484,30.51532027096637,19.2547244255783,11,0.06452892828685108,-0.027119684570095615,7175.289447308398,-2598.7567083320578,7631.403120880446,2534111.8225803412
1863,2026-09-21T03:46:52.653452Z,65.41071443972757,-44.48673710611874,65.38472595630095,-44.497855535163104,27,-0.02598848342661597,-0.01111842904435889,-2889.7875082258934,-514.6980419243197,2935.2658903135543,2532753.166350234
1864,2026-09-21T03:47:06.382633Z,45.05536548424476,37.090815171196795,45.002205771138456,37.04776110279761,28,-0.05315971310630374,-0.04305406839918646,-5911.0903993012325,-3383.497581147769,6810.9501562423,2531398.0471355375
1865,2026-09-21T03:47:21.614912Z,-3.468480340026283,79.98786274160273,-3.5573214054823925,79.91859991352425,33,-0.08884106545610937,-0.06926282807847883,-9878.675756416522,-7687.203849884179,12517.241138908817,2530047.440805244
1866,2026-09-21T03:47:35.746235Z,27.975073741780445,68.29272471140379,27.87605180815284,68.24523493200249,30,-0.09902193362760414,-0.04748977940130317,-11010.736645923806,-4665.729808673728,11958.484263264809,2528697.9826291767
1867,2026-09-21T03:47:51.429757Z,-38.848596889137056,34.656035849689516,-38.85552996239458,34.7238783350709,38,-0.006933073257521016,0.06784248538139082,-770.9225722914013,5874.825433430064,5925.191454696893,2527346.738498928
1868,2026-09-21T03:48:05.661485Z,42.80726665106468,-14.304484800873581,43.061585126037954,-13.715396649112183,30,0.25431847497327453,0.5890881517613877,28278.92416900931,47957.4070015046,55673.93875260037,2526023.573188571
1869,2026-09-21T03:48:22.949306Z,-49.12859875633978,7.793398763977933,-49.869226712473676,8.107802599064902,36,-0.7406279561338991,0.3144038350869778,-82354.07125321838,22705.280565924182,85426.49103591076,2524717.742754032
1870,2026-09-21T03:48:35.127614Z,-39.668066167095624,86.55659673154173,-39.74482357878165,86.60524122629366,19,-0.07675741168602457,0.048644494751926004,-8535.034761853696,4161.309698706262,9495.436189167396,2523372.7040874194
1871,2026-09-21T03:48:47.803903Z,18.93838153126984,153.9270761121923,18.867037266706664,153.97899779146758,22,-0.07134426456317655,0.05192167927526725,-7933.1202646124075,5462.066616158348,9631.64385902107,2522029.175995368
1872,2026-09-21T03:48:55.974515Z,-18.02498360377275,-55.166908457375015,89.94559059460445,178.40830772094964,11,107.97057419837721,-126.42478382167536,12005780.07775944,-11378716.843356457,12015421.841854798,2527100.4327613185
1873,2026-09-21T03:49:13.675208Z,-12.462585795316215,-134.9471339014364,-3.7273383368644626,179.99874677009012,31,8.735247458451752,-45.05411932847346,971315.2003646106,-4959872.1673120735,5046373.619555532,2528445.4798444975
1874,2026-09-21T03:49:31.362636Z,-32.517757118969875,150.08443070225007,-32.55831380897502,150.15231290922256,36,-0.040556690005146834,0.06788220697248448,-4509.698170068411,6363.357363295554,7799.339035620919,2527100.4178696796
1875,2026-09-21T03:49:48.097518Z,-36.7652119330831,34.25544770074703,-36.79041296962869,34.327376104456235,35,-0.025201036545588806,0.07192840370919384,-2802.227410053591,6406.163245699988,6992.238717718975,2525756.3601741325
1876,2026-09-21T03:50:04.079846Z,-44.835555108304,-141.40306806111616,-47.52568835608076,-135.90889369702828,28,-2.6901332477767568,5.494174364087883,-299129.169150625,422996.20309002,517873.23891054356,2524686.060002883
1877,2026-09-21T03:50:16.260500Z,-11.470119590357092,-67.60636079453134,-11.444844189716544,-67.72722866032097,18,0.02527540064054712,-0.12086786578964848,2810.49632013747,-13172.068406471304,13468.565995344452,2523348.1710875886
1878,2026-09-21T03:50:32.244727Z,-14.848793884546073,-100.17494322301472,-14.84039649696534,-100.23291746664994,38,0.008397387580732385,-0.05797424363521486,933.7468960454661,-6231.2870937247935,6300.85881516931,2522007.890303631
1879,2026-09-21T03:50:43.921143Z,32.12269820270609,-4.545721516223352,32.768258406150736,-3.6642487324476436,30,0.6455602034446457,0.8814727837757061,71783.0194666738,82715.34321118862,109519.08922033102,2520723.9686425966
1880,2026-09-21T03:50:56.798281Z,26.85487971556758,-43.97875410441878,26.90617160659441,-43.95629354741698,31,0.051291891026828296,0.022460557001807047,5703.3980601888725,2227.64825315899,6123.002986517519,2519386.414937461
1881,2026-09-21T03:51:09.976302Z,-6.473706397917336,102.91021121597811,-6.6074023040789385,102.90299076783963,25,-0.1336959061616021,-0.007220448138468782,-14866.306478317154,-797.651659400499,14887.69008869111,2518054.9429944255
1882,2026-09-21T03:51:22.905627Z,-4.0007694022105005,146.7143334445612,-4.136483059530894,146.71115223075554,21,-0.13571365732039364,-0.003181213805646621,-15090.670170405952,-352.84334744182803,15094.794618037105,2516724.9960505483
1883,2026-09-21T03:51:36.884500Z,-51.67016962959488,-106.02965783417483,-67.92141706548209,179.99997765328112,24,-16.25124743588721,-73.97036451254405,-1807056.2665160515,-4137925.993731275,4191251.884869802,2517614.2827679245
1884,2026-09-21T03:51:53.317858Z,-3.5611286835862384,-9.82534923327836,-89.99999764192872,119.66124985634144,41,-86.43886895834248,129.4865990896198,-9611563.693061518,9859842.36416279,9611564.122003002,2521379.6489246306
1885,2026-09-21T03:52:03.994372Z,41.82962902694502,35.113036538463746,41.743349827531915,35.03514515351556,16,-0.0862791994131058,-0.07789138494820236,-9593.809249691554,-6458.023284636556,11564.91292869391,2520048.1822211845
1886,2026-09-21T03:52:16.420820Z,-0.1436060911639289,171.55577697004207,-0.21978697551223747,171.58677051454097,18,-0.07618088434830858,0.030993544498898018,-8470.927846827786,3446.307577994861,9145.143670741933,2518716.8444488887
1887,2026-09-21T03:52:19.534142Z,-0.2048848890648043,123.81326990942677,-0.21978697551223747,171.58677051454097,0,-0.014902086447433183,47.77350060511421,-1657.0364093732057,5312134.41631067,5312132.38813215,2520197.1918488266
1888,2026-09-21T03:52:33.464875Z,24.159130413826098,-77.07835324707902,89.99999994583767,175.81560266492056,34,65.84086953201157,-107.10604408800043,7321170.657825988,-6472582.876966478,7321170.665620053,2522740.08034129
1889,2026-09-21T03:52:52.854268Z,-41.31439377401251,40.27044404391745,-41.318680840773,40.326958303002314,40,-0.004287066760490177,0.05651425908484953,-476.7000739530312,4719.8208139090875,4743.8329074889425,2521407.101914909
1890,2026-09-21T03:53:01.323331Z,10.22998260935612,-59.90629862648723,10.31001270023559,-59.915848932901596,9,0.08003009087947,-0.009550306414382703,8898.940084700036,-1044.9316923085123,8960.079055319824,2520077.7648657775
1891,2026-09-21T03:53:10.495532Z,50.665517233195594,-131.18406583220727,50.58014114007551,-131.2224968837165,12,-0.08537609312008243,-0.0384310515092352,-9493.388411686581,-2711.102052906483,9872.917010434876,2518750.316506256
1892,2026-09-21T03:53:25.928243Z,19.023441977625996,43.29961920615719,18.947522318531572,43.311412333895106,31,-0.07591965909442422,0.011793127737917075,-8441.880923884408,1240.0006593789067,8532.464758958853,2517423.562884825
1893,2026-09-21T03:53:39.862706Z,25.226400448320426,72.58324579167285,25.15084635505932,72.51173443556696,36,-0.07555409326110762,-0.07151135610587289,-8401.231857865012,-7195.585383462454,11061.51581118795,2516099.5470120967
1894,2026-09-21T03:53:52.041014Z,14.80013784875996,-99.8272359638337,14.784313119520586,-99.86651060804499,23,-0.01582472923937317,-0.039274644211275245,-1759.6296069421032,-4222.40556966973,4574.385747382263,2514773.50416032
1895,2026-09-21T03:54:05.217931Z,24.725524887499418,-48.1109451113517,24.775024809873162,-48.10695028187019,29,0.049499922373744454,0.003994829481513307,5504.140237259866,403.4006385958304,5518.903134686946,2513449.359252127
1896,2026-09-21T03:54:16.947463Z,-43.4068687489362,134.77686339369694,-89.99999999999999,-123.45991053016226,38,-46.59313125106379,101.76322607614077,-5180919.8116023345,4475193.71497541,5180919.811602336,2514856.252950624
1897,2026-09-21T03:54:35.886081Z,-25.99345597245761,-147.62151192547165,-26.487798061387696,-146.4802848454113,39,-0.494342088930086,1.1412270800603608,-54968.33231589884,113821.13046424808,126398.35683700828,2513597.1818403904
1898,2026-09-21T03:54:58.333678Z,65.62603116464082,-161.29840349278916,65.58467488675309,-161.3310962244173,45,-0.04135627788772922,-0.032692731628145566,-4598.608286018037,-1501.4351379863353,4837.5101101242635,2512275.39065402
1899,2026-09-21T03:55:11.512857Z,6.508971513644999,25.245254656006068,6.407483662473538,25.177411490667765,24,-0.10148785117146097,-0.06784316533830292,-11284.934166324498,-7495.943675327867,13547.652762861693,2510959.578259133
1900,2026-09-21T03:55:24.439827Z,4.122541162208455,-156.388701026208,-0.10070704611247451,179.9999999729967,29,-4.223248208320929,-23.61129900079527,-469603.77472600987,-2623839.796983614,2664920.852186748,2511040.6105085686
1901,2026-09-21T03:55:41.373394Z,61.44667333535451,-162.79953646861975,64.00559195246414,179.88624689165366,35,2.558918617109633,-17.314216639726624,284538.7679189013,-882236.0584621859,923603.3448198466,2510205.5567128356
1902,2026-09-21T03:55:57.053938Z,48.98177357788059,-15.980431171063543,89.99999999999999,130.83627782271483,34,41.0182264221194,146.81670899377838,4561018.678097467,5719663.2852833755,4561018.67809747,2511283.7970500514
1903,2026-09-21T03:56:05.742000Z,24.069934083502073,-72.94699122048736,89.99999999548926,127.06439974535101,24,65.93006591198719,-159.98860903416164,7331088.842754337,-9679978.498851972,7331088.843727199,2513816.5374844586
1904,2026-09-21T03:56:12.057796Z,42.415487279751396,-8.14126441839818,89.99999999999773,127.14695684574126,32,47.58451272024633,135.28822126413945,5291156.401344863,6068818.421332615,5291156.401345296,2515275.224387747
1905,2026-09-21T03:56:30.243180Z,30.79117520409301,105.42050918781752,30.762565181094306,105.37952832566586,39,-0.028610022998702078,-0.04098086215165608,-3181.289408639816,-3915.1050159218985,5044.665376288093,2513957.5180575573
1906,2026-09-21T03:56:40.465842Z,29.9030185681779,-124.64354914497622,19.50248342406863,179.99999999610753,17,-10.40053514410927,-55.35645085891622,-1156486.7424133853,-5592068.204983145,5657565.089158693,2515606.8399731405
1907,2026-09-21T03:56:56.749579Z,-87.09120341929497,-35.101535430137034,-87.50217808020432,-20.052643455426725,27,-0.4109746609093463,15.048891974710301,-45698.297272587166,78922.61242736445,90805.87867521869,2514335.313512051
1908,2026-09-21T03:57:04.120524Z,28.12381022745477,174.27168487319295,-89.99999999999999,24.559721615681255,15,-118.12381022745475,-149.71196325751168,-13134768.413217608,-14278700.096013656,13134768.413217612,2519901.57823936
1909,2026-09-21T03:57:13.991468Z,51.409161815182536,171.08560543472782,-89.99999999926752,50.89512061811476,19,-141.40916181445004,-120.19048481661306,-15723981.37482631,-12613849.027659748,15723981.37494872,2526818.3303591656
1910,2026-09-21T03:57:29.974884Z,-63.535747118468926,-67.75802818097169,-89.99999999996261,85.19374500760956,33,-26.464252881493685,152.95177318858123,-2942690.6578607424,3892952.2835615957,2942690.6578686037,2527036.06456205
1911,2026-09-21T03:57:37.892450Z,-20.98157241053878,-170.9022951708908,-89.9999999941481,84.21890327539504,22,-69.01842758360931,-104.8788015537142,-7674498.992282227,-6606969.698863433,7674498.993100014,2529729.6610709657
1912,2026-09-21T03:57:51.821451Z,22.78097884162456,39.724733934991036,22.674007505233853,39.86203353288187,21,-0.106971336390707,0.13729959789083068,-11894.669903035081,14081.577576664518,18432.956818425828,2528416.2213720893
1913,2026-09-21T03:58:05.303237Z,-4.171936566913361,4.916947899036046,-3.945619113336411,5.259359186536298,37,0.2263174535769501,0.34241128750025496,25165.352648872293,37978.906054034764,45559.74488256482,2527118.335080145
1914,2026-09-21T03:58:17.733713Z,-23.26289568962146,-28.764802441524864,-20.48171870096682,-29.49546321427686,20,2.7811769886546394,-0.7306607727520031,309252.7712389874,-75397.40972682113,318308.62261119846,2525964.307017204
1915,2026-09-21T03:58:37.921300Z,-53.31319529997927,179.81672256411775,-53.6593491574011,-177.57759288970936,37,-0.34615385742183236,2.6056845461728813,-38490.55278375169,172399.0998454867,176632.60752106432,2524737.5019521927
1916,2026-09-21T03:58:51.252915Z,0.4577069076962083,-27.026851779520513,0.5813171574972675,-27.36513950609383,32,0.12361024980105922,-0.33828772657332706,13744.83265914436,-37614.33267509926,40046.94617793965,2523440.6905974043
1917,2026-09-21T03:59:04.481816Z,-28.459399615907884,3.0112864366853955,-25.09757417152056,6.720900171436554,25,3.361825444387325,3.7096137347511444,373817.9336804597,368252.7327409551,524663.373051915,2522398.0315898163
1918,2026-09-21T03:59:22.169841Z,79.2032662700033,95.5360847173643,79.25557752122876,95.37716570583113,32,0.05231125122546132,-0.15891901153315757,5816.745742700255,-3302.299012205124,6688.769654824896,2521086.400066389
1919,2026-09-21T03:59:39.303504Z,-13.268081833048031,119.96250748181859,-13.376328103259766,119.91890300910494,35,-0.10824627021173505,-0.0436044727136391,-12036.436075740963,-4718.118696244077,12928.125527127364,2519779.3868957064
1920,2026-09-21T03:59:51.732427Z,-5.9913741210103,-134.4904631855888,2.6379585857632346,179.9999999999893,36,8.629332706773535,-45.50953681442189,959538.0173211747,-5058262.9221608685,5143586.308636586,2521145.9530007797
1921,2026-09-21T04:00:02.958052Z,75.69509392723963,-155.72368499655965,72.43791881394004,179.0645500788952,18,-3.2571751132995814,-25.21176492454515,-362181.34779182926,-769598.8261627659,841850.0358832906,2520271.7750116503
1922,2026-09-21T04:00:22.907819Z,-69.80463108847937,83.53327138287551,-69.7977814046155,83.7196233608514,36,0.00684968386386231,0.18635197797590308,761.6500947805872,7154.65079254397,7195.074542523357,2518964.2429094296
1923,2026-09-21T04:00:34.634801Z,10.372914272379528,0.32460705768465914,10.570610593863716,0.8624607573905964,28,0.19769632148418737,0.5378536997059484,21982.827965333316,58810.49984388281,62784.671656963044,2517686.9784417995
1924,2026-09-21T04:00:48.065905Z,0.7375866148104772,-115.78754042976037,0.7035573430061902,-115.8567915268171,29,-0.03402927180428694,-0.06925109705673549,-3783.882382045437,-7699.761702020621,8579.28286072593,2516382.868412911
1925,2026-09-21T04:01:04.748638Z,-23.149370729410666,107.07923270086661,-41.70539542573032,-179.99995779230395,31,-18.556024696319657,72.92080950682941,-2063335.8049218846,6844091.641879357,6939548.388425034,2518680.616734995
1926,2026-09-21T04:01:14.224530Z,-45.30128183944374,-79.37254705429399,-45.33597341094459,-79.52426252182941,13,-0.03469157150085067,-0.15171546753543907,-3857.526748221555,-11862.36268151815,12473.816655222263,2517379.3670984013
1927,2026-09-21T04:01:29.913500Z,-39.248032710641915,29.02935937876265,-39.26778688077306,29.143351326201287,22,-0.019754170131143667,0.11399194743864882,-2196.5634986566533,9814.57216117861,10057.370547053084,2516078.21401249
1928,2026-09-21T04:01:44.948511Z,-8.066435344200238,-21.083512329042975,-7.81182161701128,-21.428830519022487,41,0.2546137271889579,-0.34531818997950836,28311.75471747387,-38029.60366309336,47411.00724041608,2514797.7849633344
1929,2026-09-21T04:01:59.680115Z,-11.077504885158486,-56.53566879645177,-11.061782724207523,-56.53019023558087,32,0.015722160950963016,0.005478560870898264,1748.2245336362782,597.8539402709142,1847.6250570379827,2513495.06326302
1930,2026-09-21T04:02:04.595227Z,-1.335496340614248,-63.232212970245655,-11.061782724207523,-56.53019023558087,0,-9.726286383593276,6.70202273466478,-1081513.7009476249,740873.9546796161,1310417.089136614,2512871.7067997423
1931,2026-09-21T04:02:15.572537Z,78.18651708435435,-143.7633298739952,78.06705742748781,-144.12505003083348,15,-0.11945965686653892,-0.3617201568382882,-13283.307782258953,-8275.429229907897,15650.145949271378,2511578.479683818
1932,2026-09-21T04:02:28.799630Z,26.609590881488632,-144.9669654109765,26.66764268453256,-144.8328323942598,26,0.05805180304392721,0.13413301671670297,6455.065981053858,13331.726694577628,14812.250689168852,2510286.157619121
1933,2026-09-21T04:02:41.527859Z,-36.62982047047927,-149.16790986153316,-39.634808219650985,-143.55705485653732,27,-3.0049877491717183,5.610855004995841,-334139.39233694685,490750.47016957233,593510.2701498448,2509294.550848573
1934,2026-09-21T04:02:56.759335Z,-33.62747733484466,6.384255689317484,-38.057962542068296,2.98924444912652,23,-4.430485207223633,-3.395011240190968,-492647.47761703446,-306018.36720234534,579844.4859258488,2508296.9034520257
1935,2026-09-21T04:03:11.191345Z,39.45346389350221,80.77404495352897,39.480929819427644,80.66397423362694,26,0.02746592592543351,-0.11007071990201212,3054.0716185034635,-9448.604735584457,9929.92792622573,2507005.7577282395
1936,2026-09-21T04:03:22.365817Z,34.48757005946214,107.14984759499174,34.503372673146735,106.99376917368267,17,0.015802613684591904,-0.15607842130907557,1757.1704694504967,-14303.592911449035,14411.119821914086,2505718.260497916
1937,2026-09-21T04:03:33.839904Z,35.22479790683028,-36.237441838609016,35.18048838423761,-36.24262192376875,29,-0.04430952259266974,-0.005180085159736336,-4926.994114347329,-470.6594817002635,4949.42333236382,2504427.2079232302
1938,2026-09-21T04:03:49.772471Z,-30.718569547294347,-97.17747725582508,-24.07260129088927,-100.43785214285057,27,6.645968256405077,-3.2603748870254776,738997.9527530284,-321878.9101121596,805920.7011996949,2503550.78557714
1939,2026-09-21T04:04:06.209740Z,67.84256421137455,172.69592189664775,67.4129344903788,-177.9946381107182,26,-0.4296297209957487,9.309439992634054,-47772.64531044451,394006.1973952239,396506.7226365327,2502464.120253292
1940,2026-09-21T04:04:20.939230Z,-33.20410460495975,76.53129963380712,-28.87714813262961,-179.99999999999997,25,4.326956472330142,103.46870036619293,481135.60753494885,9857672.436881943,9408981.571896654,2506024.180795376
1941,2026-09-21T04:04:29.359467Z,34.48310539967328,39.775196110851454,-89.99999999999999,-179.73002131171415,16,-124.48310539967326,140.49478257743442,-13841889.773403542,13824476.026011573,13841889.773403544,2511864.400059986
1942,2026-09-21T04:04:34.322843Z,-7.009733032787329,-75.30608706353924,-89.999999991,-179.73002131171415,0,-82.99026695821267,-104.42393424817492,-9228096.646630805,-7693215.512540194,9228096.647880843,2515322.8100743117
1943,2026-09-21T04:04:53.761961Z,-63.69949750230659,-51.8468916186948,-63.4273774393992,-56.34790625661153,35,0.27212006290739055,-4.5010146379167395,30258.370433499997,-222821.48542531102,224818.34057905982,2514143.960630413
1944,2026-09-21T04:05:07.742272Z,17.245575761502874,27.095975479534275,17.187931450697107,27.055508804423308,30,-0.05764431080576671,-0.040466675110963024,-6409.754911523373,-4298.066252861264,7717.404321752711,2512854.6465582377
1945,2026-09-21T04:05:16.112328Z,67.02071624715504,-110.36503265061972,66.94927816851467,-110.56324347051515,12,-0.07143807864036944,-0.19821081989542222,-7943.551914044097,-8617.040824274813,11719.777186181189,2511568.716034139
1946,2026-09-21T04:05:32.845324Z,11.408102883552356,-149.40930359496235,11.37662813536979,-148.5291108698695,33,-0.031474748182565904,0.8801927250928543,-3499.832315316374,95944.62370691668,96008.39713855086,2510327.420906238
1947,2026-09-21T04:05:42.569452Z,48.16337683397465,4.393801364828647,48.07722410774536,4.410505870336097,16,-0.08615272622929382,0.016704505507448175,-9579.746073295077,1239.9798430524397,9659.662699245051,2509043.0512307337
1948,2026-09-21T04:05:54.694789Z,-14.915499807181668,96.86677529276903,-15.009694860537438,96.87275442353378,27,-0.0941950533557705,0.0059791307647287795,-10474.012048175196,642.307020276494,10493.687939936177,2507760.428354301
1949,2026-09-21T04:06:13.187483Z,6.240579111247924,-139.54901881612716,11.357635119798722,179.98533655167742,32,5.117056008550798,-40.46564463219545,568990.6675069045,-4446617.840051464,4479032.165771627,2508771.85561824
1950,2026-09-21T04:06:22.408416Z,-30.024450483420594,-44.71563954451591,89.97397315729528,135.1394418805875,12,119.99842364071587,179.85508142510344,13343215.914192082,17324021.37974686,13349004.010663146,2514330.9490310834
1951,2026-09-21T04:06:31.633325Z,-2.317341467726767,-101.57771802294069,37.25059021425176,179.9999999986552,10,39.56793168197853,-78.4222819784041,4399753.260854514,-8318090.362307241,9143870.264455337,2517728.970207621
1952,2026-09-21T04:06:44.862565Z,38.25716112998856,-109.46451097887483,42.435504051484045,179.99999999999997,33,4.178342921495485,-70.53548902112522,464610.53465150174,-5977647.310797594,5820375.619568357,2519420.8998435643
1953,2026-09-21T04:06:58.890966Z,43.136087434065445,-1.1792002442361138,43.085981307696564,-1.200912884708148,25,-0.05010612636888112,-0.021712640472031808,-5571.547046030726,-1762.5389465607757,5843.687131289843,2518133.8659404856
1954,2026-09-21T04:07:16.881901Z,72.04805549152607,75.63914082756654,72.11490292729442,75.58267994337275,34,0.06684743576835217,-0.05646088419376838,7433.095716638772,-1931.5662881840715,7679.9640245462515,2516849.089122719
1955,2026-09-21T04:07:37.124575Z,17.435708342849907,-19.78374831413393,17.73323759670618,-19.84128397510765,40,0.29752925385627194,-0.057535660973712766,33083.74355715846,-6098.726783978495,33641.17190422907,2515578.906044858
1956,2026-09-21T04:07:53.111874Z,11.296343884929385,-131.44239944173472,11.198206742531244,-130.1636521210965,29,-0.09813714239814075,1.2787473206382174,-10912.352350067877,139459.38842185133,139885.54042776526,2514364.338884522
1957,2026-09-21T04:08:07.540539Z,-35.10385937309486,31.281464946549505,-35.1066941344814,31.394588905450295,22,-0.0028347613865378207,0.11312395890078619,-315.2110844309006,10290.68393366748,10295.50981834997,2513084.794260574
1958,2026-09-21T04:08:20.215207Z,33.26672744603218,63.795180239735885,33.16109871094555,63.702489429140165,23,-0.10562873508662562,-0.09269081059571249,-11745.379449514863,-8622.948134616365,14570.831134060174,2511808.740142532
1959,2026-09-21T04:08:38.952682Z,-15.631642796442945,179.1640061267251,-15.709868626623894,179.1194038070657,32,-0.07822583018094953,-0.04460231965938988,-8698.315448680392,-4775.203827785973,9922.865452039165,2510531.616163619
1960,2026-09-21T04:08:53.433067Z,58.43723691993823,-22.435546515409783,58.71767885655844,-21.825853791102926,31,0.280441936620214,0.6096927243068535,31183.720570542682,35344.47517940063,47134.11960147574,2509274.780706189
1961,2026-09-21T04:09:06.415485Z,28.40440638666162,-75.38228591560315,28.369636425567673,-75.49478535453235,23,-0.03476996109394648,-0.11249943892920555,-3866.2432732755397,-11005.194157248628,11664.566846594058,2508001.1395976427
1962,2026-09-21T04:09:23.052464Z,-34.019835200074304,-31.29609044822405,-42.33677030645931,-30.55011384709692,26,-8.316935106385003,0.7459766011271256,-924800.9890620357,65205.31744053003,927085.3464590233,2507195.372118979
1963,2026-09-21T04:09:35.232815Z,23.380042455681725,54.91264993890715,23.24046729453807,54.94637678355979,25,-0.13957516114365376,0.03372684465264797,-15520.049804771046,3444.1416757418324,15897.611412980052,2505926.2443753695
1964,2026-09-21T04:09:57.175497Z,-74.64499914603333,82.31086474511551,-74.63490015883298,82.52179454019422,41,0.010098987200350962,0.21092979507869813,1122.9561409273629,6212.671038406394,6313.340424827914,2504653.529047492
1965,2026-09-21T04:10:17.615758Z,44.980713620683204,-82.40832422928273,44.6653794902694,-81.57624894033444,43,-0.3153341304138024,0.832075288948289,-35063.555499888476,65625.06540334474,74404.445027479,2503416.7610658025
1966,2026-09-21T04:10:27.391853Z,20.08512903675196,-110.85414239504776,19.528743846121724,-110.15806491317267,14,-0.5563851906302375,0.6960774818750792,-61867.21045824808,72821.26459888901,95553.24657089081,2502192.0085151945
1967,2026-09-21T04:10:45.075219Z,21.16618784344388,-158.00026264346945,21.048574171097954,-157.47954053425593,36,-0.11761367234592512,0.5207221092135228,-13078.043668902312,54016.86963894429,55577.453563767755,2500948.178034792
1968,2026-09-21T04:11:02.059316Z,20.10444727261838,-146.29615032422208,20.027221748606117,-145.2998578456973,33,-0.07722552401226324,0.9962924785247935,-8587.08647763122,104058.05132310619,104411.59746787712,2499730.425707268
1969,2026-09-21T04:11:18.541908Z,-38.63026855553671,171.27926132056166,-41.664717440373884,-179.99999999999997,26,-3.0344488848371753,8.720738679438341,-337415.3211561328,741227.7361025837,813894.1262292867,2498874.2366267815
1970,2026-09-21T04:11:23.256205Z,-1.0001879797636777,-62.156201208620445,-41.664717440373884,-179.999999982,0,-40.664529460610204,-117.84379877337955,-4521689.370408049,-12205841.50255633,12199204.58809976,2503798.2621859047
1971,2026-09-21T04:11:45.949577Z,-25.394695416769892,157.3759360562143,-26.025333816593683,-179.99999999999997,45,-0.6306383998237912,22.6240639437857,-70123.79060764836,2266631.74050709,2264892.3642847957,2503677.0516846864
1972,2026-09-21T04:12:04.237480Z,18.046876897898475,-32.3489694103819,20.128195733044173,-32.289922221789816,32,2.081318835145698,0.05904718859207492,231432.0951979643,6204.763451183714,231515.24360671465,2502524.839814464
1973,2026-09-21T04:12:17.715262Z,20.03791208027444,-12.290066959045845,20.39728948850389,-11.62837517985696,22,0.35937740822944875,0.6616917791888852,39960.94454578519,69043.47645532886,79773.74514556791,2501296.8869028226
1974,2026-09-21T04:12:36.203518Z,-86.31094408387838,-4.73233680505075,-86.0476840878707,-20.97595368270529,37,0.263259996007676,-16.243616877654546,29273.17594452036,-120355.10189201374,123405.34205412389,2500092.2812570026
1975,2026-09-21T04:12:48.833426Z,52.5472172421921,172.75529288071834,-89.99999999795455,44.06848074351635,21,-142.54721724014664,-128.686812137202,-15850527.364404084,-13551820.940993566,15850527.364773694,2506851.9952233406
1976,2026-09-21T04:13:06.217851Z,-1.860367489833982,79.52588070611966,-1.9559323265937656,79.4800419457577,38,-0.09556483675978367,-0.045838760361959885,-10626.325013303374,-5094.211236322241,11784.3016496881,2505589.309143597
1977,2026-09-21T04:13:23.453125Z,-20.563367037509046,146.97588684347676,-20.61084999906068,146.87178681173066,34,-0.04748296155163345,-0.10410003174609983,-5279.864426600285,-10836.175317965697,12054.030459807313,2504328.0368731446
1978,2026-09-21T04:13:36.781834Z,-23.25619522658299,-30.78274135600026,-23.69317255525132,-30.891050494368763,22,-0.4369773286683305,-0.10830913836849732,-48589.66200661024,-11046.666599271537,49829.54108684623,2503087.137734729
1979,2026-09-21T04:13:55.717502Z,-4.966800174830965,-177.9724302315325,-5.053708561324052,-178.03235866837264,32,-0.08690838649308752,-0.05992843684012428,-9663.771660895825,-6638.27655240421,11724.128523077166,2501828.2377806045
1980,2026-09-21T04:14:02.384446Z,-16.028141517499368,147.2321237144485,-5.053708561324052,-178.03235866837264,0,10.974432956175315,34.73551761717886,1220301.267527542,3797233.1392049906,3980419.9673173456,2502575.0012803706
1981,2026-09-21T04:14:08.800203Z,37.544068358601564,68.74503485256582,89.99999999999999,-179.99999999999997,21,52.45593164139842,111.25496514743418,5832833.470937285,5467280.666582463,5832833.470937287,2504256.100962177
1982,2026-09-21T04:14:25.735232Z,44.5577807046385,-102.36463264476563,44.510177269054346,-103.03684965529926,35,-0.047603435584157694,-0.6722170105336431,-5293.260527809392,-53282.33817691348,53544.46295409827,2503019.6167855836
1983,2026-09-21T04:14:38.913846Z,-29.865603987989797,32.41137052311689,-29.944786401322045,32.41070726220793,21,-0.07918241333224785,-0.0006632609089649577,-8804.68264201843,-63.931383441236505,8804.91474388939,2501761.8181461273
1984,2026-09-21T04:14:55.898371Z,22.36722748693361,-147.85602584458798,18.06060451844347,179.99999999999997,31,-4.306622968490142,-32.143974155412025,-478874.62506703316,-3354105.8718283903,3381665.126656752,2502205.3177975942
1985,2026-09-21T04:15:09.878389Z,13.820226971593963,44.247090757673476,-89.96942794730079,-60.315616924196675,21,-103.78965491889475,-104.56270768187015,-11540883.065170567,-9152749.09610247,11545137.07091379,2506760.9509225893
1986,2026-09-21T04:15:20.103165Z,-38.93131706201067,-73.43557739572007,-84.77606690161865,6.3374429428127526,11,-45.84474983960798,79.77302033853283,-5097703.595453355,4184365.498865988,5596535.259709453,2508316.7285201657
1987,2026-09-21T04:15:39.345518Z,-58.07490465482943,48.476876275216284,-58.07659272961847,51.09971268098327,37,-0.0016880747890368752,2.622836405766975,-187.7053523374843,154221.7666756407,154212.18009149953,2507131.975350348
1988,2026-09-21T04:15:48.016746Z,38.80938526045553,-162.64353896848132,32.88345491567936,179.99983085365173,9,-5.9259303447761695,-17.35663017786692,-658933.3899881508,-1564413.0352288443,1693967.2407342389,2506722.938763519
1989,2026-09-21T04:16:08.707449Z,-86.6446652395196,65.43907196875927,-86.51495878639565,73.14760313413775,42,0.12970645312394424,7.708531165378474,14422.699540442876,51135.91104838994,53085.121065787534,2505489.3350341585
1990,2026-09-21T04:16:19.641706Z,-8.619748146145522,-112.27002918087669,-89.99999999999999,60.916851184715526,25,-81.38025185385446,173.18688036559223,-9049071.135205062,12555270.374912327,9049071.135205066,2508777.567094546
1991,2026-09-21T04:16:23.752479Z,35.48174232179651,121.38194987504511,-89.999999991,60.916851184715526,0,-125.48174231279651,-60.46509869032958,-13952933.13170283,-5976738.143190223,13952933.13221026,2514525.510622982
1992,2026-09-21T04:16:31.571947Z,25.859797248216115,-52.69869502312177,-89.99999999518063,58.90246278077499,24,-115.85979724339674,111.60115780389674,-12883021.655532949,10515784.416871618,12883021.656266125,2519730.5789691885
1993,2026-09-21T04:16:39.190803Z,-44.9342060178728,-13.916979116779885,-89.99999999531674,58.83897411208376,24,-45.06579397744394,72.75595322886363,-5011087.655500676,3100235.435700572,5011087.655867057,2520980.63269568
1994,2026-09-21T04:16:58.678821Z,-66.93686573242204,66.61860622717978,-66.6749761673677,76.38481689935001,38,0.26188956505433225,9.766210672170246,29120.790975191863,427699.27986049966,428246.56692192727,2519931.1171160545
1995,2026-09-21T04:17:17.869216Z,67.75324086372201,35.21918343433987,67.69791591563701,35.08824672542108,38,-0.055324948085001324,-0.13093670891879583,-6151.853543925742,-5518.67691188906,8264.444376640227,2518672.1363277137
1996,2026-09-21T04:17:38.360318Z,-23.158916407082376,28.483909502757655,-23.38437082803979,29.025783992552203,39,-0.22545442095741208,0.5418744897945373,-25069.387800050903,55351.57585236506,60763.98145571697,2517440.7194164554
1997,2026-09-21T04:17:48.532189Z,-1.6369528497531896,165.81094957456048,-1.7407422178000915,165.7694285113353,12,-0.10378936804690198,-0.04152106322518989,-11540.851166460374,-4614.926056645403,12429.351644992003,2516186.3321516723
1998,2026-09-21T04:18:04.965872Z,-0.1580945278763345,-178.41320973608373,-0.6801108330099055,179.99958205039937,27,-0.522016305133571,-1.587208213516874,-58045.56475659101,-176484.77934380906,185784.68539936616,2515019.9649611055
1999,2026-09-21T04:18:20.752942Z,8.656460565461053,-90.48602555204059,22.85346222546593,179.9999999999999,28,14.197001660004876,-89.51397444795953,1578634.5581569206,-9579564.034595257,9585589.564849174,2518557.0182877127
2000,2026-09-21T04:18:35.185901Z,-36.45083845767391,-167.5441310133201,-31.03736968121068,179.99999985768764,25,5.41346877646323,-12.455869128992276,601950.2634914379,-1151689.079350238,1298000.492393813,2517946.7400247655
2001,2026-09-21T04:18:46.859882Z,53.114765444925325,-28.111366186889228,89.99999999999999,137.19663145113145,34,36.88523455507466,165.30799763802065,4101450.95061887,5815046.297184242,4101450.950618874,2518738.0964518487
2002,2026-09-21T04:19:00.339511Z,50.09255015271372,-148.33540417418112,89.99995383792752,53.310885043209474,24,39.9074036852138,-158.35371078260937,4437500.825352142,-6008975.993583697,4437510.729344384,2519696.5243404065
2003,2026-09-21T04:19:06.255264Z,46.14259307317131,155.16572537189472,32.9652866691788,61.9433266002018,1,-13.17730640399251,-93.22239877169292,-1465249.618964821,-7992339.853011924,7663509.6390435705,2522264.578816045
2004,2026-09-21T04:19:15.927459Z,11.563447774388036,123.5068171250287,11.404192347781416,123.36743054683993,13,-0.15925542660662018,-0.13938657818877687,-17708.39547927104,-15188.803716021304,23329.956222529283,2521017.605451477
2005,2026-09-21T04:19:29.156035Z,-56.54473726169854,-95.352989248459,-57.48916204792299,-71.11032134319666,19,-0.9444247862244453,24.24266790526235,-105015.24482553026,1467493.7134872305,1463400.7053810004,2520490.1157257566
2006,2026-09-21T04:19:46.140937Z,66.72143700655116,-66.25281597871593,66.70312798103018,-66.71844814651472,33,-0.018309025520977684,-0.4656321677987876,-2035.8707497384673,-20469.54363301611,20570.48806679737,2519243.894575378
2007,2026-09-21T04:19:56.514085Z,11.550904922092919,-54.34368564162094,11.657474771087344,-54.186634716645926,15,0.10656984899442534,0.15705092497501028,11850.026541456828,17106.326402956314,20809.83973000745,2517999.0345580163
2008,2026-09-21T04:20:11.196027Z,38.32712955393557,-68.50247286049813,37.846384417614416,-69.39274553659519,24,-0.4807451363211541,-0.8902726760970552,-53456.42016795913,-77915.80826945405,94489.7577011552,2516792.107627311
2009,2026-09-21T04:20:33.638908Z,45.94371928327805,-114.61587326496105,46.019470025518274,-114.68128712915885,48,0.07575074224022416,-0.06541386419780792,8423.098226672602,-5054.410041954811,9823.218795099125,2515544.238593546
2010,2026-09-21T04:20:41.358558Z,60.53673680276487,-144.79508290845948,60.4236007238697,-144.8433870863213,10,-0.11313607889517385,-0.04830417786180874,-12580.157993601868,-2646.5132359884833,12855.519575973625,2514299.119827866
2011,2026-09-21T04:21:03.801217Z,-28.846836241913078,151.38869698940152,-30.279963467202016,-179.99999999984712,45,-1.4331272252889384,28.611303010751385,-159356.4766883235,2767242.0280223195,2764568.129912224,2514423.569857744
2012,2026-09-21T04:21:19.738024Z,0.3746223864235507,31.974739441905342,0.3396251693897916,31.65066208812904,25,-0.03499721703375913,-0.3240773537763175,-3891.5129808325482,-36035.0575859865,36244.57487670582,2513191.8705560635
2013,2026-09-21T04:21:38.277834Z,10.07549219784907,-141.1318693892086,10.10636328663859,-140.31141637346906,35,0.03087108878952094,0.8204530157395311,3432.7084533884404,89818.96683769194,89884.51393529157,2511988.0417648954
2014,2026-09-21T04:21:52.508279Z,-7.21393382636638,-10.504334317321906,-6.690077857406561,-9.3724276129399,26,0.5238559689598183,1.1319067043820041,58250.126040801246,124936.9293622306,137848.44023811602,2510809.223690652
2015,2026-09-21T04:22:00.876726Z,15.99527875959807,92.15668060354659,16.032105136292653,92.05271754838388,9,0.03682637669458266,-0.10396305516269422,4094.906255139007,-11111.581360124577,11842.106640380609,2509569.0414985674
2016,2026-09-21T04:22:14.805273Z,-12.897761105923406,177.613760611683,-12.97024715281447,177.57481597320756,19,-0.07248604689106308,-0.03894463847544216,-8060.080666805805,-4220.576419843879,9098.25053980093,2508328.728606227
2017,2026-09-21T04:22:27.033249Z,-23.9348120274127,169.63771520061567,-23.976209676697938,169.52700567581994,16,-0.04139764928523704,-0.11070952479573748,-4603.208575529102,-11249.937400709821,12155.27068606988,2507091.161200218
2018,2026-09-21T04:22:40.763333Z,-45.429367457004,-159.99204288749962,-35.96465904387234,179.99999999999997,27,9.46470841313166,-20.007957112500435,1052427.5577103128,-1686760.2528299913,1979783.6135334326,2506829.8591448823
2019,2026-09-21T04:22:54.493277Z,-15.643561943434348,-63.13156163966386,-89.9999989457758,175.87540015297392,35,-74.35643700234145,-120.99303820736225,-8268058.55802611,-8130088.520348556,8268058.735613305,2509683.3652748815
2020,2026-09-21T04:23:03.915171Z,21.26410427519991,-86.7351742115029,56.25861008641356,179.99999999995882,16,34.994505811213656,-93.2648257885383,3891211.506640487,-8086564.040434117,8251872.575587725,2512526.0332007785
2021,2026-09-21T04:23:18.794935Z,53.47581633022122,71.46023177040954,53.48735184182623,71.29719903392335,27,0.011535511605011095,-0.16303273648617278,1282.6903667266647,-10787.876603252618,10863.863167570094,2511288.199370975
2022,2026-09-21T04:23:29.317617Z,23.794885089050506,-39.102683890335214,25.445469768446827,-39.11830466984416,26,1.6505846793963208,-0.015620779508935811,183536.6423461064,-1579.0442288749214,183543.43405109228,2510136.9902882255
2023,2026-09-21T04:23:48.760866Z,-41.812473878378775,131.0797699519036,-41.859272921174004,131.12646200732308,43,-0.04679904279522873,0.0466920554194985,-5203.816130651024,3868.284051199946,6484.08209555015,2508899.3961665286
2024,2026-09-21T04:23:58.636851Z,-25.166256305396125,-50.081414014057,-24.296976884383795,-51.56659713676956,16,0.8692794210123296,-1.4851831227125558,96659.46145309048,-149997.3243402216,178441.3684804488,2507747.984097514
2025,2026-09-21T04:24:10.861905Z,41.24860480047223,-8.322515394240412,41.17797204089953,-8.227297900378325,21,-0.0706327595726961,0.09521749386209422,-7854.004519388697,7964.727347466696,11185.805105123096,2506515.113885666
2026,2026-09-21T04:24:29.547249Z,-11.6058318361398,-119.86230702593015,-11.576918877561816,-119.92120700247418,42,0.02891295857798326,-0.058899976544012134,3214.9743081560136,-6415.807312105075,7176.255439856309,2505281.481675179
2027,2026-09-21T04:24:45.230381Z,10.517205727476197,-159.47174518919974,10.428519522398936,-159.51335165281264,30,-0.088686205077261,-0.041606463612907874,-9861.456067950328,-4549.356522875816,10860.246588658538,2504050.884124569
2028,2026-09-21T04:24:55.606229Z,-6.905431431887114,147.14412420221197,-14.378640271122782,-179.99898858430404,14,-7.473208839235668,32.856887213484015,-830982.908678278,3590679.0947035565,3681129.636785723,2504631.297710694
2029,2026-09-21T04:25:02.024188Z,-22.591852516631047,-82.08596588795596,-5.0981215277824345,-161.8501587946034,1,17.49373098884861,-79.76419290664744,1945214.1340446651,-8611688.926724602,8740603.463366568,2507704.719182185
2030,2026-09-21T04:25:20.308385Z,9.087723939469939,-38.04551093160575,9.117583901404098,-37.95348834206821,39,0.029859961934159074,0.09202258953752107,3320.276276878134,10103.58258995861,10635.159268636902,2506474.635655134
2031,2026-09-21T04:25:30.180666Z,12.994739865590878,-57.695146207700134,13.097330859377555,-57.71320012858971,20,0.10259099378667713,-0.018053920889570918,11407.598028501945,-1955.6887310860175,11574.023069128094,2505246.2257030974
2032,2026-09-21T04:25:45.159257Z,40.60325249896658,-126.25259205174711,40.55118112725274,-126.22034656584897,30,-0.05207137171384346,0.03224548589815868,-5790.072358002374,2723.3210521655533,6398.547784268826,2504016.477830106
2033,2026-09-21T04:25:55.782233Z,8.826288086377815,-46.98409846997586,8.931008889231675,-46.92557409411371,21,0.1047208028538602,0.05852437586213455,11644.421991494282,6429.63587877365,13301.60774542509,2502791.3352476736
2034,2026-09-21T04:26:07.507429Z,-28.146360335696915,3.0346892605589346,-23.803571258088233,8.15381314882763,25,4.342789077608682,5.119123888268689,482896.11291748827,511721.0690946595,703419.4702360089,2501906.6883130562
2035,2026-09-21T04:26:18.231975Z,23.92281544187095,160.27863263529883,23.86857879759318,160.3316184575519,14,-0.05423664427776842,0.052985822253077686,-6030.839681913486,5386.739210109775,8086.28362133285,2500681.2237407262
2036,2026-09-21T04:26:27.904441Z,-26.370680834054625,-67.85766628329108,83.77856050064358,179.99952940893652,12,110.1492413346982,-112.1428043077724,12248036.810165564,-10937347.281182973,13183838.894622007,2505928.3542274064
2037,2026-09-21T04:26:39.278067Z,45.215881580109006,167.43597580487346,45.25640840760756,167.5648828014513,17,0.040526827498553075,0.12890699657782534,4506.3776108382945,10093.670397259606,11053.939677425722,2504703.575427922
2038,2026-09-21T04:26:55.210393Z,-0.4549000530591235,45.5163879845625,-0.5383580725586034,45.57386918927985,25,-0.08345801949947984,0.05748120471736229,-9280.108356144814,6391.378239247669,11268.101866523333,2503480.1036548303
2039,2026-09-21T04:27:15.451860Z,-44.60813311381177,171.27608450562633,-44.653669801989636,171.30203380010454,40,-0.04553668817786871,0.025949294478209595,-5063.448701574257,2053.4082468301613,5463.972664207425,2502254.985395394
2040,2026-09-21T04:27:30.636324Z,28.12488203458435,-35.41751562002017,27.8072114325246,-35.475063314375156,27,-0.3176706020597493,-0.057547694354980194,-35323.35929316663,-5651.7711934925865,35772.64426565422,2501045.9254242517
2041,2026-09-21T04:27:43.063051Z,53.387242474256695,55.180614430915284,53.45785546451083,55.06622804445599,18,0.07061299025413348,-0.11438638645930155,7851.8062714613125,-7579.4757566744765,10913.26052460977,2499825.8702234193
2042,2026-09-21T04:27:47.724180Z,-27.55302258151096,-88.34539422139552,53.45785546451083,55.06622804445599,0,81.01087804602179,143.41162226585152,9007998.641738687,15540907.130536713,15867745.209894367,2506372.3537394186
2043,2026-09-21T04:28:05.660244Z,-72.76235006816509,-88.13046905795717,-72.59178189741718,-86.16120246213183,30,0.17056817074791297,1.9692665958253315,18966.315234210753,65200.584747920795,67899.60264300538,2505178.7792161214
2044,2026-09-21T04:28:16.436218Z,30.660158341832503,93.17090418980075,-89.99996502611634,-139.15038230714356,18,-120.66012336794884,127.67871350305569,-13416793.566822477,12335850.441922091,13416799.832775911,2510517.145680681
2045,2026-09-21T04:28:37.125971Z,-18.979341999744243,162.22193463607948,-19.902229251823947,-179.62943915203869,37,-0.922887252079704,18.148626211881833,-102620.38029620108,1902978.8477256969,1904827.706533844,2510220.9650258413
2046,2026-09-21T04:28:48.000244Z,26.262394553391125,79.931243574738,89.99371109020485,-179.1267785932773,17,63.73131653681373,100.94197783198467,7086599.067272156,5926650.213296035,7087431.116921593,2512458.115637716
2047,2026-09-21T04:29:08.737763Z,-10.235582069169135,-127.52532352509292,-10.060588051803041,-126.6749762873596,43,0.1749940173660942,0.850347237733331,19458.446924259482,93075.05894041694,95087.25169794085,2511277.1821428747
2048,2026-09-21T04:29:21.168210Z,81.85124880349608,118.06503120892171,88.8840931084497,-170.8518234757707,20,7.032844304953628,71.0831453153076,782016.6065919213,638344.5245321405,873739.4818196547,2510477.603187639
2049,2026-09-21T04:29:31.643806Z,0.3311534645377835,-101.23483866642891,0.3440637744589659,-101.29168344817688,18,0.012910309921182417,-0.056844781747969364,1435.5609646443977,-6320.741606406464,6481.713474768821,2509255.545652396
2050,2026-09-21T04:29:47.073280Z,67.26499310471122,85.7580332775533,89.99999817998267,-109.99093852006467,27,22.735005075271445,164.25102820238203,2528017.2216084786,3599835.461373414,2528017.6187646673,2509264.6978831827
2051,2026-09-21T04:30:06.263242Z,52.97923002983078,-94.8361415557866,52.968642802966215,-94.85790032052783,40,-0.01058722686456548,-0.021758764741235836,-1177.24591457466,-1456.9487631772463,1873.127755321635,2508042.1763960407
2052,2026-09-21T04:30:19.743474Z,58.33844296243313,-3.949942637551743,58.277514662453775,-3.9151911435348303,27,-0.06092829997935212,0.03475149401691624,-6774.917846781728,2030.064356145448,7072.529221194783,2506823.3802716867
2053,2026-09-21T04:30:33.424098Z,12.995583928380483,92.99435692390404,12.989546330448793,92.89873179405366,28,-0.006037597931690897,-0.09562512985036165,-671.3502591237087,-10360.815741284703,10382.543648865438,2505607.383760911
2054,2026-09-21T04:30:47.351989Z,9.291885766614543,-21.6644026879338,9.381632566975163,-21.804883637318216,38,0.08974680036062033,-0.14048094938442546,9979.388882683033,-15413.822313371009,18362.300104578026,2504396.4562615645
2055,2026-09-21T04:31:00.732054Z,47.58038969496145,92.80304331564639,47.58560845979934,92.61889378316266,24,0.005218764837891854,-0.18414953248372967,580.3001733245871,-13811.834748662295,13824.016685033339,2503184.4988700435
2056,2026-09-21T04:31:16.465716Z,-6.473544588490065,-15.869236344086573,-6.231086730338827,-15.402531436240302,35,0.242457858151238,0.46670490784626395,26960.083751523733,51576.59925115284,58197.829932978704,2501995.3030193932
2057,2026-09-21T04:31:22.882486Z,51.67027912374117,151.1954627646747,-26.3685236984421,53.356885116481735,1,-78.03880282218327,-97.83857764819295,-8677518.955241852,-10615036.661255604,12798486.649585508,2507000.8894785894
2058,2026-09-21T04:31:37.611771Z,-60.381889899695054,19.41298528964745,-60.46106074387123,19.43295428206974,24,-0.07917084417617559,0.01996899242229233,-8803.396210557636,1096.049816057115,8871.3644981465,2505787.0267356443
2059,2026-09-21T04:31:47.532531Z,10.9596163982401,-48.93717930351352,11.056760781861875,-48.85868902739242,15,0.09714438362177624,0.07849027612110149,10801.96261075428,8567.129595466038,13786.880929080175,2504576.7304045097
2060,2026-09-21T04:32:04.215562Z,-17.19206468714159,-161.13691564590394,-17.235666541765998,-161.1541040188174,29,-0.04360185462440924,-0.01718837291346631,-4848.3050265279,-1825.6483675209174,5180.642178604091,2503363.431332555
2061,2026-09-21T04:32:15.391454Z,24.03544253233281,-79.39720410171194,24.025738790549486,-79.49122105197954,21,-0.009703741783322783,-0.09401695026758716,-1079.0068557743164,-9548.122534327542,9608.89671009118,2502153.458244432
2062,2026-09-21T04:32:26.064159Z,-1.0465925824437936,-26.173347719954194,-0.4190463086699888,-27.20391043046506,25,0.6275462737738048,-1.0305627105108783,69779.9618783444,-114583.97213667548,134158.85499289373,2501005.0612496445
2063,2026-09-21T04:32:39.494923Z,-53.70035111988812,-65.99076127165601,-53.38223689643559,-68.43477801117382,22,0.3181142234525254,-2.4440167395177923,35372.68774139433,-161492.8978535584,165312.4007069353,2499872.878670613
2064,2026-09-21T04:32:53.824352Z,-20.17928137945308,-26.105743093758804,-20.142664945670465,-26.40733386305907,29,0.03661643378261559,-0.30159076930027595,4071.5616684432825,-31480.584805847746,31742.78681766759,2498677.079207506
2065,2026-09-21T04:33:12.260935Z,82.28387379998405,-77.0727300398008,82.4504098311316,-76.94676882236713,38,0.1665360311475439,0.1259612174336553,18517.961767127093,1860.377332968948,18611.166029982567,2497476.078765289
2066,2026-09-21T04:33:32.252477Z,-11.416319997128717,-145.5525231481165,-11.558937836744283,-144.14859837586636,34,-0.14261783961556596,1.40392477225015,-15858.3802142583,152982.08794682255,153801.64962599843,2496341.6768150763
2067,2026-09-21T04:33:52.243014Z,-29.88124590140401,162.40419547306374,-33.13120730037794,-179.74956542900338,34,-3.2499613989739267,17.84623909793288,-361379.2193565533,1691876.0425481533,1727728.2690545302,2495969.827077408
2068,2026-09-21T04:34:06.377675Z,10.457411286293807,140.3578959793228,16.777454065228973,-179.94957834140095,23,6.320042778935166,39.69252567927629,702756.693194169,4289538.378944861,4339256.937578649,2496861.1651385785
2069,2026-09-21T04:34:21.810992Z,76.27648744749725,39.351516616095466,89.99453313906965,-177.34862349506872,30,13.7180456915724,143.29985988883584,1525377.084381098,1904482.092743941,1526472.4022446931,2496392.15172007
2070,2026-09-21T04:34:35.241995Z,-25.259699760172495,71.57567169562807,89.99997457602761,-150.3611718719974,25,115.2596743362001,138.0631564323745,12816291.0328895,12966342.540763136,12816295.962872837,2501377.6124984045
2071,2026-09-21T04:34:44.464373Z,-11.749265789932803,46.4535043508034,89.99999891898587,-154.4605183953458,22,101.74926470891867,159.08597725385084,11314002.025446001,13722973.884058755,11314002.257933239,2505632.8634136315
2072,2026-09-21T04:34:53.383213Z,22.5021536827217,36.05298133659872,89.99999977326499,-151.69424154608853,26,67.49784609054329,172.25277711731275,7505418.044703676,10640890.129260559,7505418.094897122,2508045.887174
2073,2026-09-21T04:35:03.807972Z,-45.48093968595192,165.69093786072443,89.99999982430383,19.126953610210307,35,135.48093951025575,-146.56398425051412,15064793.130578786,-15082665.6819368,15064793.166418573,2514103.169990809
2074,2026-09-21T04:35:10.975424Z,46.8073974889531,110.9851138159658,89.99999999999999,18.276903510426084,20,43.192602511046886,-92.70821030553972,4802798.267803443,-3794260.431829042,4802798.267803443,2515206.6873957333
2075,2026-09-21T04:35:20.654950Z,-31.833467479480824,-6.102091083452535,89.99999999889303,-126.61040329143937,32,121.83346747837385,-120.50831220798683,13547263.479110012,-11710374.51953233,13547263.47929559,2520523.3412713474
2076,2026-09-21T04:35:28.078391Z,31.056499406363404,47.99885342839613,89.9999999948248,-106.41761149421649,26,58.943500588461404,-154.41646492261262,6554218.22410747,-8447704.475611957,6554218.225201962,2522466.354221218
2077,2026-09-21T04:35:36.998901Z,-28.737116834018103,10.579901423632407,89.99999999971281,-113.8072315269095,26,118.73711683373091,-124.38713295054191,13202964.996313108,-11901245.303502113,13202964.996363077,2527608.626075884
2078,2026-09-21T04:35:44.666924Z,30.788019164963465,71.01908056723931,89.99999999293696,-86.05666731161394,19,59.2119808279735,-157.07574787885324,6584071.8646455305,-8628789.367310999,6584071.86615425,2529560.725806432
2079,2026-09-21T04:35:50.886182Z,-55.71345553398503,-42.97749216698881,89.99999999677834,-104.8735725682574,10,145.71345553076338,-61.89608040126859,16202596.998868404,-6576743.920351573,16202596.999057885,2536137.4628306027
2080,2026-09-21T04:36:10.073947Z,-37.779515501334906,156.46032505624612,-37.82760014824288,156.47432538819157,36,-0.04808464690797365,0.014000331945453581,-5346.7687856616385,1230.0271148694947,5486.428975087824,2534920.8036797107
2081,2026-09-21T04:36:23.454164Z,54.83951445909755,75.01562875927488,54.82541173246018,74.84733807121474,23,-0.014102726637368335,-0.16829068806015357,-1568.1516539304366,-10778.153103129549,10891.630914669853,2533707.9112372478
2082,2026-09-21T04:36:38.786351Z,23.217975635388107,-48.68380372985817,23.197115864791186,-49.119991349930366,38,-0.020859770596921123,-0.4361876200721895,-2319.5006613469677,-44577.248005566384,44637.53575963152,2532512.3923249147
2083,2026-09-21T04:36:53.817895Z,60.38913660991117,-73.22496847082019,60.390521197746224,-73.21777665007545,26,0.0013845878350551288,0.007191820744736788,153.95914275190344,395.1257653705945,424.06106619619936,2531296.795430408
2084,2026-09-21T04:37:06.546512Z,20.907531920596696,-179.51510884727625,20.7716066197558,-179.50034507789664,21,-0.1359253008408956,0.014763769379612768,-15114.203856142964,1534.2594485009238,15191.876404013068,2530089.4514193586
2085,2026-09-21T04:37:22.028480Z,29.951716462037034,-40.57565328354946,31.270174733076757,-40.24480727360365,30,1.3184582710397237,0.3308460099458159,146605.87073217382,31661.742010632035,149985.51871488302,2528947.9147609873
2086,2026-09-21T04:37:35.206561Z,56.74066886778052,30.004468985332835,56.65208587568891,29.88785200968873,24,-0.08858299209160947,-0.11661697564409224,-9849.979307582042,-7119.982742311198,12153.853467101657,2527741.39795308
2087,2026-09-21T04:37:54.896453Z,-69.15029451598637,122.42203501274611,-69.12639437327354,122.47357459860031,38,0.023900142712832917,0.0515395858541865,2657.574615747941,2040.8607723098337,3350.7930370367885,2526531.8193211127
2088,2026-09-21T04:38:09.878898Z,-18.71968033003927,12.99185484287247,-18.453254567938927,13.46522358685378,39,0.26642576210034363,0.4733687439812968,29625.19307296837,49890.894117491545,58023.66702875454,2525349.5836159918
2089,2026-09-21T04:38:25.062082Z,18.94821714098592,-85.43293901119002,18.9971441975857,-85.49174913922691,33,0.04892705659977992,-0.058810128036896,5440.440469546701,-6184.127145248488,8236.614446990541,2524144.6468188786
2090,2026-09-21T04:38:46.253585Z,-23.681864284261913,146.88274917124988,-21.991713132065556,-179.78026796757624,40,1.690151152196357,33.33698286117385,187936.23338669035,3416334.570465376,3413851.6418070057,2524570.343945667
2091,2026-09-21T04:39:02.187753Z,-66.20525438618468,-34.17782179821461,-66.32617807750715,-34.166317194208766,27,-0.12092369132247427,0.011504604005835972,-13446.100986191788,514.8939507958335,13455.955777466728,2523369.428408523
2092,2026-09-21T04:39:15.866222Z,-4.385393690765841,83.01743734441129,-4.51069302702559,83.04010909746984,27,-0.12529933625974898,0.022671753058546074,-13932.650504014688,2513.3908953828995,14157.537967322894,2522169.9963385225
2093,2026-09-21T04:39:25.037816Z,-37.55586765166391,-74.08602718813368,-86.51092783971613,51.593649593144576,10,-48.95506018805222,125.67967678127826,-5443554.326490425,6553644.459688706,6063547.503815542,2523862.0066144313
2094,2026-09-21T04:39:38.718196Z,-1.2349100242968039,75.23599199463894,-1.3389470477204275,75.16638537871107,30,-0.10403702342362364,-0.069606615927853,-11568.389187908071,-7737.9502328279195,13917.73996483156,2522663.3703839392
2095,2026-09-21T04:39:57.153898Z,-68.78771609492576,170.7369839284379,-68.7505039384111,170.6646691104944,34,0.0372121565146557,-0.07231481794349293,4137.803013932979,-2911.8793203387613,5059.688504044057,2521461.6502493904
2096,2026-09-21T04:40:09.884480Z,33.32426376551613,-110.75859743743554,52.15810036614596,179.98966325312364,22,18.83383660062983,-69.25173930944084,2094227.0792426395,-5655412.335290467,5783879.478147662,2523018.1473046853
2097,2026-09-21T04:40:24.112347Z,43.77430609226036,-176.83626799059576,43.48497556285145,174.26148085994475,22,-0.28933052940890747,-8.902251149459516,-32172.08699365481,-716493.7332539092,716869.6729786742,2522156.8461724366
2098,2026-09-21T04:40:31.679555Z,53.42577641507806,-67.14059575694597,89.99999999999999,170.0787864290653,25,36.574223584921924,-122.78061781398873,4066868.1086070836,-4283891.860221709,4066868.108607086,2522893.124181223
2099,2026-09-21T04:40:41.100245Z,5.386451603994479,71.03367967502379,89.99999999987685,156.58617576736262,31,84.61354839588238,85.55249609233886,9408597.307015961,6403202.264311486,9408597.307028592,2526173.593062999
2100,2026-09-21T04:40:54.283472Z,32.62347476375009,-24.58413149154623,89.99999999889464,110.86208468828627,36,57.37652523514455,135.4462161798325,6379978.514641571,7229907.044864674,6379978.514852067,2528008.7382638515
2101,2026-09-21T04:41:09.216787Z,1.028606820833447,-178.81305946381426,89.95308335097812,-63.45032465846612,28,88.92447653014467,115.36273480534817,9887950.644675223,8992551.207067022,9895402.212421814,2531515.351054978
2102,2026-09-21T04:41:19.888495Z,42.78944917886192,-144.7405521250961,89.99999304824922,-59.983345082886274,19,47.2105438693873,84.75720704220981,5249572.962406243,3773913.732928176,5249573.664771832,2532808.4330310565
2103,2026-09-21T04:41:27.056106Z,-45.09467689114132,-90.8037232541719,89.9999983206932,87.73390872636588,12,135.0946752118345,178.53763198053775,15021842.500250423,18347569.67563844,15021842.873650402,2538747.108466444
2104,2026-09-21T04:41:43.237821Z,20.04270610937701,76.80123343453619,20.006945461747808,76.6962435805896,34,-0.03576064762920339,-0.10498985394659144,-3976.402589891184,-10968.559209904664,11667.093009350378,2537546.0248089074
2105,2026-09-21T04:41:56.016865Z,-37.63979276082779,4.025746804122804,-38.540665833823006,3.783358987316995,27,-0.9008730729952177,-0.24238781680580246,-100172.51526776144,-21212.540970406073,102393.74051851088,2536389.182868627
2106,2026-09-21T04:42:10.901475Z,-32.940171616792526,126.58951958259274,-32.99001325775364,126.63305395120946,33,-0.04984164096111243,0.043534368616718666,-5542.137610515331,4061.4427934064397,6870.99732719187,2535188.0821157577
2107,2026-09-21T04:42:15.866230Z,-4.3014050661944045,-79.01044705718019,-32.99001325775364,126.63305395120946,0,-28.688608191559233,-154.35649899161035,-3190027.6833949154,-16262801.74784038,15066291.048482977,2541135.4494467345
2108,2026-09-21T04:42:29.799980Z,4.8191764067215095,-84.96527626511818,87.37204208858361,179.99999999996874,25,82.5528656818621,-95.03472373491309,9179459.843792766,-7328023.500471839,9497871.55357106,2544435.6088889185
2109,2026-09-21T04:42:45.532460Z,-53.12587906193267,-137.9128760779452,-34.25776634345956,179.99609559994437,26,18.868112718473114,-42.091028322110446,2098038.4096518834,-3384170.9591963035,3900736.602671904,2545078.710355861
2110,2026-09-21T04:43:00.712865Z,-36.17554284105865,53.147904861316164,-36.21356328043705,53.14786048291686,35,-0.03802043937839983,-4.437839930915288e-05,-4227.679967675062,-3.982346057392091,4227.681843298954,2543874.515555619
2111,2026-09-21T04:43:12.838845Z,-4.544621480571759,103.3969944716755,-4.67703434060037,103.39488651499252,29,-0.1324128600286114,-0.002107956682976919,-14723.638257677669,-233.6355201867676,14725.491810954052,2542676.434540107
2112,2026-09-21T04:43:28.821608Z,42.829904541297495,-119.01722309222106,64.10166472187629,179.99999996152613,31,21.271760180578795,-60.982776946252784,2365311.8128801044,-4036733.108920519,4439028.817536121,2543574.328660844
2113,2026-09-21T04:43:45.507020Z,-7.8728616556991895,52.87388610754428,-7.9715671531683565,52.87302138868504,34,-0.09870549746916701,-0.0008647188592476596,-10975.550550498705,-95.23468166445896,10975.963717540699,2542375.7492169524
2114,2026-09-21T04:43:59.686640Z,-29.44636146208248,28.87597360807888,-29.4630853179526,28.906937299841097,34,-0.01672385587012215,0.030963691762224244,-1859.6079266924055,2997.978217435255,3527.890992572575,2541174.780504452
2115,2026-09-21T04:44:17.625406Z,-73.9882279526098,-133.28964004752964,-74.13950510944854,-130.1230199804339,35,-0.15127715683873078,3.1666200670957494,-16821.252357680074,96677.89590139037,98118.11906168213,2540019.670971855
2116,2026-09-21T04:44:34.360479Z,-42.991272104174755,-155.47537741485985,-45.55905886804658,-150.52248995181196,31,-2.5677867638718226,4.952887463047887,-285524.8608475962,394324.40735255746,486691.61293600104,2539049.289091876
2117,2026-09-21T04:44:53.054507Z,-44.04394118210628,137.77433004143836,-60.85448770468319,-179.99151888750237,39,-16.810546522576907,42.23415107105927,-1869247.487432881,2862180.9271058,3331238.1729712547,2539423.4926270107
2118,2026-09-21T04:45:06.538561Z,-7.955534232713533,10.214713574048062,-89.99999999999999,-128.940707284285,30,-82.04446576728645,-139.15542085833306,-9122928.352585427,-10155979.263525145,9122928.352585431,2542531.8518621186
2119,2026-09-21T04:45:24.475280Z,-6.712193794626481,166.8031255744125,-5.927164375081168,-179.93679344451576,31,0.7850294195453129,13.260080981071724,87291.2887201616,1465493.7818032936,1468039.5639490653,2542024.7766908524
2120,2026-09-21T04:45:42.715462Z,-4.929501007114043,-143.3698755459061,-4.942230607482685,-142.24666916685177,37,-0.012729600368642124,1.1232063790543236,-1415.4669792057089,124431.69485797241,124439.73037553704,2540884.406385986
2121,2026-09-21T04:46:02.407486Z,-54.575191420628705,135.64512076514774,-71.69479750381412,-179.9999816863372,40,-17.11960608318541,44.354897548515055,-1903613.3426035433,2228739.084541,2817260.4546109857,2541014.7109820377
2122,2026-09-21T04:46:17.090427Z,7.39036317116001,-85.00383278994212,7.463582233586247,-85.0671797691327,30,0.07321906242623655,-0.06334697919055543,8141.588275468739,-6984.767657167832,10727.181913765411,2539822.304040912
2123,2026-09-21T04:46:32.521892Z,1.7488153402347903,122.8832096912949,0.633859246434309,-179.96678817306662,27,-1.1149560938004814,57.15000213563849,-123977.46106204829,6353416.633506267,6354397.648789492,2541619.0894129085
2124,2026-09-21T04:46:45.348998Z,-44.34039361061283,-5.200260496589351,-85.08949706048753,-81.03334759609004,18,-40.7491034498747,-75.83308709950069,-4531093.568940353,-3601601.626257129,4965533.445272786,2542760.2920286614
2125,2026-09-21T04:46:59.628989Z,6.733431543849249,-42.11971921579527,7.216430728958351,-42.49707544512674,34,0.48299918510910267,-0.3773562293314683,53707.05895758831,-41649.56744015845,67964.1363022401,2541595.6820730255
2126,2026-09-21T04:47:09.104453Z,10.539404448871224,161.3877147301763,15.970647727171277,-179.97458683902732,9,5.4312432783000535,18.637698430796377,603926.6979193272,2017206.5434315824,2104372.0840055016,2541390.026570642
2127,2026-09-21T04:47:27.291000Z,45.91584936608247,-112.26175958965074,45.87826111128092,-112.25664835598513,39,-0.03758825480154826,0.005111233665616055,-4179.623235355141,395.53831854601043,4198.297384342461,2540197.1766744563
2128,2026-09-21T04:47:34.713519Z,6.577763120000807,-68.18387042913473,6.715808925453896,-68.21436879899275,7,0.1380458054530891,-0.030498369858037222,15349.993210945267,-3368.4698900904705,15715.243404427838,2539010.859976491
2129,2026-09-21T04:47:38.575438Z,20.807513963555916,109.92713449625501,6.715808925453896,-68.21436879899275,0,-14.09170503810202,-178.14150329524776,-1566926.108008513,-19239804.08916677,16947907.00217057,2545778.777375361
2130,2026-09-21T04:47:54.807466Z,-21.18970995385178,-109.75554771638633,-21.23426167476723,-109.80534915612581,30,-0.04455172091545023,-0.0498014397394968,-4953.925339082341,-5162.480124615487,7154.898680829808,2544586.9351787907
2131,2026-09-21T04:48:00.923450Z,45.235045113002386,145.79266725162182,-18.426208512282088,-177.881839072564,1,-63.66125362528447,36.32549367581419,-7078808.426964155,3929174.4468290033,7973681.769079106,2547134.6099014096
2132,2026-09-21T04:48:12.548932Z,-11.113408090045272,-52.326204405944964,-11.06577799178706,-52.20628064915084,23,0.04763009825821207,0.11992375679412248,5296.225281895016,13085.91872607523,14117.055565204295,2545946.515363728
2133,2026-09-21T04:48:26.780622Z,21.72280712797593,8.785357584717588,21.657769109830518,8.883790814144762,27,-0.06503801814541177,0.09843322942717236,-7231.897656786542,10170.298015477143,12479.394439995238,2544758.767065123
2134,2026-09-21T04:48:33.251428Z,-52.330663488279036,-136.96437536145095,3.5092926772817457,-69.63490945180213,1,55.83995616556078,67.32946590964883,6209119.8296649065,6817433.921316502,8811408.593621656,2547695.3414918133
2135,2026-09-21T04:48:50.133517Z,66.49767439391408,45.96398663465382,66.48032762125474,45.77665714937478,30,-0.017346772659337262,-0.1873294852790366,-1928.873113374844,-8309.645261416212,8530.574145286366,2546506.0371511355
2136,2026-09-21T04:49:04.815847Z,-31.918286452833428,-177.97753802141392,-31.039883708392907,179.99998940993694,26,0.8784027444405211,-2.022472568649164,97673.92873244282,-191792.0088843297,215224.99526679702,2545414.6134423884
2137,2026-09-21T04:49:23.754884Z,-54.98868751611101,110.18893249140308,-54.9975709706583,110.25894736652663,37,-0.008883454547294889,0.07001487512354743,-987.795076736727,4466.2287228005525,4574.159613345001,2544225.638031144
2138,2026-09-21T04:49:32.727519Z,10.863115418976227,-71.9710106400378,28.759720432844325,179.99999999999844,14,17.896605013868097,-108.02898935996376,1990011.681703705,-11301307.954894414,11133295.200915879,2548242.9764609314
2139,2026-09-21T04:49:47.207611Z,-47.40051966451217,22.20071990169265,-47.422856013440644,22.261809476980314,33,-0.022336348928476468,0.06108957528766723,-2483.688680609209,4596.897408816144,5224.956741098306,2547054.0947312824
2140,2026-09-21T04:49:58.434469Z,24.470353004472837,-125.04404214940793,24.380321759734894,-125.09686921109785,17,-0.09003124473794344,-0.052827061689924903,-10011.017654353936,-5348.374406292803,11350.135390888034,2545869.1863390673
2141,2026-09-21T04:50:13.329905Z,-39.44447814093708,102.95109400564075,-39.61532988220474,103.4696137351937,31,-0.17085174126766134,0.5185197295529633,-18997.846837352732,44470.22876418375,48358.13792838665,2544702.6702024904
2142,2026-09-21T04:50:24.206226Z,-58.71621618324684,-22.389886419237797,-58.86082367763029,-22.355845001616974,23,-0.14460749438345033,0.03404141762081281,-16079.619730221199,1961.5015902627913,16198.816016668816,2543522.229560947
2143,2026-09-21T04:50:35.382065Z,9.938347801782218,101.58722391093323,10.033716270045435,101.51274488041685,24,0.09536846826321721,-0.07447903051638605,10604.489832732366,-8156.223197558163,13378.309474361207,2542341.5744419144
2144,2026-09-21T04:50:51.313222Z,-28.77238052525687,166.82206332266605,-28.825480700020368,166.86446154164702,36,-0.05310017476349671,0.04239821898096352,-5904.470037640266,4131.36118294334,7206.310369345756,2541159.141949343
2145,2026-09-21T04:51:03.188390Z,-9.971660848629954,103.52000555431596,-10.102046361712583,103.5347715472665,32,-0.13038551308262925,0.014765992950543705,-14498.207562736112,1616.7755751325,14588.076794355642,2539981.2533408795
2146,2026-09-21T04:51:16.617005Z,-21.026659548790356,157.22930445108835,-21.102384391220305,157.2640918196077,32,-0.07572484242994904,0.03478736851934627,-8420.218299168951,3609.6927450761773,9161.329331873978,2538801.9337117975
2147,2026-09-21T04:51:29.344478Z,-23.736130317691206,97.50158178015744,-23.78674720729742,97.51753681490447,31,-0.050616889606214244,0.01595503474703719,-5628.34132673872,1623.7287291059251,5857.876816907104,2537622.1740206494
2148,2026-09-21T04:51:46.528479Z,-44.627829206584956,91.1572413073672,-44.65498724602527,91.18389808596615,31,-0.027158039440315918,0.026656778598947994,-3019.8362033759613,2109.0106723994213,3683.386532115288,2536442.500469677
2149,2026-09-21T04:51:59.406465Z,31.07890315742571,128.53705700772258,31.109619318018833,128.55524482520508,24,0.030716160593122765,0.018187817482498758,3415.4812239547714,1731.813206496766,3829.4501976729025,2535263.9927682937
2150,2026-09-21T04:52:13.083522Z,-55.79008048048234,-57.24932875974861,-55.91730343861224,-57.15863964569391,25,-0.1272229581298987,0.09068911405469748,-14146.547496757854,5660.325682543766,15236.92847368337,2534091.887156994
2151,2026-09-21T04:52:28.513245Z,-48.6596883949616,-147.73457113224896,-51.79422157659174,-139.73510869009772,31,-3.1345331816301396,7.999462442151241,-348544.1871962987,569055.7818358914,666758.028482323,2533223.7635592837
2152,2026-09-21T04:52:33.677426Z,-46.47099131605184,-89.76466130677284,-51.79422157659174,-139.73510869009772,0,-5.323230260539901,-49.97044738332488,-591916.1983328296,-3635650.60094551,3610232.458554671,2533724.232283724
2153,2026-09-21T04:52:42.847806Z,-21.18905545333643,-78.69955156353846,-21.13399559247665,-78.81664996973724,16,0.0550598608597781,-0.1170984061987781,6122.377189362636,-12142.7130435329,13598.858752495502,2532553.7142282054
2154,2026-09-21T04:52:52.269530Z,11.35932633093613,156.19491655058636,18.595703582633334,-179.78164890222118,9,7.2363772516972045,24.023434547192437,804648.4376748243,2580533.3705322985,2699850.4150381,2532631.3821487296
2155,2026-09-21T04:53:10.456226Z,-41.876626340266306,-129.43730409760235,-42.64231734868002,-127.17565919471987,32,-0.765691008413711,2.2616449028824945,-85140.95551296079,186124.6448745213,204664.45414729218,2531551.119073091
2156,2026-09-21T04:53:25.187463Z,58.41924553506674,-9.293847626915351,58.38034013894015,-9.313173583039095,28,-0.03890539612659438,-0.019325956123736887,-4326.0826683741625,-1126.0252258075657,4470.226349880067,2530379.0036311974
2157,2026-09-21T04:53:38.365512Z,-22.616731193303423,-22.760226929315877,-22.65773858773604,-22.66004477756816,30,-0.04100739443261858,0.10018215174773104,-4559.81421581951,10281.544019637984,11247.312668098277,2529211.1168945427
2158,2026-09-21T04:53:50.040848Z,24.34688838841537,-6.90012014471742,24.341268872169312,-6.7848000060609746,18,-0.005619516246056833,0.1153201386564433,-624.8616967581955,11682.874269568634,11699.572442297153,2528044.522110274
2159,2026-09-21T04:54:07.226060Z,-80.06894227713397,133.1754512101573,-80.05485705540053,133.6367793292064,32,0.014085221733438402,0.46132811904911364,1566.2051974220276,8853.108227933644,8990.554723064377,2526877.7532509
2160,2026-09-21T04:54:14.693572Z,47.92888744176212,9.664064077301106,76.48769467444549,-179.9996630283006,7,28.55880723268337,170.3362728943983,3175594.475294321,8831185.295150045,6163420.987022936,2528561.3380813506
2161,2026-09-21T04:54:35.485219Z,-61.359229175125776,-174.46233502242237,-61.34617371982076,-174.47868819417957,39,0.013055455305014618,-0.016353171757202745,1451.7003949524155,-871.7660114838203,1693.3428404092,2527392.0331321415
2162,2026-09-21T04:54:50.067726Z,-0.2888054667151309,3.577445530356698,-0.2774982109040533,3.6432468941527483,34,0.01130725581107761,0.06580136379605506,1257.3094804640355,7316.688472895619,7423.9313820350635,2526226.4604671323
2163,2026-09-21T04:55:03.500467Z,41.318024052681785,-94.4885155336165,41.31897097867419,-94.51724559569422,29,0.0009469259924017592,-0.028730062077727325,105.29336626293961,-2399.3354792108767,2401.6447243008656,2525059.643631375
2164,2026-09-21T04:55:17.779804Z,-0.4037066015104462,-139.5224928700203,-0.2627681647703877,-137.3748120574269,22,0.14093843674005846,2.147680812593393,15671.639134709581,238807.1713024805,239320.78128163225,2524003.387225483
2165,2026-09-21T04:55:35.215523Z,-63.114276127160984,-20.884858082257665,-63.22341335366912,-20.78949574065437,35,-0.10913722650813895,0.09536234160330537,-12135.505895763103,4786.165029298078,13045.220836911236,2522843.5913056727
2166,2026-09-21T04:55:47.843826Z,36.92917110081734,-179.60538312472687,36.88646039721432,-179.38309778590326,17,-0.04271070360302076,0.22228533882361035,-4749.213554075384,19763.782662229223,20326.384556036894,2521688.2278676536
2167,2026-09-21T04:56:04.027985Z,70.20162022594731,92.74886807987042,87.07468433637544,-179.86384348737485,29,16.873064110428132,87.38728843275476,1876199.1260279927,1914297.7759578817,2209705.0809599743,2521544.257795246
2168,2026-09-21T04:56:20.216665Z,-36.22699402222203,-156.4398676200943,-38.241715175870674,-153.0470600222444,32,-2.014721153648644,3.3928075978498953,-224026.77088920173,300364.4413678668,374662.1570004135,2520553.9985236614
2169,2026-09-21T04:56:35.897851Z,-10.569072769918165,128.5627679510884,-12.506949769673023,-179.96593351643185,28,-1.9378769997548577,51.47129853247975,-215482.09083391895,5607691.1448284695,5603356.322075279,2521975.299733229
2170,2026-09-21T04:56:49.577471Z,-28.127644052565778,81.76379636465123,-56.40811750952291,-179.9999603081999,23,-28.280473456957132,98.23624332714888,-3144645.1715197386,8083385.413677725,7913424.915312524,2524459.8387265834
2171,2026-09-21T04:57:04.309375Z,-44.923358215058606,22.346141454740803,-44.90371468416319,22.42756234924599,23,0.01964353089541504,0.08142089450518597,2184.2609769557985,6411.5087378579265,6773.362182792741,2523300.14896309
2172,2026-09-21T04:57:12.277424Z,40.47854294502563,-156.92334612888968,-89.99999999971702,-15.631648774206191,10,-130.47854294474266,141.2916973546835,-14508552.011429567,14266532.802225009,14508552.01148559,2528818.2207229994
2173,2026-09-21T04:57:30.964226Z,-37.81454196771019,121.36461186797203,-37.84274611288023,121.44277928151638,41,-0.028204145170036554,0.07816741354434953,-3136.1578532547005,6865.220854471525,7547.631286593291,2527657.948937709
2174,2026-09-21T04:57:46.247306Z,27.00796197448972,-55.066874477419915,27.055529841962745,-55.08252763607314,30,0.047567867473023995,-0.015653158653208266,5289.305534300995,-1550.4049733074878,5511.851627852187,2526497.8081385787
2175,2026-09-21T04:57:55.917080Z,30.99964518252872,153.51799496027456,32.5761592843124,-179.9999999884218,11,1.5765141017836832,26.482005051303645,175300.36990194907,2502976.5155005907,2502678.2922280068,2526486.8566370104
2176,2026-09-21T04:58:11.398118Z,-2.520945845459675,-29.480808800639494,-2.42279031122892,-29.599142432554945,44,0.09815553423075496,-0.11833363191544777,10914.397428546272,-13145.856146243701,17086.180451769695,2525333.6394144986
2177,2026-09-21T04:58:27.585790Z,-55.09225345534021,60.75263787828692,-55.09422081853797,60.94054970627086,28,-0.0019673631977568107,0.18791182798395312,-218.76080645777307,11956.920248221704,11958.917669506407,2524179.126450904
2178,2026-09-21T04:58:37.758855Z,-31.27344539746086,113.0775553457828,-31.31830273492148,113.08768548938788,16,-0.04485733746061982,0.010130143605067587,-4987.908348403837,962.5221450097051,5079.92898289687,2523022.515249128
2179,2026-09-21T04:58:51.740165Z,7.31019316241134,-120.70013768504741,26.226040578847893,179.99999997747554,27,18.915847416436552,-59.299862337477066,2103346.265890328,-6313474.825962244,6594212.595655831,2524890.890687589
2180,2026-09-21T04:59:05.922772Z,-34.294104209325994,8.44096567997903,-34.34715882682963,8.508971246788454,22,-0.053054617503633494,0.0680055668094326,-5899.404301471648,6245.31637287264,8591.096528981725,2523736.6247269656
2181,2026-09-21T04:59:15.194296Z,-12.436452477825174,67.07746992007253,-12.503710007790849,66.960476534383,17,-0.06725752996567458,-0.11699338568951134,-7478.696110827396,-12702.172576281495,14740.286965197234,2522586.2366766394
2182,2026-09-21T04:59:35.882899Z,-66.31042227928882,85.8451088190759,-66.32985447555538,85.90408597557416,40,-0.019432196266564006,0.05897715649825841,-2160.761638403253,2633.8469150834817,3406.763686055776,2521431.7089621616
2183,2026-09-21T04:59:52.315539Z,-18.350417795256252,31.830638259446744,-18.377592394813465,31.819019787107415,39,-0.02717459955721324,-0.011618472339335995,-3021.6776043595846,-1226.1232678471777,3260.968226560141,2520278.1722050677
2184,2026-09-21T05:00:06.797002Z,28.394652941352074,-22.662431085025418,28.58972847273779,-22.204988808623806,36,0.1950755313857151,0.45744227640162194,21691.409402582904,44704.56889578224,49689.13029416386,2519146.9501162805
2185,2026-09-21T05:00:19.730381Z,-13.990435657254398,90.23076288819482,-14.107694030966538,90.25919921509963,26,-0.11725837371213998,0.028436326904795806,-13038.536263381659,3067.3949194720467,13394.48900000451,2518000.152651239
2186,2026-09-21T05:00:30.158307Z,-9.139245913042044,72.84470993079896,-9.260908655803943,72.86936224925073,19,-0.12166274276189881,0.024652318451785504,-13528.279756785158,2705.949916606241,13796.250039716626,2516854.588194418
2187,2026-09-21T05:00:49.647036Z,-31.074837948878343,-136.25260170423945,-16.59347545876666,179.999999995185,40,14.481362490111682,-43.74739830057558,1610254.039801233,-4449639.954272669,4696601.9518215,2517851.2719455045
2188,2026-09-21T05:01:07.385062Z,-39.111153340991784,20.746188378616694,-39.11238850120665,20.82447614129743,38,-0.0012351602148683583,0.07828776268073057,-137.34354948656448,6754.512708577426,6755.90869912339,2516703.604960474
2189,2026-09-21T05:01:21.818474Z,-31.500041288421347,-46.251229910376225,-29.84787923897086,-46.74468366106538,24,1.6521620494504852,-0.49345375068915587,183712.03789357052,-47192.43688350439,189675.82389722444,2515640.549784109
2190,2026-09-21T05:01:30.440013Z,36.37238875938534,150.26049105276968,38.53218740880847,-179.7632404444734,8,2.1597986494231307,29.97626850275691,240158.65238962206,2646101.275611291,2645250.3002134045,2515699.732318552
2191,2026-09-21T05:01:45.369824Z,3.6685689358182154,-136.9849033971442,3.61636357613529,-137.05036860903655,32,-0.0522053596829255,-0.06546521189235932,-5804.971140395705,-7264.694432017113,9299.111323810555,2514555.779502032
2192,2026-09-21T05:02:02.359240Z,-71.24811727182504,3.900337483490034,-71.24991584210015,4.031488349727903,30,-0.0017985702751133203,0.1311508662378742,-199.99188980630947,4687.8887021932605,4692.151807789435,2513410.7687229747
2193,2026-09-21T05:02:19.197065Z,28.420539880029555,-56.23941112380025,28.461459069702627,-56.23877232463533,36,0.04091918967307251,0.0006387991649319247,4550.006294052083,62.4583256997586,4550.434959215367,2512266.7375630275
2194,2026-09-21T05:02:30.120940Z,11.809291738503052,151.02673550658085,20.539440030904753,-179.99978322905136,13,8.7301482924017,28.97348126436782,970748.1989697269,3094183.9524337733,3236785.8842683216,2512596.965068363
2195,2026-09-21T05:02:46.203635Z,-46.93694778728534,-7.9589804252201475,-46.97532256909701,-7.887244088902064,30,-0.03837478181166887,0.0717363363180823,-4267.081048549467,5444.572356464791,6917.466431575035,2511455.4254334485
2196,2026-09-21T05:02:51.417503Z,-39.843810273665376,-87.22398911905925,-46.97532256909701,-7.887244088902064,0,-7.131512295431634,79.3367450301572,-792987.9865552892,6408715.939485727,6179681.158077368,2513125.837880008
2197,2026-09-21T05:03:01.838444Z,-42.81191691394812,-77.36499880109834,-21.713096530883178,-113.52504888670694,11,21.09882038306494,-36.16005008560859,2346081.784781627,-3400045.942054758,4081901.01746103,2513839.891216185
2198,2026-09-21T05:03:12.570197Z,37.336467558305785,-167.82631769778547,37.276526701700064,-167.74790737480603,14,-0.05994085660572068,0.07841032297943684,-6665.119153285125,6934.99896295484,9618.628236897246,2512700.5730801616
2199,2026-09-21T05:03:26.199882Z,-51.58128173820402,-166.38103815905612,-57.84430922452631,-145.7560776383874,22,-6.263027486322294,20.624960520668708,-696416.8819144625,1324835.4266764796,1488409.1177224037,2512234.7743282933
2200,2026-09-21T05:03:46.141525Z,-44.5264433068692,123.02051675713034,-72.31272218692095,-179.99292860137498,43,-27.786278880051754,56.98655464149465,-3089693.241792606,3318452.529780442,4245110.847107587,2513022.445270466
2201,2026-09-21T05:04:01.084498Z,61.43076541168567,-51.219630922958885,61.838271997579895,-50.37698422614159,27,0.4075065858942253,0.8426466968172974,45312.664925682955,44515.39097941157,63519.56912836996,2511909.540737916
2202,2026-09-21T05:04:13.913234Z,-13.737031956972388,-14.514207267633509,-13.473171073802714,-14.173500515557217,28,0.2638608831696736,0.34070675207630075,29339.99154842034,36821.815344511204,47081.611600732744,2510790.182005338
2203,2026-09-21T05:04:31.698944Z,-49.82071087791372,114.1699478777727,-49.792945486978624,114.34752841250165,32,0.027765390935094558,0.1775805347289463,3087.3706082853355,12743.445228563442,13112.099800455258,2509656.4198254896
2204,2026-09-21T05:04:44.877836Z,3.545414007598659,-151.53571456099303,8.620365296857825,179.99999999999997,22,5.074951289259166,-28.46428543900697,564308.8363338818,-3147263.548149927,3196035.140979892,2509967.843927647
2205,2026-09-21T05:04:57.155439Z,-38.404130389237565,-154.99228311991988,-22.84208853196056,179.99999993320137,25,15.562041857277006,-25.00771694687876,1730420.102759469,-2392921.133929563,2936638.779679052,2510161.345485811
2206,2026-09-21T05:05:12.338575Z,-46.162698939045505,32.10455608091439,-46.21576757308374,32.10221334976841,39,-0.05306863403823314,-0.0023427311459727207,-5900.962869008267,-180.3384990910242,5903.71787484513,2509026.142572116
2207,2026-09-21T05:05:26.819471Z,35.778116634964874,-86.36757538019107,35.765563198935276,-86.48402414294614,25,-0.012553436029598686,-0.11644876275505567,-1395.8783984483866,-10505.790705254774,10598.117792056408,2507894.0954380967
2208,2026-09-21T05:05:39.348663Z,38.814064436346335,167.47780877098842,48.66677321666416,-179.20268384920914,18,9.852708780317826,13.319507379802417,1095571.2300776404,1070036.809111451,1527152.5690991776,2507449.9190221825
2209,2026-09-21T05:05:53.780216Z,19.23591131966406,46.94414402125042,19.156507431041256,46.80419004697247,21,-0.07940388862280301,-0.13995397427794387,-8829.309570705293,-14696.88597619451,17145.11901793819,2506322.574160252
2210,2026-09-21T05:06:03.703883Z,6.8540836078458565,-71.61021147347093,6.993303451290516,-71.51638256293475,13,0.13921984344465965,0.09382891053616049,15480.540279295881,10357.214794302541,18625.760928669053,2505196.9194936315
2211,2026-09-21T05:06:15.879193Z,-39.75972897565857,65.06520641529622,-39.94531399562967,64.97138549325302,17,-0.1855850199711,-0.09382092204319292,-20636.11268201543,-8008.924328052164,22135.759221867986,2504073.870574468
2212,2026-09-21T05:06:27.805295Z,39.461479892572854,-177.95637996822086,38.639434853825165,179.64754825204867,16,-0.8220450387476887,-2.396071779730505,-91407.2377820727,-206908.0568704137,226189.22655354798,2503044.0854731924
2213,2026-09-21T05:06:36.424901Z,15.732797276663664,83.13049089245715,15.871891552400882,83.0461665242296,10,0.139094275737218,-0.08432436822755562,15466.577787277982,-9022.076677994117,17905.66517505921,2501921.1128476625
2214,2026-09-21T05:06:50.661910Z,0.5519327757131799,36.36178167448841,0.44888004322598857,36.29209584773025,22,-0.10305273248719132,-0.06968582675816037,-11458.941029434574,-7748.414867558924,13832.759894048299,2500797.315036934
2215,2026-09-21T05:07:05.696368Z,6.72582231769611,-130.86760822773348,6.674359181505643,-130.90526784418043,26,-0.05146313619046694,-0.03765961644694471,-5722.439653597908,-4158.959211317519,7074.12581814672,2499671.4806399955
2216,2026-09-21T05:07:24.139902Z,-38.79814380346292,-152.56663102179175,-39.851628916066055,-150.4568720134747,32,-1.0534851126031342,2.1097590083170417,-117142.19981704021,181474.09964759278,215988.08640381772,2498640.937592055
2217,2026-09-21T05:07:33.412222Z,10.469196696254302,-63.658210662104935,10.595402904347281,-63.659638648281536,12,0.1262062080929791,-0.0014279861765942314,14033.490050986728,-156.10961443964476,14034.35831137255,2497520.230970819
2218,2026-09-21T05:07:43.637836Z,19.671641811631034,87.13739814292717,19.698642241935563,87.0117404355723,13,0.027000430304529033,-0.12565770735486126,3002.3108670836264,-13155.917739184591,13494.147983411005,2496400.2913481914
2219,2026-09-21T05:07:59.725045Z,-1.5206262355429807,-118.2463870681363,23.8815095684036,179.99999996712384,34,25.40213580394658,-61.75361296473989,2824588.6273349593,-6736368.340357564,7233071.778133406,2498534.888683381
2220,2026-09-21T05:08:12.656466Z,26.484167907334598,124.74967532189714,26.438367399359226,124.77107585075169,23,-0.04580050797537183,0.021400528854542245,-5092.7841246049975,2130.33015418213,5520.394575924721,2497411.909181531
2221,2026-09-21T05:08:19.121687Z,39.139205363377265,151.04016116551526,46.672922503856135,144.12798361348905,1,7.5337171404788705,-6.912177552026208,837711.1247964028,-562976.4185353797,1008405.8116205608,2496741.487705817
2222,2026-09-21T05:08:29.643926Z,32.40969245147351,176.12777809423926,32.3020034394611,176.126324129417,12,-0.10768901201240766,-0.0014539648222751111,-11974.471791144675,-136.5721764500188,11975.250587115293,2495623.2310734503
2223,2026-09-21T05:08:43.125611Z,0.538133721962894,161.89997925968345,0.4771852690622949,161.90560037016422,21,-0.06094845290059908,0.005621110480774405,-6777.158749381458,625.0144332509809,6805.918286259712,2494503.6551342746
2224,2026-09-21T05:08:48.090442Z,8.254523930863197,142.49488089630842,0.4771852690622949,161.90560037016422,0,-7.777338661800902,19.410719473855806,-864800.601988842,2152110.566585568,2317746.2501712996,2494424.177883842
2225,2026-09-21T05:09:00.718858Z,35.703394414718765,120.5960569535556,35.73858541355606,120.69158720119863,24,0.03519099883729382,0.09553024764301199,3913.0605342616377,8624.068699321568,9470.300514600905,2493307.34468053
2226,2026-09-21T05:09:04.980876Z,-16.68792615237316,-80.61526576540707,35.73858541355606,120.69158720119863,0,52.42651156592922,-158.69314703339433,5829562.10780361,-17402581.077636003,17028010.624692164,2499836.860978828
2227,2026-09-21T05:09:20.866858Z,-53.447954195367736,-76.46692244933834,-53.054419823359574,-78.6480094831897,24,0.3935343720081619,-2.1810870338513553,43759.02562756005,-145105.13413275642,151552.6036075607,2498782.4001537845
2228,2026-09-21T05:09:37.652513Z,7.3732578176290176,-162.6150296640195,6.838564914504798,-160.06612215266657,25,-0.5346929031242196,2.5489075113529225,-59455.13814026375,281248.64293964946,287462.8881827157,2497789.886907837
2229,2026-09-21T05:09:54.488505Z,-28.078823276842243,24.77251194992718,-28.12521049331267,24.795438378473094,32,-0.04638721647042843,0.02292642854592941,-5158.023132674556,2248.765991082511,5626.913060672572,2496671.823662504
2230,2026-09-21T05:10:11.476298Z,-12.45418002366948,100.10334909184564,-12.571714058769293,100.06355018536638,40,-0.11753403509981375,-0.03979890647926254,-13069.188411162782,-4320.319419610309,13764.767998997037,2495558.4124267804
2231,2026-09-21T05:10:16.994946Z,-0.5254220348442498,138.29009315341716,-12.571714058769293,100.06355018536638,0,-12.046292023925044,-38.22654296805078,-1339486.5579392782,-4222864.78476042,4421416.089298169,2496421.638637839
2232,2026-09-21T05:10:29.271943Z,1.6617063940008923,-96.8127974538796,0.036647045130595,179.999923855056,19,-1.6250593488702973,-83.18727869106442,-180698.3550906871,-9248987.442741422,9250204.582725365,2499447.527053649
2233,2026-09-21T05:10:47.561606Z,-44.29991365243187,93.02525782109763,-44.31508831318282,93.04350695962758,37,-0.015174660750950864,0.01824913852993859,-1687.3452890580456,1452.1064596535969,2226.1507672259404,2498329.2013141564
2234,2026-09-21T05:11:02.848334Z,74.9738520867033,-91.05866445398453,89.99999999999999,125.57541305089724,29,15.026147913296683,-143.36592249511824,1670831.4149693141,-2084397.9758467341,1670831.4149693171,2497958.7904876815
2235,2026-09-21T05:11:16.629263Z,-22.38086641749425,24.11450453459412,-22.42572255205786,24.223425256007953,22,-0.04485613456360937,0.10892072141382414,-4987.774592359,11197.31067584721,12257.962579571724,2496846.620094882
2236,2026-09-21T05:11:23.098310Z,-33.144939251188184,-63.29108692506615,48.617373960244166,175.62957297552958,2,81.76231321143234,-121.07934009940425,9091554.419834655,-13340868.537165252,14911834.099884275,2502398.9400768983
2237,2026-09-21T05:11:33.570162Z,24.73582847730822,1.4290693328723307,14.506720767666872,70.03530817190776,12,-10.22910770964135,68.60623883903543,-1137424.88141286,7185690.671736623,7206984.070082555,2504502.0179177593
2238,2026-09-21T05:11:46.548214Z,18.694435137308037,133.14352330574678,18.60356965188453,133.17271362668558,23,-0.0908654854235067,0.029190320938795367,-10103.780986189047,3075.394932064491,10561.460198497756,2503387.656631915
2239,2026-09-21T05:11:55.819474Z,20.453707854733082,-116.90974473487036,41.01231719833244,179.99999999916062,16,20.558609343599358,-63.090255265969006,2286013.0578756705,-6030071.012658676,6302685.9469885845,2505084.529472628
2240,2026-09-21T05:12:08.597254Z,-6.270776030595631,143.8127087068455,-6.340774813849595,143.84238633388534,20,-0.0699987832539648,0.029677627039831123,-7783.5095691329825,3280.036186498989,8446.399067498103,2503969.958878698
2241,2026-09-21T05:12:23.784375Z,-16.5946163852253,95.01612546865266,-16.676641325575577,94.98971549135176,42,-0.08202494035027641,-0.026409977300886567,-9120.757225273292,-2813.7409993658393,9544.912207457643,2502856.8731818344
2242,2026-09-21T05:12:35.263060Z,50.016105262755765,-127.06574010400445,57.7952262500993,176.89376150127578,18,7.779120987343532,-56.04049839471975,864998.7875468113,-3671031.537719038,3658087.3094963185,2503372.1409946415
2243,2026-09-21T05:12:42.980042Z,35.32302704830444,2.2571726361352376,89.95789606860211,112.81112101945779,9,54.63486902029767,110.55394838332256,6075120.252947074,5649544.8220908865,6081446.77441465,2504967.359288632
2244,2026-09-21T05:12:59.413056Z,-31.097424497838563,-120.73390131659798,89.99998558958129,-39.45895678012107,32,121.09741008741985,81.27494453647694,13465417.631516697,7869500.289627139,13465418.990814291,2509851.6960228235
2245,2026-09-21T05:13:12.140522Z,26.237541985513122,-40.195482444778975,26.347727958328374,-40.13951721417612,36,0.11018597281525189,0.05596523060285108,12252.121164451277,5579.234004330769,13462.626341057672,2508739.718708934
2246,2026-09-21T05:13:26.073275Z,24.1485477338538,63.138727906145846,24.133395130113463,63.02363921343493,34,-0.015152603740336446,-0.11508869271091271,-1684.8926613807773,-11678.053729023639,11798.974245017533,2507627.9908618885
2247,2026-09-21T05:13:39.504222Z,6.559443536754378,154.3023569341347,6.491649714661554,154.3662151784996,22,-0.06779382209282403,0.06385824436489429,-7538.329074565832,7054.709286887238,10324.501065814706,2506516.596340395
2248,2026-09-21T05:13:53.682980Z,-11.715597340020619,-176.88453454949519,-11.007207415311479,179.999999321433,22,0.7083899247091399,-3.1154661290718195,78769.3657137773,-339635.5388675045,348646.18376858527,2505556.6895732367
2249,2026-09-21T05:14:04.408446Z,-18.883580855885796,-91.77307625052879,27.830536738078568,179.99999606795177,16,46.71411759396436,-88.22692768151944,5194372.879126158,-9780499.854019305,10807338.90183789,2509248.01114383
2250,2026-09-21T05:14:19.088831Z,23.053453758211216,-137.64054807933667,31.91786572331414,179.98576349912062,27,8.864411965102924,-42.37368842154274,985677.6382067684,-4179908.090288759,4266476.665828702,2510029.0016570236
2251,2026-09-21T05:14:29.711836Z,11.85007461484143,-61.546471818849355,73.05662265841565,179.9999988194122,22,61.206548043574216,-118.45352936173845,6805857.619871896,-9718240.052226828,9621556.009893555,2513188.276205329
2252,2026-09-21T05:14:40.688888Z,52.39469912952975,-47.642870410251305,89.99999999999999,112.40221422889672,31,37.60530087047024,160.04508463914806,4181518.671738499,5735884.536714866,4181518.6717385026,2513929.097872973
2253,2026-09-21T05:14:51.662023Z,-74.14191590874393,-94.28993067723799,89.99999999787322,95.04620139210792,33,164.14191590661716,-170.66386793065408,18251748.298533626,-18795530.27691652,18251748.299003463,2520914.370487767
2254,2026-09-21T05:14:56.825259Z,-23.400311554800044,-95.83897405995249,89.999999991,95.04620139210792,0,113.40031154580004,-169.11482454793958,12609539.323805343,-15717143.543277359,12609539.325788846,2525390.2466879888
2255,2026-09-21T05:15:06.696527Z,20.308474209114976,97.57237387076037,20.335536050306256,97.63836121313706,15,0.027061841191279967,0.06598734237667259,3009.1394461310742,6880.742194851464,7509.962149356048,2524273.670065134
2256,2026-09-21T05:15:20.376185Z,35.494614209454255,83.38475294208297,34.56383838803708,84.47349931286712,25,-0.9307758214171784,1.0887463707841505,-103497.54918501205,99133.63024084928,143312.89957006692,2523218.2796526803
2257,2026-09-21T05:15:38.213557Z,-17.419266774423058,-36.75503081732555,-16.180004910953254,-37.523384889870655,31,1.2392618634698032,-0.7683540725450939,137799.63200192395,-81790.73440196608,160243.94627154898,2522171.3260269025
2258,2026-09-21T05:15:52.693560Z,-25.174240799993015,-27.902380252753716,-25.184677484818874,-27.81778613388132,28,-0.010436684825858578,0.08459411887238844,-1160.5064036237238,8512.633814068598,8591.373979128524,2521058.1373856063
2259,2026-09-21T05:16:02.372234Z,1.8287247142699523,-70.13360170296404,1.9496062087821002,-70.14704590632014,14,0.12088149451214791,-0.013444203356101525,13441.408914962916,-1494.1146646977622,13524.195037773476,2519948.1179334824
2260,2026-09-21T05:16:17.204507Z,59.515340899346654,-117.655248616035,59.4569805208243,-117.54510090462513,28,-0.05836037852235165,0.11014771140986568,-6489.378008741573,6218.811041176228,8988.080809845575,2518837.0736692683
2261,2026-09-21T05:16:31.636709Z,-27.8986826483762,-136.13854163137606,-29.171016140064495,-133.75459244597116,24,-1.2723334916882933,2.3839491854049015,-141477.02927569507,232882.54789331232,272477.59466416267,2517843.548910752
2262,2026-09-21T05:16:45.016517Z,20.971606398997757,109.82912002930368,45.61896560753982,-179.99999977036413,26,24.647359208542063,70.17088020033219,2740661.299175924,6521861.290775572,6837197.027771766,2519753.0774159958
2263,2026-09-21T05:16:55.440434Z,37.92872659175983,38.59114571658773,37.803551423343684,38.596669865799136,13,-0.12517516841614906,0.005524149211396434,-13918.84366975398,484.9236233168967,13927.288313245686,2518645.7748136525
2264,2026-09-21T05:17:09.568256Z,-19.34018198406639,129.89442861311426,-19.343167369769745,129.7597667479368,24,-0.002985385703354382,-0.13466186517746337,-331.95974429020487,-14128.604152211723,14132.503048655177,2517539.541036371
2265,2026-09-21T05:17:20.189850Z,55.82847139896217,-127.35931988224611,79.6010853161791,179.9999999988298,32,23.772613917216923,-52.64068011892408,2643394.0606743516,-2219702.8661767067,3215831.113065922,2517847.8375361636
2266,2026-09-21T05:17:32.115860Z,10.370639674599943,40.07270065545086,10.248877844687486,40.18332316876915,20,-0.12176182991245632,0.1106225133182761,-13539.297745222819,12102.06276767529,18159.63778869897,2516744.7094691964
2267,2026-09-21T05:17:40.033988Z,40.55126914523867,38.34456935392814,40.453840537359405,38.305372723270494,10,-0.09742860787926588,-0.03919663065764212,-10833.566906216447,-3314.0776844303427,11329.133867607634,2515639.5415928834
2268,2026-09-21T05:17:45.952235Z,-22.338303635500537,-97.61882093628877,58.726308588617,19.423267508510964,1,81.06461222411754,117.04208844479973,9013973.60973035,12363823.811596889,13665710.747335587,2520555.7987382724
2269,2026-09-21T05:17:59.889348Z,55.04745795953318,-175.17342164258844,57.311682664878354,178.0042176296483,24,2.264224705345171,-6.822360727763225,251770.3000176539,-422237.2242640709,491272.7725154166,2519661.447470655
2270,2026-09-21T05:18:13.268849Z,-7.146195375945274,99.10293538305547,-7.276305336031779,99.11234234322728,30,-0.13010996008650544,0.009406960171816081,-14467.567467545436,1037.7324124584525,14504.73703666531,2518557.854206147
2271,2026-09-21T05:18:26.649065Z,21.958444440111837,-77.68639017181157,22.002670265979113,-77.72108623899565,23,0.04422582586727586,-0.03469606718408613,4917.687463106767,-3577.5902360314562,6081.34860708277,2517451.5237325234
2272,2026-09-21T05:18:35.319878Z,34.2011908563324,-77.71879253704486,34.234340759182814,-77.79768271111836,16,0.033149902850411195,-0.07889017407347865,3686.1010157257215,-7253.776339939963,8136.62127390967,2516347.0717508076
2273,2026-09-21T05:18:48.500884Z,43.11096211620771,49.28381538849462,43.146040114735655,49.179286090240446,20,0.03507799852794591,-0.1045292982541639,3900.4954731528846,-8482.817752953457,9336.59704999617,2515244.1194962095
2274,2026-09-21T05:19:04.984037Z,69.04161283816623,-43.984283660026534,69.39820998092866,-42.73547432894479,30,0.3565971427624248,1.248809331081759,39651.793131127066,49265.48605562267,63238.42004550885,2514165.8408245076
2275,2026-09-21T05:19:14.457710Z,42.119067548883216,176.8671125956132,89.99999996954085,-23.647813863998902,10,47.880932420657636,159.48507354038793,5324116.7681881,7196202.139000072,5324116.774747112,2515400.9840921657
2276,2026-09-21T05:19:27.382456Z,41.11245025593949,84.92176052807275,41.08090859536678,84.85368213448886,22,-0.03154166057271368,-0.06807839358390311,-3507.272633630468,-5704.742157731566,6696.643940108988,2514298.7414119584
2277,2026-09-21T05:19:42.563025Z,-19.824153219721843,175.99364031506082,-19.90662146222886,175.9834635203472,28,-0.08246824250701579,-0.010176794713629533,-9170.0501760733,-1064.2700046187417,9231.60281868544,2513198.5801741043
2278,2026-09-21T05:20:01.049101Z,-49.90695775333451,-157.88597003856097,-39.796428288052795,179.9997251334132,33,10.110529465281715,-22.114304828025865,1124239.58222965,-1743269.4089087462,2062212.064448515,2513000.605408641
2279,2026-09-21T05:20:18.288936Z,40.427264079944365,-28.73309338162383,-89.99999999960714,139.7476971521909,34,-130.4272640795515,168.48079053381474,-14502850.061776219,17008362.289253373,14502850.061862707,2518261.618772596
2280,2026-09-21T05:20:24.957246Z,-30.063647778662908,99.2651830726403,-89.99999999999999,141.00985244881156,24,-59.936352221337074,41.74466937617126,-6664618.288594011,2318664.5798680168,6664618.288594013,2520080.1962593603
2281,2026-09-21T05:20:29.873187Z,-18.637115676978713,-106.36741309573924,-89.999999991,141.00985244881156,0,-71.36288431402129,-112.62273445544918,-7935190.686441728,-7304437.016605669,7935190.687827434,2522454.203489333
2282,2026-09-21T05:20:36.489814Z,-40.59799224653158,-64.98985329135635,-89.99999999103686,139.80352865167515,9,-49.402007744505276,-155.20661805696852,-5493252.627244187,-7211903.446372177,5493252.6291456325,2523756.043290234
2283,2026-09-21T05:20:44.158892Z,0.7398369968694483,82.34072481439057,-89.99999999355984,137.5194565686717,23,-90.73983699042928,55.17873175428113,-10089809.517890003,4366441.008983271,10089809.518197201,2527070.127160101
2284,2026-09-21T05:20:57.093127Z,-41.92260828474833,-116.46521962604223,-78.11350828657199,179.99708060168848,18,-36.19090000182366,-63.53769977226932,-4024244.470903342,-3530606.3401259296,4867289.02630612,2528094.7413891493
2285,2026-09-21T05:21:15.027064Z,12.030580484771036,60.98283617999806,12.022403917111438,60.91496581193066,40,-0.008176567659598177,-0.06787036806741753,-909.1928411132907,-7381.197732093255,7436.982667786016,2526991.608890803
2286,2026-09-21T05:21:32.012372Z,-18.875618127975812,-157.5198575542352,-6.360672952271419,179.99999525833528,33,12.514945175704394,-22.480147187429566,1391598.4107731243,-2439305.154762718,2802807.167032839,2527112.2631157124
2287,2026-09-21T05:21:44.241429Z,-36.37858471041181,150.67104348633643,-36.41386667750582,150.69950542236708,33,-0.03528196709401499,0.02846193603065217,-3923.1757428947317,2547.4700234567626,4677.703586556869,2526009.3184023197
2288,2026-09-21T05:22:00.725287Z,-64.63796440305673,-82.73541074870013,-89.9999999809662,179.75710823455836,31,-25.362035577909467,-97.50748101674151,-2820129.685642332,-2380142.345470084,2820129.688035323,2526137.8675149214
2289,2026-09-21T05:22:13.854243Z,42.53986534195055,-88.75010664648913,73.66996161994966,179.99903376321046,21,31.130096277999108,-91.25085959030042,3461508.7720701615,-5361130.911473754,5547114.084114528,2527457.6474260613
2290,2026-09-21T05:22:26.282866Z,81.4617139573204,95.11692425770633,88.77659673017818,171.5148969444838,20,7.314882772857786,76.3979726867775,813377.8533414678,722792.7183274146,926830.6637812974,2526758.6836777446
2291,2026-09-21T05:22:41.461338Z,17.6532191075522,135.69611122092704,17.575878058036686,135.77134273932876,30,-0.07734104951551402,0.07523151840172204,-8599.932327490766,7973.1435737625,11727.31175832421,2525660.8960863347
2292,2026-09-21T05:22:52.687641Z,-25.71817596331547,-117.32358339308298,14.340056032259401,179.99999996455836,33,40.05823199557487,-62.676416642358674,4454272.168258663,-6934972.376748992,8111829.737189126,2528098.1425266066
2293,2026-09-21T05:23:11.874047Z,-16.03644272155315,-157.4130490536917,-10.509945640913475,179.9999654519539,39,5.526497080639675,-22.586985494354394,614518.4374830967,-2444465.421579765,2518626.671576103,2528094.0119243604
2294,2026-09-21T05:23:32.066177Z,55.98840535551983,50.97490392100596,55.9860251594923,50.84586284408513,44,-0.002380196027530701,-0.1290410769208279,-264.6657226809464,-8026.352669606859,8030.713937188062,2526995.4664588035
2295,2026-09-21T05:23:37.933116Z,11.8531048850428,144.69210718204982,47.5303131114146,83.77292089881888,1,35.6772082263718,-60.91918628323094,3967124.55161406,-5884512.477830046,6870832.079861718,2528888.205723903
2296,2026-09-21T05:23:50.862929Z,37.70635645452334,179.2453903746735,37.58810045888586,179.2122790721106,20,-0.11825599563747602,-0.033111302562900846,-13149.466760188405,-2915.2063165433015,13468.73770827377,2527792.6397535126
2297,2026-09-21T05:24:04.087484Z,51.976623559965724,-174.84983360512692,54.31180013036638,179.75182077431123,22,2.3351765704006553,-5.398345620561827,259659.78744779315,-360042.9199287423,443710.46240944485,2526885.3336249343
2298,2026-09-21T05:24:17.766269Z,-25.302723996874168,101.24237138766836,-25.33813230052774,101.22866219859863,28,-0.03540830365357195,-0.013709189069743388,-3937.223727367194,-1377.9440943277987,4171.385921221785,2525787.5468765865
2299,2026-09-21T05:24:32.196463Z,34.05531826906915,-133.8764225139378,46.251627418298874,179.99999970890792,34,12.196309149229727,-46.12357777715431,1356167.70118296,-3919973.581940609,4082623.6015298013,2526464.7265436826
2300,2026-09-21T05:24:48.681484Z,-86.28371101467653,153.73085016889974,-89.80612235164783,66.38309165594121,32,-3.5224113369713024,-87.34775851295852,-391674.270226486,-331356.1936409973,412796.2256147523,2525545.7402389306
2301,2026-09-21T05:24:57.150445Z,-4.6476286974579,-102.22947523525345,46.74703028142867,179.99999979776754,11,51.39465897888657,-77.770524966979,5714825.3350794045,-8070620.793870462,9461158.284237018,2528559.9134436236
2302,2026-09-21T05:25:08.073557Z,-9.353657713502695,-175.62672144422186,-69.83304819597811,-51.95008483183836,18,-60.47939048247541,123.6766366123835,-6725001.388206476,10597280.313422462,10237356.59784432,2531908.6522292015
2303,2026-09-21T05:25:21.001296Z,7.408283094932987,75.71719059418842,-82.44581042929389,-179.67107533923573,21,-89.85409352422687,104.61173406657588,-9991319.338139726,9226199.844705721,11035867.629846705,2535601.209318918
2304,2026-09-21T05:25:29.923606Z,26.280751611528334,82.45533356793817,-89.993558624275,-168.84174536114276,14,-116.27431023580333,108.70292107091905,-12929113.397316817,10266559.079554377,12930059.300877852,2540112.6928656013
2305,2026-09-21T05:25:39.601045Z,15.77598296527698,42.641231433750164,-89.99999999999999,-142.53119008215884,36,-105.77598296527697,174.82757848409096,-11761752.666580068,15502525.493993057,11761752.666580072,2544113.404350944
2306,2026-09-21T05:25:51.328223Z,-47.34267880669198,-72.71759058352993,-27.352682949327395,-119.7677270491994,15,19.989995857364583,-47.05013646566948,2222786.122984688,-4159067.836060188,4623990.297876265,2545015.3457618398
2307,2026-09-21T05:26:12.020894Z,-5.951425177042218,-168.12102111586378,-6.180282207144851,-166.84419838030158,37,-0.22885703010263292,1.276822735562206,-25447.740674353838,141181.29942654743,143456.30067420268,2543974.3578792703
2308,2026-09-21T05:26:23.745437Z,-1.5071329714489712,52.67904582489203,-86.36228324534162,-179.99999987144494,34,-84.85515027389265,127.32095430366303,-9435462.2101185,10195213.537798945,10085304.554505227,2547241.83196793
2309,2026-09-21T05:26:32.465444Z,-1.2413217330167174,-81.3316450196744,-0.9591226706534478,-81.08688649643621,10,0.28219906236326964,0.2447585232382039,31379.104038647023,27210.888449075497,41534.071815344185,2546156.640213858
2310,2026-09-21T05:26:43.639744Z,15.5891537058302,-70.77167595380402,15.690391955398878,-70.71678007061048,17,0.101238249568679,0.05489588319352379,11257.179734412792,5878.141809989625,12699.473824367884,2545059.905509793
2311,2026-09-21T05:26:59.822986Z,38.67328045573282,-61.71764773143465,38.73537899172728,-61.75777681111007,32,0.06209853599445836,-0.040129079675409685,6905.042154638288,-3482.186758443918,7733.38400126194,2543961.971056523
2312,2026-09-21T05:27:11.749029Z,14.028365440886503,-76.06071264008803,14.224133792982535,-75.89751304635668,18,0.1957683520960316,0.16319959373134907,21768.447550644378,17598.208077447613,27992.175072370297,2542873.748826426
2313,2026-09-21T05:27:25.178662Z,-21.20562086088109,54.54613677163289,-20.86768380849099,54.21680046976439,24,0.3379370523900995,-0.3293363018684943,37576.88575099552,-34179.80398647288,50796.41758224236,2541796.3267203975
2314,2026-09-21T05:27:39.864975Z,30.125553572383442,-14.207680244478126,29.97457037653092,-14.679685962796091,26,-0.15098319585252185,-0.47200571831797333,-16788.565387382212,-45430.08613128018,48432.874509892004,2540718.814424714
2315,2026-09-21T05:27:54.294642Z,-29.38754073641083,1.0822662846690037,-29.661294424274686,0.8867220501560139,24,-0.2737536878638558,-0.19554423451299385,-30440.021240698872,-18920.03771011924,35840.77704892974,2539636.793674228
2316,2026-09-21T05:28:04.921841Z,16.320412855559287,93.95686655603532,17.240888079171448,94.58257798398225,17,0.9204752236121614,0.6257114279469249,102352.17496768809,66613.18790453325,122119.4471573246,2538592.9606230548
2317,2026-09-21T05:28:22.707479Z,16.315799413509968,-57.92974260309195,16.661263866773393,-58.15188921188019,39,0.3454644532634248,-0.22214660878825043,38413.89453892911,-23685.762202951577,45129.15268206509,2537516.8001535074
2318,2026-09-21T05:28:39.439264Z,-65.82497781510249,-94.34321471439682,-66.00838345915606,-92.5800629753455,31,-0.18340564405357895,1.7631517390513238,-20393.777136735764,80002.52181352444,82557.86542740461,2536457.715194609
2319,2026-09-21T05:28:52.868042Z,-87.9038937400654,107.67458466684872,-89.48444898247683,-140.2839071940315,22,-1.5805552424114353,112.04150813911974,-175749.7242376123,283916.00612745713,260073.5228927564,2535476.091998274
2320,2026-09-21T05:29:06.547017Z,-54.809105540849586,94.43434648228515,-89.99999999999999,-142.00396713822462,36,-35.1908944591504,123.5616863794902,-3913048.927941637,4153350.0943203433,3913048.92794164,2536069.873393077
2321,2026-09-21T05:29:17.171896Z,-16.477360336964193,-61.35699605638325,-89.99999999998637,-163.25582160125492,23,-73.52263966302218,-101.89882554487167,-8175344.524044076,-6781189.657607113,8175344.524045902,2538499.5479517384
2322,2026-09-21T05:29:34.655684Z,-60.69258786901441,-104.69091094724104,-61.822372839797964,-118.96964899590436,36,-1.1297849707835539,-14.278738048663342,-125626.3569504022,-763495.3002144526,772127.8727686827,2537738.836635983
2323,2026-09-21T05:29:43.375650Z,17.21613722172507,136.62729246368002,9.066601457475983,-179.99866292719562,10,-8.149535764249087,43.374044609124326,-906187.0314928851,4696669.982262078,4772688.354728107,2538700.932855566
2324,2026-09-21T05:30:01.817410Z,-23.374548023269547,14.66915013981017,-23.133410827555046,14.43993691832944,33,0.24113719571450076,-0.22921322148073386,26813.23278874852,-23416.851881709266,35599.11561919816,2537623.866669148
2325,2026-09-21T05:30:16.802260Z,-52.1435240905804,25.792964553423246,-52.188157182010976,23.70380812740512,26,-0.044633091430576144,-2.0891564260181212,-4962.973327542798,-142489.9217651523,142571.3841796277,2536593.7365691527
2326,2026-09-21T05:30:27.574345Z,-42.187046831074966,-109.97459644103792,-35.31872397416373,-115.68365173714992,14,6.8683228569112345,-5.7090552961120125,763722.6562453908,-495064.6850235942,909626.4581709839,2535894.266544046
2327,2026-09-21T05:30:37.547172Z,-10.067106493384859,-101.91624990505693,-10.120149336322408,-102.02612515449779,11,-0.053042842937548684,-0.10987524944084726,-5898.095029459577,-12028.475020985943,13396.705700627914,2534810.2538406327
2328,2026-09-21T05:30:55.532849Z,-24.18889866373605,-160.22536666367654,-24.315731270464504,-158.95109063257905,32,-0.12683260672845265,1.2742760310974859,-14103.142401308458,129187.97496881407,129955.00938703338,2533777.2404194754
2329,2026-09-21T05:31:07.159594Z,4.560237148202689,115.51158161602211,2.662450035901992,-179.9999999999997,29,-1.8977871123006973,64.48841838397823,-211024.298739265,7156545.76197115,7157603.295103414,2535762.5671926327
2330,2026-09-21T05:31:17.834263Z,-48.71853185407833,95.61488242406017,11.415773630463395,-179.99999999999997,34,60.13430548454173,84.38511757593983,6686629.687175103,8890410.28760022,10552694.35778906,2539203.3104503998
2331,2026-09-21T05:31:30.262096Z,12.198594346027452,30.856390696380117,-89.99999999207061,-178.7576884793771,27,-102.19859433809806,150.38592082424282,-11363965.200601831,13013770.97147356,11363965.202250073,2542989.1370878085
2332,2026-09-21T05:31:41.886620Z,-2.6747104100892383,113.111673792479,-31.474375689659187,-179.99999985148222,20,-28.79966527956995,66.88832635603876,-3202376.6681496254,7109817.772994189,7669678.5005511325,2545187.54590576
2333,2026-09-21T05:31:59.623565Z,-58.1744507582748,-146.98342426311655,-59.81799158153892,-143.16948383493522,30,-1.643540823264118,3.8139404281813256,-182753.40128019126,218446.89723881846,284735.76781480334,2544218.6424432267
2334,2026-09-21T05:32:11.051483Z,21.403316394850254,72.61845943185827,89.99997749662982,-176.60046477334512,18,68.59666110177957,110.7810757947966,7627600.699274036,6941386.808482167,7627604.089332305,2546396.613928612
2335,2026-09-21T05:32:26.983705Z,-51.82619338028547,62.95428923716966,-51.82064722454632,63.13178189562513,26,0.005546155739146741,0.17749265845546347,616.7043805737203,12198.742319667559,12214.318001976702,2545311.3110181508
2336,2026-09-21T05:32:38.459384Z,6.936579902290875,35.22213415051016,6.83939302677977,35.24461544239629,24,-0.09718687551110516,0.022481291886123245,-10806.6874932712,2481.763279937265,11087.995400987676,2544226.4551467393
2337,2026-09-21T05:32:48.783437Z,24.670270076445483,-7.4905278016671275,26.168683382968684,-2.310539078940804,19,1.4984133065232008,5.1799887227263355,166615.957702078,520226.6951621613,546202.1831423141,2543371.5025271396
2338,2026-09-21T05:33:01.761211Z,-4.018366631347499,-175.078035970008,-4.102595139173287,-175.060687800916,21,-0.08422850782578806,0.01734816909197434,-9365.782749069143,1924.1862586985847,9561.400450975707,2542287.75141419
2339,2026-09-21T05:33:07.727204Z,35.55368318033252,10.439853110090667,-89.99999999998211,-179.99999999994944,10,-125.55368318031464,169.56014688995992,-13960932.591189254,16765774.397873253,13960932.591193197,2547169.600426494
2340,2026-09-21T05:33:23.660208Z,-11.751224760833983,92.08577691516791,-43.984249499919784,-179.99999999676425,37,-32.2330247390858,87.91422308806784,-3584148.8213948924,8641927.45801906,8938095.671103371,2549900.765413963
2341,2026-09-21T05:33:41.147660Z,55.75943527829785,-43.40027629298612,56.099122212510096,-42.44194849751204,35,0.3396869342122457,0.9583277954740765,37771.46373184571,59697.25891262512,70642.12823903318,2548841.705765447
2342,2026-09-21T05:33:58.582160Z,-66.48628905167969,132.26874879581095,-66.41230291245277,132.37955409010434,34,0.07398613922691766,0.11080529429338526,8226.883324051218,4922.9791466473,9587.34947786368,2547757.4810189535
2343,2026-09-21T05:34:06.755108Z,27.811441750651845,-2.182503204588585,27.60942246883743,-2.3586825654844286,9,-0.2020192818144153,-0.17617936089584418,-22463.51922214035,-17343.4251335131,28379.631259463553,2546682.202380559
2344,2026-09-21T05:34:24.188079Z,-70.8518031182519,159.30976135859362,-70.82132719524358,158.84380596378614,33,0.0304759230083107,-0.46595539480748016,3388.768023334328,-17007.96822852275,17342.235532179504,2545603.1324288314
2345,2026-09-21T05:34:41.071873Z,24.15776316081319,41.619395858756405,24.052548921448622,41.59041502672711,30,-0.10521423936456742,-0.028980832029304793,-11699.289628106118,-2941.509328953128,12063.409593152164,2544522.731694147
2346,2026-09-21T05:34:54.450430Z,-40.397715428474996,68.67215230191027,-40.398162612400874,68.75076241027716,22,-0.0004471839258783916,0.0786101083668882,-49.724583834673545,6656.844572678132,6657.030064420506,2543440.947507604
2347,2026-09-21T05:34:59.113452Z,4.934152310688525,138.3716789391837,-40.398162612400874,68.75076241027716,0,-45.3323149230894,-69.62091652890655,-5040723.432500961,-7373706.009461486,8669556.950443788,2546051.137538681
2348,2026-09-21T05:35:20.854822Z,-8.680202554924273,-42.24653297290487,-7.2532069161718695,-43.29650773786751,39,1.4269956387524037,-1.0499747649626272,158674.67537317876,-115625.06862895159,196331.53140310672,2545050.405168095
2349,2026-09-21T05:35:33.283225Z,-28.139931932855337,155.97838141972164,-38.387347569971304,-179.999999993398,22,-10.247415637115967,24.021618586880322,-1139460.6300654141,2233440.2865902,2496763.673379895,2545029.8488752944
2350,2026-09-21T05:35:42.454476Z,-65.19356077304897,63.88953567009065,-81.69226731161594,-179.99999999999997,41,-16.498706538566964,116.1104643299094,-1834572.4632860553,3679224.2346809157,3265086.4346072455,2545336.255933053
2351,2026-09-21T05:35:57.136209Z,6.324745232019039,36.75367569730619,-89.99999999395922,-179.83420193587705,28,-96.32474522597826,143.4121223668168,-10710822.979458462,11880899.588456511,10710822.980669508,2548809.453178794
2352,2026-09-21T05:36:02.352431Z,2.8158665444809823,-88.70973135071944,-89.999999991,-179.83420193587705,0,-92.81586653548098,-91.12447058515761,-10320653.47086396,-7338695.9155698,10320653.471884355,2552113.808628924
2353,2026-09-21T05:36:19.034292Z,79.03972801657012,-108.37425014114591,79.29667311033243,-96.1438272392864,30,0.25694509376231167,12.230422901859527,28570.990852579514,255572.6520913565,256682.07198955826,2551138.274529205
2354,2026-09-21T05:36:30.609314Z,22.494619551102524,-59.98098361286996,22.719157260651343,-60.15157482248415,37,0.22453770954881946,-0.1705912096142015,24967.45414221822,-17511.384562339786,30496.257566413064,2550067.4835279463
2355,2026-09-21T05:36:42.786613Z,6.808003725404206,114.98639253791708,4.985396148812466,-179.99999997605698,24,-1.8226075765917402,65.01360748602593,-202664.71578093554,7190931.797918613,7188802.733859451,2552037.222487747
2356,2026-09-21T05:36:48.952243Z,52.246163226894296,137.04106437279592,6.156248094126602,-179.9999999988075,1,-46.08991513276769,42.9589356283966,-5124964.732242041,4169738.8407570515,6446516.402144022,2553690.2272329326
2357,2026-09-21T05:37:03.429836Z,30.31295890793414,-22.427271591691493,30.457360990774944,-21.93266867411461,30,0.1444020828408057,0.49460291757688424,16056.779008804884,47443.16005267355,50086.6009180066,2552628.027985451
2358,2026-09-21T05:37:17.357658Z,56.49859150546273,12.233335425981153,56.42463874876987,12.123788654485377,29,-0.0739527566928544,-0.10954677149578629,-8223.171355624845,-6729.9728754354,10626.053982568088,2551549.9949175953
2359,2026-09-21T05:37:20.519377Z,1.994387624738992,96.64498182019236,56.42463874876987,12.123788654485377,0,54.43025112403088,-84.52119316570698,6052367.780981524,-8203246.489693887,9486032.820666455,2554489.580685187
2360,2026-09-21T05:37:32.693057Z,13.28589030033099,150.671969831667,13.150347374423038,150.69094466646612,20,-0.13554292590795214,0.018974834799109885,-15071.685703523599,2054.0068854968818,15211.004303997443,2553413.61518672
2361,2026-09-21T05:37:48.676215Z,-14.67070799111313,-123.54824324428515,-80.64538107628374,178.9366497296477,30,-65.97467308517061,-57.51510702606714,-7336048.934104289,-4307638.831842008,7835584.042179091,2555650.87500332
2362,2026-09-21T05:38:00.853120Z,48.446001846707325,-122.84001169246147,61.673845003414684,179.99999999999997,39,13.227843156707358,-57.15998830753858,1470869.0494758028,-3640147.662049798,3776392.3061546376,2556167.7003340363
2363,2026-09-21T05:38:10.230487Z,54.35889214545769,-112.11877318364117,66.06010421270281,179.9999999999995,33,11.701212067245123,-67.88122681635934,1301115.417469747,-3750097.4668913996,3749051.0760661284,2556672.5176745914
2364,2026-09-21T05:38:19.901622Z,-50.73416106321386,-105.90928271658105,-80.51633838958847,123.34919303736756,13,-29.782177326374608,-130.74152424605143,-3311627.023121465,-5999792.147603986,5106838.006227466,2557751.267881255
2365,2026-09-21T05:38:37.284652Z,14.370002574849847,-62.929112111989724,-89.39405679945676,61.868756602016084,33,-103.76405937430661,124.7978687140058,-11538036.97046766,11007503.395600222,11643804.021030681,2561593.1506521427
2366,2026-09-21T05:38:55.470963Z,-44.74797814848987,23.779319634655565,-44.760013396861886,23.824452658394723,37,-0.012035248372015417,0.04513302373916872,-1338.2585598752992,3563.863828816299,3806.8439491851364,2560512.091350916
2367,2026-09-21T05:39:07.046152Z,72.03579313207193,-39.14151988648496,85.51255395582592,12.781992233207829,15,13.476760823753992,51.92351211969279,1498547.4312035881,1123990.3196140088,1733390.0071456488,2560162.652363081
2368,2026-09-21T05:39:20.022410Z,55.81644112047303,-25.787259541281458,55.75709587962312,-25.761525242006027,26,-0.059345240849907555,0.025734299275427475,-6598.889703009141,1608.9613152585318,6792.208776491801,2559084.3709257557
2369,2026-09-21T05:39:30.747680Z,25.85674696691658,-2.9199629125672573,25.77162797668462,-2.851336986583407,20,-0.08511899023196179,0.06862592598383799,-9464.799874901903,6869.3792272063665,11694.90452283831,2558009.0693358853
2370,2026-09-21T05:39:50.434330Z,-47.460504785712835,83.33200216836741,-47.47728782706302,83.34256535312822,38,-0.01678304135018749,0.010563184760826516,-1866.189051806694,793.9997097054095,2028.077191466894,2556930.596343419
2371,2026-09-21T05:40:01.909856Z,8.442049094484087,-16.501016688519513,8.37153649682799,-16.482347315531644,20,-0.07051259765609785,0.018669372987858424,-7840.643123887085,2053.6336036298517,8105.12769832422,2555855.5961457617
2372,2026-09-21T05:40:06.825432Z,13.95040029644885,-82.53193890247444,8.37153649682799,-16.482347315531644,0,-5.57886379962086,66.0495915869428,-620341.3509588258,7205477.048708508,7211804.388804675,2557818.4750634087
2373,2026-09-21T05:40:23.406578Z,30.70037599199456,-65.09035205797697,30.7678881771318,-65.10968241857728,35,0.06751218513723956,-0.019330360600292806,7507.012473949221,-1847.5451155361864,7731.019235245554,2556743.8490811805
2374,2026-09-21T05:40:33.278514Z,50.197079369077514,120.39458980862554,89.99518282156376,-66.76080397051841,12,39.798103452486245,172.84460622085606,4425347.193991768,6543125.755688626,4426414.314394198,2557531.410355533
2375,2026-09-21T05:40:47.166611Z,1.3544398484027314,81.85560479624382,89.99998836330484,-68.29886930404584,27,88.6455485149021,-150.15447410028966,9856935.264481213,-11665783.222114723,9856937.68074907,2560604.844574646
2376,2026-09-21T05:40:56.638551Z,-4.546437800068505,72.22656008751184,89.99999763471648,-67.88272698927857,30,94.54643543478498,-140.1092870767904,10513083.952675425,-11444619.764976209,10513084.417480506,2563951.847761896
2377,2026-09-21T05:41:08.813650Z,-50.32781071461199,138.06796678526416,89.99999888894773,-56.4477839402239,38,140.32780960355973,165.48424927451197,15603740.495059429,17309225.40359811,15603740.738202523,2569437.6655534147
2378,2026-09-21T05:41:16.539863Z,-50.59458089052511,-55.7780967324324,89.99999996392832,-139.43720483162554,14,140.59458085445343,-83.65910809919313,15633404.10473343,-8757851.6778909,15633404.108301431,2574931.343620172
2379,2026-09-21T05:41:26.962467Z,-12.850262655088226,16.444028362427105,89.99999999999999,-106.05974790890001,40,102.85026265508822,-122.50377627132711,11436427.411306133,-10649440.898281036,11436427.411306135,2578656.2263724566
2380,2026-09-21T05:41:33.477899Z,-23.545134831360144,-97.8483855599385,89.99999983690098,86.05464573088733,14,113.54513466826113,-176.09696870917418,12625642.92028384,-16379621.545234611,12625642.956513342,2582877.649368314
2381,2026-09-21T05:41:41.446258Z,-29.950883500596483,163.2787713819987,89.99999999859662,-73.15214011054194,20,119.95088349919311,123.56908850745936,13337929.69164279,11896464.73550824,13337929.691885125,2587394.680885541
2382,2026-09-21T05:41:59.684517Z,13.052905517739978,-96.63801848674638,13.301358032314667,-96.59289050413271,35,0.24845251457468898,0.04512798261367834,27626.659132788704,4885.878534476077,28055.374890938117,2586320.2311349134
2383,2026-09-21T05:42:15.872411Z,50.824976035036805,85.92232936850922,50.86421450007774,85.22135180087395,29,0.03923846504093831,-0.7009775676352774,4363.118241872217,-49216.58953451818,49409.42010958545,2585255.6441390994
2384,2026-09-21T05:42:25.092713Z,-15.37774298809721,-114.85843095951445,10.320667092820726,146.85730619549676,9,25.698410080917938,-98.2842628449888,2857532.8238294586,-10918070.894269183,11187739.478537837,2588864.06856628
2385,2026-09-21T05:42:41.223540Z,24.22130251690004,127.16505914335471,24.176491388202713,127.24234534009497,35,-0.04481112869732584,0.0772861967402605,-4982.770168359028,7838.675752518658,9288.31682861415,2587782.4854418617
2386,2026-09-21T05:42:52.900744Z,44.17429812144109,-2.459237368894975,44.09954598239278,-2.4983745141271037,23,-0.07475213904830724,-0.0391371452321323,-8312.05861800038,-3123.2271055513993,8879.462852342735,2586701.637569863
2387,2026-09-21T05:43:11.138888Z,41.22660496739766,-62.212895992293966,41.27915329615084,-62.18153993198445,38,0.05254832875317561,0.03135606030951976,5843.107561003519,2621.2753326192155,6404.1384019382485,2585620.6583075384
2388,2026-09-21T05:43:27.822263Z,-35.18225718876948,179.3536545702678,-36.294145331658015,-176.1636441860146,29,-1.1118881428885317,4.4827012437175995,-123636.32048544491,404591.9638884845,423011.7997045884,2584715.043207621
2389,2026-09-21T05:43:41.101849Z,25.079735017579967,-63.314456845617215,25.33827590813255,-63.502894153066265,30,0.25854089055258456,-0.18843730744904974,28748.43535961353,-18957.685401125647,34436.39495321449,2583647.534355275
2390,2026-09-21T05:44:00.592025Z,-86.79513773402299,-135.08155863395038,-86.8980723421702,-127.14792365096555,39,-0.10293460814720845,7.933634982984813,-11445.806202115242,48528.1404930927,49815.78269840449,2582587.353706046
2391,2026-09-21T05:44:12.473671Z,38.63875129389323,18.44609319626241,-89.99995310107855,-88.67376003620414,17,-128.63870439497177,-107.11985323246655,-14303971.29884996,-10734642.673338918,14303978.048894953,2587489.650107213
2392,2026-09-21T05:44:29.556974Z,2.9631016519640343,-56.467897205770385,3.0142224595606484,-56.37613919847877,36,0.05112080759661408,0.09175800729161665,5684.374450716104,10189.147466683855,11667.511816574895,2586412.8013871918
2393,2026-09-21T05:44:40.282490Z,10.105029149443302,-92.02198169885541,10.171275127181898,-92.09027154749624,26,0.0662459777385962,-0.06828984864083054,7366.216635140276,-7474.921470907233,10494.550561386866,2585336.3625026005
2394,2026-09-21T05:44:55.765510Z,49.94138850501729,-68.67281538997602,49.94007313868933,-68.68833280833913,29,-0.0013153663279581451,-0.015517418363117486,-146.26206234802854,-1110.4698588840536,1120.0606651752394,2584256.907071591
2395,2026-09-21T05:45:09.747319Z,15.516230014266448,-150.95824578536144,15.439230279438485,-151.00709522423492,24,-0.07699973482796274,-0.04884943887347504,-8561.979865845791,-5234.821123614523,10035.47937211226,2583182.0755777704
2396,2026-09-21T05:45:17.417879Z,32.89750273489383,-25.235879320097865,32.98791872479272,-25.200625028598196,10,0.09041598989889366,0.035254291499654755,10053.799364302644,3289.8042678509264,10578.359447585099,2582108.3678498366
2397,2026-09-21T05:45:27.839535Z,78.62607069897886,-26.87053909917904,79.0654754716616,-24.7340626378013,20,0.43940477268273526,2.136476461377754,48859.58146572576,45957.161315268284,67069.1790217259,2581059.1232988024
2398,2026-09-21T05:45:38.319236Z,52.927002788944954,10.831891963902564,52.77921567277748,10.806323896560006,13,-0.1477871161674713,-0.025568067342561562,-16433.17754125285,-1716.7992538338133,16522.61218976309,2579989.675212435
2399,2026-09-21T05:45:50.544464Z,41.61329603838517,-129.33289959954087,41.57253221888668,-129.3259727002733,23,-0.04076381949849406,0.006926899267568842,-4532.72991888708,576.0442907201665,4569.186743304123,2578916.136034249
2400,2026-09-21T05:46:07.479899Z,-37.424199100094526,133.09231117053594,-53.42351985006185,-179.9581514698204,32,-15.999320749967325,46.94953735964367,-1779043.297155383,3664077.130889871,3980600.4439962697,2579500.171162566
2401,2026-09-21T05:46:21.213254Z,65.56152508968165,28.299231894011058,-89.99999999992062,-147.23680577823285,25,-155.56152508960227,-175.5360376722439,-17297652.37105401,-19076518.06632064,17297652.371071633,2585630.180408676
2402,2026-09-21T05:46:39.248039Z,24.986861045166133,-62.27124484800511,24.909355927558213,-62.398821048708704,34,-0.07750511760792023,-0.12757620070360076,-8618.175866990587,-12862.14925803643,15482.499315188168,2584560.177210885
2403,2026-09-21T05:46:54.378550Z,59.24816591020361,38.16114677731156,59.28409600591782,38.01131520163129,30,0.0359300957142068,-0.14983157568025263,3995.244357273199,-8514.372673376662,9405.129793619248,2583488.5354932747
2404,2026-09-21T05:47:12.815462Z,-56.30175235787609,-141.7816166756341,-44.31668921483552,179.99999911684918,34,11.98506314304057,-38.21838420751669,1332678.2170208008,-2714039.2404396078,2972534.579398081,2583650.3682902404
2405,2026-09-21T05:47:28.000602Z,32.35125530380789,171.60364087363922,32.22960571639804,171.54868369129414,22,-0.12164958740984844,-0.054957182345077626,-13526.816948378933,-5165.90644665049,14479.687273937156,2582582.1060528113
2406,2026-09-21T05:47:43.182713Z,64.53601723754468,30.77734254505168,64.47683839133542,30.631620452349594,28,-0.059178846209263725,-0.14572209270210124,-6580.387463148702,-6974.1704899233955,9588.55935216701,2581512.6989261694
2407,2026-09-21T05:47:58.116354Z,-6.014497333958642,33.30971406787191,-6.08934055575151,33.31124840823372,33,-0.07484322179286806,0.0015343403618146567,-8322.186557100404,169.6600100395686,8323.915761584707,2580443.654978033
2408,2026-09-21T05:48:15.501202Z,-58.66760744771587,50.931424765785835,-58.68564378032489,51.02676268414453,34,-0.018036332609014494,0.09533791835869465,-2005.5486813962293,5511.165260084878,5864.738752999177,2579374.477687242
2409,2026-09-21T05:48:32.240309Z,-81.82906006618407,-7.026751212118967,-81.9031709589417,-6.9389797119782415,27,-0.07411089275763061,0.08777150014071822,-8240.755283747496,1380.8742173204648,8355.646089647282,2578307.222049385
2410,2026-09-21T05:48:46.422474Z,45.40998055993957,-123.46281637924145,45.37213708776087,-123.41679819596226,28,-0.03784347217870021,0.0460181832791875,-4208.002112885969,3593.477631433149,5533.566752202183,2577239.681113577
2411,2026-09-21T05:48:58.400142Z,50.8837793209564,-76.42585663995612,50.60164775681433,-76.61452676314624,31,-0.28213156414206964,-0.18867012319012133,-31371.59857889205,-13275.69259690025,34064.92565878933,2576184.8595642387
2412,2026-09-21T05:49:14.136113Z,-24.35048082959962,-166.80703209958116,-26.702212519372363,-162.58186292836064,25,-2.3517316897727447,4.225169171220529,-261500.63273196452,423957.1979234442,498060.88879356947,2575323.2824619296
2413,2026-09-21T05:49:27.061898Z,21.57928168505892,49.55830652313563,-89.99999999999999,-174.25500590071417,35,-111.5792816850589,136.18668757615023,-12407050.04202268,12523164.255308079,12407050.042022685,2579397.7651637783
2414,2026-09-21T05:49:33.527715Z,-42.63799984556856,-84.98260064005683,-89.99999999430932,-167.62544209861184,1,-47.36200014874076,-82.64284145855501,-5266414.132278809,-3690894.3740228037,5266414.132830555,2580510.8622506326
2415,2026-09-21T05:49:45.706375Z,-46.99582198472788,-90.42346114218097,-48.81663347701708,-93.94102112151934,19,-1.8208114922891951,-3.5175599793383867,-202465.00031866657,-262195.6514896395,331209.4356383352,2579579.474496342
2416,2026-09-21T05:49:56.981038Z,26.881386851598563,-130.3675585929049,26.56288728679227,-129.19177534355234,16,-0.3184995648062916,1.1757832493525768,-35415.53574495948,116777.68123963877,122029.21134432907,2578562.276539739
2417,2026-09-21T05:50:07.957475Z,15.290910585171014,-1.0330899707469712,15.217319725142112,-1.0036572960622194,17,-0.07359086002890258,0.029432674684755966,-8182.930282623812,3157.459483800019,8770.968972160596,2577499.0612697485
2418,2026-09-21T05:50:28.899812Z,-20.028578794886247,-148.40058699927926,-20.11976177461648,-147.34161716175024,38,-0.09118297973023459,1.0589698375290197,-10139.08474233572,110598.5269788454,111062.10230895912,2576479.0294422214
2419,2026-09-21T05:50:33.312434Z,-3.3917492229051716,-72.85202185177732,-20.11976177461648,-147.34161716175024,0,-16.72801255171131,-74.48959530997291,-1860070.1285967967,-8109132.084203744,8259100.407914958,2578828.190822326
2420,2026-09-21T05:50:55.652908Z,8.105518852726266,-57.0511388531866,8.973442598474017,-57.57214176404191,43,0.8679237457477509,-0.5210029108553158,96508.7172414918,-57290.623665171755,112232.26165473941,2577808.9363061413
2421,2026-09-21T05:51:17.798478Z,-19.134290834687864,105.48498694599891,-19.202987958715337,105.41431649686136,42,-0.06869712402747297,-0.07067044913753762,-7638.771666927009,-7422.507448935002,10651.029981323918,2576748.565423727
2422,2026-09-21T05:51:32.481852Z,64.48202280935683,17.762306172729836,64.41985412752322,17.671956747373134,25,-0.06216868183361157,-0.09034942535669188,-6912.84201607735,-4332.84868114439,8158.488416558215,2575688.0410318994
2423,2026-09-21T05:51:38.148172Z,-13.731819345785778,-120.20920961091097,21.103842088173025,-77.09462562858135,1,34.835661433958805,43.114583982329634,3873548.817763733,4784205.611624069,6096134.833131007,2577140.9699597154
2424,2026-09-21T05:51:50.030817Z,38.0262229110813,149.20134171937605,45.81568406398033,-177.9927063241758,18,7.78946115289903,32.805951956448155,866148.5614972475,2714249.807142529,2826220.9140894325,2577243.7257122444
2425,2026-09-21T05:52:04.063049Z,-26.164947313666776,-6.125731480600933,-39.37791809900647,-23.997173620989834,21,-13.212970785339696,-17.871442140388893,-1469215.317232545,-1670921.9914850898,2217212.3343939455,2577095.259159123
2426,2026-09-21T05:52:14.034876Z,12.45773088244534,-27.550211253869236,23.30504888530948,-8.607997702431287,11,10.847318002864139,18.94221355143796,1206166.7296186793,2004532.5697628108,2335315.821387939,2576995.597395821
2427,2026-09-21T05:52:27.412365Z,-2.505383131245881,101.23996487700884,-2.6295921346373747,101.1957926107101,28,-0.12420900339149377,-0.04417226629874449,-13811.411020710897,-4906.801269160238,14657.140361937501,2575939.833713483
2428,2026-09-21T05:52:45.898845Z,-8.125156679170896,99.07338944590646,-8.23760253733502,99.02969594102376,40,-0.11244585816412389,-0.04369350488269674,-12503.408950044213,-4809.048878145641,13396.349449699084,2574884.4204168343
2429,2026-09-21T05:52:56.621167Z,-29.335647551247327,-26.429362634111328,-28.237950613344825,-24.99558799993697,22,1.0976969379025014,1.4337746341743696,122058.3304880254,139725.92128784608,185526.80349057593,2573900.740870961
2430,2026-09-21T05:53:11.550860Z,-21.987662760666765,97.09365732393792,-22.05669007996848,97.09661604635885,33,-0.06902731930171413,0.0029587224209421947,-7675.487706224636,304.9910559303968,7681.544835241305,2572844.6835886417
2431,2026-09-21T05:53:25.229852Z,27.898835208381257,0.7877144610318112,27.797363424472188,0.9844243827985691,23,-0.1014717839090693,0.19670992176676805,-11283.147568261476,19339.99746234607,22390.727122964254,2571795.5458031767
2432,2026-09-21T05:53:38.911868Z,-5.140350508884664,-126.81204769179496,-5.1691838726860695,-126.88990963717774,23,-0.028833363801405554,-0.07786194538277869,-3206.123772813166,-8622.837822674372,9199.59564670713,2570741.8468105136
2433,2026-09-21T05:53:47.081617Z,7.779631626866179,66.98580668597069,-89.99999999999976,-73.78958616957343,13,-97.77963162686594,-140.7753928555441,-10872598.966081332,-11794082.456807205,10872598.966081383,2574154.0363375465
2434,2026-09-21T05:54:02.815676Z,-23.875555051556663,-172.45249893254382,-26.035630223577826,-168.49432614918504,25,-2.1600751720211626,3.9581727833587763,-240189.40029962576,399036.142714141,465702.0468329418,2573287.786547282
2435,2026-09-21T05:54:13.540014Z,76.11177074005627,-44.426685774296345,76.28959474456599,-43.85896345310909,26,0.17782400450971636,0.5677223211872615,19773.127137099593,15057.371863135162,24853.37043922533,2572241.201571468
2436,2026-09-21T05:54:22.461614Z,25.922887926725085,76.94124146710095,25.943029080051186,76.81768718784377,13,0.02014115332610089,-0.12355427925717777,2239.5940666325987,-12355.218560389134,12556.559770012225,2571190.4279089873
2437,2026-09-21T05:54:34.388169Z,24.876940128874082,-119.46106877859054,47.59566299331252,179.99999999161167,26,22.71872286443844,-60.538931229797754,2526206.722369292,-5429631.761492478,5815539.575321717,2572521.716028566
2438,2026-09-21T05:54:50.621713Z,-29.420537566700343,0.8953817364381962,-29.41763942445834,0.9458263919509027,34,0.002898142242003132,0.05044465551270605,322.25871400503524,4885.885952904331,4896.502000566194,2571468.547359974
2439,2026-09-21T05:55:05.302035Z,-24.01892548341172,24.831094899746745,-24.041982405503845,24.898874076059414,37,-0.023056922092123955,0.06777917631268338,-2563.812760683029,6883.488215609166,7345.44375440824,2570417.2463744855
2440,2026-09-21T05:55:24.094317Z,-79.28869219064498,-120.34714372095115,-79.3118709840345,-117.83776049737554,35,-0.023178793389519114,2.509383223575611,-2577.364230656961,51805.335099818745,51865.38586310501,2569385.0529890303
2441,2026-09-21T05:55:27.255373Z,0.2637113497574511,90.09297659659046,-79.3118709840345,-117.83776049737554,0,-79.57558233379196,152.069262906034,-8848401.04030404,13043133.673873771,11085429.155151645,2572873.8051816407
2442,2026-09-21T05:55:39.980484Z,-2.8547206969097885,-117.4929361897156,-2.8844610425018047,-117.56740853132563,27,-0.029740345592016215,-0.0744723416100328,-3306.9755464880686,-8270.562820065641,8907.204671175248,2571823.8598087863
2443,2026-09-21T05:55:56.666457Z,43.06012491956241,-112.80227574870445,43.07314234983842,-112.81784036995245,36,0.013017430276008213,-0.01556462124801783,1447.4722046413913,-1264.3853485429597,1921.9381008070723,2570771.9146914273
2444,2026-09-21T05:56:14.303866Z,-45.03660983291763,-44.95687722905606,-47.88418505595582,-48.15647053401498,29,-2.8475752230381914,-3.19959330495891,-316635.91804059467,-245080.10789328627,400326.01354657265,2569883.8435371127
2445,2026-09-21T05:56:30.789347Z,-24.69514112114253,112.21214334468436,-24.77608688638755,112.25967368768684,36,-0.08094576524501917,0.04753034300247805,-9000.758428607578,4800.212873059568,10200.769059863509,2568836.9383941777
2446,2026-09-21T05:56:42.717320Z,6.8186094996829585,-19.548649084362495,7.040626731787616,-19.022012452403814,29,0.2220172321046574,0.526636631958695,24687.18983770535,58131.55205180434,63156.39258208331,2567812.5391522264
2447,2026-09-21T05:56:55.097536Z,56.91371539157229,137.6308799339962,89.99999999933715,-42.83298200005929,20,33.08628460776486,179.5361380659445,3679026.9899014067,5684353.917406803,3679026.9900488164,2568266.652127664
2448,2026-09-21T05:57:05.069845Z,-68.47793422974348,-88.0451556189826,89.99999999999973,19.118227154226894,33,158.4779342297432,107.16338277320949,17621942.2714575,11706474.78993222,17621942.271457538,2574416.0294231423
2449,2026-09-21T05:57:17.699058Z,-5.048103182075438,-57.42718539271006,-1.171866457300474,-57.22259685224274,19,3.8762367247749636,0.2045885404673129,431017.85826829664,22715.703420685277,431615.7999402825,2573541.0599541822
2450,2026-09-21T05:57:33.380454Z,-42.505390162096106,-130.42829292845363,-42.62140079345571,-131.76634752402262,31,-0.11601063135960743,-1.338054595568991,-12899.793644020494,-109584.43618031117,110339.88006156213,2572535.671717491
2451,2026-09-21T05:57:52.520486Z,-19.990559241099287,123.7336413798015,-76.37645707321258,-179.99996874115607,39,-56.38589783211329,56.266389879042435,-6269825.77322942,4171527.4523195997,6996847.841757313,2574340.7766420282
2452,2026-09-21T05:58:08.755660Z,11.692615997182546,-102.6574017676359,11.629076463807166,-102.88203359525663,31,-0.06353953337537988,-0.2246318276207262,-7065.273752704857,-24462.40428682636,25462.270445020924,2573301.2666476574
2453,2026-09-21T05:58:20.182457Z,17.12795577570441,-77.78455255989583,17.19739626442911,-77.8587414699403,16,0.06944048872469821,-0.07418891004448369,7721.430049905125,-7882.0898029333985,11033.939058220327,2572256.7222825577
2454,2026-09-21T05:58:31.657999Z,23.35514039194559,-146.68856891346695,22.279936653881002,-145.38984517661146,19,-1.0752037380645874,1.298723736855493,-119557.20078204713,133110.49550491263,178917.3498362907,2571281.4413646907
2455,2026-09-21T05:58:41.883248Z,35.11874568581981,-125.70969740252602,35.111305964843105,-125.55212015127688,15,-0.007439720976705644,0.1575772512491369,-827.259228260769,14332.80557341851,14356.658032956777,2570239.9241413376
2456,2026-09-21T05:58:57.063433Z,-8.457705589119115,163.31619269390956,-11.760752158332181,-179.999975919525,26,-3.303046569213066,16.68383138656543,-367282.0209672083,1826355.940284228,1862451.7180773488,2569951.7367610186
2457,2026-09-21T05:59:12.498447Z,-66.71654800039263,1.7524302630163788,-66.74113503218429,1.845157963389346,23,-0.024587031791654113,0.09272770037296141,-2733.9531964804128,4073.642781302903,4906.0226404340865,2568907.762111397
2458,2026-09-21T05:59:17.671358Z,-3.7474506513620165,-101.80776346095318,-66.74113503218429,1.845157963389346,0,-62.99368438082227,103.65292142434254,-7004578.113796018,9413010.967591768,10217585.353977408,2572019.5105214315
2459,2026-09-21T05:59:33.702627Z,-15.807248253436294,-131.8471685956636,-15.867561196598468,-131.90746165951515,30,-0.06031294316217384,-0.06029306385156019,-6706.493290635361,-6449.788466259577,9304.666488498315,2570977.332870341
2460,2026-09-21T05:59:48.936920Z,-71.7088584609379,-142.0389037459216,-71.8846897701894,-142.28865773790812,25,-0.17583130925149248,-0.24975399198652326,-19551.54953403643,-8675.456070907074,21389.829872009264,2569940.915186195
2461,2026-09-21T06:00:04.269079Z,33.715905099315215,-70.74021336750447,33.86946806860742,-70.28631484881488,30,0.15356296929220292,0.4538985186895843,17075.42310576713,41944.377209641396,45286.814185871204,2568915.0500496654
2462,2026-09-21T06:00:18.999053Z,-13.50409548796698,138.61589382664846,-8.710078548754348,-179.86528978938685,25,4.794016939212632,41.51881638396469,533070.3618885207,4530205.952095773,4556133.426999753,2569722.206173528
2463,2026-09-21T06:00:24.412867Z,-5.799671321297295,-98.11877046863695,-8.710078548754348,-179.86528978938685,0,-2.9104072274570534,-81.7465193207499,-323622.5181628806,-9017027.191070296,9006537.773267413,2572335.61078867
2464,2026-09-21T06:00:32.532948Z,39.52610420806927,30.938024131258913,-87.74322808391457,-107.09462920634307,9,-127.26933229198384,-138.03265333760197,-14151704.068309115,-14009726.750165138,14587336.38111347,2577211.828633769
2465,2026-09-21T06:00:46.211614Z,-2.220945817521827,-7.255030242202508,-2.212065585865322,-7.218385408747136,26,0.008880231656505089,0.03664483345536951,987.4367076317717,4071.67092892848,4189.693947161125,2576168.006266756
2466,2026-09-21T06:00:56.133284Z,-27.715599511751527,-96.2639513131221,-48.19587464649369,-95.23776065017015,12,-20.480275134742165,1.0261906629519615,-2277302.691268035,89971.94185075043,2279025.4523357362,2576047.5105027934
2467,2026-09-21T06:01:09.361628Z,8.127046582998481,-147.6761431106261,8.061767383386561,-147.7252745122306,25,-0.06527919961192019,-0.04913140160451235,-7258.715812262973,-5408.735333508015,9052.257716116854,2575006.97736425
2468,2026-09-21T06:01:26.498627Z,-32.91308949233979,28.59479419217567,-32.94765142148274,28.610817579895382,33,-0.03456192914294576,0.0160233877197129,-3843.1111757442904,1495.4538215194575,4123.819283620952,2573965.290509274
2469,2026-09-21T06:01:37.974490Z,66.91878215778792,12.879850598836015,66.8299254336926,12.856772783349946,16,-0.08885672409532219,-0.02307781548606158,-9880.416917655146,-1007.8468327094346,9931.686168067767,2572926.7997825257
2470,2026-09-21T06:01:55.409521Z,-18.78255412624711,107.95839426387204,-18.865816800443753,107.96175505091146,40,-0.0832626741966429,0.0033607870394121164,-9258.3869495255,353.7142975654248,9265.14126615179,2571888.8800827214
2471,2026-09-21T06:02:08.139309Z,69.28052665852674,-5.175538779472333,69.17447689605467,-5.198014880784048,21,-0.10604976247206821,-0.022476101311724506,-11792.195558754502,-886.371879724305,11825.46093373226,2570852.8366107875
2472,2026-09-21T06:02:23.820605Z,-4.664736265182983,153.72415263284978,-4.745358083151025,153.71471457796346,32,-0.08062181796804246,-0.009438054886317104,-8964.73713490745,-1045.9273008408975,9025.545724910331,2569816.4987099436
2473,2026-09-21T06:02:34.243974Z,31.43474720226332,-102.36568254695754,71.31775682224941,179.99999979144633,19,39.88300961998608,-77.63431766159613,4434788.329058583,-5388462.816217374,6277625.2950323485,2571315.8148427065
2474,2026-09-21T06:02:53.885344Z,-22.18877627898991,-145.97430112024574,-73.66097316641972,179.9995488159852,34,-51.47219688742982,-34.02615006376902,-5723447.157132043,-2535363.7393285264,6078952.903002181,2572733.6147975
2475,2026-09-21T06:03:06.313077Z,51.93227165018032,133.4915814555581,51.90618302330574,133.75357681064463,17,-0.026088626874575027,0.26199535508652616,-2900.9229515756338,17968.136796930703,18200.794283047217,2571701.480324565
2476,2026-09-21T06:03:22.798463Z,-24.762364170544412,171.06300576985439,-24.832130900856264,171.0251313547669,31,-0.06976673031185143,-0.03787441508748657,-7757.706459257032,-3823.137790054753,8648.606189074499,2570666.3216516506
2477,2026-09-21T06:03:42.787633Z,61.404907014814384,164.18974298146463,60.57755647892024,161.25632272995645,35,-0.8273505358941406,-2.9334202515081813,-91997.18214808533,-158179.56141628587,182962.83485261447,2569702.371919394
2478,2026-09-21T06:03:59.027485Z,88.66350504347892,-118.30826736206552,89.8546187678602,159.61488613616476,29,1.1911137243812817,-82.07684650176975,132445.80320790378,-118019.2421468914,147256.00290923577,2568724.7906566784
2479,2026-09-21T06:04:11.754520Z,27.27214012168843,-6.120235345422515,89.99999999237478,137.19598268685195,28,62.72785987068635,143.3162180322745,6975019.776891129,8294263.631050956,6975019.778418972,2570502.2392197126
2480,2026-09-21T06:04:21.678569Z,-41.55747498565168,-56.99769587499436,89.99999999642127,108.64762932357907,34,131.55747498207296,165.64532519857346,14628523.780174974,16797464.160348386,14628523.780958425,2575364.344680091
2481,2026-09-21T06:04:44.824946Z,-48.8834493012307,124.7814493598778,-48.847954421357386,124.71658886189475,48,0.0354948798733119,-0.06486049798303384,3946.850563770341,-4744.346861905141,6171.4221703228495,2574328.7973513887
2482,2026-09-21T06:05:01.761074Z,74.62028796997558,16.549262118409928,74.58380612744644,16.43893870482148,31,-0.03648184252914177,-0.11032341358844633,-4056.5958038862623,-3257.2615941282634,5202.47104996629,2573293.6940772953
2483,2026-09-21T06:05:22.452262Z,-63.01335590429126,138.70477238312736,-62.992654517258,138.7397637318745,41,0.02070138703325597,0.03499134874712695,2301.889212603517,1766.2318453491596,2901.425231752463,2572258.4978353116
2484,2026-09-21T06:05:34.431858Z,20.724549936562784,-22.93668958399951,-89.99999999999999,174.9531990167911,31,-110.72454993656277,-162.11011139920936,-12312008.207947876,-14830966.850121701,12312008.207947882,2576179.4920825385
2485,2026-09-21T06:05:42.854812Z,55.76734988369441,-12.531773402090408,-89.99999999727055,143.30075360524327,20,-145.76734988096496,155.83252700733368,-16208589.777185626,16560324.822503716,16208589.777766027,2581665.371473156
2486,2026-09-21T06:05:52.577154Z,-36.27138761492964,-62.11505698785956,-89.9999999971165,134.92226693582563,20,-53.72861238218687,-162.96267607631478,-5974349.112551199,-8188329.90308461,5974349.113178388,2583030.0873789103
2487,2026-09-21T06:06:03.451156Z,11.859752231464167,84.55368228504972,-89.99999999998987,160.13291330720227,26,-101.85975223145404,75.57923102215256,-11326287.677409459,6524677.836606616,11326287.677410305,2586545.671452103
2488,2026-09-21T06:06:27.899472Z,-3.0499680075048166,83.8869709808302,-2.9056388365646186,83.69648848906483,49,0.14432917094019793,-0.19048249176535137,16048.671575365288,-21152.087157765916,26551.27889283961,2585516.7347991453
2489,2026-09-21T06:06:44.584656Z,-14.017559614839353,102.73508327291484,-14.127595722790595,102.64960358643545,29,-0.11003610795124175,-0.08547968647940252,-12235.456951891072,-9219.65094453108,15320.19381004573,2584484.1126452726
2490,2026-09-21T06:07:03.723045Z,-4.0840282234010274,137.1905394997006,-4.196859654352671,137.1617242003848,34,-0.11283143095164316,-0.028815299315795073,-12546.282687868556,-3195.7525641963434,12946.893078339885,2583451.3667739606
2491,2026-09-21T06:07:10.140556Z,41.41167690776105,172.09861711486695,33.13241164558681,171.63471447840814,1,-8.279265262174242,-0.4639026364588119,-920612.293498308,-41048.648487961254,921522.6242938042,2582784.1934530134
2492,2026-09-21T06:07:20.563830Z,-58.322243607908945,-40.16156062572068,-58.38986452334061,-40.0156973252273,15,-0.06762091543166804,0.14586330049337448,-7519.102731062238,8509.256266104945,11355.361946864417,2581752.319925122
2493,2026-09-21T06:07:33.242468Z,20.231826092936227,-176.95600103587788,-89.99999999999999,-2.652234370542008,30,-110.23182609293622,174.30376666533584,-12257219.816299798,15899012.37572182,12257219.8162998,2585633.3738747304
2494,2026-09-21T06:07:53.130673Z,-54.08988176866617,97.91169224739633,-54.141398687099475,98.2066592044362,39,-0.051516918433307524,0.2949669570398896,-5728.419966145346,19225.07355762598,20060.347582501465,2584604.6757888077
2495,2026-09-21T06:08:09.870431Z,-0.06434405843898765,-153.70952435695787,13.240885433914949,179.99869044742206,29,13.305229492353936,-26.291785195620037,1479474.0173913154,-2904207.0469985767,3252946.764414317,2584872.5483694193
2496,2026-09-21T06:08:27.655609Z,-36.57802967783906,-37.701950373607474,-89.9999105378605,164.53083333420088,37,-53.42188086002144,-157.76721629219162,-5940242.12344444,-7885381.473627138,5940261.279345337,2586216.854752022
2497,2026-09-21T06:08:38.628298Z,5.437262769191162,-16.773167042474114,-89.99999941936605,138.41685593411114,27,-95.43726218855721,155.19002297658528,-10612139.368214138,12767103.95848805,10612139.491382306,2589431.0808780254
2498,2026-09-21T06:08:48.048493Z,-12.962338942809936,-13.041516775537872,-89.99999983573873,135.88601067333536,26,-77.0376608929288,148.9275274488732,-8566197.051857607,10313092.170356186,8566197.085766895,2591823.7013763795
2499,2026-09-21T06:09:02.778617Z,-3.0125916414182567,-117.50791548473322,-62.221861435437184,178.09574738785923,25,-59.20926979401893,-64.39633712740755,-6583770.411423822,-6031258.941285309,8413368.990248036,2594153.251311902
2500,2026-09-21T06:09:08.193858Z,66.28182118542192,91.27823794785917,-48.02493811733553,137.3124945939475,1,-114.30675930275746,46.03425664608832,-12710331.715647347,5053947.394801481,13298464.018213581,2598434.975618663
2501,2026-09-21T06:09:25.626894Z,-45.171385896150724,100.90122167680369,-45.20218134393434,100.9838166658156,37,-0.030795447783617647,0.08259498901190909,-3424.297557285703,6472.964925244928,7322.9147856765,2597398.945206494
2502,2026-09-21T06:09:36.608183Z,-26.655934971083894,141.3921281577566,-26.67838064595977,141.43627846656852,20,-0.022445674875875454,0.044150308811936156,-2495.8451713105865,4387.08321047895,5047.349957214068,2596362.8334577936
2503,2026-09-21T06:09:45.278209Z,56.38523994925171,-77.55664087292455,89.99999999999999,105.23406810134385,27,33.614760050748274,-177.2092910257316,3737790.778017398,-5697735.985150157,3737790.7780174017,2596818.8574068784
2504,2026-09-21T06:09:57.206245Z,29.869889997372084,113.43855944406238,29.84987449033356,113.55704175542748,20,-0.020015507038525726,0.11848231136508502,-2225.622836902517,11425.641183046966,11640.38913799439,2595786.4378907965
2505,2026-09-21T06:10:12.691964Z,-1.352979480589684,-118.26195951613408,-30.151122216839976,179.9999736512869,26,-28.79814273625029,-61.73806683257902,-3202207.369056883,-6607149.815822154,7237738.47364152,2597639.512555767
2506,2026-09-21T06:10:25.670236Z,30.254132473614302,-12.266363534036145,-89.99999999999923,179.99629597025316,30,-120.25413247361354,-167.73734049571067,-13371649.439108508,-16173350.809614815,13371649.439108677,2601938.798240744
2507,2026-09-21T06:10:42.906300Z,17.156721099893527,-171.9795936036626,-78.15739418944976,179.9998698527861,34,-95.31411528934329,-8.020536543551316,-10598446.057789542,-768435.2529725977,10610720.421719989,2605133.3661001297
2508,2026-09-21T06:10:54.130990Z,53.14582300426519,-44.851377607361115,53.41191082699449,-44.1134266990962,27,0.266087822729304,0.7379509082649065,29587.615929395302,49063.22945945034,57293.79084273178,2604117.4811020205
2509,2026-09-21T06:11:11.318857Z,21.971081740204674,49.87827626838674,21.936205981458485,49.78191232739834,38,-0.03487575874618898,-0.09636394098839673,-3878.007435455811,-9938.187471727633,10668.013128159768,2603083.8224858493
2510,2026-09-21T06:11:22.549459Z,3.6028936454979408,-16.902213846813623,3.57061207317999,-16.8697531622487,27,-0.03228157231795059,0.032460684564910025,-3589.547065865534,3602.3932917469774,5085.477875066325,2602048.7633844106
2511,2026-09-21T06:11:43.489836Z,56.81978087577198,71.17931442483544,56.88800685776395,71.09406419052564,40,0.06822598199196506,-0.08525023430979672,7586.383062849539,-5183.10393612789,9187.913006219102,2601016.1624882026
2512,2026-09-21T06:11:53.463075Z,13.29574021588434,-135.06255281593286,28.96508429208733,179.99999676190342,13,15.66934407620299,-44.93745042216369,1742351.5651217424,-4660842.150597069,4940398.573385871,2601947.4452950885
2513,2026-09-21T06:12:04.937203Z,-62.91970995525572,92.76899598239208,-62.92090570826227,92.52286530256754,18,-0.0011957530065487276,-0.24613067982454595,-132.96166784819633,-12458.936755252558,12459.63862102725,2600917.0084440447
2514,2026-09-21T06:12:23.129854Z,-16.593182110897995,104.46179650939933,-16.705664228204988,104.44798320870063,31,-0.11248211730699254,-0.01381330069870046,-12507.440782775686,-1471.5746635898554,12593.712956955382,2599887.4446829124
2515,2026-09-21T06:12:34.555784Z,-3.457290643464785,134.94797280957857,-3.48739694304454,135.02590125331812,19,-0.03010629957975519,0.07792844373955177,-3347.6677733099878,8649.339488421956,9274.586315508892,2598857.379928094
2516,2026-09-21T06:12:49.235397Z,-13.34307289263042,159.48025024481535,-13.421770119044888,159.48689158057164,22,-0.07869722641446764,0.006641335756285116,-8750.732318286959,718.4307683588248,8780.17418849317,2597827.937477482
2517,2026-09-21T06:13:02.913471Z,-15.081485707033874,155.8489029071315,-15.147481563731606,155.8056062994426,20,-0.06599585669773234,-0.043296607688915856,-7338.4044443491575,-4647.8186387000405,8686.448923818869,2596799.275781593
2518,2026-09-21T06:13:18.145359Z,-57.80604847199391,-129.91192476697702,-76.87513679647897,179.9999991272057,30,-19.069088324485058,-50.088076105817265,-2120385.8774197274,-2145678.354889829,2847563.8834789554,2596898.864585285
2519,2026-09-21T06:13:34.581476Z,69.04488054990415,-33.76566832314879,69.27418321337807,-32.72390721965377,30,0.22930266347391637,1.0417611034950198,25497.29284438407,41211.549791973746,48460.434542408875,2595887.17803108
2520,2026-09-21T06:13:48.511249Z,9.78131102466046,-59.76178358903752,10.089109927958395,-59.978688079306394,36,0.30779890329793425,-0.21690449026885972,34225.676473489424,-23756.982707648698,41662.80901586001,2594873.5969322645
2521,2026-09-21T06:13:59.635683Z,-15.8260117863938,-87.25406250153841,-15.80751657079037,-87.30816079532816,21,0.018495215603429926,-0.05409829378976383,2056.574142298689,-5787.700341115099,6142.228577278406,2593846.7300665947
2522,2026-09-21T06:14:14.573115Z,-36.485949089907116,-66.83842581732954,-51.143778665103845,-62.62013861008909,23,-14.657829575196729,4.218287207240451,-1629876.2843824436,338458.9435004236,1663930.902517557,2593478.0084854886
2523,2026-09-21T06:14:35.313953Z,-62.537109716862034,12.6627895851299,-62.56712530720477,12.72947387667502,36,-0.030015590342735265,0.06668429154512978,-3337.5813663535732,3417.8610124380207,4777.155953171984,2592451.967719523
2524,2026-09-21T06:14:50.044462Z,-19.439497715688823,122.29941626703925,-19.52360350649937,122.35233943461502,35,-0.08410579081054692,0.05292316757578419,-9352.137239561367,5547.877335232551,10873.886427085763,2591429.155484462
2525,2026-09-21T06:15:02.420190Z,-32.48731200185401,155.92987060629525,-32.52302704273865,155.84039678335662,20,-0.03571504088463939,-0.08947382293862916,-3971.331351274893,-8390.448820396465,9282.838731865377,2590406.5232798075
2526,2026-09-21T06:15:16.348018Z,-26.742250758350185,40.78602787912405,-26.796946772606763,40.729949156412275,25,-0.054696014256577996,-0.05607872271178849,-6081.91929300993,-5567.36114230031,8245.316714506751,2589384.2900230517
2527,2026-09-21T06:15:28.525877Z,65.71352779313892,43.67313239383995,65.68122234842866,43.46288708329598,17,-0.032305444710260645,-0.2102453105439679,-3592.2015547772808,-9621.446009026895,10270.151435197698,2588363.667095237
2528,2026-09-21T06:15:44.909279Z,-66.36057086716113,-38.16596944968907,-66.40128502677555,-38.02873327901327,28,-0.04071415961442426,0.13723617067580562,-4527.207991720761,6113.967002820308,7607.638494229939,2587342.7984130373
2529,2026-09-21T06:15:57.438286Z,-15.11132928737038,-7.011565129937281,-15.101346273318594,-6.9667227224515615,30,0.009983014051785588,0.04484240748573143,1110.0605151798975,4813.942466544735,4940.270869778248,2586321.68234837
2530,2026-09-21T06:16:09.213225Z,4.18783047896456,-19.98019726226184,4.163077019017754,-19.90843971473616,20,-0.024753459946806444,0.07175754752569219,-2752.4591629841652,7957.896867741966,8420.460376776737,2585302.749059053
2531,2026-09-21T06:16:14.179482Z,8.540709480430646,-92.48989854263255,4.163077019017754,-19.90843971473616,0,-4.377632461412892,72.58145882789637,-486770.5204236457,8021145.319953265,8026032.783913059,2587452.385580133
2532,2026-09-21T06:16:23.400213Z,68.62588997110223,-175.4231686649207,68.56761844301582,-175.17584924028762,12,-0.0582715280864079,0.24731942463307632,-6479.498291034471,10035.804796228247,11945.75080310571,2586435.2028649766
2533,2026-09-21T06:16:39.385342Z,-5.925394900717081,3.7795614297909594,-5.9551945913452995,3.810405098251529,31,-0.0297996906282183,0.030843668460562412,-3313.574413435278,3411.2431396368997,4755.665555655535,2585415.984729442
2534,2026-09-21T06:16:47.606635Z,-12.090727856955292,-101.52772458953363,-12.09953760953297,-101.67100677114594,10,-0.008809752577677799,-0.14328218161230666,-979.599791631595,-15578.572260885485,15609.34090031898,2584401.8542464785
2535,2026-09-21T06:16:58.982502Z,24.926101987415944,61.24225422060778,24.948389466797757,61.14319382703742,16,0.022287479381812858,-0.09906039357036889,2478.254634952796,-9988.084880685496,10290.946464147259,2583386.42588049
2536,2026-09-21T06:17:12.161458Z,29.27110790664534,43.997810576100875,29.23381157115519,43.89841888092534,32,-0.03729633549015077,-0.09939169517554092,-4147.163288938167,-9642.465121376596,10496.479648998391,2582371.879371723
2537,2026-09-21T06:17:21.887878Z,77.13213315649163,-34.936808495909986,77.3433047312674,-17.484178486558708,12,0.21117157477576143,17.45263000935128,23481.20776660674,428700.8344647261,427755.9616711591,2581522.602305227
2538,2026-09-21T06:17:35.315217Z,22.218535976291708,103.93105909110193,22.20203072783194,103.93313811893599,30,-0.01650524845976875,0.0020790278340427903,-1835.2998917342024,214.0246253593577,1847.7370571550089,2580506.181948549
2539,2026-09-21T06:17:45.739041Z,59.261393448673054,119.87620468294398,59.17105197544897,120.20724162744389,12,-0.09034147322408614,0.33103694449991394,-10045.513488113625,18839.1546990275,21350.050754830503,2579498.24333839
2540,2026-09-21T06:17:58.170619Z,-6.9321287047619435,22.65894320880622,-7.033914274783616,22.64792078251368,19,-0.1017855700216721,-0.011022426292527143,-11318.038992034426,-1216.5463729684427,11383.232901771831,2578487.1744366433
2541,2026-09-21T06:18:11.600310Z,-60.01796482099454,-61.76951726188227,-60.151107757808596,-61.67874383321813,26,-0.13314293681405331,0.09077342866413574,-14804.819092279778,5033.869698365674,15637.211828915326,2577478.575474578
2542,2026-09-21T06:18:26.781566Z,10.80942839884196,166.28859649940392,9.900805835742135,-179.99999988622184,28,-0.9086225630998257,13.711403614374262,-101034.21925147607,1499806.090311846,1503072.0345876985,2577055.9135780847
2543,2026-09-21T06:18:37.808414Z,-16.3326602923763,-41.32875634614672,-16.309994099377096,-41.21106357977324,21,0.02266619299920336,0.11769276637346593,2520.3656678578286,12559.448785058825,12809.839574233423,2576047.558849809
2544,2026-09-21T06:18:48.031468Z,6.893182305254387,61.614945225324306,6.779654619826152,61.60496140568002,15,-0.11352768542823455,-0.009983819644276082,-12623.70265331908,-1102.2569783804556,12671.733847864536,2575039.942566396
2545,2026-09-21T06:19:01.961769Z,-8.703394337956635,160.42439938145895,-8.809686800630558,160.43166128209631,20,-0.1062924626739239,0.007261900637359986,-11819.182589896465,798.0745577337475,11846.096399123333,2574032.7937073917
2546,2026-09-21T06:19:10.081462Z,16.238424398144275,100.04579774355801,16.162038181891127,100.16853299215497,8,-0.07638621625314812,0.12273524859693907,-8493.759712924206,13105.628201708092,15617.343168021303,2573027.91725392
2547,2026-09-21T06:19:22.508947Z,-7.266297878871196,-3.675914971402534,-7.270309862450165,-3.629500734763135,31,-0.004011983578968703,0.046414236639407136,-446.1122197625991,5119.556630103469,5138.956719732527,2572019.7158559873
2548,2026-09-21T06:19:38.944477Z,-34.05258941285747,-170.144824878378,-43.04840172894006,-151.5305183370228,26,-8.995812316082585,18.614306541355177,-1000288.690595021,1618719.043189531,1896355.7203051734,2571754.541603416
2549,2026-09-21T06:19:52.680076Z,-12.403360269075563,25.036439687395955,-12.491865020584086,25.091109885577602,25,-0.08850475150852333,0.05467019818163976,-9841.27935168515,5936.151498242587,11492.983326048763,2570750.123573492
2550,2026-09-21T06:20:01.852042Z,28.654988698305864,144.25673696743507,28.525818610448415,144.18773988190125,10,-0.12917008785744954,-0.06899708553382311,-14363.05844398031,-6736.610913141643,15864.404711667456,2569748.2076053107
2551,2026-09-21T06:20:14.779256Z,31.742793249230452,178.44498268994352,31.62568726286816,178.43364521912926,23,-0.11710598636229363,-0.011337470814254402,-13021.591563193937,-1072.7735623154438,13065.706605272826,2568745.980047098
2552,2026-09-21T06:20:22.699424Z,-10.147207188670844,-40.52709855485668,-89.99999991631947,147.65800170815282,12,-79.85279272764862,-171.81489973699047,-8879225.42971404,-12261611.131312191,8879225.448228957,2571218.7384593952
2553,2026-09-21T06:20:38.882230Z,4.523130213118837,57.22774482641023,3.79257399212248,57.91124589659389,28,-0.7305562209963572,0.6835010701836666,-81234.14540341598,75801.82078301057,111107.25887153189,2570255.1225253614
2554,2026-09-21T06:20:47.051042Z,61.03376829163153,106.73441447507048,61.173893658447845,106.62611235468127,8,0.1401253668163136,-0.10830212038922582,15581.229884181876,-5819.293875160685,16632.459682269946,2569255.2702689623
2555,2026-09-21T06:21:01.731041Z,-50.35290563761641,174.98840554904706,-52.795569650437464,179.9999280059042,26,-2.442664012821055,5.011522456857136,-271611.8457229407,346334.5778042081,439964.6945978081,2568421.888438954
2556,2026-09-21T06:21:21.417879Z,-45.60852532729338,93.28206083355246,-45.408608303859,93.20291235205451,41,0.19991702343438078,-0.07914848149795262,22229.7587557845,-6167.700430468679,23069.51541105956,2567426.0541772065
2557,2026-09-21T06:21:29.290244Z,-1.560826817300028,-77.76213548131169,-1.275627544044289,-80.72555142414576,8,0.2851992732557389,-2.963415942834075,31712.71226875335,-329415.8764145804,330938.4783480743,2566551.40123398
2558,2026-09-21T06:21:47.528204Z,24.94651636154122,-57.91632225278829,25.280647876237275,-57.82730160921313,37,0.33413151469605396,0.08902064357516792,37153.72926626302,8962.907461629758,38219.53594585241,2565562.999410177
2559,2026-09-21T06:22:01.908901Z,-34.11278111976735,88.58146531633258,-34.169376970220775,88.66999418824128,24,-0.05659585045342652,0.08852887190869296,-6293.171439555178,8147.435028862531,10294.886464384177,2564564.457748221
2560,2026-09-21T06:22:22.998981Z,5.943545565877306,-64.12430162843542,6.753837688968968,-64.3742675761005,39,0.8102921230916618,-0.24996594766508906,90100.37318784109,-27624.488296632826,94239.99361349364,2563599.487254418
2561,2026-09-21T06:22:35.976469Z,-63.480527518972394,119.46889997288736,-65.81565869057997,-179.99999999054214,38,-2.3351311716075713,60.53110003657048,-259654.7393323264,2881951.10571702,2780936.6629733737,2563684.3514386113
2562,2026-09-21T06:22:45.160439Z,-22.74514294752172,-106.16978036151163,-55.999702740950575,-107.56690417936106,10,-33.254559793428854,-1.3971238178494332,-3697738.3368274136,-120093.98800731418,3699519.1914911037,2564127.690564315
2563,2026-09-21T06:22:56.032853Z,27.254201407289283,96.49827243205687,21.826533757831047,-179.99999978438984,18,-5.427667649458236,83.50172778355329,-603529.1061325531,8446246.83725071,8307683.98736275,2566368.641128809
2564,2026-09-21T06:23:11.263162Z,23.442747918967402,-179.2964793360373,23.229520669365694,-177.47064768414327,29,-0.21322724960170802,1.8258316518940205,-23709.78837808294,186415.2562398797,187915.61360723153,2565441.007342724
2565,2026-09-21T06:23:25.192639Z,13.733984821872067,-0.7673446924893881,13.70567798305857,-0.7479941892246807,34,-0.028306838813497492,0.0193505032647181,-3147.5768654062013,2090.2841549995483,3778.4292854547284,2564442.3084818833
2566,2026-09-21T06:23:40.927195Z,-73.93528876688298,-163.14411313961074,-74.08663312414369,-160.06234178230343,30,-0.1513443572607116,3.0817713573073036,-16828.724703672717,94391.65794205772,95868.72123716613,2563480.276686386
2567,2026-09-21T06:23:55.660078Z,-0.8834173557972724,-57.85850525473144,-0.4875646022322226,-58.23316410677126,37,0.39585275356504984,-0.37465885203982907,44016.81789471231,-41657.18200611566,60603.582102722896,2562505.2565482548
2568,2026-09-21T06:24:09.591033Z,-29.356444527679667,-142.1577059893881,-29.383641865281916,-142.22024968020813,22,-0.027197337602249405,-0.06254369082003564,-3024.205959609422,-6060.676436994298,6773.301878528235,2561510.033824474
2569,2026-09-21T06:24:23.269479Z,-10.130849119034536,-25.944465489012032,-10.098323946982022,-25.911279975515583,31,0.03252517205251415,0.03318551349644849,3616.6341204809632,3632.711669810976,5126.0741350290755,2560514.9447004218
2570,2026-09-21T06:24:39.501841Z,-8.46951537378657,-146.59723316547564,-8.513719724365098,-146.6617531191004,30,-0.04420435057852856,-0.06451995362476737,-4915.299519949841,-7095.64317828602,8631.820126946819,2559521.994068292
2571,2026-09-21T06:24:53.484102Z,-3.266992023991365,150.18359215007513,0.4075063696387397,-179.99999689545993,24,3.6744983936301048,29.816410954464914,408585.5793352484,3314401.4418627066,3338899.6446426525,2559825.135900487
2572,2026-09-21T06:25:06.161010Z,5.78960988306541,-1.8631683279593858,5.747358552960185,-1.7552148909840672,19,-0.042251330105224305,0.10795343697532189,-4698.133551685453,11943.088622654017,12833.932274641207,2558834.859382748
2573,2026-09-21T06:25:22.946293Z,-4.9588784830763615,-163.35592590496907,-5.028162696260857,-161.87766759014556,31,-0.06928421318449551,1.4782583148235062,-7704.053002675947,163750.94810539056,163932.03111461338,2557904.0770942643
2574,2026-09-21T06:25:36.675235Z,-4.39712550122235,-5.4615910377611385,-4.42949252828953,-5.422051152312013,29,-0.03236702706718031,0.03953988544913045,-3599.0492004375615,4383.5982206722265,5671.779966005388,2556912.533855287
2575,2026-09-21T06:25:49.857161Z,16.243410119402476,145.6439098522772,16.10837752149527,145.68354312580405,23,-0.13503259790720534,0.03963327352684587,-15014.939818915893,4232.549386834911,15600.092359894401,2555925.616402279
2576,2026-09-21T06:26:02.834284Z,0.6386877739210597,27.450620123135764,0.5683537045735584,27.431077034769046,24,-0.0703340693475013,-0.019543088366731354,-7820.791681708715,-2172.9717228846757,8117.055380123689,2554936.5602838695
2577,2026-09-21T06:26:17.517219Z,14.151818499487765,151.53317138654194,14.040183352281996,151.52685533947044,25,-0.11163514720576906,-0.006316047071493358,-12413.262004500008,-681.1650740024247,12431.937068527266,2553949.94614991
2578,2026-09-21T06:26:30.296191Z,14.267582182321098,-110.39408033252495,-11.235015898705795,179.99996476486572,24,-25.502598081026893,-69.60595490260931,-2835759.5228654495,-7737118.911616175,8177998.15464582,2556131.5009243456
2579,2026-09-21T06:26:44.027031Z,-26.094425589634156,-169.75281704519742,-19.84521968657333,179.9999999934556,26,6.249205903060826,-10.247182961346994,694879.991977592,-1049089.5701297058,1257504.7456759948,2555627.962050655
2580,2026-09-21T06:26:54.699521Z,1.139424987829717,-154.29158399041705,17.070805297115946,179.99999999999997,28,15.93138030928623,-25.708416009582947,1771488.6648376498,-2822625.593935648,3323610.0890713367,2555925.629541748
2581,2026-09-21T06:27:09.182270Z,14.133397213041045,176.75353328262764,14.1067165110155,177.629260209287,27,-0.02668070202554418,0.8757269266593539,-2966.7587045557148,94434.3269480499,94480.86176196222,2554971.950825057
2582,2026-09-21T06:27:20.605433Z,58.487359337339406,118.30404278396708,58.50453532424394,118.52959551192916,15,0.017175986904533147,0.22555272796208214,1909.8826038974648,13105.94324491839,13244.36586213865,2553987.5481972634
2583,2026-09-21T06:27:29.827765Z,70.98975111119263,-77.84823613557295,89.99999999999999,168.0726278783989,28,19.010248888807354,-114.07913598602818,2113843.230685738,-2094751.3329528242,2113843.2306857407,2553817.1477646227
2584,2026-09-21T06:27:48.066099Z,-68.43426824390109,147.0498284858375,-87.83181863773216,71.46273924914894,36,-19.397550393831068,-75.58708923668857,-2156909.193126177,-1728382.3681359766,2349069.178930114,2553737.9109345786
2585,2026-09-21T06:28:01.545899Z,20.990135119643593,153.70664210009107,-89.9999999997444,-81.67471262041738,24,-110.990135119388,124.61864527949155,-12341539.932870012,11419208.840831095,12341539.932914577,2557524.2946954994
2586,2026-09-21T06:28:23.138609Z,53.00263843525305,-130.77701487353715,52.96594177553823,-130.76177150811915,45,-0.03669665971482061,0.015243365418001531,-4080.4823850898115,1020.4385015211931,4206.142056927791,2556536.932687518
2587,2026-09-21T06:28:41.126519Z,-7.971738888075819,0.9726011842776643,-7.309169024846542,1.6380812924615513,34,0.6625698632292769,0.6654801081838855,73674.40733867476,73341.05102189523,103955.58577769129,2555588.8919658675
2588,2026-09-21T06:28:52.802169Z,48.44495688276978,27.317122059881655,48.367352842725744,27.1823579148636,23,-0.07760404004403654,-0.13476414501803902,-8629.175540018041,-9947.789715760036,13168.944243280474,2554606.504041709
2589,2026-09-21T06:29:08.483958Z,-29.289509503877916,38.82053732253419,-29.365077431713456,38.70611310560756,27,-0.07556792783553945,-0.11442421692663629,-8402.770192354117,-11092.712189884382,13915.989583773615,2553625.163557175
2590,2026-09-21T06:29:25.667003Z,-26.60802215337482,-18.020626789776543,-26.21546165754823,-18.449898597379956,34,0.39256049582659003,-0.42927180760341344,43650.73553698928,-42750.52217279376,61098.11557908442,2552662.797901585
2591,2026-09-21T06:29:48.862939Z,-38.35348514816221,-154.83967747349953,-38.489273570682904,-153.85937708970997,46,-0.13578842252069734,0.9803003837895687,-15098.983681369287,85400.7875630105,86724.82492080281,2551711.065762264
2592,2026-09-21T06:30:04.897198Z,24.443594459068674,-75.4686090272072,24.303017639647024,-75.86602836755168,28,-0.1405768194216499,-0.39741934034447013,-15631.42912351574,-40252.53558801938,43181.0812515115,2550743.2687003384
2593,2026-09-21T06:30:19.526621Z,77.20463562318616,101.33110575029008,89.99999788592434,-179.89872602066782,24,12.79536226273818,78.7701682290421,1422779.368195727,975986.9278719027,1422779.5574906347,2550308.2653408283
2594,2026-09-21T06:30:40.218060Z,-34.40949699609972,-162.94525606118168,-34.60454973628512,-161.62402622836112,36,-0.1950527401854032,1.3212298328205634,-21688.875136736082,121065.51842352207,122991.9687784667,2549372.5227438495
2595,2026-09-21T06:30:58.807486Z,52.878537050876076,-110.48878114422483,52.73862105789038,-109.43117231700957,39,-0.13991599298569923,1.0576088272152617,-15557.94857644542,71087.2742307915,72769.11205420729,2548418.1476337574
2596,2026-09-21T06:31:10.938880Z,8.75321106323088,-78.29862765418527,9.50256329801852,-79.10872620715028,20,0.74935223478764,-0.8100985529650302,83324.16677814779,-88938.15463655692,121872.01203951932,2547483.422620046
2597,2026-09-21T06:31:21.865861Z,-59.40304983239647,-143.42696670796263,-60.09639644983093,-134.39838173829233,14,-0.6933466174344574,9.028584969670305,-77096.62626487741,505759.4317587166,511185.77662536263,2546699.3264914383
2598,2026-09-21T06:31:34.791129Z,-85.34750010690425,51.70388447001713,-89.63805377799714,-95.52281183700185,20,-4.290553671092894,-147.22669630701898,-477087.8007217166,-716148.7991322639,551603.9266386733,2545931.391387569
2599,2026-09-21T06:31:39.754605Z,0.22366927562987576,-102.75720810694165,-89.63805377799714,-95.52281183700185,0,-89.86172305362702,7.2343962699397935,-9992167.703101708,571716.0823725098,9992488.09116697,2548796.553642197
2600,2026-09-21T06:31:48.675588Z,32.76080242024151,130.23035559371266,-89.99999999966352,-78.62485970099132,12,-122.76080241990502,151.14478470529605,-13650378.419908505,14753097.252845773,13650378.419978691,2553066.3928215574
2601,2026-09-21T06:32:08.913811Z,51.15339099867489,-133.08987035249555,51.13855970184331,-133.10828964898104,40,-0.014831296831573582,-0.018419296485490122,-1649.1649632305007,-1284.872005908446,2090.607827178244,2552085.625507065
2602,2026-09-21T06:32:18.586275Z,-27.95325677409933,54.87399379068697,-89.99999999999953,-179.70891394081679,31,-62.0467432259002,125.41709226849628,-6899283.0615377445,7187464.846635617,6899283.061537829,2553756.3393564234
2603,2026-09-21T06:32:27.757166Z,-19.901879974877605,-109.72202124280966,-20.050584354125483,-109.81826965921398,11,-0.14870437924787794,-0.09624841640430759,-16535.17254219243,-10058.423363428145,19354.16568799087,2552782.6927280454
2604,2026-09-21T06:32:40.234839Z,7.221961174782106,23.293726330617204,7.118520714880934,23.35266302527142,18,-0.10344045990117223,0.058936694654221355,-11502.054350790266,6502.211173293038,13212.720853169214,2551807.4354423787
2605,2026-09-21T06:32:45.449810Z,-41.263233889390484,-115.55617913306389,7.118520714880934,23.35266302527142,0,48.38175460427142,138.90884215833535,5379805.654157002,14765328.780506765,14464454.191228796,2556380.428438842
2606,2026-09-21T06:32:59.378617Z,30.247681038350102,40.45987739899837,30.168239313619125,40.34613308936068,31,-0.07944172473097666,-0.11374430963769555,-8833.516753978178,-10930.282342314644,14053.541966014533,2555404.8617134113
2607,2026-09-21T06:33:15.065478Z,-61.31635918809796,105.20991671349566,-61.34959612765691,105.44069656982838,27,-0.03323693955894669,0.23077985633273101,-3695.779056146709,12310.32142871912,12853.116037616965,2554429.5829463704
2608,2026-09-21T06:33:30.299259Z,18.080941321301943,-25.380365205685564,18.055641336914395,-25.371040802658854,34,-0.02529998438754788,0.009324403026710115,-2813.2299080818675,985.6978347164011,2980.9164221859055,2553451.2667398807
2609,2026-09-21T06:33:40.521876Z,32.730493984525864,-136.33271693516397,32.712095388186704,-136.34108516560593,18,-0.018398596339160633,-0.008368230441959668,-2045.8305702958135,-782.8429093768511,2190.4944033283673,2552473.3975285594
2610,2026-09-21T06:33:45.989352Z,-2.8376207712651693,-53.462087951301356,31.198132564020103,-151.26743119747334,1,34.03575333528527,-97.80534324617199,3784603.095409341,-10544080.862008395,10913163.205310488,2555676.7269568285
2611,2026-09-21T06:34:02.723129Z,39.710133832211135,-126.67000097143972,39.72511251733057,-126.70858999346534,34,0.014978685119437785,-0.03858902202563286,1665.553793087828,-3300.576017134223,3697.00840192523,2554699.331430764
2612,2026-09-21T06:34:14.501743Z,47.32968611123893,-34.2884485670007,47.25247549795307,-34.248439320757,20,-0.07721061328585677,0.040009246243698726,-8585.428480502234,3017.5227550558147,9100.275783829287,2553724.752925539
2613,2026-09-21T06:34:29.733065Z,-33.11446582119719,-15.775591354326906,-33.627275613390864,-15.981197647478472,32,-0.5128097921936714,-0.2056062931515612,-57021.8472255867,-19093.0022466774,60133.41896804931,2552770.4508459535
2614,2026-09-21T06:34:41.861816Z,26.077573443215567,-87.55772897685654,26.148521599755984,-87.55297941681391,27,0.07094815654041753,0.004749560042625944,7889.075062078397,474.21966989467035,7903.315100699696,2551796.8980013686
2615,2026-09-21T06:34:50.333554Z,11.815765672339849,-99.52181737256417,11.936841792900696,-99.47142450409066,13,0.12107612056084704,0.05039286847352287,13463.050344171135,5483.485287525581,14536.929617776252,2550826.6265029428
2616,2026-09-21T06:35:03.009880Z,-22.97634131856447,-14.873649472371426,-22.992002082596656,-14.809672746206365,30,-0.015660764032187302,0.06397672616506611,-1741.397507756811,6549.135489539956,6776.698300038143,2549854.130353018
2617,2026-09-21T06:35:15.938098Z,48.86655901688656,105.97836970903728,48.9016194471919,106.09320737336608,21,0.0350604303053359,0.11483766432880316,3898.5419759284896,8396.936696651886,9257.815679995696,2548883.325494526
2618,2026-09-21T06:35:35.677855Z,4.436310843928044,-177.8404885913729,5.207149232543304,179.99999939241448,38,0.7708383886152603,-2.1595120162126022,85713.31807688373,-239276.9840096368,254163.95897148328,2548006.809311744
2619,2026-09-21T06:35:46.803499Z,-1.7793214102374677,89.88427234677704,-1.9151079408927727,89.826002022771,21,-0.135786530655305,-0.05827032400605958,-15098.773315535764,-6475.997316954131,16428.982840974408,2547040.189294
2620,2026-09-21T06:36:01.280493Z,61.58923946545137,169.8601788611296,61.520361976662706,169.96568027211632,26,-0.06887748878866518,0.10550141098670451,-7658.8273133170405,5587.791976211098,9480.559369779794,2546071.6550841057
2621,2026-09-21T06:36:13.458236Z,38.54646985652755,-11.528163045304808,38.50180959352685,-11.520329363297867,22,-0.044660263000700695,0.007833682006946674,-4965.994668289614,681.4745984441812,5012.5353470373575,2545102.1552291885
2622,2026-09-21T06:36:28.941154Z,-1.485880893990914,-7.057915413095145,-1.550229959959645,-6.987333489284976,22,-0.06434906596873091,0.07058192381018102,-7155.289670038905,7845.5972753131555,10618.453765939084,2544135.5329174176
2623,2026-09-21T06:36:34.606434Z,58.96894731444207,107.45110549287205,18.203307942303734,18.108096154257808,1,-40.76563937213834,-89.34300933861424,-4532932.279603458,-7765507.23052457,8243922.578508552,2546308.5359847415
2624,2026-09-21T06:36:46.082297Z,-19.689974519123997,-23.056608154505113,-19.682705928189534,-22.971556493360062,26,0.0072685909344620825,0.08505166114505869,808.230435766816,8904.541627166698,8941.146247979956,2545341.551461214
2625,2026-09-21T06:36:59.862126Z,23.991336739883586,179.58248701978107,23.882018924091387,-178.87093736361874,26,-0.10931781579219901,1.5465756166001938,-12155.586507956954,157180.86496472498,157649.36955169018,2544431.9544395343
2626,2026-09-21T06:37:10.083534Z,11.708687633743292,-36.91262886428538,11.74914321576835,-36.93413342609082,15,0.040455582025058945,-0.021504561805443245,4498.455475639358,-2341.27078053542,5071.257267606533,2543464.9473195146
2627,2026-09-21T06:37:26.769130Z,-26.775745898532413,2.9449517700261367,-26.81541924473843,2.978582145861636,37,-0.03967334620601548,0.03363037583548589,-4411.474821122074,3337.978907020251,5532.017030908436,2542498.8517998005
2628,2026-09-21T06:37:50.316635Z,-71.02371886174265,-179.3498421632216,-82.46632771444013,-111.02332775890771,42,-11.442608852697475,68.32651440431391,-1272360.0519980742,1742006.4748137454,1956082.6228251404,2542275.71016016
2629,2026-09-21T06:38:09.107757Z,71.85422015514995,-137.4995014571145,71.82452170663232,-137.35486671314848,35,-0.029698448517621046,0.14463474396600873,-3302.3168043740766,5012.673552113561,6002.6797450516915,2541310.9809739995
2630,2026-09-21T06:38:30.499049Z,-53.07425918723769,103.44982908297521,-83.08010168556787,-179.9999988756099,45,-30.005842498330175,76.5501720414149,-3336497.4555100063,3178013.7906230735,3987705.1895090793,2541860.9407491083
2631,2026-09-21T06:38:47.435885Z,27.0263987301747,155.9632376084473,26.31581997922805,-179.93337886481854,32,-0.7105787509466523,24.103383526734206,-79012.75208669518,2394997.658813462,2392667.9178797104,2541804.234925137
2632,2026-09-21T06:39:03.627558Z,-38.43681900680554,-10.336592578297314,-38.44039154019878,-10.270347285678614,32,-0.0035725333932390413,0.06624529261870293,-397.2475885964517,5769.711872388435,5783.370926424819,2540840.7011622195
2633,2026-09-21T06:39:09.743967Z,38.788104901459,124.66555787827343,2.5617417561797398,21.753701964278232,1,-36.22636314527926,-102.9118559139952,-4028187.792538473,-10706313.791677056,10941046.55036692,2544031.0565929846
2634,2026-09-21T06:39:20.867233Z,38.6395909788228,23.52860854322074,38.57309352482551,23.462534161848712,18,-0.06649745399729312,-0.06607438137203303,-7394.179519278927,-5741.429767018041,9361.51132740735,2543068.7674717754
2635,2026-09-21T06:39:39.004244Z,-40.983791113458544,88.15184237494634,-41.03273435147886,88.19507038490079,33,-0.048943238020314084,0.04322800995444709,-5442.239761416003,3627.2344426457103,6540.244677317329,2542106.1380513604
2636,2026-09-21T06:39:58.945956Z,-62.64902500944198,82.74691784266554,-62.64769231836324,82.87278257649348,37,0.0013326910787370139,0.12586473382793884,148.18848674002012,6430.245635793086,6431.951929519818,2541144.197920054
2637,2026-09-21T06:40:21.596039Z,60.44028260728229,65.50555127425747,60.48868861970995,65.46130743355377,43,0.0484060124276553,-0.04424384070370024,5382.50300104873,-2425.2251986161123,5903.647345489216,2540182.7870172956
2638,2026-09-21T06:40:30.516360Z,18.19685967276544,91.79320510059517,18.15964095467125,91.87305270716215,16,-0.037218718094191416,0.07984760656697176,-4138.532628288125,8435.520248204244,9396.033723908613,2539223.428884887
2639,2026-09-21T06:40:44.697365Z,3.328366687828617,17.23811849004568,3.2391069412135174,17.30482845809621,21,-0.08925974661509972,0.06670996805053164,-9925.230977177913,7405.630818222967,12383.600709983402,2538265.9298973256
2640,2026-09-21T06:41:00.629880Z,-53.388188070993046,-100.61808946626677,-53.010729186599995,-102.50163502154115,27,0.3774588843930502,-1.8835455552743952,41971.512961422195,-125461.51228761968,132291.07293540586,2537354.57578484
2641,2026-09-21T06:41:18.364902Z,-74.67902650908177,-61.89442911668631,-72.28630477071088,-48.954945620944976,30,2.3927217383708808,12.939483495741342,266058.51817899116,409060.02879572264,486429.11763007694,2536578.004236883
2642,2026-09-21T06:41:37.307573Z,19.84773261438699,39.080908615036066,19.838404653208755,38.999635439802965,49,-0.009327961178236421,-0.0812731752330933,-1037.2219589572906,-8500.59103023096,8563.636823065472,2535621.1479282477
2643,2026-09-21T06:41:54.595300Z,-64.86308596504371,-174.71044853987328,-63.891448599478124,179.90747476800095,31,0.9716373655655843,-5.382076692125793,108041.14558917745,-258799.9898595387,280335.08156135416,2534767.8425682904
2644,2026-09-21T06:42:08.025122Z,46.080432838413856,151.87015422788204,45.92603811275281,151.72589848598426,22,-0.1543947256610423,-0.1442557418977799,-17167.910194186366,-11142.020605107597,20466.59260407576,2533816.89655847
2645,2026-09-21T06:42:16.947652Z,-32.406013222195696,73.1275173581613,-32.437069504427726,73.12198687492352,11,-0.031056282232029275,-0.005530483237777162,-3453.301024643208,-519.1053948698315,3492.0994205695697,2532860.25202269
2646,2026-09-21T06:42:33.128910Z,-16.43730643285107,18.274180376303093,-16.51885298306577,18.330701286571152,31,-0.08154655021469992,0.05652091026806261,-9067.562669240382,6026.709619517684,10887.69551471028,2531907.125584101
2647,2026-09-21T06:42:54.573969Z,-63.28187700896911,140.03440237110556,-63.26323159386771,140.0056092100537,43,0.018645415101403273,-0.028793161051851257,2073.2755644578847,-1439.9336665836702,2524.2583585559487,2530951.559710574
2648,2026-09-21T06:43:11.258881Z,2.572534206592461,-21.6986963851964,-89.98345914631757,74.7178795509142,30,-92.55599335291004,96.41657593611058,-10291756.891391097,7750249.214262186,10293801.687640386,2533883.14963804
2649,2026-09-21T06:43:23.986948Z,5.122255883864678,-47.996370052356156,-89.99982125709279,95.07483543255898,23,-95.12207714095747,143.07120548491514,-10577092.389966823,11740668.692029946,10577128.15324702,2536919.4822177337
2650,2026-09-21T06:43:30.601936Z,2.843197476516122,93.1572348625827,-89.99999999999999,95.00824097005813,19,-92.84319747651611,1.8510061074754276,-10323692.532847488,149104.3506106446,10323692.532847488,2539857.8871424994
2651,2026-09-21T06:43:44.529965Z,3.1455654657670027,153.71789339458797,3.0690210332204964,153.69486778678302,24,-0.07654443254650634,-0.023025607804953552,-8511.352562058146,-2556.5665174171545,8887.021650287019,2538903.164069888
2652,2026-09-21T06:44:03.968889Z,-60.10490637172071,31.190849932587525,-60.058187467430834,34.52660489699017,38,0.04671890428987524,3.335754964402639,5194.905135426838,185002.13875687207,185055.38837240232,2538015.5894938335
2653,2026-09-21T06:44:14.392705Z,-24.24061083532383,-103.54352686165298,-23.95312196768522,-103.24418826669124,15,0.28748886763861137,0.2993385949617391,31967.303548202646,30384.367810528176,44103.45625935203,2537075.55476589
2654,2026-09-21T06:44:27.123401Z,56.50299117844518,173.342630717847,56.08386681724827,-179.99999999868376,29,-0.4191243611969071,6.657369283469279,-46604.502598237625,410802.92083941697,413272.0506627004,2536275.327371729
2655,2026-09-21T06:44:42.906271Z,30.14706210866703,-58.226660876710994,30.518404765957293,-57.165154638631385,29,0.3713426572902634,1.0615062380796019,41291.419537386355,101876.08514956544,109925.28685821056,2535361.447883777
2656,2026-09-21T06:44:55.335081Z,-69.58445942845086,-127.9553129390437,-69.60230094887918,-106.62893291563616,19,-0.017841520428319768,21.326380023407523,-1983.8865552544128,826855.4105560991,822664.220787318,2534716.607060322
2657,2026-09-21T06:45:11.719455Z,-42.66828956971595,-65.04061187803958,-45.02319796954422,-66.05953433858018,27,-2.3549083998282683,-1.0189224605405798,-261853.86677355948,-81712.08376555881,274300.3572924587,2533865.8670340637
2658,2026-09-21T06:45:27.602483Z,-23.784001669161213,89.23150139431641,-23.805898871037016,89.05392059572719,26,-0.021897201875802352,-0.1775807985892186,-2434.857756300936,-18067.572564966904,18230.898547655255,2532919.427994001
2659,2026-09-21T06:45:44.090066Z,-15.246582478786607,140.38340095627535,-15.310363928603559,140.29795178408614,28,-0.06378144981695222,-0.08544917218921455,-7092.173633679607,-9165.697572875759,11589.172841445887,2531971.203001465
2660,2026-09-21T06:45:51.760958Z,4.040033015323782,-50.15959802836534,89.99999999999999,95.33003793089645,29,85.9599669846762,145.48963595926182,9558312.22322976,11029037.179807132,9558312.223229766,2534612.684588017
2661,2026-09-21T06:46:05.640878Z,-4.730767751008057,84.71402337097612,-61.253717964867796,-131.0184638480316,25,-56.52295021385974,144.26751278099232,-6285065.302764179,13454981.275610063,12060978.772125863,2538192.679359734
2662,2026-09-21T06:46:26.387428Z,40.14201878359871,-92.71563047557287,40.05666432597551,-93.10953858754107,40,-0.08535445762319682,-0.3939081119681873,-9490.982654197467,-33504.32800235049,34822.64009279288,2537252.2698784163
2663,2026-09-21T06:46:43.171626Z,-35.860683293769114,-41.20317537834339,-37.20107662071095,-40.98534414649656,32,-1.340393326941836,0.21783123184684428,-149044.9376641535,19463.03418254804,150310.2034461782,2536355.934141867
2664,2026-09-21T06:47:00.656982Z,42.13639553914055,-155.51316310687167,42.15532914950477,-155.6207614720788,33,0.01893361036422192,-0.10759836520713861,2105.3214155663136,-8870.866616316309,9117.271516101704,2535407.2709802203
2665,2026-09-21T06:47:15.591442Z,62.727378656519285,164.1454514317648,62.82495072089401,-179.9999947979204,30,0.09757206437472377,15.854553770314794,10849.51854070557,806491.158919812,804526.8205384893,2534757.784882494
2666,2026-09-21T06:47:28.071280Z,-14.136867153094448,47.134173244257056,-72.9145060558688,-179.99999999999997,21,-58.77763890277435,132.865826755743,-6535775.246134355,10712124.869125227,9754887.313603904,2537466.010512172
2667,2026-09-21T06:47:48.263484Z,-52.83941368243379,123.58629927394242,-70.4065000526161,-179.9915667212418,42,-17.567086370182302,56.4221340048158,-1953370.8802910487,2981785.8785838964,3376320.344881661,2537780.541571178
2668,2026-09-21T06:48:06.550913Z,28.92494458925156,-36.00509372460047,28.687021291206904,-35.881177009533815,35,-0.23792329804465595,0.12391671506665602,-26455.863673107007,12073.857690078014,29080.755655798905,2536840.2492975965
2669,2026-09-21T06:48:11.466266Z,-29.79312766295244,-122.36839343319556,28.687021291206904,-35.881177009533815,0,58.48014895415935,86.48721642366172,6502695.873120616,9616491.67143509,11237534.455457103,2540100.157205487
2670,2026-09-21T06:48:25.894465Z,-68.34720354181361,116.17039681561079,-68.35201812286495,116.45481450748261,25,-0.004814581051334699,0.2844176918718233,-535.3569868274443,11668.090953982184,11680.355752090807,2539153.1834970773
2671,2026-09-21T06:48:32.561426Z,-17.944474528370456,-121.67264294371293,81.70847113694876,59.445187097434975,1,99.65294566531921,-178.8821699588521,11080901.983169366,-16890018.979541548,12924668.42271565,2543041.433305845
2672,2026-09-21T06:48:46.540285Z,-58.13266562792883,-122.36799161689737,-89.99999999905327,85.48907070632639,27,-31.867334371124443,-152.14293767677623,-3543485.9077548077,-4644270.996088209,3543485.907953151,2543415.851148153
2673,2026-09-21T06:48:57.517668Z,-50.32651526791206,-10.870594401395067,-89.99999999984897,108.44789599896778,34,-39.67348473193691,119.31849040036286,-4411490.224501746,4502247.153030083,4411490.224526764,2544114.7192264837
2674,2026-09-21T06:49:03.133193Z,41.80900141047258,74.35701267941673,-89.99999999989939,150.48703471743073,8,-131.80900141037196,76.13002203801398,-14656492.24291885,7727661.299990996,14656492.242927356,2548644.404164293
2675,2026-09-21T06:49:18.616654Z,-1.0438425278248404,-170.08927176731657,5.124279020484786,179.99999999979275,28,6.168121548309626,-9.910728232890733,685863.823099011,-1101324.108400552,1296974.7252512623,2548176.490265634
2676,2026-09-21T06:49:26.082456Z,24.354929148696364,-18.922338881221265,-89.99999999999869,179.99999999999997,26,-114.35492914869505,-161.0776611187788,-12715687.958132857,-15051586.81972842,12715687.958133142,2551976.008751384
2677,2026-09-21T06:49:33.500302Z,36.75097573512676,8.05855490511425,-89.99999999910379,162.49118921829108,10,-126.75097573423055,154.43263431317683,-14094065.44889401,15351237.838754145,14094065.449083561,2556287.5849338016
2678,2026-09-21T06:49:52.689990Z,-42.26126803032909,14.94644889940497,-42.294285970081866,15.192755045133561,38,-0.03301793975277434,0.246306145728596,-3671.4273887642025,20264.159622558964,20594.05784541626,2555340.7240200266
2679,2026-09-21T06:50:03.411743Z,-25.783140725366863,-46.46140150341597,-25.91935614663344,-46.46191197518203,15,-0.13621542126657715,-0.0005104717660628921,-15146.463775594711,-51.08166007911865,15146.549912085937,2554392.5365716848
2680,2026-09-21T06:50:17.139874Z,13.616960126548854,-96.6662232048575,13.728123172369138,-96.58803222003525,22,0.11116304582028391,0.07819098482224263,12360.76672557219,8448.062195327882,14971.916441091542,2553444.9915641737
2681,2026-09-21T06:50:33.373819Z,-21.96710536043201,154.23349223808708,-31.485999669968507,-179.99999999513528,30,-9.518894309536496,25.766507766777636,-1058452.754486218,2559005.910751524,2760348.008905484,2553522.165386382
2682,2026-09-21T06:50:44.848338Z,-18.06068310523775,-39.69411308734789,-17.84154851955856,-38.64904233277169,16,0.2191345856791891,1.0450707545761873,24366.654179883204,110549.60938668682,113202.90719150558,2552612.277519792
2683,2026-09-21T06:51:02.333151Z,30.89389650444691,-167.3648697795892,30.86022693307527,-167.39860203296078,33,-0.033669571371639506,-0.03373225337156782,-3743.8855188231896,-3219.248319827706,4937.634841278104,2551662.715595573
2684,2026-09-21T06:51:20.574920Z,14.954413329704321,-115.96169079957875,15.063018847199643,-115.97830816194423,36,0.10860551749532199,-0.01661736236547995,12076.38255108667,-1784.7325041226936,12207.550305879024,2550716.5698558977
2685,2026-09-21T06:51:34.807449Z,-2.5065802189002815,51.43507386412796,-2.6149292132980504,51.28351665641617,27,-0.1083489943977689,-0.1515572077117895,-12047.85848407162,-16835.56391692089,20702.343373416432,2549774.2926765746
2686,2026-09-21T06:51:55.246075Z,-36.40028753623749,-159.08442051527805,-29.51903441187434,179.9999999948743,41,6.881253124363152,-20.915579489847687,765160.4363862013,-1951392.760569552,2090552.5166745544,2549603.324033238
2687,2026-09-21T06:52:05.420279Z,8.519148267868783,-153.0056363432187,21.919895438195237,179.99999999947633,22,13.400747170326454,-26.99436365730503,1490095.098586728,-2896360.212985992,3248283.3751639854,2549863.346382003
2688,2026-09-21T06:52:17.597291Z,14.826430043470133,84.43137973547283,14.910487676500377,83.8898648057629,20,0.08405763303024472,-0.5415149297099333,9346.782338713298,-58197.60625987891,58943.373829972465,2548936.664844595
2689,2026-09-21T06:52:26.317944Z,-5.681798007658007,-137.41369892058788,21.222215178197946,179.99999455420013,10,26.904013185855952,-42.58630652521197,2991589.7726454935,-4691902.252322581,5523641.02527763,2550042.9141418925
2690,2026-09-21T06:52:43.352626Z,-27.274268790563333,130.75771447144353,-27.31922959715322,130.73592608390086,30,-0.04496080658988788,-0.021788387542670762,-4999.4135906427755,-2152.9676894699114,5443.289968627412,2549096.966326215
2691,2026-09-21T06:52:58.836238Z,-29.405930956757786,-49.66144294788532,-89.99951234484787,86.74167386458821,29,-60.59358138809009,136.4031168124735,-6737698.8375797765,7651717.205510049,6737792.332513688,2550653.523504285
2692,2026-09-21T06:53:19.276310Z,-46.655519447433925,113.16194736136941,-46.67540732953298,113.22846680510722,47,-0.019887882099055787,0.06651944373780339,-2211.431591120141,5075.9848135482525,5536.790482573637,2549708.086382063
2693,2026-09-21T06:53:33.506682Z,7.76348253845135,149.52045154544635,7.66712983773366,149.50492409486438,26,-0.09635270071768964,-0.01552745058197047,-10713.93148830862,-1710.9436967444758,10849.684582577163,2548765.3242573696
2694,2026-09-21T06:53:49.195307Z,-18.6651657569839,66.16808837291796,-18.74940190804649,66.16602668406776,29,-0.08423615106259064,-0.002061688850204746,-9366.632638224735,-217.13798583341426,9369.149154161909,2547822.712462602
2695,2026-09-21T06:53:56.113154Z,-45.096877621502784,-93.23162999091326,44.42100022048671,145.26616119334454,2,89.5178778419895,-121.50220881574216,9953933.860016594,-13510194.19608093,15499913.076734612,2552628.682913167
2696,2026-09-21T06:54:06.535622Z,37.20615328312147,21.847315556310917,37.13033824769864,21.730982087259623,16,-0.07581503542283485,-0.11633346905128406,-8430.247302396745,-10307.998224952014,13316.299839757965,2551686.8014654396
2697,2026-09-21T06:54:24.471608Z,-44.25324584611843,78.13416177703755,-44.2685519433049,78.196696485821,37,-0.015306097186467582,0.06253470878345979,-1701.9603538637496,4979.912835954349,5262.717846605304,2550742.6323576835
2698,2026-09-21T06:54:36.200890Z,-35.19280045649893,-25.892808567835772,-35.34620188974711,-25.94323985285312,20,-0.15340143324817745,-0.05043128501733918,-17057.461117201266,-4578.381504590281,17661.215281070658,2549803.7585930144
2699,2026-09-21T06:54:52.834233Z,-23.525820327741606,91.66972759562691,-23.58297430032975,91.67925629515578,37,-0.05715397258814292,0.009528699528857487,-6355.2317893836735,971.2630670332345,6429.021925534802,2548861.4189351164
2700,2026-09-21T06:55:05.570624Z,15.870513043183642,-30.925687019385663,15.817707373149805,-30.950914941795986,22,-0.052805670033837515,-0.025227922410323345,-5871.722605829336,-2698.6414263563584,6462.181617613776,2547919.789587962
2701,2026-09-21T06:55:22.354001Z,-45.41254787375928,177.71215432539975,-71.5208665412672,-77.19240489125549,27,-26.108318667507916,105.09544078334477,-2903112.579046306,6111748.6886525685,5767153.964213698,2549111.6571091115
2702,2026-09-21T06:55:35.533206Z,-41.21855683043692,-84.9141326747771,-46.66588356153558,-87.35711099459911,23,-5.447326731098663,-2.442978319822032,-605715.0962734597,-195596.54777126803,636425.0281095352,2548403.7790080756
2703,2026-09-21T06:55:41.198856Z,1.779490674662956,129.11577516201925,-89.25238881627993,-89.59019839946085,1,-91.03187949094288,141.2940264385199,-10122283.162311705,11351758.666406153,10270278.627698854,2551260.5584563515
2704,2026-09-21T06:55:54.324012Z,32.808990512162715,53.10347084207976,-89.99272603022393,-105.62240812224559,25,-122.80171654238666,-158.72587896432535,-13654927.86275658,-15497170.47331104,13656490.398013853,2555367.522154413
2705,2026-09-21T06:56:05.247456Z,26.933100042468613,40.65193438148836,-89.99999632029389,-98.45551111620637,29,-116.9330963627625,-139.10744549769473,-13002367.072378494,-13183953.66609671,13002367.79084647,2559229.6294626174
2706,2026-09-21T06:56:22.732368Z,-23.021053064313158,-173.1639193445843,-23.363388984118146,-170.13440850102816,32,-0.342335919804988,3.0295108435561247,-38066.01749051318,309643.6765619076,311968.4608829107,2558399.1560078575
2707,2026-09-21T06:56:42.175473Z,-41.76841324593604,61.27399846820944,-41.80862203836054,61.26184738289508,42,-0.04020879242450093,-0.012151085314371812,-4471.0137241086695,-1007.4221867613861,4583.106265448272,2557455.744094395
2708,2026-09-21T06:57:00.865494Z,-34.91408691829867,118.28806648783029,-34.936452320667904,118.29667901503123,40,-0.0223654023692319,0.008612527200938302,-2486.9192758227814,785.192564892252,2607.929222344829,2556512.299554191
2709,2026-09-21T06:57:09.988806Z,14.77172436284327,73.70683157958837,14.8264222149105,73.70667239244571,15,0.054697852067228325,-0.0001591871426569469,6082.123648230378,-17.113623130334545,6082.147724976207,2555570.8340127263
2710,2026-09-21T06:57:22.720663Z,-16.210077570372704,-21.962108225819776,-16.19789173195669,-21.928740875327918,32,0.012185838416012729,0.033367350491857906,1355.0034087709812,3562.886545392589,3811.8492474398054,2554629.225531263
2711,2026-09-21T06:57:41.658262Z,83.67737889319231,-79.36685442096402,83.95786542762195,-74.93487753165343,33,0.28048653442964167,4.43197688931059,31188.679620690502,53072.83579022075,61535.58805878428,2553709.6041231207
2712,2026-09-21T06:57:54.735971Z,-28.50815828287586,-53.394554901357026,-29.26720445833159,-53.80956427413001,24,-0.7590461754557296,-0.41500937277299954,-84402.08379963272,-40404.800175981196,93574.6347989351,2552802.4747096533
2713,2026-09-21T06:58:10.418182Z,-11.72968547049142,142.23347473170975,-23.15488071002519,-179.9961458698585,26,-11.42519523953377,37.770379398431714,-1270423.746559719,4006761.7419091854,4188569.18290282,2553405.411203643
2714,2026-09-21T06:58:23.095709Z,-6.346776299755653,-134.29508028697927,-6.349016982744946,-134.3661688326494,21,-0.002240682989292253,-0.07108854567013623,-249.15258062806268,-7856.221007961373,7860.170826987006,2552467.480017063
2715,2026-09-21T06:58:28.310183Z,-2.5715463341621843,-122.7192497240924,-6.349016982744946,-134.3661688326494,0,-3.7774706485827614,-11.646919108557,-420035.57167113386,-1291156.149581291,1357521.21831509,2552027.3524805247
2716,2026-09-21T06:58:42.587909Z,-6.204637144601582,-141.83864447206162,-6.1937084454694515,-141.92114404023755,29,0.010928699132130681,-0.08249956817593329,1215.215898317724,-9119.891406735362,9200.498275719166,2551091.112843483
2717,2026-09-21T06:59:00.276067Z,-16.209548261525974,114.81891675443421,-21.365379041657476,-179.98709702823604,31,-5.155830780131502,65.19398621732978,-573302.2253884805,6862999.16357044,6840500.42993738,2552669.8428092888
2718,2026-09-21T06:59:13.007654Z,29.07859309578434,-51.21628752456715,29.28735212585833,-50.72260133904907,35,0.20875903007399188,0.4936861855180723,23212.945035466757,47927.362731484434,53252.83671054591,2551750.2633368466
2719,2026-09-21T06:59:28.940457Z,56.82860211220126,-133.99154853272063,56.81997467414428,-133.8980680637817,30,-0.008627438056983294,0.09348046893893525,-959.3273418767318,5687.98781945028,5768.319414272951,2550813.8963107625
2720,2026-09-21T06:59:42.423455Z,-61.317300084654626,-160.8741799130754,-62.90519149731821,-107.27482702811689,21,-1.5878914126635806,53.599352884958535,-176565.4691506516,2787816.631790973,2712322.2863900797,2550873.2743953504
2721,2026-09-21T06:59:58.606180Z,-19.244729080930647,70.92209452050409,-19.31617322015288,70.94697932978548,33,-0.07144413922223336,0.024884809281388698,-7944.22581999988,2611.870034929942,8362.570641759621,2549938.871343622
2722,2026-09-21T07:00:11.984848Z,-24.850343304956823,34.655062881659774,-24.882284560013492,34.7326374246101,24,-0.031941255056668894,0.07757454295031607,-3551.7055129614387,7826.200891918852,8594.418432246322,2549005.240023669
2723,2026-09-21T07:00:25.664476Z,-11.135820016648923,94.05954486341341,-11.241905303884351,94.01495707291966,31,-0.10608528723542854,-0.04458779049375039,-11796.14573221042,-4863.700069986995,12759.491561585042,2548073.8240308445
2724,2026-09-21T07:00:33.585291Z,14.318900408518072,70.20806645656734,14.36548637574881,70.18991847803801,10,0.04658596723073849,-0.018147978529327702,5180.123208887784,-1955.070444895967,5536.783962728597,2547140.4403891163
2725,2026-09-21T07:00:45.808382Z,48.84681413094244,167.85538560226718,48.78174948269348,167.91330830435066,18,-0.06506464824896341,0.05792270208348782,-7234.858789197503,4241.2201045612655,8386.36508266129,2546208.787517444
2726,2026-09-21T07:01:00.541523Z,25.528526805367942,-120.2362525384456,4.751362498813052,179.99999858568054,25,-20.77716430655489,-59.76374887587383,-2310315.260949315,-6414768.1402890105,6755687.886785405,2547752.9838121133
2727,2026-09-21T07:01:19.834259Z,-40.483527933432015,-142.05389562587558,-4.56229551280478,179.9684272671511,36,35.921232420627234,-37.97767710697332,3994258.8039937904,-3900827.449883334,5505560.602569027,2548837.6217361162
2728,2026-09-21T07:01:33.062406Z,-1.0005054564348257,47.84213001320711,-1.1313424842735285,47.896159833355405,24,-0.13083702783870277,0.054029820148286944,-14548.413712916643,6006.8022475648895,15739.695013157268,2547909.06677764
2729,2026-09-21T07:01:44.488422Z,4.897005392961277,33.11499748884688,4.830614204832097,33.04037004998564,30,-0.0663911881291801,-0.0746274388612278,-7382.363293869281,-8268.311213419065,11084.414745017422,2546979.4864727547
2730,2026-09-21T07:01:52.712845Z,34.69799847934092,19.631361209433663,34.64628611108954,19.505540788259434,8,-0.051712368251379814,-0.12582042117423953,-5750.152994328587,-11506.153334072638,12862.961746822777,2546051.2386614997
2731,2026-09-21T07:02:04.138643Z,56.173218197312416,-178.3766315092552,55.96497587125623,179.87210100293143,18,-0.20824232605618676,-1.7512674878133794,-23155.49017010997,-108698.01465203469,111133.7151570176,2545159.654068492
2732,2026-09-21T07:02:20.071417Z,-4.776747468161711,-161.38171007079058,7.210368702018565,179.99999983723754,29,11.987116170180276,-18.618290091971858,1332906.5032229996,-2069792.5490896783,2458653.530586661,2545127.990040863
2733,2026-09-21T07:02:36.007325Z,-11.248379898726848,110.80253651498731,-11.329860897288402,110.81446924267473,35,-0.08148099856155433,0.01193272768742304,-9060.273657977428,1301.1865146192326,9153.231384793902,2544200.0812378423
2734,2026-09-21T07:02:58.699475Z,-60.32292033865478,36.34509848512411,-60.321706507288646,36.38498917437397,44,0.0012138313661367306,0.039890689249858724,134.97188971643828,2196.176744783844,2200.3203304131307,2543270.3080992512
2735,2026-09-21T07:03:04.364131Z,-40.01805148084603,-99.67395790162328,50.44585454288198,143.90810996970822,2,90.46390602372801,-116.4179321286685,10059127.39428869,-12891521.578645928,15062570.66175036,2547847.7488135663
2736,2026-09-21T07:03:13.034332Z,31.516027407641143,85.32154083528593,31.59535418152483,85.35238201028858,11,0.07932677388368603,0.03084117500264938,8820.734802945966,2922.2859613242413,9292.207204939265,2546919.914185785
2737,2026-09-21T07:03:22.859457Z,3.633763690817724,-90.64283570931852,3.749322750353084,-90.69815265197037,14,0.11555905953535994,-0.055316942651870704,12849.581148148543,-6138.200945032213,14240.408476608913,2545994.5654442036
2738,2026-09-21T07:03:26.825725Z,-25.593482099078486,-90.18819932365938,-0.9771689726242585,-91.20310469330765,1,24.616313126454227,-1.014905369648261,2737209.132355566,-109832.14711498897,2739372.056450929,2546065.192723607
2739,2026-09-21T07:03:43.007811Z,-44.063918847549,-31.978007804602754,-44.57936909579396,-31.768182014249813,33,-0.5154502482449601,0.20982579035293725,-57315.45254251793,16692.073554622842,59696.557787989914,2545157.4276141017
2740,2026-09-21T07:03:55.433888Z,-40.37293498631498,-88.24842968270809,-59.533228021689,-87.75828254888272,16,-19.160293035374018,0.49014713382536,-2130527.3785566636,35067.30697781621,2130801.7307335963,2545006.202907211
2741,2026-09-21T07:04:10.165294Z,23.808615943602405,-127.09613737354707,23.817088905039682,-127.18080881277731,26,0.008472961437277604,-0.08467143923024878,942.1503254802582,-8613.524329618767,8664.897356428932,2544080.8686111327
2742,2026-09-21T07:04:23.144224Z,13.315350291446803,-128.90197240366956,13.346930043657352,-128.9623978317328,33,0.03157975221054876,-0.06042542806324036,3511.5082305053115,-6537.948805556943,7421.284468469596,2543155.755706631
2743,2026-09-21T07:04:38.576912Z,-53.7856796216602,-172.21238360100367,-57.431962423349596,-160.49393051945438,26,-3.646282801689395,11.718453081549285,-405448.14865916845,736004.8499327583,838721.0432695051,2542534.3795810617
2744,2026-09-21T07:04:52.556259Z,22.67614080662202,172.6884884877116,21.37286852841029,-179.97283098524255,24,-1.303272278211729,7.338680527045881,-144917.26537364014,756473.5094784128,770133.896713632,2541888.4610377424
2745,2026-09-21T07:05:13.797465Z,-76.86621180464064,173.09564606137127,-77.5331092265867,-164.05907088423098,40,-0.6668974219460608,22.845283054397783,-74155.60991273756,562809.8004355902,563978.2691711029,2541167.910876771
2746,2026-09-21T07:05:30.734038Z,-26.917275223226643,108.03420446404454,-27.201104653092663,-179.9999999994942,38,-0.2838294298660209,71.96579553646126,-31560.39263351912,7126283.502551689,7016263.434881737,2542797.588780633
2747,2026-09-21T07:05:43.911028Z,29.2890375036385,-15.605631335717618,29.18876256857747,-15.393040516547915,22,-0.10027493506103013,0.2125908191696908,-11150.064048399137,20627.18834201099,23447.910355196975,2541880.461121942
2748,2026-09-21T07:05:55.842232Z,20.96458544999148,67.59412885730896,21.015450595092545,67.55410583793262,27,0.0508651451010671,-0.04002301937634911,5655.9460782779925,-4155.043701221787,7018.1274193894005,2540958.0221358784
2749,2026-09-21T07:06:03.259479Z,40.27135221454015,63.967376702536484,40.33623000387855,63.76212932006908,9,0.0648777893383965,-0.20524738246740526,7214.0810263441335,-17404.996515992007,18840.82352263452,2540040.554984691
2750,2026-09-21T07:06:15.936452Z,37.739636846096204,-14.802933778009447,37.700903052432615,-14.828294805724568,21,-0.038733793663588756,-0.025361027715121054,-4307.001345088225,-2230.654066800973,4850.3688099269675,2539118.6676442637
2751,2026-09-21T07:06:32.619855Z,-11.491703322386476,109.11485734950907,-11.59302788469685,109.1380267102059,36,-0.10132456231037423,0.023169360696840613,-11266.777273394084,2524.2145896924685,11546.078449035058,2538199.8844420845
2752,2026-09-21T07:06:50.507435Z,-41.20869832039213,-56.360799488759554,-42.755711685255314,-56.44945613596088,39,-1.547013364863183,-0.08865664720133282,-172020.0376241136,-7328.095930935662,172176.02371248158,2537340.1373996683
2753,2026-09-21T07:07:04.739575Z,3.2609586640423642,-178.03208241784282,1.4685473918771852,-174.00902148933898,23,-1.792411272165179,4.023060928503838,-199307.03992528727,446963.007573513,489369.70569401066,2536596.2324117622
2754,2026-09-21T07:07:13.711074Z,-29.15697738018119,69.62171979201958,-76.24941537020192,-179.99999995874575,30,-47.09243799002073,110.37828024923465,-5236440.187813786,7437056.848024911,7379102.710541944,2538354.586252768
2755,2026-09-21T07:07:23.184226Z,-12.435107689306719,-94.11856875526009,-12.355341348794537,-94.04229550484587,17,0.07976634051218134,0.07627325041420363,8869.612381956898,8283.503212543916,12136.162330942128,2537437.628567134
2756,2026-09-21T07:07:39.867845Z,79.69097527778585,118.07471645339172,86.1169251932815,-179.19852968918983,31,6.42594991549565,62.72675385741843,714533.0294751471,861630.3476276844,1022380.8149047769,2536887.8982283594
2757,2026-09-21T07:07:56.001255Z,32.14241606086958,-94.37016158239591,32.19035064636103,-94.34998963749533,40,0.04793458549145413,0.020171944900596372,5330.0827174595715,1898.7273991812356,5658.175239510867,2535969.7880640547
2758,2026-09-21T07:08:09.182179Z,37.635315415562964,64.09838937682261,37.66484227542217,64.04201784909888,32,0.029526859859203114,-0.056371527723740655,3283.237016088256,-4962.907348854556,5950.637982378642,2535052.4497210225
2759,2026-09-21T07:08:27.370842Z,-55.410996551856705,40.6002684169905,-55.43118043856069,40.66602466722928,34,-0.020183886703982523,0.06575625023879184,-2244.3458014514213,4149.722487984198,4717.762416656452,2534135.3295009052
2760,2026-09-21T07:08:39.798264Z,-10.264237864758671,33.83191910179252,-10.371039251300935,33.77094254488334,32,-0.1068013865422639,-0.06097655690916781,-11875.772342104197,-6670.646223827848,13620.993923529437,2533222.0996691743
2761,2026-09-21T07:08:57.587969Z,4.8070832260900005,174.80210250896113,4.582722234008722,176.10179576158913,32,-0.22436099208127835,1.2996932526280034,-24947.80405637817,144034.38631332153,146178.87796062545,2532357.5421821373
2762,2026-09-21T07:09:19.029874Z,-51.79264711339421,-35.01134546187103,-89.99999847693078,167.43339949271186,45,-38.207351363536574,-157.55525504541708,-4248463.632151331,-5733705.741017598,4248463.958037323,2532978.869631759
2763,2026-09-21T07:09:35.968044Z,-58.732633916192874,89.26087167015083,-59.916360569697154,92.51907025359489,35,-1.18372665350428,3.258198583444056,-131624.3984036174,184834.01453011134,226870.47012023316,2532144.2303268327
2764,2026-09-21T07:09:42.183732Z,62.73134718728425,99.11350484783202,65.80342254792747,79.28304438200544,1,3.0720753606432183,-19.830460465826576,341599.194373279,-957369.3690671695,1011331.8083510824,2531594.00875593
2765,2026-09-21T07:09:59.669341Z,-61.43140514776875,-133.60064868868787,-89.99999999805773,115.65033820054857,35,-28.56859485028898,-110.74901311076354,-3176682.8087160015,-3038455.2173731346,3176682.809008485,2531827.3139278116
2766,2026-09-21T07:10:15.855926Z,6.452320172928427,144.46468613875584,6.358748399695666,144.4092517152582,27,-0.09357177323276122,-0.05543442349764405,-10404.706460618168,-6125.545545634318,12073.947824624725,2530916.340187355
2767,2026-09-21T07:10:30.034748Z,16.4771134953349,38.19519347201651,16.539992257357603,38.042947662897454,25,0.06287876202270226,-0.1522458091190515,6991.799330615044,-16231.104538976355,17672.972769449054,2530008.048402961
2768,2026-09-21T07:10:44.014380Z,-41.62047624978434,178.62782046260378,-48.629028378262134,-165.959676186213,20,-7.008552128477795,15.412503351183204,-779315.4398106545,1209192.6281157916,1434467.9026889664,2529612.2607780644
2769,2026-09-21T07:10:58.947609Z,-51.61744458199054,138.41121047977447,-62.15670967925855,-179.83306789809996,28,-10.539265097268007,41.75572162212558,-1171912.8093782743,2536441.9413880496,2731851.843679455,2529685.297824977
2770,2026-09-21T07:11:12.930160Z,47.87448762602458,-51.32820774464105,47.80386730486827,-51.36202049008493,24,-0.07062032115631212,-0.0338127454438677,-7852.6214305913045,-2523.6338354836766,8248.174780512154,2528775.0317155747
2771,2026-09-21T07:11:24.854528Z,-58.494257703512424,-77.3529715938524,-58.628943838273685,-77.41898989753393,20,-0.13468613476126023,-0.06601830368151695,-14976.414874817483,-3828.8782900122637,15458.112735318558,2527868.0245272024
2772,2026-09-21T07:11:30.267511Z,21.744525388681268,129.1704960109878,-89.34596346630106,-77.5541360852338,1,-111.09048885498233,153.27536790377843,-12352698.759137928,14162717.6911036,12490347.264819218,2531461.9925071057
2773,2026-09-21T07:11:48.751945Z,66.48835355961802,-117.09603792286342,66.25508649843077,-115.79795440358869,35,-0.23326706118724871,1.2980835192747122,-25938.113757307914,57851.77779565628,63398.8698257704,2530571.9589251797
2774,2026-09-21T07:11:56.720705Z,39.28920982771474,165.03458687157632,29.24716361329672,-179.99974518777665,8,-10.042046214418022,14.965667940646995,-1116624.5921734807,1375235.8966763353,1767226.373552541,2530296.780271476
2775,2026-09-21T07:12:14.205754Z,7.0838607962092635,-51.57535541060139,7.214550502867078,-51.24442353317678,39,0.13068970665781432,0.3309318774246037,14532.032345014564,36511.85736886148,39297.5193863731,2529399.1228801664
2776,2026-09-21T07:12:32.342910Z,-43.150537591767964,69.52036171199296,-43.197479225797196,69.52550880999516,35,-0.04694163402923124,0.005147098002197481,-5219.67155245609,417.3891653694069,5236.333144038402,2528489.8423363133
2777,2026-09-21T07:12:43.021269Z,5.536063765892816,104.20202788196548,5.438736965891366,104.2029854073756,19,-0.09732680000145066,0.0009575254101150676,-10822.246386710945,105.98403346300366,10822.76533364979,2527583.2283366723
2778,2026-09-21T07:12:50.440821Z,-0.7147444291908297,-106.26335751428205,75.17983153315426,179.99792600608458,8,75.89457596234509,-73.73871647963335,8439091.806852853,-6528227.666501931,9627863.156437501,2530139.1246390846
2779,2026-09-21T07:13:02.619468Z,-37.3700872687475,74.15837902441399,-37.378006089897475,74.30270043844332,24,-0.007918821149978328,0.14432141402932075,-880.5327368832204,12753.027956502225,12783.388735480017,2529233.2751479354
2780,2026-09-21T07:13:12.540874Z,-18.709098445092273,-114.77081428107721,-69.11893940267596,179.99653453653613,15,-50.40984095758369,-65.23265118238669,-5605318.567442391,-5225315.426833467,7096927.7419693675,2530876.33071154
2781,2026-09-21T07:13:26.969893Z,-1.5202592502909007,133.4436773562702,-1.5646924973532876,133.4637820631874,25,-0.04443324706238694,0.020104706917209114,-4940.751647681671,2234.731349375801,5422.642418330979,2529968.2207912616
2782,2026-09-21T07:13:37.491418Z,-2.502411905475281,144.79682114921656,-2.5666421191651616,144.8189508284348,27,-0.06423021368988069,0.022129679218238607,-7142.073899610616,2458.300881262199,7553.308028510765,2529061.529593288
2783,2026-09-21T07:13:52.420665Z,-8.425393261504322,-17.007595593740547,-8.430259577196619,-16.962250456330075,32,-0.0048663156922970074,0.04534513741046453,-541.1096164342308,4987.7004160181905,5016.966714371703,2528154.578618484
2784,2026-09-21T07:14:09.105650Z,55.17474574424997,-173.55017988500865,55.12048767908323,-173.54468079046515,32,-0.05425806516673504,0.0054990945434951755,-6033.22157609079,349.43394537060044,6043.332408757544,2527248.6478547594
2785,2026-09-21T07:14:26.541428Z,-76.57726631490297,-144.68848557362747,-76.45993630245928,-142.18917932435335,35,0.11733001244368779,2.4993062492741274,13046.502126881027,64789.10675862541,66084.28065170001,2526364.9263584567
2786,2026-09-21T07:14:40.220477Z,48.078602114451506,48.1167204657757,48.097507915253814,47.94216635396908,23,0.018905800802308192,-0.1745541118066285,2102.2291333692992,-12965.3286920595,13134.650212917762,2525462.8336534514
2787,2026-09-21T07:14:55.652213Z,69.95034551490099,-103.93965898756811,69.9412762746115,-104.00737207560981,31,-0.009069240289491631,-0.06771308804169962,-1008.4535087118986,-2581.880491667499,2771.8377190197007,2524557.670038118
2788,2026-09-21T07:15:13.588669Z,-18.503297488896095,-41.76307385320581,-18.480063798914156,-41.66996876872017,41,0.02323368998193942,0.09310508448564292,2583.468453224173,9818.294381797625,10152.497718217357,2523655.803046611
2789,2026-09-21T07:15:19.253134Z,-11.157929144976812,-131.61043867989247,-18.480063798914156,-41.66996876872017,0,-7.3221346539373435,89.94046991117227,-814184.2257261444,9668279.643926889,9610335.676153868,2526196.7424059184
2790,2026-09-21T07:15:34.683831Z,-77.84782568370072,-7.2021436586584,-77.88371594847136,-7.571671443244303,24,-0.03589026477064294,-0.3695277845858982,-3990.815358425433,-8637.146550167608,9514.54149455245,2525294.7057747673
2791,2026-09-21T07:15:37.844678Z,-3.631178086862373,68.75731541447135,-77.88371594847136,-7.571671443244303,0,-74.25253786160899,-76.32898685771565,-8256505.500693931,-6429033.944135021,9296136.02544806,2527720.6611024896
2792,2026-09-21T07:15:56.279825Z,73.2097672877599,-95.36383561444084,73.33062568743554,-90.47901400985377,33,0.12085839967564027,4.884821604587074,13438.84088631158,156355.46182015198,156887.68020380064,2526871.5088887005
2793,2026-09-21T07:16:05.452047Z,32.095450639121424,95.03727087906202,32.069776372129986,95.15234086045982,12,-0.025674266991437378,0.11506998139779512,-2854.848234765695,10841.15560766513,11210.744753285508,2525970.806860725
2794,2026-09-21T07:16:15.876960Z,-15.330435291939988,-78.84263203735665,89.99999999999999,179.99999999999991,28,105.33043529193998,-101.15736796264343,11712210.025726706,-8943494.179838136,11712210.025726708,2529258.6519641127
2795,2026-09-21T07:16:23.094077Z,53.97589776758763,-50.90720467988584,53.975121667442636,-51.01432553768394,8,-0.0007761001449964056,-0.107120857798094,-86.29839869170672,-7005.402403025023,7005.933263060225,2528356.2359645776
2796,2026-09-21T07:16:42.532438Z,-20.68759474207881,98.49469900772556,-20.788943621628896,98.51215418949468,38,-0.10134887955008409,0.01745518176912242,-11269.48122707982,1815.1705439902946,11414.72951933071,2527456.0422927444
2797,2026-09-21T07:16:53.815489Z,11.361742721178171,-84.89919625228158,85.17815329172763,179.99999999999997,26,73.81641057054945,-95.10080374771843,8208010.358556877,-7038769.592229046,8796277.019043086,2529697.308283717
2798,2026-09-21T07:17:13.754148Z,68.52820619765427,140.19482662515293,68.51170438445962,140.40403569866263,27,-0.01650181319465105,0.20920907350969742,-1834.9179076814348,8518.374575352012,8713.756314231667,2528796.3134474163
2799,2026-09-21T07:17:28.988892Z,-26.06424911584603,39.03917377751091,-26.10992805095485,39.065434910157464,20,-0.0456789351088176,0.026261132646538954,-5079.265838626531,2622.6239903329474,5716.388493139971,2527894.891537822
2800,2026-09-21T07:17:41.970287Z,-21.49479323036137,-112.88311102045574,-21.40647236197968,-112.87373051586857,16,0.08832086838168962,0.009380504587170435,9820.832480885705,970.8145771662546,9868.699574286284,2526995.5964692635
2801,2026-09-21T07:17:54.904542Z,19.98708577733699,-5.641783832818788,19.883315344719808,-5.507981113548291,23,-0.103770432617182,0.13380271927050558,-11538.745642741678,13986.665418636881,18131.99866610401,2526099.8936496265
2802,2026-09-21T07:18:10.337963Z,-12.803359347646744,173.77346515548055,-12.786247820745325,174.81617952735175,37,0.017111526901418372,1.0427143718711989,1902.7149785796094,113065.58044378774,113081.5121527419,2525238.716497058
2803,2026-09-21T07:18:26.273866Z,-17.849833804758045,50.093751154890015,-17.932859559459228,50.14029088119732,30,-0.08302575470118256,0.04653972630731573,-9232.042703607121,4924.723555733404,10463.43676260585,2524341.543725123
2804,2026-09-21T07:18:43.007636Z,4.57818505969903,-24.94550569147472,4.561350720315395,-24.93277535323113,34,-0.01683433938363521,0.012730338243585493,-1871.8931328729236,1411.0490769846672,2344.1508876149314,2523442.1152683333
2805,2026-09-21T07:18:57.187878Z,-47.03166694453851,-14.049256348015405,-47.018045880129826,-14.0067543425614,32,0.013621064408681605,0.04250200545399707,1514.5932577441608,3221.629509040473,3559.900133056984,2522543.7615374476
2806,2026-09-21T07:19:13.374369Z,-36.64527235498782,-4.433646648507931,-36.64384311548374,-4.412835979184556,40,0.001429239504076918,0.020810669323367392,158.9241818133384,1856.678914890559,1863.4681308217414,2521645.4435426486
2807,2026-09-21T07:19:27.556240Z,-18.138815782138725,91.60594764633663,-18.234075832945024,91.54561275534856,23,-0.09526005080629929,-0.060334890988087864,-10592.434361563388,-6373.795112852189,12362.237543858857,2520751.5058134007
2808,2026-09-21T07:19:47.495102Z,-9.225673606348037,-7.131282015419259,-9.247531050764703,-7.131219322540181,38,-0.021857444416665928,6.269287908367005e-05,-2430.436928548688,6.88074190619449,2430.446668466835,2519854.667829375
2809,2026-09-21T07:19:55.715847Z,4.2506550791096105,-103.09487181014,4.386246323571312,-103.124972630827,10,0.13559124446170134,-0.030100820686982388,15077.058481563312,-3337.5560373443,15442.051919023437,2518963.1005043797
2810,2026-09-21T07:20:07.138205Z,25.334152372642297,-101.76570997429369,25.378611166262427,-101.76721609245,31,0.044458793620130166,-0.0015061181563282844,4943.59229529595,-151.3386413861451,4945.908224437681,2518068.4324644227
2811,2026-09-21T07:20:18.116991Z,-65.62991760446133,-45.49334299082582,-65.65308269473387,-45.46517509797396,17,-0.02316509027254199,0.028167892851854504,-2575.8405135698877,1291.8290910329904,2881.627381958965,2517173.666614162
2812,2026-09-21T07:20:38.355274Z,-29.45173191844244,100.05429474811194,-29.512170318301628,100.07862975994497,42,-0.060438399859187086,0.024335011833045428,-6720.443438856818,2355.541088411454,7121.301342172513,2516281.044862643
2813,2026-09-21T07:20:52.839470Z,32.68737542073062,-171.55122483566632,33.713487974801644,179.78279956015788,27,1.0261125540710268,-8.665975604175856,114098.51017898862,-806312.5945430716,814092.5197932523,2515675.9298519534
2814,2026-09-21T07:21:08.722510Z,-47.61662948738924,-14.183223100664918,-47.59956024745705,-14.099850668000201,33,0.017069239932190783,0.08337243266470296,1898.0128821383269,6250.214737954306,6532.046546250487,2514784.265358952
2815,2026-09-21T07:21:24.456660Z,28.42869121597786,-48.688932843333305,28.562225198868557,-48.26443116039121,34,0.13353398289069673,0.42450168294209334,14848.301432086784,41484.091569870565,44061.305579105414,2513906.5662613395
2816,2026-09-21T07:21:37.383900Z,-12.81887770227854,-84.16934020541217,-12.33143171962112,-84.54472120149548,31,0.48744598265741956,-0.3753809960833223,54201.52028477662,-40739.16139593729,67804.66271745923,2513037.922119456
2817,2026-09-21T07:21:57.572686Z,41.16648755503276,-71.78425869805406,41.5373273151238,-70.9570422441624,42,0.37083976009103736,0.8272164538916513,41235.499920208655,69047.95503795706,80423.2247404467,2512174.374126066
2818,2026-09-21T07:22:06.695219Z,60.06637491282211,79.47944654293957,60.18347276612866,79.45932237720632,12,0.11709785330654654,-0.020124165733250265,13020.687208656744,-1114.624623483694,13068.308194387499,2511287.537339007
2819,2026-09-21T07:22:23.482838Z,7.092671225319432,-72.08519257030468,7.2993905777192,-72.30790726770358,41,0.20671935239976857,-0.22271469739888516,22986.143226102955,-24569.681989488312,33645.67365043786,2510408.6292639137
2820,2026-09-21T07:22:43.983267Z,-29.047094005059794,166.19120393012616,-33.158802453232184,-179.38698457177367,38,-4.11170844817239,14.421811498100169,-457201.11927834136,1373094.9053903641,1445704.1515237237,2510031.074484573
2821,2026-09-21T07:23:00.866325Z,-30.816439311000288,0.4705925711176633,-30.81887169446432,0.5099171206899431,36,-0.002432383464032739,0.03932454957228515,-270.4687008545581,3755.275579419875,3765.0030339771283,2509142.642697458
2822,2026-09-21T07:23:14.344488Z,-9.660235754869786,-60.84944111469217,-9.625029366982165,-61.08936586793169,28,0.035206387887621204,-0.23992475323950657,3914.771718583921,-26301.49401655548,26591.23865297138,2508262.929230398
2823,2026-09-21T07:23:32.532674Z,-12.044327886314083,119.91105903789474,-12.125042109316682,119.93587342676497,34,-0.0807142230025999,0.024814388870225912,-8975.012105946651,2698.0874030825103,9371.79366835018,2507377.7393134437
2824,2026-09-21T07:23:42.453245Z,-32.73899415774984,36.28595684468252,-32.77203547057689,36.386623642905725,18,-0.03304131282704503,0.10066679822321589,-3674.0263560431904,9413.702726284539,10105.258853927035,2506493.4360271622
2825,2026-09-21T07:23:58.638260Z,-27.488260278967786,56.78657394110874,-27.504192668693026,56.83939793743807,28,-0.015932389725239915,0.05282399632932311,-1771.6009067705736,5210.267719030186,5503.222578623072,2505608.129756915
2826,2026-09-21T07:24:13.820026Z,-26.184086487506764,114.67272096996845,-26.25840347831419,114.6855190058414,36,-0.07431699080742504,0.012798035872947366,-8263.672341275973,1276.634386975516,8361.702908251771,2504724.461523777
2827,2026-09-21T07:24:23.793846Z,11.678944029265201,120.79500760323748,11.578932910986007,120.86280838294974,12,-0.10001111827919473,0.06780077971225751,-11120.728960695345,7384.351831379241,13349.129137293057,2503843.1826654864
2828,2026-09-21T07:24:40.328458Z,59.08738158076215,-114.54658773244752,81.14607664936634,178.35707693994402,34,22.058695068604187,-67.09633532760847,2452814.980028132,-2537445.8312150384,3173266.065064096,2504079.8951415825
2829,2026-09-21T07:24:52.553442Z,4.366559702688552,-144.39068744699242,30.723447047889614,179.99999921909517,12,26.356887345201063,-35.60931333391238,2930752.1549285306,-3775377.3972932883,4740032.103328848,2504870.263543204
2830,2026-09-21T07:25:12.496185Z,-83.31751094290331,-96.88610252443065,-89.99999956227934,179.99321810532774,35,-6.682488619376031,-83.12067937024159,-743058.8318346164,-538683.3260909759,743058.874677037,2504247.715349258
2831,2026-09-21T07:25:18.463458Z,-11.704182555708385,-36.51934168128369,-89.9999996430418,179.9596424186869,22,-78.29581708733342,-143.5210159000294,-8706097.637601828,-10075186.882169034,8706097.709209064,2506438.407681953
2832,2026-09-21T07:25:39.855851Z,-56.841826833297944,96.43556693569332,-56.83981578698575,96.5337056519225,43,0.002011046312190956,0.09813871622918668,223.61814716288373,5968.791455794204,5972.978351275937,2505555.4749738565
2833,2026-09-21T07:25:56.344299Z,-3.502625674154306,-19.305437833816768,-3.507756415401574,-19.272751005264084,35,-0.005130741247268311,0.032686828552698444,-570.5123966222117,3627.8101056905193,3672.395750381743,2504672.3535198416
2834,2026-09-21T07:26:08.272294Z,30.05021223569402,124.71050456459602,30.006630910541563,124.8082571351202,16,-0.04358132515245572,0.09775257052416464,-4846.022253399976,9410.643901461097,10585.09028735211,2503792.2944996464
2835,2026-09-21T07:26:21.453834Z,34.3871400198402,136.39226316487787,34.33409353325239,136.45614040929087,22,-0.05304648658781019,0.0638772444129927,-5898.500184883123,5863.394125447778,8316.951849534606,2502912.0562835443
2836,2026-09-21T07:26:39.641270Z,-66.46434209726412,131.24861312953584,-66.4396448848936,131.25550673045754,36,0.024697212370526245,0.006893600921699772,2746.204717865754,306.24337957535363,2763.2273405350616,2502030.4805328595
2837,2026-09-21T07:26:54.370582Z,-43.27504201240923,-168.18604571367143,-37.77022856293167,179.99986929206935,24,5.50481344947756,-11.814084994259247,612107.3277066376,-998582.5754029711,1169571.8910611486,2501560.808841117
2838,2026-09-21T07:27:14.761275Z,-54.42808875346443,55.350500685165116,-54.44231311854907,55.353910140129024,41,-0.014224365084643864,0.003409454963900771,-1581.677232152397,220.50159601330301,1596.973330656503,2500679.9195403736
2839,2026-09-21T07:27:23.434082Z,1.0913716823183883,87.76975910615278,0.9692097003932423,87.72870232642958,11,-0.12216198192514605,-0.041056779723191994,-13583.792618920525,-4564.56753126965,14330.202048832498,2499804.1359132193
2840,2026-09-21T07:27:36.612376Z,-32.670861538672874,103.50573477762896,-32.68928835306371,103.56497622522507,30,-0.01842681439083549,0.05924144759609362,-2048.9682744818515,5544.561967934654,5911.043648588406,2498926.0045427037
2841,2026-09-21T07:27:45.489227Z,-4.54993866484418,-99.58843537248397,53.566386986979104,179.99999985095135,13,58.11632565182328,-80.41156477656466,6462240.567705777,-8135757.217641112,9785854.505886234,2501490.9212978403
2842,2026-09-21T07:28:08.933487Z,-61.497203414391315,62.11866182264592,-61.488572081826774,62.16928721951881,38,0.008631332564540628,0.05062539687287426,959.7603913588861,2686.6778207316206,2852.959376875926,2500611.7383414996
2843,2026-09-21T07:28:22.413356Z,-32.12079131278353,-51.814680973995706,-27.928012628113404,-48.4602285793541,23,4.192778684670127,3.354452394641612,466215.7182787643,322946.36147841887,567054.4802902691,2499931.626748798
2844,2026-09-21T07:28:36.591609Z,-23.112362020569435,-80.05895218943076,-21.54292154990004,-80.55781558483419,23,1.5694404706693952,-0.4988633954034185,174513.81800908514,-51312.220284083705,181900.42959441486,2499116.5665528923
2845,2026-09-21T07:28:53.323641Z,33.76340028672024,-127.49192071998614,33.76865688468457,-127.54891392844915,32,0.005256597964326204,-0.05699320846301248,584.507025043189,-5268.333463757267,5300.658939708593,2498240.005601183
2846,2026-09-21T07:29:10.811429Z,-76.92597307892653,-17.319795382221287,-76.896189774444,-17.6282834587084,27,0.0297833044825353,-0.30848807648712295,3311.75235716807,-7768.201377660678,8444.669398511904,2497365.165356558
2847,2026-09-21T07:29:16.281869Z,-26.20929168929797,-145.55484003416683,-76.896189774444,-17.6282834587084,0,-50.68689808514603,127.92655657545845,-5636125.914418037,8844885.141891528,8032075.6081118,2499309.2153891376
2848,2026-09-21T07:29:28.507101Z,-19.8715709203269,-140.1456912462178,-86.52808429554122,-43.62685617467148,17,-66.65651337521432,96.51883507154633,-7411866.115139004,6428989.592389694,7845889.526457209,2501186.5258916193
2849,2026-09-21T07:29:45.197651Z,-11.811764955462765,78.73796190626422,-11.932774864959281,78.71329595529352,36,-0.12100990949651624,-0.024665950970700123,-13455.688009729816,-2684.0579946070816,13720.776366368707,2500313.4245404345
2850,2026-09-21T07:30:00.430897Z,30.71925259557125,-154.66834396553756,38.216244773590226,179.9952869454028,31,7.496992178018978,-25.336369089059644,833627.4952896509,-2322688.5378329237,2458191.6585709997,2500298.644973428
2851,2026-09-21T07:30:11.157397Z,16.38359513833508,-144.99062266952717,41.68491160282522,179.99999966441314,9,25.301316464490135,-35.00937766605966,2813378.028279747,-3403647.705168493,4364025.48680999,2500952.354844293
2852,2026-09-21T07:30:19.726675Z,64.77845878865472,-51.28215189164541,89.93047909108004,165.85779218426714,11,25.152020302425328,-142.86005592408742,2796777.0524906362,-3477592.1861313256,2810673.414849884,2501060.95269142
2853,2026-09-21T07:30:38.661835Z,-39.35659948752415,92.41837483948763,-39.23599923784521,92.2519930840201,40,0.12060024967893668,-0.166381755467512,13410.135916364832,-14317.425261493345,19616.832717951012,2500191.186087854
2854,2026-09-21T07:30:52.593331Z,4.726847551005271,-17.72081991639132,4.68519560035383,-17.610625104245656,22,-0.041651950651441005,0.1101948121456644,-4631.485597289763,12211.796019677782,13060.574790323659,2499319.7317741546
2855,2026-09-21T07:30:58.208863Z,15.83545678958427,120.05204000829673,-10.586212913514474,120.36575490892405,1,-26.421669703098743,0.31371490062730345,-2937955.624462825,34846.91199116479,2938158.5772002903,2499473.440651712
2856,2026-09-21T07:31:20.649482Z,2.0850495737321166,32.49303213704795,1.729753307941661,32.843938777525075,37,-0.3552962657904557,0.3509066404771204,-39507.142211655366,38997.41865905753,55512.233363259154,2498617.7119376753
2857,2026-09-21T07:31:36.682296Z,42.54016455637443,-98.40620559849059,42.15356896480497,-98.35687267830234,29,-0.3865955915694599,0.04933292018824886,-42987.46844567588,4054.2772522235273,43178.22818473953,2497758.265146022
2858,2026-09-21T07:31:56.924905Z,-61.82070776364195,166.0937976710989,-65.51266936140489,-179.99999999652857,34,-3.6919615977629405,13.906202332372516,-410527.399037778,685926.43892465,796883.2574035685,2497163.1374316267
2859,2026-09-21T07:32:14.411479Z,62.33315052085847,-93.1668595051961,62.6379975191229,-92.63632248857648,33,0.3048469982644306,0.5305370166196326,33897.43960982729,27253.12150719836,43494.180579675434,2496304.9111438156
2860,2026-09-21T07:32:28.342238Z,36.1582649067163,135.41786862251274,51.98074105924552,-179.8890893893319,23,15.82247615252922,44.69304198815536,1759379.0751157666,3570669.16115983,3900875.1695285756,2496796.0196257685
2861,2026-09-21T07:32:43.575626Z,-7.566919785666788,90.51090693698126,-44.7534745804422,-179.9999999985719,28,-37.18655479477541,89.48909306444682,-4134956.2325689155,8931428.425830921,9375841.4778826,2499200.4395692344
2862,2026-09-21T07:32:49.241271Z,59.71786799011257,93.73377161089246,-84.02472116226373,-179.99999999645698,1,-143.7425891523763,86.26622839265053,-15983446.656497426,9377376.562785473,16546770.077950263,2504108.744823735
2863,2026-09-21T07:33:01.869765Z,43.746011301551405,122.94764640021208,78.17876182007328,-179.67250022645982,19,34.43275051852187,57.3798533733281,3828747.168077431,3096917.106346721,4540839.522497032,2504820.1422312357
2864,2026-09-21T07:33:11.290623Z,0.8746839979377184,3.193396560494506,89.99999981523656,-175.04921215883027,13,89.12531581729884,-178.24260871932478,9910282.954477675,-13907244.089473061,9910282.995557526,2507405.8485347717
2865,2026-09-21T07:33:24.275377Z,-31.629681860093104,4.335383268401159,89.99999998878555,-146.21829392028974,32,121.62968184887865,-150.5536771886909,13524603.550987078,-14615533.34975288,13524603.553319968,2511251.2927598273
2866,2026-09-21T07:33:35.249558Z,70.65947028999437,-115.94363152494539,70.54258864258698,-116.49545300370863,28,-0.11688164740739637,-0.5518214787632587,-12996.646209560618,-20380.283737734237,24171.51821020759,2510383.50498085
2867,2026-09-21T07:33:48.227210Z,-24.295440289759483,-61.65537069047899,-24.68144091931287,-61.79437632994909,30,-0.38600062955338643,-0.13900563947009914,-42921.311687942296,-14066.311176582492,45167.45372854039,2509523.6458768207
2868,2026-09-21T07:33:58.105129Z,36.74462248250641,67.72062550633541,36.65913613399113,67.79156998909461,16,-0.08548634851527481,0.0709444827592165,-9505.648252267165,6324.786071938536,11417.541150987203,2508652.6186436526
2869,2026-09-21T07:34:15.140041Z,-70.918139978232,-141.92370748003398,-72.58509637393833,179.98795857744304,31,-1.6669563957063218,-38.08833394252298,-185357.09414024247,-1326206.9938232158,1315996.4937816632,2508236.914173502
2870,2026-09-21T07:34:23.567635Z,15.651346634820007,108.16558103798315,15.516928928665903,108.0881631891687,9,-0.1344177061541032,-0.07741784881443436,-14946.566975535356,-8291.998588996368,17092.60264862418,2507368.91963987
2871,2026-09-21T07:34:36.542796Z,-22.58595947200073,-124.50979148653245,-70.56942962713138,175.59253720476318,20,-47.983470155130654,-59.89767130870439,-5335518.444051127,-4578104.321512935,6551529.382627913,2508777.5439738957
2872,2026-09-21T07:34:59.538421Z,12.013559371530631,35.768643541470425,11.93326600598835,35.75074953707055,39,-0.08029336554228017,-0.01789400439986366,-8928.214891518584,-1946.434051939343,9137.922409534369,2507907.1959162476
2873,2026-09-21T07:35:06.708384Z,14.677566896273404,-154.05574969689692,22.649526574507806,179.99999999572046,7,7.971959678234402,-25.944250307382617,886441.4716346543,-2733165.4884188795,2868171.2559907944,2508032.592386862
2874,2026-09-21T07:35:21.889990Z,5.599513965351095,71.08470881240311,6.091102837169863,71.61703906500662,30,0.49158887181876754,0.532330252603515,54662.18854116924,58884.65145970355,80345.09839047813,2507187.8855343927
2875,2026-09-21T07:35:43.139241Z,-71.77405429096375,-86.63901478271465,-72.33995309982255,-92.62892290096526,32,-0.5658988088588046,-5.989908118250611,-62925.07653929795,-205189.6424885496,214516.96554438488,2506390.4347796137
2876,2026-09-21T07:35:48.313450Z,23.514945558045945,111.85658686719978,-89.99999999969549,-179.9999923431692,1,-113.51494555774144,68.14342078963102,-12622286.044354139,6337251.496881642,12622286.04437539,2509907.7837398346
2877,2026-09-21T07:36:09.452401Z,57.57321079642864,52.2668289860608,89.99999999502946,-168.56287553562117,35,32.426789198600815,139.17029547831805,3605694.4462569873,4320869.944262175,3605694.44722789,2510288.661968367
2878,2026-09-21T07:36:15.673886Z,-33.87900491169581,-26.59784237283023,89.99999999994404,-164.0810574179352,8,123.87900491163984,-137.48321504510497,13774716.863950724,-13490419.226914356,13774716.863961535,2514202.639800887
2879,2026-09-21T07:36:29.653960Z,73.1322868050207,114.94289101163298,89.99999993238075,-116.97090825867724,24,16.867713127360048,128.08620072968978,1875604.123858261,2088918.1526468198,1875604.1360151959,2513980.8271910273
2880,2026-09-21T07:36:45.836817Z,55.245014210772936,-7.579237248951216,55.18891557395488,-9.746407192048558,21,-0.05609863681805649,-2.167169943097349,-6237.883805843533,-137470.99025131413,137606.88054381998,2513155.6973484415
2881,2026-09-21T07:37:01.067354Z,-73.05722406446459,147.01625709034744,-73.05028280238457,147.5425502241655,27,0.006941262080019328,0.5262931338180579,771.8331278084063,17057.40994665821,17074.80824651967,2512289.303426504
2882,2026-09-21T07:37:10.289106Z,39.61040281003214,-34.28701420301286,-89.99999999444708,174.69394421887364,23,-129.61040280447924,-151.0190415781135,-14412019.232215779,-15195003.670385808,14412019.23337337,2516418.2867470966
2883,2026-09-21T07:37:28.227466Z,37.3001394944083,-138.7080684872784,55.78204830153433,179.9998584448558,31,18.481908807126032,-41.29207306786577,2055094.4940598032,-3158169.1689316756,3686620.2049485026,2516824.184047895
2884,2026-09-21T07:37:41.359799Z,33.04240411667292,136.2118422254224,32.76254736292576,135.62040059483894,19,-0.27985675374716124,-0.5914416305834607,-31118.65120389993,-55216.31601070814,63381.3091094575,2515973.4757001353
2885,2026-09-21T07:37:59.596229Z,-73.82611343519673,139.82830321059782,-73.80740630547857,140.18905442412995,34,0.018707129718166016,0.3607512135321258,2080.137916741715,11180.098421209685,11371.945873096945,2515105.329589277
2886,2026-09-21T07:38:16.229867Z,-49.6665281329579,25.017752260816906,-49.74236654985985,25.87771944871241,31,-0.07583841690195214,0.8599671878955064,-8432.847204252032,61842.95733672045,62414.899081805175,2514255.471505248
2887,2026-09-21T07:38:25.402627Z,45.85549551075768,-168.2444993212681,57.40114354840361,179.9999999722091,13,11.545648037645933,-11.755500706522753,1283817.486609933,-811428.1557753955,1514023.8492335796,2513909.010950253
2888,2026-09-21T07:38:33.071108Z,7.066782543994119,-113.73173631929177,66.842038025919,113.91907791854574,7,59.77525548192487,-132.3491857621625,6646705.148472393,-11760209.234968642,10965510.847143099,2516835.4658796825
2889,2026-09-21T07:38:37.834281Z,-44.56265453991271,-130.0205079928228,66.842038025919,113.91907791854574,0,111.40469256583171,-116.06041408863149,12387636.617717275,-12662180.679635866,15589147.194949007,2521360.322829862
2890,2026-09-21T07:38:52.513012Z,-40.40055271095657,-85.77301875545612,-43.654343088150235,-86.8457348018047,24,-3.253790377193667,-1.0727160463485745,-361804.9823088209,-88604.50165450604,372486.5731285424,2520616.7678991696
2891,2026-09-21T07:39:02.135834Z,60.37992639984618,-176.42692025993645,60.239352300833936,-176.45374858452044,14,-0.14057409901224105,-0.026828324583988206,-15631.12662779108,-1477.6032382053681,15700.809525352308,2519750.314783164
2892,2026-09-21T07:39:20.872035Z,-37.198105225125396,-168.65683291222294,-37.194764117093754,-166.41788712670754,33,0.0033411080316412267,2.238945785515398,371.51426248989225,198312.98635862718,198308.7223315237,2518947.6033058288
2893,2026-09-21T07:39:36.357295Z,-63.917927383786605,-20.162070089433314,-63.94156013835804,-20.03895659486718,25,-0.02363275457143743,0.12311349456612675,-2627.842410979845,6016.206735124865,6565.08042872874,2518079.1682823664
2894,2026-09-21T07:39:48.586428Z,65.63944921640436,-33.50971489903944,65.54158159170969,-33.45572325414119,20,-0.09786762469467192,0.053991644898246705,-10882.38334880125,2481.0175347053237,11161.616893756465,2517212.9217200344
2895,2026-09-21T07:40:03.317074Z,39.87540267599368,-149.47409931789667,39.84541290096977,-149.48424998203413,27,-0.029989775023913978,-0.010150664137455578,-3334.710833870935,-866.4012045140687,3445.424115973427,2516344.6082493598
2896,2026-09-21T07:40:19.401282Z,-14.48371621938315,-75.89630315817901,-14.260949267575715,-76.18452283311002,35,0.22276695180743467,-0.28821967493101397,24770.554865059647,-31045.546036006377,39716.554967047596,2515489.4190044417
2897,2026-09-21T07:40:35.586895Z,-46.44824877013487,-71.76218006517496,-50.72910445901334,-77.1363455886976,26,-4.280855688878475,-5.374165523522635,-476009.43430078396,-395275.2859235761,618393.0812990278,2514834.5704239425
2898,2026-09-21T07:40:55.026672Z,48.9216033867088,-174.56305526982743,48.8878118369621,-174.56768065347197,31,-0.03379154974670229,-0.004625383644537351,-3757.4488952905176,-338.0688619118097,3772.6267692023707,2513968.0894219913
2899,2026-09-21T07:41:11.760587Z,37.96833361406474,174.32986195731075,37.24517630330431,-179.9978840518563,33,-0.7231573107604277,5.672253990832928,-80411.42412248212,499672.197755088,506016.9095384919,2513275.45362348
2900,2026-09-21T07:41:27.443034Z,6.359220600387852,148.68383616072987,-0.6451736158403477,-179.9999976844243,26,-7.004394216228199,31.31616615484586,-778853.101063066,3477870.5125385476,3561764.548132932,2513637.001587104
2901,2026-09-21T07:41:41.876402Z,-5.621152905523452,76.19688528683463,-49.66508442690204,-179.9999999779558,31,-44.04393152137859,103.80311473520953,-4897461.73465766,10224870.973833118,10511495.204539662,2516393.933060028
2902,2026-09-21T07:41:51.345952Z,17.97167889948187,-61.36249545273695,18.65244111461493,-60.54017322083265,20,0.6807622151330612,0.8223222319043089,75697.30457410806,86807.57885080678,115175.98324165658,2515566.497515639
2903,2026-09-21T07:42:00.566788Z,26.403293537751342,111.34192322632009,26.30178073000542,111.31024126306814,9,-0.10151280774592308,-0.03168196325196959,-11287.70921079111,-3156.7757866193538,11720.819426068778,2514703.994698522
2904,2026-09-21T07:42:14.548738Z,10.891735122324762,177.85430977130363,10.820841861735406,179.23241834014607,26,-0.07089326058935619,1.3781085688424355,-7882.970910827048,150496.12098852763,150702.29499673305,2513889.9445264484
2905,2026-09-21T07:42:27.974493Z,-4.604430545043141,50.283608167512796,-4.74086049743174,50.28672971001289,29,-0.13642995238859879,0.0031215425000823416,-15170.31854797088,345.9460662823009,15174.262534634263,2513029.8014345407
2906,2026-09-21T07:42:36.646792Z,16.383889853399058,81.25382207815375,16.285426605779662,81.33317499285462,11,-0.09846324761939584,0.07935291470087691,-10948.613596223744,8467.478248026011,13840.892473443784,2512169.7914865157
2907,2026-09-21T07:42:51.579829Z,-39.68120208572155,36.16222963599043,-39.721983375570446,36.16152593224762,27,-0.040781289848894176,-0.0007037037428005988,-4534.672533218275,-60.20280702179182,4535.072145073885,2511307.172044018
2908,2026-09-21T07:43:06.815456Z,-37.4054386911234,-164.28441950990594,-89.99999999999999,29.544793706735142,23,-52.594561308876585,-166.17078678335895,-5848248.386643278,-8185994.5847037705,5848248.386643283,2512454.6759004826
2909,2026-09-21T07:43:18.201490Z,-55.0290390131746,4.468971486766208,-55.07040623554324,4.598971891320543,14,-0.041367222368641876,0.13000040455432327,-4599.825256770283,8280.989314846862,9472.757538729333,2511594.2489777044
2910,2026-09-21T07:43:29.826340Z,47.34805864264296,45.440547459365916,47.36924636730969,45.23246922163046,22,0.021187724666731356,-0.20807823773546374,2355.9674900823006,-15673.331253566303,15849.408083523958,2510736.6047024834
2911,2026-09-21T07:43:45.311056Z,-13.389877627540598,117.64080935590295,-13.47737948567783,117.61623032345497,32,-0.08750185813723199,-0.024579032447974214,-9729.762696832096,-2658.2862426692477,10086.365364702091,2509877.5699242842
2912,2026-09-21T07:43:54.281476Z,-31.61415656604037,-133.5431287359103,19.619948769688396,179.9975564109117,13,51.23410533572877,-46.459314853178,5696972.584505956,-5137767.28728145,7547791.362917561,2511607.6227378123
2913,2026-09-21T07:44:09.263242Z,-27.04245145230056,20.967571382417617,-27.088121813631084,20.910865600957113,32,-0.04567036133052227,-0.056705781460493654,-5078.3124779779155,-5614.882797541261,7570.743883175402,2510748.0151583906
2914,2026-09-21T07:44:26.949068Z,72.31038485670078,-114.5135135018677,72.84831737664915,-114.54011195307403,34,0.5379325199483702,-0.026598451206325535,59815.367095381655,-885.4639485839153,59821.9191091088,2509906.928646363
2915,2026-09-21T07:44:45.441127Z,-5.886422610531902,-16.79831982368418,-5.910473155329025,-16.788346945029073,36,-0.024050544797122875,0.009972878655105433,-2674.298564477752,1103.0623744154161,2892.8566150689253,2509046.8895135904
2916,2026-09-21T07:44:56.165464Z,62.318324391567444,-37.56481861652705,62.20202277590003,-37.58579219219102,16,-0.11630161566741037,-0.020973575663958854,-12932.14962278136,-1085.518834737107,12977.628450643799,2508190.898683322
2917,2026-09-21T07:45:15.553701Z,-30.11864659042682,97.6272027290857,-30.16408229254039,97.66735764704173,40,-0.04543570211356851,0.040154917956044756,-5052.219563562273,3861.3034982148174,6358.81950508773,2507333.2257045154
2918,2026-09-21T07:45:21.720322Z,-2.467966847576406,136.66284363706228,-30.487730419347958,133.65993050003345,1,-28.019763571771552,-3.002913137028827,-3115655.554961017,-320194.89766240085,3131650.284941087,2507547.179460251
2919,2026-09-21T07:45:24.880285Z,-0.10253345818543472,63.43348164562249,-30.487730419347958,133.65993050003345,0,-30.385196961162524,70.22644885441096,-3378679.7471769354,7532234.961903139,8116798.390506707,2509468.8139964095
2920,2026-09-21T07:45:38.561223Z,-43.34221947141545,-99.96662104573701,-89.40208449799198,90.77098974778893,12,-46.05986502657653,-169.26238920647404,-5121623.312888454,-7543398.584125021,5253440.760449674,2510408.5304164276
2921,2026-09-21T07:45:58.801559Z,6.257161228925914,168.11413916071024,6.279921855873461,169.0954198275867,33,0.022760626947547102,0.9812806668764722,2530.8662438166666,108461.04863551728,108490.55611662687,2509586.237374901
2922,2026-09-21T07:46:09.475897Z,-39.17040406538715,39.76638931088942,-39.176363297724876,39.79601003899205,22,-0.005959232337723108,0.02962072810262839,-662.6364026510032,2553.38180941435,2637.962393826451,2508728.281086406
2923,2026-09-21T07:46:21.201096Z,-53.88323500188499,-90.9474887732341,-57.66677203024833,-98.3900830755603,15,-3.783537028363341,-7.442594302326199,-420710.1223258335,-465466.8185554272,626784.6741327324,2508084.4413303495
2924,2026-09-21T07:46:28.620105Z,18.36734997736706,69.21307913756354,18.39537196191886,69.19940228829137,9,0.02802198455179905,-0.01367684927217283,3115.9025166722536,-1443.2031676282993,3433.902127347765,2507227.857698611
2925,2026-09-21T07:46:48.862598Z,-65.28263625041112,139.60169039998658,-65.28565411979075,139.52133753332026,42,-0.003017869379632998,-0.08035286666631691,-335.5717642911512,-3735.817817268568,3750.858733191778,2506371.968126315
2926,2026-09-21T07:47:01.591850Z,37.41965154431847,-152.89433420096293,47.06768044097867,179.99999972562946,14,9.6480288966602,-27.105666073407633,1072811.8654287138,-2231250.743410091,2458892.3070389247,2506355.7413111795
2927,2026-09-21T07:47:21.528248Z,66.75232533706202,146.3264389338937,66.71204311185157,146.27645551932196,41,-0.04028222521044711,-0.0499834145717557,-4479.179077355261,-2195.535460173109,4988.328125316172,2505501.157295742
2928,2026-09-21T07:47:37.712415Z,-10.138654379200931,-20.30561187213104,-10.247009078022208,-20.345864514360922,29,-0.10835469882127668,-0.04025264222988767,-12048.492787025116,-4405.250015207257,12828.577464621594,2504649.8346933406
2929,2026-09-21T07:47:55.649052Z,-51.61232739658498,-1.1278243085968995,-51.45380957268158,1.113930024892829,32,0.1585178239034022,2.241754333489723,17626.377800793885,155062.66892061077,156054.96404557853,2503847.9928119313
2930,2026-09-21T07:48:12.833917Z,63.69642111499128,35.691886857775756,63.748533256522066,35.47282468359114,32,0.052112141530784584,-0.21906217418461438,5794.605754806455,-10784.0274009538,12242.241717204113,2502997.6154224793
2931,2026-09-21T07:48:27.264006Z,51.49610703876628,-19.079832052997432,51.40943431995852,-19.14882142463748,18,-0.08667271880776184,-0.06898937164004337,-9637.566609913545,-4780.423870445949,10758.02565075438,2502147.31191181
2932,2026-09-21T07:48:46.502994Z,-27.005801150243595,-27.30879982975864,-27.25671744522617,-26.761668188149514,40,-0.2509162949825736,0.547131641609127,-27900.619014511736,54143.872008579914,60909.690598698624,2501314.6933506527
2933,2026-09-21T07:49:00.933460Z,-5.7337706028097974,138.0604434452187,-5.821769905014855,137.97499361123292,21,-0.08799930220505736,-0.0854498339857912,-9785.075953463709,-9453.318453425309,13605.621004657134,2500466.514328373
2934,2026-09-21T07:49:17.367948Z,-62.2546314468123,-15.893315202912248,-62.2746422822113,-15.79565466533653,28,-0.020010835399006055,0.09766053757570603,-2225.1033742888176,5053.818729209205,5521.9707399341,2499616.1583148804
2935,2026-09-21T07:49:31.098514Z,32.57878852049069,142.14714768261263,32.44565653830136,142.0657890409377,22,-0.1331319821893331,-0.08135864167493878,-14803.600993587592,-7628.845477277328,16653.703034784066,2498770.174514103
2936,2026-09-21T07:49:46.533331Z,-27.736838220025792,133.0039750743997,-27.731364335294273,133.03080645719504,27,0.005473884731518552,0.026831382795336367,608.6682111819755,2640.7580606024094,2709.996326314332,2497920.0177776637
2937,2026-09-21T07:49:51.748830Z,-25.491777495006378,-63.90291148268582,-89.99999999674303,179.99999999898546,15,-64.50822250173665,-116.09708851832875,-7172987.069051481,-6889430.4872595295,7172987.069572953,2499511.800907318
2938,2026-09-21T07:50:01.438441Z,-37.34455983709372,-22.117527742593126,-70.75220919248103,179.9999999996294,28,-33.40764935538731,-157.88247225777747,-3714761.119439432,-10307001.566527905,7865573.762868445,2501338.2345226896
2939,2026-09-21T07:50:10.409203Z,26.24287075616004,-48.4270421615623,-89.99999999999999,179.62676720081458,18,-116.24287075616003,-131.9461906376231,-12925617.486684136,-12458797.508687759,12925617.486684142,2504885.1141593554
2940,2026-09-21T07:50:16.524317Z,5.128259823755001,-91.46062315599362,-89.99999999999999,179.99999999999997,28,-95.12825982375499,-88.53937684400643,-10577779.87292696,-7266030.944242998,10577779.87292696,2507630.996730365
2941,2026-09-21T07:50:29.200382Z,8.865560544609234,66.55706666620594,7.538078165422923,65.29622283995027,19,-1.3274823791863115,-1.260843826255666,-147609.3057755662,-138765.43506893638,202591.76248063575,2506847.236365098
2942,2026-09-21T07:50:49.891656Z,-27.987349784385117,161.1344774850063,-27.67338811022679,162.15057471481035,40,0.3139616741583282,1.0160972298040463,34910.94532723816,99916.31072987072,105839.21937751255,2506031.122151302
2943,2026-09-21T07:50:56.558959Z,36.94163899959925,-66.94017640744798,-89.99999999999999,179.99999999999997,27,-126.94163899959923,-113.05982359255205,-14115266.236700494,-11247969.001718031,14115266.236700496,2509975.816379827
2944,2026-09-21T07:51:10.286799Z,-26.543754572884765,37.804413344325695,-64.33060454095086,179.99999996083503,23,-37.78684996806609,142.19558661650933,-4201706.010328056,11094734.504735574,9391163.823543265,2512313.176436608
2945,2026-09-21T07:51:24.516431Z,52.72252787255504,-108.64765015671556,83.69903945223852,179.97323224035338,30,30.976511579683482,-71.37911760293105,3444430.932807229,-2946157.883116711,3969149.4961241335,2512807.85769966
2946,2026-09-21T07:51:38.148765Z,16.02979698480767,76.72722840714647,14.40553481258808,54.499532684827926,14,-1.6242621722195913,-22.227695722318543,-180609.71309148907,-2384941.5995397777,2390630.905536673,2512766.38555025
2947,2026-09-21T07:51:56.589701Z,-63.21965051363423,-73.1283369622835,-63.291436114814445,-72.61263933116027,34,-0.07178560118021693,0.5156976311232313,-7982.1946573697705,25805.02275923914,27011.292636486807,2511922.8989221826
2948,2026-09-21T07:52:08.415896Z,58.307346967154416,-174.21843023083585,-89.99957131294747,36.60622676009511,15,-148.30691828010188,-149.17534300906902,-16490976.899036497,-15957190.672174376,16491065.501028726,2516664.806182056
2949,2026-09-21T07:52:23.346173Z,-44.754360213577975,-169.231802336064,-45.93417036405803,-165.5623024062837,24,-1.1798101504800584,3.669499929780301,-131188.9031371359,286781.8291652857,315322.5062753893,2515918.335412335
2950,2026-09-21T07:52:34.324837Z,31.061693219083583,-147.00983014896792,31.125406744017283,-147.02259381126834,17,0.06371352493369997,-0.012763662300415035,7084.620731269032,-1215.3434266764946,7188.108946780182,2515067.9183864146
2951,2026-09-21T07:52:48.805019Z,-64.39476974096988,-29.427163633300438,-63.48373939295007,-24.11616201297322,24,0.911030348019807,5.311001620327204,101301.95271902924,259445.50253573403,278416.8876034451,2514309.988521697
2952,2026-09-21T07:53:07.741478Z,-45.83090901286562,49.922202254215534,-45.89686468211585,50.1964142799834,33,-0.06595566925022922,0.2742120257678664,-7333.935804072016,21232.86432866556,22463.759487616215,2513465.8671703977
2953,2026-09-21T07:53:23.223857Z,-6.040984288905529,-42.80711805996762,-6.769583308564535,-41.78548325870697,27,-0.728599019659006,1.0216348012606602,-81016.51454428058,112891.47036659793,138953.14776039222,2512661.765335176
2954,2026-09-21T07:53:39.307232Z,-16.714077277275347,-81.39673241210947,-16.85057266654253,-81.45406026238662,29,-0.13649538926718208,-0.05732785027714726,-15177.594796884801,-6103.064504832079,16358.690579841756,2511816.7067452115
2955,2026-09-21T07:53:56.691232Z,-6.792518336281205,68.49253458097223,-6.892593053781279,68.35169887817499,33,-0.1000747175000738,-0.1408357027972329,-11127.800871395644,-15548.672486001316,19120.384474826205,2510973.1546902973
2956,2026-09-21T07:54:09.120855Z,19.700972572385954,-126.87439655735852,-21.390431666885725,179.99901922771005,21,-41.09140423927168,-53.12658421493143,-4569155.680107725,-5906764.613838293,7364485.688291404,2512615.073680014
2957,2026-09-21T07:54:25.307060Z,-57.946433770506395,117.5812047857732,-57.94554844559842,117.57649052726288,30,0.0008853249079763259,-0.004714258510318814,98.44363819902827,-278.20346399304606,295.10729783394066,2511765.4558354476
2958,2026-09-21T07:54:33.025630Z,29.321347920475517,-159.5280163922675,38.78996669617511,179.99999900254343,9,9.46861877569959,-20.47198460518905,1052862.3701892074,-1885967.8101397217,2152717.1244684327,2511644.0737085487
2959,2026-09-21T07:54:47.504623Z,55.17025929066282,159.62831830877826,55.1295056863767,159.59704977228418,19,-0.04075360428611674,-0.0312685364940819,-4531.594039096125,-1986.8121021472068,4948.0062249624525,2510796.930732042
2960,2026-09-21T07:55:00.684772Z,44.61981026510255,130.05104532465856,44.53710900640544,130.16395898952578,19,-0.08270125869711364,0.11291366486722154,-9195.960394238227,8943.104498506793,12827.499310316758,2509953.0221403455
2961,2026-09-21T07:55:19.121204Z,75.21399563661762,112.07442122917848,75.30127779107802,112.20225326449133,32,0.08728215446039655,0.12783203531284926,9705.33276260284,3617.1496395883764,10357.4677558963,2509108.8493762845
2962,2026-09-21T07:55:33.853849Z,12.748584950900057,-173.86203488092613,16.361323744853497,179.99876157691244,27,3.61273879395344,-6.139203542161454,401718.22517960443,-660740.0881500139,773145.9293309812,2508522.771415432
2963,2026-09-21T07:55:41.822894Z,1.3977963423018067,-136.15578607823076,-20.063429188059622,179.99999998783773,16,-21.46122553036143,-43.84421393393154,-2386379.39855087,-4810720.389594825,5339444.164251181,2509478.195442714
2964,2026-09-21T07:55:46.786844Z,41.95789148507822,151.98873989333913,-20.063429188059622,179.999999982,0,-62.02132067313784,28.011260088660862,-6896456.202648217,3058030.0763511704,7473674.806656876,2511153.0256084404
2965,2026-09-21T07:56:00.713748Z,6.40218061276011,83.92762678514185,6.3342425541836525,83.99134419061551,30,-0.0679380585764573,0.06371740547365334,-7554.367439782904,7041.334696238854,10327.093280815265,2510309.5767273856
2966,2026-09-21T07:56:14.193476Z,-19.079587920618177,151.60095774758742,-19.28816169734201,152.50231196732543,34,-0.20857377672383137,0.9013542197380104,-23192.345802785003,94660.35423568555,97459.9103438188,2509496.073805476
2967,2026-09-21T07:56:30.126847Z,-37.85937118014309,12.648102491821248,-37.90072955873209,12.598199403274647,29,-0.04135837858899549,-0.04990308854661407,-4598.841873341242,-4379.79070888809,6350.740935307787,2508652.4117451897
2968,2026-09-21T07:56:35.845741Z,-23.062450285532513,-139.3024330294445,-37.90072955873209,12.598199403274647,0,-14.838279273199575,151.90063243271914,-1649941.375314903,14556169.76137788,12627913.394497586,2512061.8662542035
2969,2026-09-21T07:56:50.324910Z,-16.069767913333877,118.35634937356218,-16.15883865520743,118.30998428751143,25,-0.08907074187355235,-0.04636508605074141,-9904.21460880608,-4952.9997593832295,11073.647427694086,2511219.4990535206
2970,2026-09-21T07:57:02.000238Z,22.506207873399628,25.559377319986623,22.454359845893183,25.483352100931732,22,-0.051848027506444794,-0.07602521905488402,-5765.237615244193,-7811.238010942893,9708.418842033398,2510377.239430554
2971,2026-09-21T07:57:13.375482Z,17.60533541337539,42.257590206006796,17.61828382082861,42.15863966734415,20,0.012948407453219346,-0.09895053866264902,1439.797216924583,-10487.078311003226,10585.453434547679,2509535.841993329
2972,2026-09-21T07:57:40.073581Z,-76.55336553863538,-108.67506050649766,-78.10953740725513,-69.97516522332677,43,-1.5561718686197565,38.69989528317089,-173038.41677749972,943744.6941186126,941045.1612761206,2509008.0860442314
2973,2026-09-21T07:57:50.299324Z,-30.736945947883846,-136.93744048573495,-30.856414973474557,-137.0068513384505,12,-0.11946902559071049,-0.06941085271554925,-13284.349536855963,-6629.797122210328,14846.821821241618,2508169.148518425
2974,2026-09-21T07:57:58.671368Z,-40.871704664506616,47.33465915247737,-40.8105927837145,47.54612138359348,9,0.06111188079211871,0.21146223111611562,6795.331101790658,17788.58501137562,19042.32209126726,2507332.1859002584
2975,2026-09-21T07:58:17.107109Z,74.29301802410026,-10.359125536370016,74.27176585728081,-10.541566883269308,32,-0.02125216681945119,-0.1824413468992816,-2363.1331305268004,-5495.551648491431,5982.094031855989,2506491.395953412
2976,2026-09-21T07:58:31.789549Z,32.9941580506916,-125.4271252682401,31.415385664709767,-126.13570092337726,25,-1.5787723859818357,-0.7085756551371674,-175551.4796477052,-66668.07782257664,187782.64717171053,2505712.2599491174
2977,2026-09-21T07:58:41.160734Z,36.182071978197754,-122.8239136547752,28.145052389230397,-127.26987241437418,16,-8.037019588967357,-4.445958759598966,-893675.803636107,-418498.3231068055,986480.511137244,2505201.9368893886
2978,2026-09-21T07:58:52.387539Z,33.38005184328912,166.35061764008623,30.49725638302459,-179.99999950790286,20,-2.882795460264525,13.649382852010945,-320552.2297353808,1287978.7151726505,1326152.64326247,2504806.0170459948
2979,2026-09-21T07:59:07.066028Z,-23.63486289874661,-30.81838414269444,-23.645794186390273,-30.76202110955039,32,-0.010931287643661136,0.05636303314406632,-1215.5037276674714,5741.337371761336,5868.5946821592415,2503967.1659475174
2980,2026-09-21T07:59:23.551453Z,-17.52269320937148,4.760715516554427,-17.578675735651984,4.854548654401387,27,-0.055982526280505596,0.09383313784695702,-6224.972903137901,9948.082885496797,11735.187620751314,2503130.8464917033
2981,2026-09-21T07:59:43.296056Z,43.6687289980019,-145.24201021311822,43.67063095278873,-145.2531613861866,37,0.0019019547868239783,-0.011151173068384423,211.4877230021596,-896.8991180971814,921.4961115151125,2502291.4605975803
2982,2026-09-21T07:59:58.428163Z,-51.82407634389402,61.51003141444792,-89.99999999999999,-116.75200955685379,40,-38.175923656105965,-178.2620409713017,-4244969.0305289775,-6482123.507628189,4244969.030528981,2502875.859514392
2983,2026-09-21T08:00:12.111117Z,-41.69180868210742,4.637365949001662,-89.99999999309827,-123.57937178377264,34,-48.30819131099085,-128.2167377327743,-5371625.789156937,-5833872.938232492,5371625.790399141,2503837.559122466
2984,2026-09-21T08:00:23.988298Z,30.02696902610279,6.03266259101261,29.920372960914147,5.933419009632702,21,-0.10659606518864351,-0.09924358137990907,-11852.941649249815,-9559.456326997517,15227.454568775736,2503003.5745029775
2985,2026-09-21T08:00:36.916023Z,-27.58090132518312,72.61602146038621,-27.630503296507968,72.63877477097448,34,-0.04960197132484723,0.022753310588257136,-5515.4875628918935,2242.0250903537712,5953.761750064017,2502167.0419023903
2986,2026-09-21T08:00:53.252890Z,-22.696982908339145,-76.3339344434682,-22.63514115201295,-76.48237257775607,39,0.06184175632619571,-0.1484381342878578,6876.489558262007,-15230.784892139734,16711.15984914647,2501334.6722165053
2987,2026-09-21T08:01:12.695857Z,-15.782864513914419,108.12589766128247,-34.23926340094851,-179.99999960891725,38,-18.45639888703409,71.87410272980026,-2052257.9203664712,7242591.726877879,7382083.470795643,2502968.669136016
2988,2026-09-21T08:01:23.619855Z,-15.371903907583864,-116.07553665141171,-15.299190405861,-116.10027645653032,25,0.0727135017228644,-0.024739805118599634,8085.372490142901,-2652.989501889753,8509.500598511115,2502133.8434437346
2989,2026-09-21T08:01:31.790231Z,22.895954766477846,43.8662237073776,22.938640064061982,43.72668919847677,13,0.04268529758413564,-0.13953450890082308,4746.388533669123,-14290.855975392187,15058.444103073054,2501301.7673649993
2990,2026-09-21T08:01:44.115895Z,61.70711027621164,-161.4462135746167,64.531699672745,179.87606990531282,24,2.8245893965333693,-18.677716520070476,314080.01074852643,-939019.5217658286,985872.1274491934,2500794.934709509
2991,2026-09-21T08:01:54.643858Z,7.612071158190464,6.3184243925937835,-89.99999999999999,153.8719993158861,34,-97.61207115819045,147.55357492329233,-10853967.092058435,12346166.995296326,10853967.092058437,2503587.7037357036
2992,2026-09-21T08:02:00.608862Z,-6.001619619558086,-46.95459736363213,-89.99999999999999,179.9999999725691,20,-83.9983803804419,-133.04540266379877,-9340193.74466498,-9898945.262868118,9340193.74466498,2505872.665647779
2993,2026-09-21T08:02:12.536339Z,34.22248316140101,-28.543174368643264,-89.99999999999999,172.57053839371898,20,-124.22248316140099,-158.88628723763776,-13812909.902736915,-15615417.590790011,13812909.902736919,2509650.4929906083
2994,2026-09-21T08:02:34.033388Z,-75.39412727764837,-7.5963212711641575,-87.06554957487812,-91.79644531181636,29,-11.671422297229753,-84.2001240406522,-1297802.9461781296,-1427530.6081200575,1623197.321874713,2509354.4164471496
2995,2026-09-21T08:02:47.258922Z,7.798173371479753,-6.370869718080712,7.714133471656506,-6.31471668357185,20,-0.08403989982324678,0.056153034508866995,-9344.81049606199,6186.809368074177,11207.23364903426,2508520.3105430435
2996,2026-09-21T08:03:02.439786Z,9.44808007970649,54.38656477898448,9.524445397058845,54.34656073167606,27,0.07636531735235508,-0.04000404730842888,8491.43586118357,-4387.417972106297,9557.924269265843,2507686.210948159
2997,2026-09-21T08:03:14.416242Z,72.23491424414954,-99.77532799116551,85.82903794218413,-41.84995710790042,17,13.594123698034593,57.92537088326509,1511597.5874000143,1225473.3477765683,1771801.2548327232,2507440.670422261
2998,2026-09-21T08:03:33.854315Z,-51.19225801164017,-16.656590676915897,-51.21788737750476,-16.624293025474433,37,-0.02562936586458875,0.03229765144146768,-2849.8554572595035,2250.096381286254,3631.061731032997,2506605.510446047
2999,2026-09-21T08:03:43.577010Z,-40.601583751704105,-149.93418265877182,-88.96649023104047,-75.21154555671002,12,-48.36490647933636,74.72263710206181,-5377932.22814075,3539800.1075709504,5463404.09742412,2507591.4386177636
3000,2026-09-21T08:03:48.793921Z,-0.38231053419818795,-134.37310207738696,-88.96649023104047,-75.21154555671002,0,-88.58417969684228,59.161556520676925,-9850111.363258786,4678036.397211914,9906129.141128754,2510057.617851934
3001,2026-09-21T08:04:06.082865Z,3.52088640748366,161.34410006797197,-89.99999999999999,-62.03593494557893,27,-93.52088640748364,136.61996498644908,-10399048.103814254,11066906.006704709,10399048.103814257,2512686.4050848437
3002,2026-09-21T08:04:15.101898Z,49.849044023867464,70.06346172055189,-89.99999999770296,-8.404093404964213,20,-139.84904402157042,-78.4675551255161,-15550504.19129019,-8195062.143835547,15550504.191494547,2517029.4489843803
3003,2026-09-21T08:04:29.334511Z,24.712827118702034,160.2788180345649,-89.99999999999999,-26.871939141759743,26,-114.71282711870202,172.84924282367535,-12755484.396654017,16184018.298429132,12755484.396654021,2520438.8578913636
3004,2026-09-21T08:04:45.318038Z,-55.07670536600566,-78.35083935602746,-56.62652203351791,-81.24971740470077,27,-1.5498166675122462,-2.8988780486733106,-172331.7506565387,-180942.01910310777,249836.8472130804,2519682.9983671694
3005,2026-09-21T08:05:11.819874Z,-62.93835343853813,63.638427046470554,-62.810432579231616,62.3609299628208,41,0.12792085930651353,-1.277497083649763,14224.150566896691,-64767.20817875194,66309.5649162835,2518866.5679400647
3006,2026-09-21T08:05:21.494844Z,7.391645241209476,91.43324750219836,7.266516064001633,91.42306349866361,11,-0.12512917720784333,-0.010184003534732256,-13913.729680720131,-1123.1575394920742,13958.98835733976,2518033.2653520466
3007,2026-09-21T08:05:30.115435Z,4.422372727147732,98.83590275731956,-19.092052975231034,132.20874324350487,1,-23.514425702378766,33.37284048618531,-2614684.8410649337,3680524.311704978,4491646.483102342,2518689.6049655317
3008,2026-09-21T08:05:45.647451Z,-40.73879496931466,-24.885153201878467,-40.60267909605522,-24.69119764792795,24,0.13611587325944186,0.19395555395050224,15135.39454224369,16357.768100883475,22285.78542659954,2517859.6834829724
3009,2026-09-21T08:06:04.390073Z,-3.928635121934211,169.44299293792488,-6.705469784567661,-179.99443240600445,35,-2.7768346626334504,10.562574656070638,-308769.92661559454,1169451.0112686497,1209399.1642315097,2517424.834523434
3010,2026-09-21T08:06:11.566696Z,-34.20547143201312,-106.69110143270987,58.603302547544615,-179.99963008898436,2,92.80877397955774,-73.30852865627449,10319864.814628353,-7967473.907854267,12327191.855865477,2520683.8933345107
3011,2026-09-21T08:06:43.299605Z,-32.77626831153221,-1.638451060081053,-32.827498378796264,-1.6305933490374278,30,-0.05123006726405066,0.00785771104361288,-5696.5235714219225,734.4190909791397,5743.670613814587,2519848.6425132817
3012,2026-09-21T08:07:11.629516Z,-57.2911101273942,-87.61544372525067,-58.50209836842579,-87.60181025845701,23,-1.2109882410315933,0.013633466793663729,-134655.74862893124,805.6616582127889,134658.15801942322,2519056.746602095
3013,2026-09-21T08:07:46.714749Z,-12.21807636951456,55.42165453127299,-12.332108127814488,55.37617286848387,38,-0.1140317582999284,-0.04548166278911481,-12679.752999310589,-4941.709936487306,13608.696629592674,2518225.200618035
3014,2026-09-21T08:08:14.437953Z,-10.460899493560568,80.87919472901069,-10.576836350191238,80.85672592638082,24,-0.11593685663067,-0.022468802629873608,-12891.590268448073,-2456.4305720117322,13123.534147868779,2517394.0454533137
3015,2026-09-21T08:08:37.610511Z,-50.604812428239455,-119.4193915937498,-22.84861417845228,116.6807644926665,12,27.756198249787175,-123.89984391358371,3086348.4283169145,-11042250.407368517,10174058.801452726,2519933.5694188196
3016,2026-09-21T08:09:05.364629Z,-39.551349980697864,42.453604775247214,-39.58082233923765,42.396127515865096,22,-0.029472358539784693,-0.05747725938212511,-3277.176745873493,-4926.899056839584,5917.28140977928,2519100.0096416282
3017,2026-09-21T08:09:36.260056Z,-36.67664495152996,-83.67693636936458,-41.44690446792228,-84.34680188228462,27,-4.770259516392322,-0.6698655129200404,-530428.6570007525,-57835.64610506636,533567.0103144653,2518441.894626936
3018,2026-09-21T08:10:18.614423Z,-54.43497686652065,14.427936914933781,-54.470645052443906,14.453296514406855,38,-0.0356681859232566,0.0253595994730631,-3966.121317281,1639.3905265095032,4291.586999695181,2517608.8428351446
3019,2026-09-21T08:10:41.875151Z,26.859978348848976,-40.245780396780475,26.780627145759023,-40.196663853323784,18,-0.0793512030899528,0.04911654345670513,-8823.451206744785,4873.993889448244,10080.133958791843,2516778.260288316
3020,2026-09-21T08:11:02.008228Z,-56.31624290215996,-141.3724692649043,-56.531279038470494,-141.4713501019049,13,-0.21503613631053042,-0.09888083700059269,-23910.927402978763,-6080.767909134982,24672.005235920453,2515953.0595416096
3021,2026-09-21T08:11:35.056591Z,3.168218987567539,154.39851764738012,-10.484022171258554,-179.99999954967777,24,-13.652241158826092,25.601482802942087,-1518059.9541894929,2840955.49159398,3214988.532693335,2516184.4516214347
3022,2026-09-21T08:11:59.398314Z,40.30539431482386,-31.10373541053187,40.25697234980377,-31.121830449001262,22,-0.048421965020089885,-0.018095038469397196,-5384.276848394285,-1534.9743151305133,5598.801914487604,2515353.682048401
3023,2026-09-21T08:12:36.306478Z,-81.13667016516506,77.73479876583048,-81.14626792083583,78.09080806921328,33,-0.009597755670768038,0.35600930338279113,-1067.2217377634497,6096.123470311458,6188.825094803609,2514523.6572859287
3024,2026-09-21T08:13:07.091084Z,-8.421338251662705,-20.852423644686127,-8.46407222726318,-20.833003187578722,33,-0.042733975600475205,0.019420457107401035,-4751.801282125203,2136.054654764656,5209.831541087502,2513693.8577403785
3025,2026-09-21T08:13:35.960589Z,-7.74274321193752,73.78881550558361,-7.864897802522983,73.7550358634261,26,-0.1221545905854633,-0.03377964215752627,-13582.970739446697,-3721.3385660346444,14083.516935879055,2512867.540272344
3026,2026-09-21T08:14:03.914792Z,-10.988534290293858,-31.917277230891017,-10.990268659388708,-31.875659539874608,35,-0.001734369094849697,0.04161769101639834,-192.8530442764018,4542.815914931844,4546.907597358695,2512038.6173930727
3027,2026-09-21T08:14:14.037439Z,23.740966202786716,66.8448866152687,23.68260779368898,66.93011084273935,16,-0.058358409097735375,0.08522422747063274,-6489.159018715834,8676.49435196229,10834.70011077221,2511212.3194355955
3028,2026-09-21T08:14:24.458220Z,37.58827229031892,71.96427936805955,37.591642546296235,72.01365420465746,17,0.0033702559773161056,0.04937483659790587,374.75536617105,4350.440505018618,4366.551696841349,2510384.4311371353
3029,2026-09-21T08:14:45.198012Z,-51.81424449260912,95.3877063087017,-51.83733380035158,95.41811156957006,34,-0.023089307742459653,0.03040526086834916,-2567.413880696443,2089.5874903978947,3310.2854115022756,2509556.7407621844
3030,2026-09-21T08:15:01.381830Z,49.62228147622342,130.659209771591,49.6241186263256,130.7856450981518,30,0.0018371501021761105,0.12643532656079515,204.2817708465162,9107.560241599736,9109.84989038827,2508731.510765197
3031,2026-09-21T08:15:16.562503Z,-33.48284728046936,-4.846145151291552,-33.53308796618329,-4.819917322640917,24,-0.05024068571393059,0.026227828650633,-5586.509362532842,2431.721981775698,6092.811973603981,2507905.8299011947
3032,2026-09-21T08:15:31.953313Z,-6.279334587682322,37.01528866045555,-6.382548993582044,37.04287466174754,36,-0.1032144058997222,0.0275860012919793,-11476.91829268132,3048.7168619886925,11874.94527957488,2507082.600717612
3033,2026-09-21T08:15:43.433542Z,50.51654423823208,3.0784109933007358,50.462032222821726,3.0138709350402944,16,-0.05451201541035289,-0.06454005826043385,-6061.459554801245,-4565.867752803211,7588.704135010822,2506258.501180328
3034,2026-09-21T08:15:51.405170Z,30.307295782379068,54.75921112593588,30.224010918894383,54.833998866364865,10,-0.08328486348468545,0.07478774042897385,-9260.854285781686,7182.52619427729,11719.730560465558,2505436.306463578
3035,2026-09-21T08:16:14.902852Z,-25.544995387448946,-177.08899782029712,-24.199195589208305,179.99395571493213,41,1.345799798240641,-2.917046464770692,149646.10984363002,-294275.9697592313,330124.8943472874,2504719.5646473947
3036,2026-09-21T08:16:30.240180Z,-64.31250735873851,-25.770459256821454,-89.99999849537124,178.8644140103329,36,-25.68749113663273,-155.36512673284562,-2856318.692620629,-3840292.3061368046,2856319.012006938,2504835.374742045
3037,2026-09-21T08:16:38.961555Z,33.51121730488863,-7.629505974253476,-89.99999999999999,178.8229460670592,25,-123.51121730488862,-173.54754795868735,-13733820.747997243,-16999977.19118746,13733820.747997245,2508532.7686746283
3038,2026-09-21T08:16:54.191427Z,-13.300113628606201,-116.06763276298267,-0.8613653278269882,179.99999999997826,28,12.438748300779213,-63.9323672370391,1383125.7048552744,-7054737.954661557,7168228.797457801,2510066.5725024045
3039,2026-09-21T08:17:08.470518Z,8.554443825209026,28.305395084604783,10.069586836284946,27.50922038351565,22,1.5151430110759208,-0.7961747010891429,168476.21597260286,-87363.91415993565,189779.35863902324,2509303.0689769476
3040,2026-09-21T08:17:20.400309Z,32.080919615528444,159.99800780412153,31.947479237913896,160.00079471520652,17,-0.13344037761454786,0.002786911084996291,-14837.893000271866,262.7612359954229,14840.219408312303,2508482.5219869576
3041,2026-09-21T08:17:34.931857Z,-23.69846281565778,143.3615426645074,-23.745387307231976,143.3291041633178,36,-0.046924491574195315,-0.032438501189602675,-5217.765398425862,-3302.2369695249367,6174.936740255382,2507659.6651683957
3042,2026-09-21T08:17:45.303854Z,30.996018244997654,73.71878664291796,31.0533379420759,73.80416379660349,22,0.05731969707824547,0.08537715368552767,6373.659511903832,8135.416466468791,10334.820844740601,2506838.7168303537
3043,2026-09-21T08:18:04.494898Z,-38.62735102218449,48.70306343400591,-38.66249179950661,48.72342954465975,34,-0.03514077732211973,0.020366110653839087,-3907.476156565877,1768.7294047213454,4289.145989851107,2506016.32130921
3044,2026-09-21T08:18:15.519711Z,-42.07404684288715,-152.69699998513534,-73.97812517417216,179.9998330209469,13,-31.904078331285014,-27.303166993917785,-3547571.6497094934,-1607648.5519334553,3813857.846353292,2506445.967013889
3045,2026-09-21T08:18:33.411476Z,11.889477816985341,149.1566131355724,11.739445587776267,150.67894400608353,30,-0.15003222920907433,1.5223308705111265,-16682.82272122264,165689.49423887217,166526.99367586948,2505677.5207172264
3046,2026-09-21T08:18:39.032619Z,20.750854299943096,-126.32946408749703,11.739445587776267,150.67894400608353,0,-9.01140871216683,-82.99159190641944,-1002022.9307135282,-8859792.844723394,8829854.062518595,2507753.7441386976
3047,2026-09-21T08:19:02.484193Z,-40.790532682492795,100.92757966842396,-40.74568295425746,100.71675457646462,40,0.044849728235334396,-0.21082509195935017,4987.062241156403,-17754.51690380878,18441.622939313394,2506936.7726515955
3048,2026-09-21T08:19:16.928278Z,62.76175080769634,176.01667738809215,62.67445603269162,176.20904570513238,21,-0.08729477500471461,0.19236831704023416,-9706.736103102501,9804.682376048379,13796.819293029881,2506118.8133493126
3049,2026-09-21T08:19:36.231221Z,-37.81893496888015,-162.11367608991208,-31.473170524948188,179.99915268700144,32,6.345764443931962,-17.88717122308651,705616.8118466636,-1636279.2024507243,1778079.8958515,2505880.0337765026
3050,2026-09-21T08:19:59.137693Z,-62.25357302132112,155.03806453199155,-64.07188774636369,158.7561298661409,38,-1.818314725042569,3.718065334149344,-202187.37246782944,186646.30349117878,275081.1866655026,2505148.6243184335
3051,2026-09-21T08:20:06.110438Z,34.87558741850865,101.78969797095078,-53.10892095013644,32.312157954673246,1,-87.9845083686451,-69.47754001627754,-9783430.953909056,-7627958.9517809795,11846539.018207377,2508210.371415742
3052,2026-09-21T08:20:27.961872Z,-8.921720604848383,44.3922992625767,-9.037824594604649,44.368312054517126,36,-0.11610398975626524,-0.023987208059566,-12910.174624088513,-2634.564634968951,13176.248976274204,2507392.8635119284
3053,2026-09-21T08:20:45.656230Z,-1.2977784277883757,122.94537940194192,-1.3714645295047156,122.93293295270803,25,-0.07368610171633994,-0.012446449233891599,-8193.520675071914,-1383.6065598432187,8309.521520579894,2506574.297071709
3054,2026-09-21T08:20:53.540852Z,42.789504848976,85.54636931314695,-1.3714645295047156,122.93293295270803,0,-44.160969378480715,37.386563639561075,-4910475.750592768,3888592.9834455927,6169330.634993359,2507773.6278961757
3055,2026-09-21T08:21:03.666230Z,22.496128367433858,31.963378481847627,22.523380160539173,31.877654898577635,20,0.027251793105314448,-0.08572358326998142,3030.2611352781314,-8805.824024850264,9312.62664179749,2506955.8010545215
3056,2026-09-21T08:21:21.557241Z,-14.642576810112946,107.54457390012612,-14.717298941118463,107.50872473444981,35,-0.07472213100551706,-0.0358491656763249,-8308.721875883577,-3856.120534414013,9159.94116870431,2506138.4594773334
3057,2026-09-21T08:21:36.691407Z,-6.675634108352892,-57.64644583668152,-6.645593156970232,-57.5821804443985,27,0.030040951382659387,0.06426539228300499,3340.401385327566,7097.7545862270845,7844.514026314072,2505321.222334563
3058,2026-09-21T08:21:52.479217Z,7.635447490606452,48.293641813124225,7.735128745017613,48.23992543797761,28,0.09968125441116182,-0.053716375146620976,11084.049772086735,-5919.336448581901,12565.615543022723,2504506.063535743
3059,2026-09-21T08:22:19.657331Z,-59.23923293726972,93.43679115548059,-59.2261796158303,93.52894475543175,37,0.01305332143942195,0.09215359995116046,1451.4631199243695,5241.884593461583,5439.126196507405,2503689.1080152006
3060,2026-09-21T08:22:40.973271Z,59.026430790042696,-31.847555998434103,58.951961091721586,-31.94036657079095,32,-0.07446969832110995,-0.09281057235685353,-8280.65264205824,-5316.894267910877,9840.65705496124,2502874.1248612916
3061,2026-09-21T08:23:00.866969Z,65.29616539686302,139.89609288431177,89.64556819112269,45.981689144743754,30,24.349402794259674,-93.91440373956802,2707530.057546518,-2265420.433212457,2749894.9858318795,2502954.8242604984
3062,2026-09-21T08:23:13.047011Z,13.767425162576915,44.92341001096284,13.808619040974714,44.83943714899552,25,0.041193878397798755,-0.08397286196731102,4580.550286648105,-9068.292136778211,10159.49596131824,2502140.7173603354
3063,2026-09-21T08:23:22.721715Z,17.106778033119728,-143.5351308408368,89.99999999999999,131.931054333828,32,72.89322196688026,-84.53381482533518,8105356.4694927875,-5584131.139732932,8105356.46949279,2503970.0401654714
3064,2026-09-21T08:23:39.104361Z,-10.590917622853032,-92.51876951894559,-10.289060889673758,-92.95188869468267,31,0.30185673317927453,-0.43311917573709025,33564.93730303557,-47363.36684047298,58050.731835597195,2503171.76362881
3065,2026-09-21T08:23:51.331405Z,-46.197958311154885,-151.00355107461274,-47.95668264519682,-149.9584859801002,19,-1.7587243340419363,1.0450650945125517,-195561.22331179352,79137.4954471353,210961.23959044556,2502423.897226188
3066,2026-09-21T08:24:00.001208Z,-6.007390873131892,-117.64486370319077,-5.9347992647400964,-117.63729126043052,11,0.07259160839179568,0.007572442760249487,8071.8185701362545,837.4488545002367,8115.14482410492,2501610.358820316
3067,2026-09-21T08:24:17.035719Z,39.77276881558846,-92.46865748079583,39.774497684806384,-92.32576695509634,43,0.0017288692179278087,0.14289052569949945,192.2414858655183,12211.706632263242,12213.218412520817,2500798.687108413
3068,2026-09-21T08:24:21.698835Z,41.07125548510787,87.56205584830826,39.774497684806384,-92.32576695509634,0,-1.296757800301485,-179.88782280340462,-144192.88848028297,-15227578.839627787,11025442.036377463,2503577.25404103
3069,2026-09-21T08:24:36.429531Z,-10.602770586811097,129.46986252313184,-36.38692810248542,-179.99999959198118,23,-25.784157515674323,50.53013788488698,-2867067.5035471544,5152882.218514665,5810459.3180086035,2504654.76530332
3070,2026-09-21T08:24:45.850204Z,3.521040144631524,100.25885135024464,-6.668119909440674,-179.99999983455095,14,-10.189160054072197,79.74114881520438,-1132982.904782226,8863467.546122942,8922901.585436597,2506745.399446686
3071,2026-09-21T08:25:00.583502Z,-87.92926200387801,-21.36144376846957,-87.90473193548891,-21.74556732293507,25,0.024530068389097437,-0.3841235544655035,2727.6191551116985,-1552.4853424045366,3138.474860892905,2505930.1578561333
3072,2026-09-21T08:25:13.715898Z,-27.741654711405303,-120.16472847550389,-53.369584418493616,-83.96088177731134,18,-25.627929707088313,36.203846698192535,-2849695.7638315926,3058614.761431268,4103327.4719162895,2506450.143960971
3073,2026-09-21T08:25:39.438379Z,-38.886557938698004,-17.23668545182332,-38.88945251175928,-17.20054390054329,43,-0.002894573061276162,0.03614155128002494,-321.8618392159187,3128.0984618008447,3144.6136322679376,2505635.5310321297
3074,2026-09-21T08:25:57.241793Z,21.479566737805033,-90.21379456168896,21.684332199083343,-90.11919223934157,27,0.20476546127830986,0.09460232234738442,22768.880446180898,9781.81568559876,24781.155790052067,2504828.4866680303
3075,2026-09-21T08:26:14.837482Z,21.400389135160093,-44.75335912484701,21.340874198059,-44.60336081487415,26,-0.0595149371010919,0.14999830997285812,-6617.759065211441,15532.24488838358,16883.28511769333,2504019.3987976075
3076,2026-09-21T08:26:32.229484Z,41.55232687405512,120.49216208860776,89.83712308275489,14.032924995351754,18,48.28479620869977,-106.45923709325601,5369024.372473838,-4872387.937657755,5392287.894115062,2504958.3677492714
3077,2026-09-21T08:26:51.774577Z,-22.644664017366875,-92.13315196111483,89.99965786365725,33.6717706538296,35,112.64432188102413,125.80492261494442,12525477.10848654,11641144.856783178,12525537.408959575,2508214.974522495
3078,2026-09-21T08:27:08.463657Z,-20.22758316342341,5.761705604142122,-20.31803282163245,5.70242410015527,29,-0.09044965820903883,-0.05928150398685261,-10057.543109579483,-6183.463270462422,11806.327956567218,2507403.925579491
3079,2026-09-21T08:27:20.643458Z,45.47868704372029,110.91719218835635,45.408451476913804,111.09501914609952,19,-0.07023556680648824,0.17782695774315016,-7809.838698886464,13873.28193350786,15920.469684740958,2506594.739656823
3080,2026-09-21T08:27:25.557124Z,8.226784831534287,-126.47324364625314,45.408451476913804,111.09501914609952,0,37.181666645379515,-122.43173720764736,4134412.6951554115,-12149586.113884144,11754162.470565256,2509597.1967123128
3081,2026-09-21T08:27:35.982578Z,-38.169036024461064,-35.408216560411034,-38.08073570805042,-35.278561026868076,12,0.08830031641064551,0.129655533542973,9818.547205973053,11341.406866977193,15001.042815008957,2508787.5257762866
3082,2026-09-21T08:27:50.361622Z,28.564202470089366,19.461756812481468,28.61746876322073,19.357280232328545,25,0.05326629313136522,-0.1044765801529195,5922.941557369718,-10200.65083444115,11795.528532576182,2507977.340183411
3083,2026-09-21T08:28:03.589366Z,-22.628681245787817,-67.97008450224317,-20.594386840139048,-66.82209143486907,29,2.034294405648769,1.1479930673741023,226203.21720955105,118677.4406524099,255440.77620260144,2507246.7087971047
3084,2026-09-21T08:28:18.018498Z,18.045318361560415,21.181652751077223,18.064366871562683,21.09805817525688,38,0.019048510002267705,-0.08359457582034224,2118.097672390301,-8837.595249543041,9087.872427856668,2506436.670263911
3085,2026-09-21T08:28:30.648521Z,57.40996098617071,44.22708636518061,57.506566410378795,44.10030577135548,26,0.09660542420808582,-0.1267805938251172,10742.033058284582,-7583.16417324299,13148.974196911833,2505628.473279773
3086,2026-09-21T08:28:43.878079Z,22.452774828017976,-89.06994026807197,22.51667586466088,-89.14853475551857,38,0.06390103664290336,-0.07859448744659403,7105.4710820189,-8074.959339156733,10756.052988833235,2504820.0246665874
3087,2026-09-21T08:28:57.509309Z,2.0731393025120255,-99.05483351988343,2.130295672401064,-98.9708983953558,38,0.057156369889038494,0.08393512452761343,6355.498357080901,9326.881550453618,11286.410924602495,2504012.271633305
3088,2026-09-21T08:29:13.197798Z,88.1608746432851,-159.639742323565,88.54894196322036,-115.72141530147944,29,0.38806731993526,43.91832702208558,43151.11717335174,140196.9499789098,142527.01510968793,2503247.5419517886
3089,2026-09-21T08:29:29.380602Z,-34.063303487304594,118.55290242889993,89.99999999867629,-130.42536121453733,34,124.06330348598088,111.02173635656277,13795209.930405274,10903235.575013954,13795209.930605264,2506903.081734454
3090,2026-09-21T08:29:42.558892Z,44.0878368266607,-51.303140442363315,43.95445332584899,-51.303063732106,20,-0.13338350081171058,7.67102573036027e-05,-14831.568588352598,6.1336313133271485,14831.569856639935,2506096.5860995417
3091,2026-09-21T08:29:58.002491Z,-16.88521576353852,-106.64399636401305,-16.326349884613723,-107.09835919036915,33,0.5588658789247951,-0.45436282635608904,62143.05041118944,-48415.72215796419,78777.00374767059,2505311.2999195512
3092,2026-09-21T08:30:19.256479Z,-8.965743545310099,34.712169456332504,-9.075824369878722,34.730303088495496,34,-0.11008082456862311,0.018133632162999902,-12240.429212880586,1991.4285107883372,12401.366598732782,2504505.054792345
3093,2026-09-21T08:30:34.894029Z,-10.578491905895666,-68.2255430357157,-10.228614634553779,-67.70215491151224,22,0.34987727134188695,0.5233881242034499,38904.57752145949,57241.34318097927,69210.7330320173,2503717.698076613
3094,2026-09-21T08:30:47.827383Z,29.734982216763242,69.12678745117677,29.752844223606246,69.17467501465862,18,0.01786200684300354,0.04788756348185075,1986.1645406323848,4623.312699230514,5031.885257870109,2502910.107316167
3095,2026-09-21T08:30:54.552208Z,25.610410030638434,102.51613431661485,42.80981613819386,91.31633008912046,1,17.199406107555426,-11.199804227494383,1912486.700459601,-1029890.659616767,2167509.4351413613,2502801.738762961
3096,2026-09-21T08:31:16.051582Z,-13.910100048239464,106.11559502674538,-13.995868893924813,106.11394404601717,35,-0.08576884568534915,-0.0016509807282147904,-9537.060504370877,-178.16393375729535,9538.724518734074,2501996.4212519
3097,2026-09-21T08:31:37.304858Z,25.821249650779176,-78.18489099686553,26.958107227114713,-77.39681316103513,33,1.1368575763355366,0.7880778358303928,126412.79480594082,78498.46969181644,148801.32308629196,2501236.5907390923
3098,2026-09-21T08:31:51.701805Z,-43.06230223597434,-108.86628032123343,-63.53191047692472,-109.05827121020909,15,-20.46960824095038,-0.19199088897565275,-2276116.5867953324,-12759.212782563663,2276149.8918429026,2501163.9352520374
3099,2026-09-21T08:32:15.523087Z,-77.58919423585803,-144.84410886121398,-77.55654991913488,-143.20106819345102,43,0.03264431672315027,1.6430406677629605,3629.882403392436,39316.14886964467,39482.04608031544,2500369.5880790227
3100,2026-09-21T08:32:35.025375Z,60.38169200798006,127.64459220819828,72.79899264788016,-179.9749954418064,37,12.417300639900098,52.38041234999531,1380740.8337771236,2314063.4933182118,2571086.0140641704,2500392.3998293406
3101,2026-09-21T08:32:49.504559Z,-3.3695531312374167,-161.01541297651687,-3.3476700652665365,-161.07772585310576,22,0.02188306597088019,-0.06231287658889073,2433.285915390062,-6916.974761550072,7332.490681491811,2499588.4462952716
3102,2026-09-21T08:32:57.472953Z,5.693997554947735,-118.25977903014007,5.812088398814816,-118.3259808927193,8,0.11809084386708069,-0.06620186257924843,13131.102721194076,-7324.233770259883,15035.63232350055,2498787.494388769
3103,2026-09-21T08:33:14.455465Z,13.528356038146685,-82.89621292785542,13.663647649182154,-83.03679657659846,37,0.13529161103546983,-0.1405836487430463,15043.74076471324,-15194.134047825903,21381.667689136237,2497989.103854866
3104,2026-09-21T08:33:30.389921Z,-48.950815419305314,60.098500309041185,-48.93162204277901,60.27094973694628,29,0.01919337652630304,0.172449427905093,2134.2060949036622,12595.101405977462,12774.636575793094,2497188.454864119
3105,2026-09-21T08:33:46.679516Z,-59.902579748416,-95.44763351071344,-60.031745280418306,-95.45156515983234,28,-0.12916553200230396,-0.003931649118896985,-14362.551856001592,-218.80667072255847,14364.218460229857,2496388.833531944
3106,2026-09-21T08:34:06.831866Z,20.33725745689776,-36.128075370873574,20.267348304014693,-36.11477726774722,33,-0.0699091528830671,0.013298103126345495,-7773.543126615887,1386.818491651432,7896.280005960388,2495587.644686636
3107,2026-09-21T08:34:25.527513Z,30.354672940754295,-139.36902938556378,30.34166535779742,-139.47632698630593,28,-0.013007582956873875,-0.10729760074215733,-1446.377232712603,-10296.063856635772,10397.159670160958,2494787.7764906217
3108,2026-09-21T08:34:40.463724Z,-69.97976297352604,81.97812462834406,-83.0096694681684,-174.20693540725244,20,-13.029906494642361,103.8149399644035,-1448859.4968572168,2695857.120885862,2522464.4790513352,2494796.681478576
3109,2026-09-21T08:34:50.089788Z,-37.868812981317504,-39.94051763512422,-38.1182073211377,-40.587310147895224,7,-0.2493943398201992,-0.6467925127710146,-27731.385321875205,-56678.784674051836,63099.02598968274,2494014.533631844
3110,2026-09-21T08:35:06.777708Z,-6.3238274348158185,114.37283392720946,-6.397688775079806,114.37722207723176,27,-0.07386134026398761,0.0043881500222937575,-8213.006312522895,484.93627628335446,8227.310365351073,2493215.245135617
3111,2026-09-21T08:35:18.360473Z,15.3502765625496,68.65139041455694,15.265071569802265,68.75505067334184,16,-0.08520499274733595,0.10366025878488472,-9474.36291829018,11117.55866165702,14606.972070046091,2492418.521164847
3112,2026-09-21T08:35:31.790256Z,-23.066059147818088,-139.57406910508251,33.44350389122558,179.9962570780918,20,56.50956303904367,-40.4296738168257,6283576.716842528,-4477152.73270737,7603378.209096551,2494060.8603961878
3113,2026-09-21T08:35:44.520005Z,-16.39310826833964,-143.65685991531421,33.535921547423634,179.3206399018182,11,49.92902981576327,-37.02250018286759,5551854.807797783,-4070734.1307019535,6799520.900436705,2495443.91855232
3114,2026-09-21T08:36:06.225359Z,57.22134656148015,-142.79154876341747,69.38127106607648,179.99365952320866,33,12.159924504596326,-37.21479171337387,1352121.9132919607,-1859240.7182843094,2241540.3568187794,2495362.382405328
3115,2026-09-21T08:36:24.317014Z,-6.37890334760485,94.77648827833337,-6.469277081852398,94.79614129228312,36,-0.09037373424754769,0.01965301394974972,-10049.100750250911,2171.5937697295585,10281.062414650407,2494564.6034904034
3116,2026-09-21T08:36:40.502208Z,-6.749376920828965,91.95277291827432,-6.8382968341497135,91.9688604513666,33,-0.08891991332074856,0.016087533092274953,-9887.443238941158,1776.2911698984103,10045.73259961668,2493767.26110565
3117,2026-09-21T08:37:00.241760Z,22.240369656421194,11.924916379573517,22.23784667589196,11.835981596627294,46,-0.0025229805292354968,-0.08893478294621104,-280.54263487399106,-9153.471168954402,9157.769170538339,2492970.145452158
3118,2026-09-21T08:37:16.180259Z,-22.21670503747789,74.95334650285375,-22.300378712051547,74.96937980139641,44,-0.0836736745736566,0.01603329854265212,-9304.088106298424,1649.9728090282606,9449.257379855415,2492173.634583629
3119,2026-09-21T08:37:30.362892Z,-2.5992923290122634,-98.10139686084949,-2.096267993739618,-98.38137114488183,32,0.5030243352726456,-0.2799742840323347,55933.75406106974,-31105.58741610623,64001.06376043276,2491395.1246218393
3120,2026-09-21T08:37:43.540100Z,-7.380789373085163,29.212106589851203,-7.510792153551295,29.265564560898213,24,-0.1300027804661319,0.05345797104700978,-14455.64963752021,5894.132688279837,15611.104729621773,2490601.604102643
3121,2026-09-21T08:37:55.268225Z,17.247502757226275,-59.46078637437435,17.209265780394265,-59.44057230891323,23,-0.03823697683201033,0.02021406546111848,-4251.75783394508,2146.8510953955515,4763.025727383151,2489805.1162531157
3122,2026-09-21T08:38:10.400627Z,-9.970544377094702,-7.580115860398337,-10.054152766039982,-7.574113048087349,33,-0.08360838894527944,0.006002812310981653,-9296.828675640083,657.3167230700049,9320.036942779843,2489010.598290492
3123,2026-09-21T08:38:27.787048Z,-41.87401319256669,79.51576049284375,-41.902979423078676,79.59156320574715,36,-0.028966230511983326,0.07580271290339624,-3220.897876949365,6274.84061260944,7053.212206131434,2488215.863296549
3124,2026-09-21T08:38:40.713884Z,-21.84532381258619,9.46463906299698,-21.904241068004183,9.39432595696335,29,-0.058917255417991754,-0.0703131060336375,-6551.299894302324,-7255.534055605015,9775.59701185293,2487422.508537815
3125,2026-09-21T08:38:59.853739Z,52.59384286297797,-140.46771031566513,52.52249886951236,-140.6450410745079,36,-0.07134399346561082,-0.17733075884277127,-7933.090119938473,-11987.8400753616,14375.049308864245,2486631.1333508617
3126,2026-09-21T08:39:10.880487Z,40.7035190880795,-63.59380445281687,40.59938734198952,-63.63927617062704,17,-0.10413174608998332,-0.04547171781018733,-11578.92186784551,-3836.089581161775,12197.827739335471,2485839.5679939804
3127,2026-09-21T08:39:19.300242Z,-23.2855080602017,-130.26872726241868,-23.28373171930788,-130.2867891509217,14,0.0017763408938193948,-0.018061888503012824,197.5200953839775,-1844.8120448242885,1855.3559399698088,2485045.201440717
3128,2026-09-21T08:39:31.775851Z,1.1077389382241838,90.52837798657907,-89.99999066250686,-129.6150063512918,11,-91.10772960073105,139.85661566212912,-10130717.309705582,11102248.841147082,10130719.141684838,2487489.4706031987
3129,2026-09-21T08:39:37.189161Z,-37.48682914315409,-151.1055649909451,-89.99999066250686,-129.6150063512918,0,-52.51316151935277,21.4905586396533,-5839197.143018296,1057157.7304035195,5839197.215201791,2488560.645976992
3130,2026-09-21T08:39:54.727826Z,57.56379456974457,-123.39722464188806,57.55404100870451,-123.40077242606161,34,-0.009753561040064085,-0.003547784173548507,-1084.546504373152,-211.62008670872478,1104.9996291064665,2487765.931712983
3131,2026-09-21T08:40:10.861248Z,32.70263575692584,8.033745446562307,32.72375032255391,7.92936685905427,20,0.0211145656280749,-0.1043785875080232,2347.83257614551,-9765.440919333938,10043.711666334983,2486974.579997861
3132,2026-09-21T08:40:26.245295Z,13.286773471411864,-27.839934409793216,13.212095320753718,-27.797612074713943,24,-0.07467815065814598,0.04232233507926253,-8303.831484383849,4580.761611926977,9483.511520086802,2486183.554752498
3133,2026-09-21T08:40:39.174804Z,-17.653050095792203,-125.3994715233116,-17.636877765916186,-125.41711769602938,29,0.016172329876017244,-0.017646172717775244,1798.2810342353432,-1869.8510743701447,2594.2547457052956,2485390.8355376855
3134,2026-09-21T08:41:02.626267Z,-50.11343871176886,44.696622177744985,-50.16849473429578,44.74057645167919,45,-0.055056022526919435,0.04395427393421869,-6121.95038622198,3132.3983939884,6876.786454611069,2484599.988680926
3135,2026-09-21T08:41:17.859500Z,17.708482448114708,-167.93212489852445,21.18657921960751,179.94491590128888,26,3.478096771492801,-12.122959200186642,386746.71536881855,-1271103.162532937,1328127.6506675188,2484231.097982995
3136,2026-09-21T08:41:27.131662Z,-10.705208326161012,-138.7010707098873,59.646644425872545,179.99884990655332,12,70.35185275203355,-41.300079383559364,7822769.106071168,-4179841.8422081266,8641764.197997462,2486194.5970582548
3137,2026-09-21T08:41:38.355326Z,45.496126044485266,-46.89855055788925,89.9159690174505,175.3239234177411,21,44.41984297296523,-137.77752602436965,4939261.180941686,-5811833.670944634,4955527.625243124,2486981.7609180524
3138,2026-09-21T08:41:42.617508Z,33.107313288742596,162.9993665616817,89.9159690174505,175.3239234177411,0,56.8086557287079,12.324556856059388,6316834.306529666,653667.1085854768,6317049.846397977,2488202.3052410227
3139,2026-09-21T08:41:58.099393Z,-22.239232470475244,120.56817108393113,-22.317313921490115,120.52767536777932,27,-0.07808145101487085,-0.0404957161518098,-8682.26121789927,-4166.791299258308,9630.358531409975,2487412.699651118
3140,2026-09-21T08:42:08.973766Z,43.240703099130165,55.16720299762656,43.25954958323988,55.141146993764934,18,0.01884648410971579,-0.02605600386164042,2095.633418087689,-2110.301510785095,2974.063164534409,2486621.477155422
3141,2026-09-21T08:42:18.445402Z,43.26404083947362,-29.9512914969454,43.25864807047181,-30.053713721562016,11,-0.005392769001815623,-0.10242222461661754,-599.6485535679384,-8293.749202185616,8315.398091953151,2485832.4589831633
3142,2026-09-21T08:42:33.875724Z,47.04434222434531,5.404597655758437,47.048173412272206,5.2303136407580295,29,0.003831187926898849,-0.1742840150004099,426.00866049303664,-13205.338922940278,13212.205990353901,2485045.501550639
3143,2026-09-21T08:42:47.954874Z,7.799960727014064,-96.9158021793243,8.13598842944897,-97.1712680810295,43,0.3360277024349063,-0.255465901705179,37364.57572278902,-28132.267343605563,46771.07608168143,2484269.7222234136
3144,2026-09-21T08:43:00.436187Z,-26.372632908466084,8.201247756286506,-26.42926355983758,8.120851054876786,30,-0.05663065137149559,-0.08039670140971111,-6297.041125087031,-8007.333399310557,10186.761209526776,2483482.8001620225
3145,2026-09-21T08:43:17.170856Z,-26.169832072737695,143.32587522807904,-26.466704156762514,144.49991032219066,35,-0.29687208402481957,1.1740350941116162,-33010.66960595709,117014.93840951241,121581.46579673186,2482731.798147916
3146,2026-09-21T08:43:33.404310Z,44.02034469523708,-87.40597103013152,-89.99999604952765,171.15665418471315,24,-134.02034074476472,-101.43737478515533,-14902381.95799288,-10383452.580314986,14902382.484371653,2486679.557425164
3147,2026-09-21T08:43:46.533423Z,-47.955462749514105,-86.60357766584708,-62.671456278329856,171.27441970557226,22,-14.715993528815751,-102.12200262858067,-1636343.8209384684,-6462231.081313976,5946137.8640944585,2487778.845098081
3148,2026-09-21T08:44:01.965425Z,-4.6131993329708285,54.27389538959352,-4.748078337039617,54.23489977145567,30,-0.1348790040687886,-0.03899561813784658,-14997.860963320087,-4321.654034267816,15608.091435651739,2486993.530373283
3149,2026-09-21T08:44:16.695235Z,13.335590457594824,128.51682750276518,13.246646638428611,128.52173520667594,28,-0.08894381916621263,0.0049077039107601195,-9890.101447673911,531.094625149196,9904.350967125965,2486206.9031330785
3150,2026-09-21T08:44:38.591341Z,-59.444462453767485,55.66943031365852,-59.43254096002609,55.71997297823626,42,0.011921493741397171,0.050542664577733376,1325.6096220682246,2857.606171106234,3150.103684594783,2485418.631133253
3151,2026-09-21T08:44:51.572629Z,39.40498266860373,-46.530092170919715,39.36538350213761,-46.54681953096558,24,-0.03959916646611816,-0.01672736004587705,-4403.22641038568,-1437.5878305144959,4631.960852279159,2484631.329746303
3152,2026-09-21T08:45:04.550853Z,39.570601391164544,-66.77089980981215,39.54915910838074,-66.79991174314343,24,-0.021442282783802113,-0.02901193333127594,-2384.2730612367604,-2487.0994240494724,3445.3477766459946,2483844.1514525306
3153,2026-09-21T08:45:19.183117Z,-75.45291205277474,75.66256985681349,-73.02180729875039,66.75501714358961,23,2.4311047540243464,-8.907552713223879,270326.5147889752,-269065.1933967341,380681.42706052796,2483177.1160182166
3154,2026-09-21T08:45:37.118267Z,-80.02164357405972,-6.852240933251238,-80.01303850557103,-6.797342472683842,30,0.008605068488691359,0.054898460567386564,956.8399593714395,1058.2036604155303,1426.6525175198244,2482390.2579131117
3155,2026-09-21T08:45:50.047480Z,-27.806685153023782,3.8736372010732225,-27.854143794143987,3.809555873419714,31,-0.0474586411202047,-0.06408132765349706,-5277.1601180116,-6301.333152184843,8219.197852313815,2481606.051554931
3156,2026-09-21T08:45:59.020780Z,18.08038867564728,-173.49764096875464,18.134100222056883,-173.3820205103031,10,0.05371154640960185,0.1156204584515308,5972.45146298149,12219.713312622025,13601.159898432774,2480824.047470122
3157,2026-09-21T08:46:15.301879Z,-43.813259319183985,139.13910415035753,-60.08723656246641,-179.782965107637,27,-16.273977243282424,41.07793074200549,-1809583.7057820074,2815255.1530608824,3267440.6384761287,2481073.213320932
3158,2026-09-21T08:46:28.511778Z,70.50782536612236,149.4647728155266,72.12356306282918,-178.8077988276564,22,1.615737696706816,31.727428356816972,179661.8346621627,1130184.5052928226,1130586.0782500608,2480645.5733161597
3159,2026-09-21T08:46:49.052975Z,5.196368642290973,141.07909393622919,-4.504650883598791,-179.99999907112885,36,-9.701019525889764,38.92090699264196,-1078704.1545587443,4327728.550254523,4455074.898942674,2481270.5905132554
3160,2026-09-21T08:47:03.737805Z,-58.16815497531502,-85.65632525857403,-59.75310030395482,-90.75785807873643,22,-1.5849453286397974,-5.10153282016239,-176237.8795537383,-292496.9154516575,341353.34469764255,2480593.4015114154
3161,2026-09-21T08:47:17.417091Z,17.021767337723038,138.78181159775625,-1.5982478302920833,-179.99999999997584,30,-18.620015168015122,41.21818840226791,-2070451.2207280123,4541801.018941014,4970319.250450536,2481381.0401855498
3162,2026-09-21T08:47:29.794451Z,-8.777019368286147,49.30726587080434,-60.810253638943756,-179.99999999895604,39,-52.03323427065761,130.69273413023961,-5785831.667804913,11934164.369474279,11167396.519533655,2484128.040653402
3163,2026-09-21T08:47:49.939543Z,-29.301791487996084,-7.862408777792552,-29.289538805125815,-7.812153765524521,37,0.012252682870268927,0.05025501226802476,1362.4361729585949,4873.41928454684,5060.28134670572,2483344.2696261154
3164,2026-09-21T08:47:56.407241Z,-41.72110833453957,-161.1165934122564,-81.67991978739633,-11.17153970437037,1,-39.95881145285676,149.94505370788602,-4443217.108304161,7904402.271370482,6182047.865263397,2484513.2657056465
3165,2026-09-21T08:48:07.631435Z,-43.801561589402326,-139.60745206218624,-43.78207270309813,-139.8017888394233,15,0.01948888630419532,-0.194336777237055,2167.065282979144,-15598.843013011348,15748.64929924555,2483733.2452897206
3166,2026-09-21T08:48:29.924581Z,-53.82500387641544,-179.81517245702864,-54.166503992425554,-177.77189486794703,33,-0.341500116010117,2.0432775890816117,-37973.080348853255,133559.66604867685,138847.21514970553,2482992.599038887
3167,2026-09-21T08:48:39.345899Z,-34.11845358483446,-125.20744650997071,-51.316747406383264,-156.12251534070114,10,-17.198293821548802,-30.915068830730434,-1912363.0198986868,-2525625.2932194727,3129335.9643454724,2483196.6859871997
3168,2026-09-21T08:48:53.324884Z,71.1361249991043,-57.89630367833986,71.06249753508021,-57.95840318643936,25,-0.07362746402408504,-0.06209950809949305,-8187.000461183024,-2236.776969658968,8487.056557940215,2482415.527644577
3169,2026-09-21T08:49:11.212508Z,30.85928393096577,-115.29146498755748,30.862545191482003,-115.2220143741735,37,0.003261260516232767,0.06945061338399228,362.63562387129826,6629.158007458047,6639.069139809389,2481634.279156566
3170,2026-09-21T08:49:27.898864Z,17.82049907352031,3.9385126576785012,17.770385386865343,3.8355205756369015,33,-0.05011368665496718,-0.10299208204159527,-5572.387711487478,-10904.251836439324,12245.57879424908,2480855.292184843
3171,2026-09-21T08:49:39.622658Z,-72.10432670946416,157.9819273045169,-72.6271726457605,161.01528636697083,15,-0.5228459362963349,3.0333590624539397,-58137.815532876586,102179.76347650724,117542.63831447621,2480110.002795417
3172,2026-09-21T08:49:55.354969Z,27.873468329145147,136.21727457530386,27.761022285155754,136.27347100729986,27,-0.11244604398939373,0.056196431995999774,-12503.429612871461,5526.655134450138,13670.393210683216,2479332.436714211
3173,2026-09-21T08:50:09.535471Z,9.962444456574646,121.28869357106686,9.884202236906933,121.36658806653011,27,-0.07824221966771283,0.077894495463255,-8700.137876458779,8531.890646160176,12185.464471393736,2478554.892758257
3174,2026-09-21T08:50:29.223281Z,-61.93529353941556,175.81587286496529,-62.518426382507045,175.88026659073785,33,-0.5831328430914837,0.06439372577256108,-64841.41371159052,3336.4779284183965,64927.18907115296,2477794.455548526
3175,2026-09-21T08:50:50.467988Z,22.40837826911649,-98.24498463700274,89.99980654268361,179.58558085469824,43,67.59142827356712,-82.16943450829899,7515823.908680249,-5082232.946978655,7515842.4893562,2479381.2423308273
3176,2026-09-21T08:51:04.202898Z,34.621459005298846,-110.5880736321416,85.98206847654843,179.99983949163394,29,51.36060947124959,-69.41208687622446,5711039.202575427,-3823878.340448276,6010457.564620965,2480493.042180415
3177,2026-09-21T08:51:18.932901Z,-28.778355472931047,24.203211901984957,-28.824562738899736,24.218208623652394,19,-0.046207265968689626,0.014996721667444035,-5138.013549834059,1461.2729527302938,5341.769524900417,2479713.957738282
3178,2026-09-21T08:51:37.421605Z,-23.50706101760875,-42.334860983197984,-23.19690505323197,-42.483510209790474,33,0.3101559643767793,-0.14864922659248236,34487.76970724834,-15175.098833690252,37678.760421430336,2478945.538859328
3179,2026-09-21T08:51:58.116365Z,-61.21293704164059,112.07587435399034,-61.18612895022212,112.00852694067255,34,0.026808091418473623,-0.0673474133178047,2980.923758757799,-3607.7577393574197,4679.9378859384515,2478167.223162262
3180,2026-09-21T08:52:22.564898Z,8.950821844413262,-4.428720304856284,7.796089019007826,-3.6191070397793137,42,-1.1547328254054365,0.8096132650769619,-128400.43181502157,89065.21382175897,156265.78142147043,2477437.0654761796
3181,2026-09-21T08:52:32.238334Z,28.03237829579273,-72.86058218181758,27.594969790777768,-72.0985333012279,13,-0.437408505014961,0.7620488805896741,-48637.60662884469,74946.39263067537,89344.89611795238,2476686.3291764758
3182,2026-09-21T08:52:52.926298Z,-37.26168541943089,-3.6412400812014596,-37.50356250354839,-4.5367919094220905,37,-0.24187708411749753,-0.8955518282206185,-26895.504625444897,-79126.79819102961,83572.39849262238,2475934.2506313208
3183,2026-09-21T08:53:08.605932Z,-40.22721269471419,-6.132740486111601,-40.32427130014122,-6.416170841521812,28,-0.09705860542702993,-0.28343035541021777,-10792.424510681763,-24044.896650636965,26355.882701600745,2475164.668988867
3184,2026-09-21T08:53:23.087781Z,57.31362829525876,-39.205412635649225,57.256733151861404,-39.31314823602324,27,-0.05689514339735524,-0.10773560037401353,-6326.451296500566,-6474.498320350166,9052.241560793871,2474390.136191308
3185,2026-09-21T08:53:39.322692Z,5.484485400346484,126.98302465638227,5.414101268505839,126.971939736213,30,-0.07038413184064485,-0.01108492016925311,-7826.358376961454,-1227.0163711986243,7921.960264055884,2473615.734880185
3186,2026-09-21T08:53:49.295482Z,66.43873760587381,153.69088298656732,66.33597334394833,153.68435258434477,15,-0.10276426192548627,-0.0065304022225518565,-11426.864566486665,-290.8593299218248,11430.565716177989,2472842.9209538936
3187,2026-09-21T08:53:57.967622Z,-0.6642138509949577,-128.18770272724242,29.03817480311453,176.33907175475582,10,29.702388654109487,-55.473225518001755,3302754.9275618778,-5980213.41555223,6745871.339697801,2474183.6892057746
3188,2026-09-21T08:54:10.946919Z,-51.10402867871333,-124.23132620682263,-48.84347258823156,177.5151601199516,20,2.2605560904817636,-58.25351367322577,251362.3686570302,-4165926.5089271176,4063357.769318244,2474682.175429147
3189,2026-09-21T08:54:30.684984Z,-85.05505170413998,47.593977126608735,-85.85120355595626,-10.669094348430365,34,-0.7961518518162762,-58.2630714750391,-88528.04676064044,-513585.2508255092,497911.26093649183,2474062.3037093314
3190,2026-09-21T08:54:39.355243Z,18.613091223545016,86.24119280481369,-89.96596359865491,-21.18673825912535,10,-108.57905482219992,-107.42793106393904,-12073440.036090042,-9703561.762463093,12078357.899203783,2477073.054679706
3191,2026-09-21T08:54:57.591465Z,-62.151669044945145,-173.75578912289228,-83.19463032538441,-98.3962904537777,34,-21.042961280439265,75.3594986691146,-2339870.535962734,2495629.664111321,2989017.063690517,2477233.488402367
3192,2026-09-21T08:55:17.281305Z,-57.18401335409555,-174.76525763484102,-57.38796308395612,-172.70734306615847,34,-0.20394972986057525,2.0579145686825484,-22678.175251024237,123670.09640865934,125727.06486165132,2476496.8009263203
3193,2026-09-21T08:55:31.363409Z,27.38941317332468,-173.49398601219087,27.403928117258268,-173.58021929622365,24,0.014514943933587432,-0.08623328403277242,1613.9881259451374,-8513.255062391534,8664.898489383657,2475723.912763953
3194,2026-09-21T08:55:47.548976Z,-73.19877346703132,-43.99528074752604,-73.18648552495593,-43.86028983319818,27,0.012287942075388969,0.13499091432785804,1366.356817685463,4340.303844306049,4550.292076586425,2474950.2203341825
3195,2026-09-21T08:56:02.979149Z,25.022469589186798,115.18133450841663,24.94052999719412,115.25337812121012,31,-0.08193959199267908,0.07204361279349314,-9111.266920911023,7261.419546389631,11650.896216791747,2474179.2346302336
3196,2026-09-21T08:56:15.908224Z,-52.3428454629157,129.95916964097177,-52.39918733622949,129.85351444184778,20,-0.05634187331379081,-0.10565519912398713,-6264.930470143991,-7172.889581174771,9523.637147656555,2473408.065794976
3197,2026-09-21T08:56:25.634558Z,42.29217909701047,120.39263845066796,42.21905174822693,120.48830633811188,14,-0.07312734878353666,0.09566788744393762,-8131.390183696421,7873.579314134411,11318.689048165006,2472637.940872628
3198,2026-09-21T08:56:36.459411Z,5.35648651490174,91.49661046739612,5.288587874072968,91.58648448737404,12,-0.06789864082877184,0.08987401997791267,-7549.984386220525,9950.445807125889,12490.54137854144,2471868.6640122486
3199,2026-09-21T08:56:55.648639Z,-52.194570587100245,77.87090189156368,-52.20949989288223,77.97285732962759,42,-0.01492930578198326,0.10195543806389651,-1660.0630612818152,6948.164600118097,7143.723895039365,2471098.196697426
3200,2026-09-21T08:57:03.569161Z,6.686002808336527,88.178750193096,6.676704760599504,88.21711495154368,8,-0.009298047737022586,0.03836475844769893,-1033.8957360558318,4236.994471468657,4361.314308117563,2470327.341421679
3201,2026-09-21T08:57:22.505855Z,50.31265157121033,159.1396963063777,50.25240035114088,159.20630630417176,31,-0.06025122006945338,0.06660999779407462,-6699.629995868034,4732.895414251164,8202.763470522206,2469558.167857808
3202,2026-09-21T08:57:28.120021Z,9.96507850924461,90.45432305117998,24.829569569755865,85.57269620520685,1,14.864491060511256,-4.8816268459731305,1652855.9930822481,-517980.8145033833,1731551.3097061943,2469327.684766568
3203,2026-09-21T08:57:46.053507Z,-54.34764396068653,159.99324972647258,-62.42661983403892,-161.3562584513513,23,-8.078975873352384,38.65049182217615,-898341.1296005782,2252776.5130965165,2380873.240245383,2469300.068642771
3204,2026-09-21T08:58:11.555300Z,-14.790884421731098,167.7208587622721,-17.092555201056943,-179.42579304511256,38,-2.3016707793258444,12.853348192615385,-255934.11346706157,1374261.2811494127,1397562.0295983967,2468965.568630585
3205,2026-09-21T08:58:29.991098Z,-67.55451011244733,-28.046666073916583,-67.54613247315044,-28.00310831723733,34,0.008377639296895723,0.04355775667926309,931.5509870728926,1849.5587964826266,2070.906740835559,2468195.8667079983
3206,2026-09-21T08:58:44.471853Z,-16.833267226866333,127.93390658224371,-38.849919985045034,-179.9999999445638,30,-22.0166527581787,52.066093473192495,-2448140.0884044026,5119307.177977995,5583701.11764963,2469167.6400239505
3207,2026-09-21T08:58:55.151834Z,35.0775606862671,105.67074822789124,74.68774899053882,-179.9999977650165,13,39.61018830427172,74.32925400709223,4404451.982870652,4754485.932591044,5806376.207235621,2470208.2413857253
3208,2026-09-21T08:59:01.929001Z,-69.5112400435009,-37.85716145072021,83.15892276072701,-178.92285897500636,1,152.6701628042279,-141.06569752428615,16976147.553828962,-15574674.153315743,18264900.008474458,2475131.7737320745
3209,2026-09-21T08:59:23.375301Z,12.19662923814693,4.080596637305035,12.192848529485651,3.993481919749925,38,-0.0037807086612779983,-0.08711471755509592,-420.39562225525486,-9468.136768367574,9477.465142962052,2474363.417761807
3210,2026-09-21T08:59:41.702947Z,33.44749592539736,155.78922774320364,33.31844799153085,155.79595021073266,16,-0.12904793386650937,0.006722467529016285,-14349.475539918376,624.1746184688732,14363.044309814039,2473597.0625052797
3211,2026-09-21T09:00:09.284889Z,-45.84548559686425,79.04943367546122,-45.88128490009952,79.10198148889704,40,-0.03579930323527236,0.052547813435808166,-3980.700897172424,4068.9340928019024,5692.293161080385,2472828.4842526033
3212,2026-09-21T09:00:18.407078Z,21.52472814038027,60.256993058438695,21.489872405923826,60.22994686044097,15,-0.03485573445644263,-0.0270461979977199,-3875.7808360263566,-2797.9973359370433,4780.21608375188,2472060.1006074697
3213,2026-09-21T09:00:28.685464Z,14.812081679326445,32.51609856634698,14.848050806854507,32.42164412097656,25,0.03596912752806247,-0.0944544453704168,3999.5844969516847,-10152.996713029968,10912.378877958909,2471294.1038064333
3214,2026-09-21T09:00:42.667812Z,54.96652337580529,66.75685368680448,54.94371817636925,66.95032611706772,13,-0.02280519943603565,0.19347243026322758,-2535.8224784045165,12353.237233940306,12610.818938835713,2470529.112118547
3215,2026-09-21T09:01:00.955838Z,-62.613864341503394,-64.54230651407512,-62.69904514485515,-64.45607715669688,29,-0.08518080335175426,0.08622935737824378,-9471.673180222899,4404.128645013716,10445.520351416393,2469763.9228209523
3216,2026-09-21T09:01:13.933219Z,46.35139246810482,139.7785635097589,52.32676660492464,-173.36522457940407,17,5.975374136819823,46.85621191083703,664431.2888174738,3394850.5665055867,3396906.012452611,2470052.213271708
3217,2026-09-21T09:01:33.171867Z,61.08087036994255,-174.52234572187197,60.95620930427465,-174.42261988329832,33,-0.12466106566790103,0.09972583857364725,-13861.678052374775,5372.918833493991,14866.547914427272,2469289.0222038324
3218,2026-09-21T09:01:48.352949Z,-56.272087056780904,98.23804744386854,-78.54781548162576,-179.99600974386814,28,-22.275728424844857,81.76594281226335,-2476947.988154736,3492539.0320950802,3759190.0072646555,2469689.8615403958
3219,2026-09-21T09:02:03.733317Z,66.9940724357174,-167.55157199247253,66.9379355166053,-167.33018527163145,28,-0.05613691911210594,0.2213867208410818,-6242.140602722147,9632.103052746348,11477.870019089156,2468926.204506683
3220,2026-09-21T09:02:22.722284Z,15.29285335897206,148.7181221365184,7.015519742752058,-179.99999995091832,39,-8.277333616220002,31.28187791256329,-920397.5042681232,3412679.9300533915,3529817.40549557,2469255.6738237604
3221,2026-09-21T09:02:32.594477Z,-30.076097748239093,130.3142294957546,-56.7236394304775,-179.99999999999997,23,-26.647541682238405,49.6857705042454,-2963071.4426143207,4014192.5220760857,4829642.368090171,2469988.4855885124
3222,2026-09-21T09:02:41.212829Z,35.00649629155632,51.25654668340695,89.99999999969046,-165.98033152205525,17,54.99350370813414,142.76312179453782,6114998.610753245,7329246.186392606,6114998.610815067,2471119.773647242
3223,2026-09-21T09:02:54.194297Z,-1.675033515029262,-171.93041920793905,-1.1935638898798169,-171.79722186778596,20,0.481469625149445,0.13319734015308882,53536.97965007573,14806.227999427105,55546.65863130647,2470370.2939342367
3224,2026-09-21T09:03:03.613073Z,-39.547253387648084,35.295560315324025,-89.99999999999989,-179.9991021653808,27,-50.4527466123518,144.7053375192952,-5610089.458576968,6857702.282904852,5610089.458576992,2471344.152235925
3225,2026-09-21T09:03:20.653123Z,-28.620197936567415,-41.05330176695091,-89.99999999999999,-170.27599489502316,33,-61.37980206343257,-129.22269312807225,-6825122.587900919,-7333766.32424412,6825122.587900922,2472694.1610531854
3226,2026-09-21T09:03:39.744524Z,-42.59500439292911,-85.7617657476845,-43.78181782430213,-85.78344618138068,39,-1.186813431373018,-0.021680433696189993,-131967.63244229977,-1757.6979611049303,131979.33592821573,2471968.5829920806
3227,2026-09-21T09:03:53.725101Z,43.08411102881487,117.59958328406896,67.45671855823376,-179.3098300523111,17,24.372607529418893,63.090586663619945,2710110.306370354,3996674.5383990775,4530831.198224499,2472606.5943386042
3228,2026-09-21T09:04:08.458505Z,-37.49379317730467,116.74431079408521,-60.86316736660926,-179.99947585571022,23,-23.369374189304594,63.256213350204575,-2598555.8487089686,4598009.7601224175,5018277.310828563,2473395.2159979874
3229,2026-09-21T09:04:24.743854Z,60.02137224108185,-66.1059478691533,59.974354170233305,-66.17273548752003,28,-0.04701807084854437,-0.06678761836673175,-5228.1709389725565,-3713.46201653382,6412.765597380268,2472631.207806473
3230,2026-09-21T09:04:46.587884Z,-42.8010529094536,83.02392888175626,-42.832794665749006,83.09433663128912,42,-0.031741756295403434,0.0704077495328761,-3529.522262836845,5742.788315424798,6740.707685890317,2471867.774215104
3231,2026-09-21T09:04:55.559549Z,27.749738613170976,107.37367946835599,-38.216231282119644,102.95407716477239,1,-65.96596989529061,-4.419602303583588,-7335081.18354401,-489388.86647172685,7349496.837116213,2473377.408713062
3232,2026-09-21T09:05:14.746403Z,-18.9228893102398,46.99618164228042,-19.00569290508743,46.965813252087095,27,-0.08280359484762911,-0.030368390193331152,-9207.33965498788,-3193.522007299979,9745.444264082811,2472615.146347824
3233,2026-09-21T09:05:33.890322Z,9.787805504537001,-6.817673433686338,9.74067523503332,-6.888399174655978,41,-0.04713026950368082,-0.07072574096963535,-5240.646860200072,-7750.420212415607,9355.928017838796,2471853.2350523304
3234,2026-09-21T09:05:44.163491Z,-32.37919985777691,-134.0641651376433,-43.232603083541,-158.65418318044405,12,-10.85340322576409,-24.59001804280075,-1206843.3755326553,-2160336.5720171803,2461113.429699787,2471849.914147769
3235,2026-09-21T09:05:53.136447Z,-12.529940946915579,72.373141353654,-89.99999999999999,-120.95874396431991,11,-77.47005905308441,166.6681146820261,-8614277.533557355,11596243.057630995,8614277.533557357,2473748.655297509
3236,2026-09-21T09:06:10.570495Z,-5.360208208441156,-103.97512031660271,-4.963947217568397,-104.33016350616222,35,0.3962609908727588,-0.35504318955952385,44062.211812196576,-39318.88119586162,59054.60672214957,2473002.458125514
3237,2026-09-21T09:06:26.812958Z,-8.400733168651323,-175.6897291357185,-8.503562019427621,-175.68975679072577,20,-0.102828850776298,-2.765500727264225e-05,-11434.046519014732,-3.041697777893128,11434.046923592601,2472242.0106707094
3238,2026-09-21T09:06:37.842745Z,-31.77750078212449,-139.99011767053224,-31.79774788647106,-140.10484223846447,17,-0.020247104346569955,-0.11472456793222818,-2251.3752825815727,-10843.35426525518,11074.611002228636,2471481.921912319
3239,2026-09-21T09:06:50.619599Z,42.118964550914676,102.62066273491064,77.30451463253185,-179.99088820950107,20,35.18555008161717,77.3884490555883,3912454.660273869,4340040.184838697,5157257.291564636,2472311.120853243
3240,2026-09-21T09:07:12.780472Z,-38.17914321665366,67.30741557017936,80.15106627675989,-179.99886109494224,28,118.33020949341355,112.69372333487843,13157718.964455387,11699768.545216544,14607413.285895994,2476056.522756034
3241,2026-09-21T09:07:29.533287Z,16.129944393120148,-135.5147237928633,16.141544918939687,-135.63510177595344,19,0.011600525819538632,-0.12037798309015102,1289.9196175419077,-12858.115204356998,12922.655060953455,2475296.5308190715
3242,2026-09-21T09:07:54.016222Z,37.787738391088965,108.69476533892629,61.9116616903998,-179.99907698317818,22,24.12392329931083,71.3061576778955,2682457.8816458294,5112503.349879505,5416639.533945854,2476203.7926954217
3243,2026-09-21T09:08:16.239371Z,64.58073706198971,-98.65044788952187,64.9816423413542,-97.9566837681447,27,0.40090527936449405,0.6937641213771713,44578.63313035124,32868.82747861352,55385.37283212731,2475457.317697006
3244,2026-09-21T09:08:37.866882Z,7.692685808637875,-176.5053616580317,7.628409163482185,-176.5541090904977,18,-0.0642766451556902,-0.04874743246600133,-7147.236843045304,-5372.0907244186,8941.048597344856,2474696.9859247804
3245,2026-09-21T09:09:10.571491Z,-3.473654566620274,139.27085451992235,-15.008169622645394,-179.99999889490448,42,-11.53451505602512,40.72914658517317,-1282579.5555352713,4470098.055328973,4640082.074536237,2475364.2848735047
3246,2026-09-21T09:09:31.203621Z,-6.871197363605285,162.1281340057243,-13.25513284063555,-179.99999974562567,41,-6.383935477030265,17.871866248650008,-709861.2370719764,1956688.275241176,2080199.70522094,2475242.545939539
3247,2026-09-21T09:09:48.010325Z,-3.3641035728997437,-20.322815556589944,-3.4304757181639034,-20.24795446999772,18,-0.06637214526415969,0.07486108659222168,-7380.245823890234,8309.544399102602,11113.799921904125,2474483.651961708
3248,2026-09-21T09:10:15.294065Z,-36.147652925499216,90.22748451190279,-36.19093146326142,90.21678802040425,38,-0.04327853776220536,-0.010696491498549676,-4812.35383175219,-960.1713837997045,4907.206779135429,2473723.314386221
3249,2026-09-21T09:10:39.624384Z,32.73630909976485,0.962519029970963,32.731676397501374,0.8449372171748395,29,-0.00463270226347845,-0.1175818127961179,-515.1329883535675,-10998.14106909731,11010.197837055113,2472965.323276172
3250,2026-09-21T09:11:06.156039Z,6.442981859818786,106.8573221987001,6.352233606601611,106.86651121792136,29,-0.09074825321717483,0.009189019221253147,-10090.745359605597,1015.4093051573407,10141.705859750733,2472207.5313938903
3251,2026-09-21T09:11:35.553783Z,-24.970994711542428,-12.616469354395718,-25.036330044522455,-12.626210940901926,39,-0.0653353329800268,-0.009741586506208932,-7264.9575580119,-981.6969228104186,7330.984722053096,2471449.34113038
3252,2026-09-21T09:11:56.381063Z,48.027605611304985,110.9382108526886,47.90831656221905,111.06401620344504,17,-0.11928904908593552,0.12580535075642274,-13264.337062609766,9366.224048223297,16237.876169672523,2470694.3560550534
3253,2026-09-21T09:12:10.130045Z,-48.0667824404122,-147.9903062527044,-29.260354867342482,64.43407041941782,13,18.806427573069715,-147.5756233278778,2091179.334433694,-12813119.327405285,10828451.994529419,2473263.602178163
3254,2026-09-21T09:12:36.960249Z,26.195717345533886,-111.17754871555304,28.15640379668925,-111.07121427344285,27,1.9606864511553646,0.10633444211021015,218018.38610920095,10518.583487396745,218271.93575410132,2472570.6115000974
3255,2026-09-21T09:12:58.479245Z,-28.313814756664303,88.92472796076754,-56.82830994164277,-179.99999999999991,34,-28.51449518497847,91.07527203923257,-3170667.200400304,7457995.956046434,7469181.602667742,2474105.6686402415
3256,2026-09-21T09:13:27.375982Z,-5.764547137893395,-91.95395903943475,-5.2115950579368455,-92.32506138415016,29,0.5529520799565493,-0.3711023447154105,61485.465968724675,-41075.54605911567,73943.55615952279,2473368.5181142953
3257,2026-09-21T09:13:47.539015Z,-43.50594011068497,139.9772104825422,-63.12286858381215,-179.99999998514602,28,-19.61692847312718,40.022789532311776,-2181302.9225609326,2658732.672331843,3346835.3041407876,2473636.6995039256
3258,2026-09-21T09:13:59.240203Z,7.812159135883708,33.53214793641328,78.93406555847803,-166.21913015652743,14,71.12190642259432,160.2487219070593,7908395.167481545,12952465.349094763,10297978.991032828,2476038.2778622834
3259,2026-09-21T09:14:20.759002Z,32.19903873345591,12.369473600319452,89.99330448783375,-144.76935643267473,27,57.79426575437785,-157.13883003299418,6426429.141034178,-8445434.83973933,6427859.677299842,2477250.864974722
3260,2026-09-21T09:14:37.917163Z,3.6344205099580646,58.62575683105803,89.99999844134379,-142.61419516040135,30,86.36557793138573,158.7600480085406,9603414.102695357,12080657.749139827,9603414.437551662,2479436.804720911
3261,2026-09-21T09:14:56.351604Z,-18.09225423630025,158.39590848633696,89.9999999879892,-94.3237478831067,35,108.09225422428945,107.28034363055633,12019310.279314859,9656429.737059115,12019310.28104712,2482362.2489025504
3262,2026-09-21T09:15:13.814897Z,-13.514343595405634,154.55080342452106,89.99999999986534,-99.64674320201864,38,103.51434359527097,105.80245337346031,11510269.842735803,9239926.596328793,11510269.842754854,2485129.8477970487
3263,2026-09-21T09:15:25.865453Z,31.72424269141057,177.74677629719093,89.99999999999999,-81.71585090007964,17,58.27575730858942,100.53737280272941,6479968.559084708,5443319.338519106,6479968.559084709,2486354.1318029594
3264,2026-09-21T09:15:34.550920Z,-43.56807466205525,-154.13671954834942,89.99999999489987,-76.83543287385218,12,133.5680746569551,77.30128667449725,14852092.263535067,7899494.141692896,14852092.263977515,2490142.654515023
3265,2026-09-21T09:15:49.304939Z,-73.58488370618348,149.409166336003,89.9999999948628,-34.319197535739306,32,163.5848837010463,176.27163612825768,18189809.143296517,19399751.594619878,18189809.144437756,2494951.128171967
3266,2026-09-21T09:16:15.081242Z,-31.697465759559023,74.20234816251678,-31.773194367613364,74.24068146706908,31,-0.0757286080543409,0.03833330455228179,-8420.637017496976,3625.1741561211984,9167.8247800946,2494190.018771051
3267,2026-09-21T09:16:44.878443Z,-70.68396766843772,-148.93358146364068,-71.38465685438409,179.75038410912103,36,-0.7006891859463735,-31.316034427238264,-77913.08263194258,-1131716.3294915322,1121644.940962367,2493769.894780292
3268,2026-09-21T09:17:15.169073Z,34.459886208316384,-135.01726981532508,45.45136701877275,179.99331829209143,37,10.991480810456366,-44.98941189258346,1222196.9024337707,-3834698.8208634835,3967104.256929972,2494220.7314884164
3269,2026-09-21T09:17:31.536862Z,14.811029025866123,23.367052472145275,14.830889774218885,23.284427147489435,20,0.019860748352762414,-0.08262532465585082,2208.4144561914577,-8881.847116203397,9152.28390925244,2493460.539243822
3270,2026-09-21T09:17:52.265997Z,-9.266832074722817,-22.442524191662784,-9.350097139141264,-22.37745984269392,22,-0.0832650644184465,0.06506434896886049,-9258.652730063617,7139.556106153694,11691.702268338073,2492701.588529151
3271,2026-09-21T09:18:22.056328Z,-53.54393399575619,42.58828219963527,-53.58693645888269,42.65933093757656,36,-0.04300246312649847,0.07104873794128252,-4781.655732886339,4691.998276625852,6699.184340431122,2491941.5755654736
3272,2026-09-21T09:18:46.130555Z,7.21337807313382,112.55828905884641,7.132127835997547,112.54998809883479,28,-0.0812502371362731,-0.00830096001163838,-9034.614158220891,-915.8012254396507,9080.91100744813,2491182.7550689704
3273,2026-09-21T09:19:10.911590Z,-54.54283267144816,67.69708023414853,-54.504387788272744,67.84883870917342,24,0.03844488317541561,0.1517584750249057,4274.875964548969,9793.568325426657,10685.901132615425,2490424.8886302486
3274,2026-09-21T09:19:44.887920Z,-51.18889607289155,87.97008550786825,-51.20852017790919,87.98496662183878,39,-0.019624105017641114,0.014881113970545812,-2182.1009179017205,1036.873145258815,2415.9201709320173,2489664.9591957773
3275,2026-09-21T09:20:02.503076Z,47.11813062429142,-10.040000746757528,47.07419877185241,-10.170250374827198,21,-0.04393185243900888,-0.130249628069663,-4884.999109315171,-9859.657108811669,11003.454495469501,2488908.115988235
3276,2026-09-21T09:20:24.577440Z,16.15857272654814,120.14130376472025,16.0783801680867,120.17401593331846,32,-0.08019255846144091,0.032712168598209246,-8917.005655559411,3494.438750772127,9577.269419087022,2488151.2994905035
3277,2026-09-21T09:20:44.602409Z,48.30197489053106,125.0228396957558,48.25065354949516,125.11030612413484,21,-0.05132134103590147,0.08746642837903096,-5706.672751787446,6472.91412617393,8629.293903762918,2487394.6556071993
3278,2026-09-21T09:21:11.778898Z,-22.838382287387027,63.9302616888115,-22.916932063074658,63.945684541862754,41,-0.07854977568763033,0.015422853051262564,-8734.336545532598,1580.0405829095366,8876.100637786152,2486638.548665476
3279,2026-09-21T09:21:33.411467Z,48.34896927803207,-156.4678482907379,53.19557423281035,179.9439631861903,25,4.846604954778279,-23.588188523071835,538917.8824217257,-1658724.8505442447,1734764.2817130282,2486409.248797543
3280,2026-09-21T09:21:52.119529Z,29.653416691029335,152.47462022698068,29.55707663770369,152.4470928872588,21,-0.09634005332564399,-0.027527339721871158,-10712.52516247786,-2661.299023965209,11038.14769485946,2485654.562486231
3281,2026-09-21T09:22:13.190818Z,-12.166051223945194,169.90723306992749,-12.239713690173538,169.86654682647023,24,-0.0736624662283436,-0.0406862434572588,-8190.892528717953,-4421.88291373548,9308.263308046651,2484899.8089662134
3282,2026-09-21T09:22:29.907319Z,54.48384068506809,172.02159915704937,54.432043507077424,171.9137821753874,20,-0.05179717799066452,-0.10781698166195497,-5759.583407067094,-6969.036897787107,9041.031139529574,2484145.4339577346
3283,2026-09-21T09:22:55.547394Z,13.28016401763752,-161.35150304275373,4.10609764078598,179.95333432838504,30,-9.174066376851542,-18.695162628861226,-1020109.63780632,-2054925.929333907,2291898.902735378,2484086.8757697293
3284,2026-09-21T09:23:12.608611Z,71.22172313367979,-85.23557528224752,0.6270353140993024,179.99999999564918,20,-70.59468781958049,-94.76442472210329,-7849771.133593776,-8533040.77992631,10111870.544304082,2486409.5869964445
3285,2026-09-21T09:23:39.741579Z,64.87595929201208,20.497398269759486,64.96437552564394,20.32993765581689,28,0.08841623363186102,-0.1674606139425805,9831.436612882953,-7892.98433243086,12607.78051321903,2485656.527085795
3286,2026-09-21T09:24:01.073584Z,43.81224238861193,142.56323743147686,43.771707323695594,142.56317807383064,27,-0.04053506491633385,-5.93576462222245e-05,-4507.293569904169,-4.764451561155597,4507.2960880434075,2484901.460369119
3287,2026-09-21T09:24:25.295781Z,-3.8706485780276814,30.887633382238164,-3.997304838604367,30.86618804877532,35,-0.12665626057668566,-0.021445333462850158,-14083.533603898679,-2378.9935862284347,14283.050336596756,2484149.8271442843
3288,2026-09-21T09:24:49.823281Z,-47.93598144003106,156.81767363741244,-54.67457214239324,178.97511207447238,21,-6.738590702362181,22.157438437059938,-749297.0988368683,1540292.4756801454,1703056.7134328908,2483912.2684114035
3289,2026-09-21T09:25:13.034507Z,71.9090218875262,-121.29478389153942,85.69045515455328,179.55313391456363,26,13.781433267027083,-59.152082193896945,1532425.461183958,-1277588.6892798608,1811642.5947842044,2483707.8689971054
3290,2026-09-21T09:25:38.012625Z,-58.31390445458878,169.2557682400153,-58.622877699631005,171.50971544734523,37,-0.3089732450422247,2.2539472073299294,-34356.25731760144,131070.37740561832,135491.0082055036,2482994.1252704207
3291,2026-09-21T09:25:50.559086Z,58.1680672298451,60.42799516072412,58.296923585733815,60.32882838254045,8,0.1288563558887148,-0.09916677818367248,14328.173040730797,-5805.342554350119,15459.573520618454,2482244.3426658176
3292,2026-09-21T09:26:12.727622Z,37.46907138327333,-91.17174889865797,37.62514054601079,-90.74350739562273,39,0.15606916273745952,0.428241503035224,17354.09910206951,37754.27797978857,41551.719021346,2481502.9415043215
3293,2026-09-21T09:26:30.951496Z,7.031512756639519,-9.011030173047487,6.971505575687405,-9.113493972437084,29,-0.060007180952114325,-0.10246379938959649,-6672.494084117115,-11308.492996317453,13130.277164846573,2480753.359765986
3294,2026-09-21T09:26:54.533525Z,33.49350724948549,147.91501406207004,33.46000893920102,147.94875879651903,28,-0.0334983102844717,0.0337447344489874,-3724.842154798498,3129.782305051393,4865.180944623506,2480001.7240104238
3295,2026-09-21T09:27:07.927476Z,15.592824131889138,-120.07838770072988,19.997289126018977,179.98453698558788,13,4.404464994129839,-59.93707531368227,489754.16193079425,-6345831.275725259,6332743.609255965,2481170.9931713482
3296,2026-09-21T09:27:35.114864Z,-5.2251647422768235,155.162435996883,-4.96550773219879,156.16237187131298,27,0.2596570100780333,0.9999358744299798,28872.542188372365,110748.41516212447,114450.03803042382,2480452.934629133
3297,2026-09-21T09:27:50.870476Z,8.340889693141566,176.35592946910492,8.31099128794042,176.28991441922213,16,-0.029898405201146616,-0.06601504988279316,-3324.550973130791,-7263.171780416372,7987.884706755587,2479703.0210562116
3298,2026-09-21T09:28:10.886028Z,-8.555320305040038,108.35165789605429,-8.62866047570997,108.35885106684088,25,-0.07334017066993148,0.007193170786592873,-8155.054897742449,790.8676680333281,8193.313857180427,2478953.62454099
3299,2026-09-21T09:28:25.035524Z,35.00656651721778,-19.02445809453411,34.899268471026154,-19.10819312071105,13,-0.10729804619162309,-0.08373502617695294,-11930.998375382005,-7631.437004641918,14162.891922879773,2478206.4918545345
3300,2026-09-21T09:28:49.871585Z,-29.718937062965374,-73.47272758482474,-29.734690703285693,-73.40459652599526,31,-0.015753640320319562,0.06813105882946502,-1751.7248798026965,6578.845698248146,6808.064995467986,2477457.583240335
3301,2026-09-21T09:29:17.274093Z,-17.901722232441685,24.69373043729047,-17.974670598578463,24.73404599334614,34,-0.07294836613677802,0.04031555605567405,-8111.488221419444,4264.96907073611,9164.398454872233,2476709.8421967765
3302,2026-09-21T09:29:45.516161Z,-35.35333958387416,-90.07887608953787,-36.84879487822215,-90.16440286897355,38,-1.495455294347991,-0.08552677943566778,-166287.04175524187,-7683.99574545083,166464.4566946964,2476010.1918680356
3303,2026-09-21T09:30:17.079972Z,-29.30605603089815,149.0343431204306,-38.29468857434022,-179.75320443288675,39,-8.988632543442069,31.21245244668262,-999490.3363029343,2884057.2976876767,3035094.0281489133,2476179.457334666
3304,2026-09-21T09:30:35.198678Z,45.52738895732184,-72.86761191457528,45.489079933116244,-72.90711950215123,23,-0.038309024205595676,-0.039507587575940306,-4259.769136365837,-3078.6743993903897,5255.841275268153,2475431.59909736
3305,2026-09-21T09:30:53.370561Z,17.034912022610193,-99.51748433190485,17.169864646073655,-99.67321427489327,40,0.13495262346346237,-0.15572994298841536,15006.047066510453,-16550.662391913374,22340.673601830073,2474689.36281128
3306,2026-09-21T09:31:19.014670Z,17.078248475689797,-23.333098879931413,16.994882782446908,-23.320200903022684,25,-0.08336569324288945,0.01289797690873229,-9269.842144815879,1371.2544487136602,9370.715646473504,2473943.65239169
3307,2026-09-21T09:31:45.407618Z,-35.38428132795664,136.8801186367682,-35.8930787925517,138.6057193950047,36,-0.5087974645950553,1.72560075823651,-56575.69675258464,155940.74695344103,165883.37984318027,2473245.720649159
3308,2026-09-21T09:32:13.458557Z,-17.142894922542503,-14.124397279401649,-17.199231037999077,-13.98584780863567,26,-0.05633611545657402,0.13854947076598023,-6264.290225633139,14719.315715084553,15996.860801253417,2472502.900558516
3309,2026-09-21T09:32:39.204031Z,68.53515889441809,103.51967972116393,68.5064562291428,103.68794887218704,21,-0.028702665275289974,0.1682691510231109,-3191.590759789192,6851.163053160142,7558.08425091201,2471757.979187616
3310,2026-09-21T09:33:00.338933Z,47.305174585712145,-37.029459263716745,47.25277095004049,-37.13096687231451,19,-0.05240363567165218,-0.10150760859775687,-5827.018424417545,-7657.520826715342,9622.46029787816,2471014.1315988274
3311,2026-09-21T09:33:25.931579Z,-22.325341530397374,-148.49571298955223,-22.348841593151747,-148.56637591085283,23,-0.023500062754372664,-0.07066292130059537,-2613.0877541149953,-7267.7726353491435,7723.259972787078,2470270.1597257904
3312,2026-09-21T09:33:52.384147Z,51.67395609224073,-111.6470576771298,52.19850946259146,-110.84409280634759,38,0.5245533703507306,0.8029648707822048,58327.673537305534,55047.98724204231,80201.26520760018,2469548.5205668174
3313,2026-09-21T09:34:11.264426Z,-4.8466284765255745,-86.03161253277707,-4.504543853046197,-85.58149379140612,26,0.3420846234793773,0.4501187413709431,38038.07461402085,49884.361499991675,62732.26456208297,2468822.0441840813
3314,2026-09-21T09:34:45.576595Z,49.41825247027063,172.16041992389336,48.478773922657254,-179.83991621903613,40,-0.9394785476133762,7.999663857070516,-104465.24818600595,584181.994768937,593151.1482731883,2468256.060208248
3315,2026-09-21T09:35:02.988238Z,51.28245665073554,-88.98562993387137,51.20985389331459,-88.83602979150214,19,-0.07260275742095246,0.14960014236922348,-8073.0582856155015,10412.96780878172,13175.888931852753,2467515.4628715133
3316,2026-09-21T09:35:19.147239Z,36.92423254217048,-56.92855401779212,36.89415629910232,-56.93180200833338,16,-0.030076243068158703,-0.003247990541240142,-3344.3256417078255,-288.77936529908243,3356.7703994225512,2466772.3510824684
3317,2026-09-21T09:35:38.908908Z,2.7116538562937227,0.15939250424335683,2.615724943310252,0.10924890864347277,31,-0.09592891298347084,-0.050143595599877244,-10666.808442289297,-5569.689029889666,12033.379863373133,2466032.3031562646
3318,2026-09-21T09:36:12.150166Z,-61.361009220197,169.71519523154092,-61.562627122905454,171.61473322323087,41,-0.20161790270845614,1.8995379916899537,-22418.88790189656,100908.66671841285,103365.02635430604,2465320.227424859
3319,2026-09-21T09:36:42.102680Z,-67.12569213182618,-161.91909632009708,-66.6519451604518,179.2544001975914,37,0.47374697137438204,-18.826503482311523,52678.25973005627,-821698.861071131,820222.7978140106,2464824.566855528
3320,2026-09-21T09:37:05.530615Z,-19.945786998815077,-27.82950680312524,-72.19780662279389,179.99999988641065,28,-52.25201962397881,-152.1704933104641,-5810159.489118367,-11738765.87408471,9557097.298692971,2466960.793581985
3321,2026-09-21T09:37:28.705071Z,-63.794256229314264,21.718914561178792,-89.99999999999999,158.6191286864267,41,-26.20574377068572,136.90021412524789,-2913945.756247501,3450967.4478047513,2913945.7562475037,2467095.387066678
3322,2026-09-21T09:37:50.684242Z,55.188858594170604,123.89137150060765,55.12301766508158,123.87806818955238,26,-0.0658409290890205,-0.013303311055267386,-7321.177280263229,-845.1680296560725,7369.799535946974,2466354.9519108892
3323,2026-09-21T09:38:03.639220Z,-45.809406343575645,-55.78587443147897,-45.70636364536331,-55.711048912591316,9,0.10304269821233447,0.07482551888764988,11457.825268977935,5804.948566936994,12844.420870191627,2465616.609891316
3324,2026-09-21T09:38:20.459276Z,-28.149474505464564,-73.65708172602328,-28.667355733826092,-74.13884382160084,17,-0.517881228361528,-0.481762095577551,-57585.76519825407,-47118.5923552055,74405.98602534155,2464897.232447313
3325,2026-09-21T09:38:44.691062Z,-5.845474755669074,-84.40015644366375,-5.799939829246279,-83.91282088876788,29,0.04553492642279533,0.48733555489587843,5063.252803348106,53909.656242638644,54146.90413198553,2464172.1947545866
3326,2026-09-21T09:38:51.767996Z,-3.5150067405539316,-155.37935849582288,-5.799939829246279,-83.91282088876788,0,-2.2849330886923473,71.46653760705499,-254072.9671848706,7920475.789753799,7919996.895926648,2465812.550948565
3327,2026-09-21T09:39:22.253385Z,0.3443966244384196,-75.39098048059836,0.3282749675972317,-75.31617601797365,32,-0.016121656841187937,0.07480446262471219,-1792.646449844641,8317.733422372967,8508.717301859015,2465073.95646896
3328,2026-09-21T09:39:51.212784Z,81.04037798210484,108.87722039124884,89.73435329023268,-98.75305336617794,34,8.693975308127833,152.36972624257322,966725.9466368794,1362513.5633512058,1022525.479838457,2464640.4983930495
3329,2026-09-21T09:40:09.766102Z,11.238760344791041,150.5037745576725,89.99966000665664,-79.27503182910053,33,78.7608996618656,130.221193613227,8757812.460360596,9187105.235652627,8757874.678460998,2466530.926203223
3330,2026-09-21T09:40:19.854470Z,8.725635291629235,-157.8053477901386,89.99999999999999,-33.007810809712105,31,81.27436470837075,124.79753698042646,9037297.0218304,9037533.8044951,9037297.021830402,2468504.129234943
3331,2026-09-21T09:40:32.133258Z,-25.51412034550725,149.2177069240568,89.99999999999656,-72.98636213590136,40,115.51412034550381,137.79593094004184,12844584.138229026,12959425.355390117,12844584.138229692,2471619.1337407953
3332,2026-09-21T09:40:40.501261Z,44.37145898022913,85.0256372535186,89.9999999927154,-91.1031682617842,1,45.628541012486274,-176.12880551530282,5073662.270781651,-7593845.743492068,5073662.272399822,2472400.0590525176
3333,2026-09-21T09:40:54.631463Z,77.1630531916808,-170.1634774781448,89.99999999453966,-59.17010104818323,25,12.836946802858861,110.99337642996159,1427403.358083994,1379692.8799587009,1427403.3589086775,2472086.5286894385
3334,2026-09-21T09:41:03.752883Z,15.984329864004327,57.31497194909579,89.99999999895958,-106.60866447236583,27,74.01567013495526,-163.92363642146162,8230167.011204207,-10971559.877965387,8230167.011431063,2473813.607418515
3335,2026-09-21T09:41:19.688938Z,-9.930323074495385,107.65830321460612,-10.019323543930863,107.64488583662889,25,-0.08900046943547757,-0.01341737797724818,-9896.400670209221,-1469.392071925739,10004.891744123453,2473074.8341904264
3336,2026-09-21T09:41:35.422255Z,-1.899597120054852,-78.25770279918437,-89.9998986857379,19.801668167655762,32,-88.10030156568305,98.0593709668401,-9796306.569959631,7581225.956816569,9796319.415024035,2475270.051390916
3337,2026-09-21T09:41:47.656012Z,-26.1652967746761,-179.91488562506188,-89.99999965342977,46.30586341001769,25,-63.83470287875367,-133.77925096492044,-7098095.103980216,-7864647.812533815,7098095.169180011,2476655.3750702054
3338,2026-09-21T09:42:01.685826Z,-19.67790550064914,139.61289731512994,-89.99999993772028,40.69949070762019,42,-70.32209443707114,-98.91340660750976,-7819460.132421859,-6333876.592166701,7819460.140420048,2478255.9756589863
3339,2026-09-21T09:42:07.651483Z,-35.92900416010546,-141.44994633880617,54.2608655934967,107.46237029970663,2,90.18986975360215,-111.08768336148717,10028655.951334098,-12194661.143060345,14485899.135472374,2481852.155101877
3340,2026-09-21T09:42:24.835483Z,-58.940499673191994,28.446567455693412,-58.93893639895114,28.486480861352096,34,0.0015632742408513423,0.0399134056586945,173.82816453679325,2289.826872919895,2296.4152891236768,2481109.7731438493
3341,2026-09-21T09:42:38.464282Z,-1.8780960500509847,-31.3451747797981,-1.9694802787616363,-31.28719395805615,20,-0.09138422871065166,0.05798082174194974,-10161.46260795049,6443.539363881099,12032.228099201318,2480370.7496344075
3342,2026-09-21T09:42:53.945500Z,29.577094817078322,-144.72730999095336,29.570684088646654,-144.8143783941467,17,-0.006410728431667678,-0.08706840319334219,-712.8404776974745,-8420.249835995139,8450.369540929449,2479631.0966182216
3343,2026-09-21T09:43:06.871887Z,15.794430637645323,0.8515889638389922,15.7948251248645,0.7738726497487562,32,0.0003944872191770088,-0.07771631409022461,43.86497739860346,-8315.381175269375,8315.496824634063,2478891.8457657555
3344,2026-09-21T09:43:20.857002Z,1.0924721404192677,-65.12300944452913,1.0665435093898086,-65.07946630358703,36,-0.02592863102945908,0.04354314094211986,-2883.1322253145318,4840.917016640291,5634.441284624826,2478152.2352979085
3345,2026-09-21T09:43:40.494898Z,-62.336523866424386,30.595702456854212,-62.34587014095826,30.66564230487507,39,-0.009346274533875487,0.06993984802085151,-1039.2583111941922,3610.1043723363223,3756.7152942990842,2477412.5056955153
3346,2026-09-21T09:43:49.064086Z,29.14460688916161,37.355928411702024,29.051443959318142,37.45322389020378,12,-0.0931629298434693,0.09729547850176345,-10359.24514993674,9453.316439068092,14024.232909856122,2476676.2868453106
3347,2026-09-21T09:43:54.730361Z,28.39474301917913,93.46364486223496,56.754154956009295,71.60865045191979,1,28.359411936830163,-21.854994410315157,3153422.7299986533,-1789570.382865225,3590859.5854892693,2477009.17698533
3348,2026-09-21T09:44:05.104684Z,16.616364702597398,57.34672895023465,16.542202285229685,57.46036345730513,19,-0.07416241736771312,0.11363450707048628,-8246.484558986009,12110.266627397466,14651.383399977965,2476273.705720818
3349,2026-09-21T09:44:15.577408Z,-27.091862228649195,-149.30033580963286,-36.27510092914348,179.99999995178314,14,-9.183238700494282,-30.699664238583978,-1021129.5536609347,-2904885.7432800634,3063564.326822163,2476449.068701141
3350,2026-09-21T09:44:30.806899Z,-81.19593028853267,66.31144005143665,-81.12724458046242,66.59145645140138,26,0.0686857080702481,0.2800163999647225,7637.502270400813,4784.056505691168,9012.11685868252,2475712.5203573075
3351,2026-09-21T09:44:45.288765Z,-4.727274089520002,-169.14141324036058,-43.29876608799508,170.6045375548421,21,-38.571491998475075,-20.254049204797298,-4288954.2233416205,-2057230.9176837723,4728564.1490772925,2476384.8126965254
3352,2026-09-21T09:45:03.775361Z,16.40751206448827,-91.58623685939753,-89.89764063210728,179.9996886336633,31,-106.30515269659556,-88.41407450693919,-11820593.65603656,-7877790.3962592585,11831657.502360407,2479175.7651695753
3353,2026-09-21T09:45:13.999458Z,44.954609054706744,29.43973348581821,-89.99999654810065,179.78779837485277,20,-134.9546056028074,150.34806488903456,-15006267.470349522,15442829.274283212,15006268.187752673,2482911.8499958753
3354,2026-09-21T09:45:30.782366Z,-46.101654608796146,126.05946793236154,-49.27977186645301,132.77782414332864,27,-3.178117257656865,6.718356210967102,-353390.5153329613,502861.6155067647,614244.6950535903,2482354.7041536146
3355,2026-09-21T09:45:38.205246Z,-24.46246760727099,-110.46879504709412,-89.99999999999939,179.99999999999983,29,-65.5375323927284,-69.53120495290602,-7287441.106874826,-4184683.003056426,7287441.106874868,2483786.9206670932
3356,2026-09-21T09:45:45.978349Z,51.07780407432548,-60.83592033928592,-89.99999999597557,161.5246635402022,22,-141.07780407030106,-137.6394161205119,-15687136.074772557,-14430409.420291634,15687136.075550716,2487721.1725010877
3357,2026-09-21T09:45:55.752477Z,-6.499885192783337,-65.75947653849465,-88.15552369198613,179.99999999999991,37,-81.6556384992028,-114.2405234615054,-9079692.73303346,-8610124.57121445,9369295.343575932,2489771.0903357835
3358,2026-09-21T09:46:01.218104Z,3.7710666139728866,70.52516419702661,-88.15552369198613,179.999999982,0,-91.92659030595902,109.47483578497338,-10221770.465755519,9018957.685504925,10495040.500372427,2492155.030005241
3359,2026-09-21T09:46:13.747517Z,-42.402925760411385,163.84385666538566,-40.34720414123533,165.9284198411611,16,2.0557216191760546,2.084563175775429,228585.8146459149,173937.0762025189,287216.5073224521,2491498.602936862
3360,2026-09-21T09:46:27.277087Z,-65.79805852165521,-148.48525960128885,-57.79322899602375,179.99999999250304,39,8.004829525631457,-31.514740406208148,890096.4319047878,-1656184.6423328752,1852361.1042169856,2491308.3834431954
3361,2026-09-21T09:46:45.324913Z,-30.24645709758981,159.3803051447341,-30.361685400329986,160.8629115893956,31,-0.11522830274017437,1.482606444661485,-12812.802670570696,142332.0249869152,142906.5135014544,2490609.662267967
3362,2026-09-21T09:47:02.307288Z,46.66027520225479,54.18355062141427,45.90716584894617,53.33899533687891,27,-0.7531093533086164,-0.8445552845353745,-83741.93929648267,-64900.23700696287,105945.52223326567,2489900.362999664
3363,2026-09-21T09:47:18.393858Z,31.45829861383229,-94.64996058689898,31.29777639972925,-94.44185328109276,26,-0.16052221410303957,0.20810730580620884,-17849.255822009636,19756.19224014562,26625.221289615114,2489167.8993833363
3364,2026-09-21T09:47:35.179266Z,14.809601998830935,4.1228223530953585,15.895123491545016,3.2997879522589595,28,1.085521492714081,-0.8230344008364057,120704.48275343415,-88251.53560845651,149524.6155416047,2488472.404946998
3365,2026-09-21T09:47:53.971871Z,53.605108369753886,-10.580367122363242,53.5719937827592,-10.7209940060441,34,-0.03311458699468517,-0.1406268836808522,-3682.174071738876,-9281.803556392395,9985.501465644076,2487735.8560900944
3366,2026-09-21T09:48:11.312018Z,-72.09401210339824,-83.41024254055316,-70.63873694716696,-75.56815716698001,29,1.4552751562312807,7.842085373573127,161819.214244786,278617.52967008116,321854.4064678275,2487092.397548911
3367,2026-09-21T09:48:27.595989Z,70.42113392452063,-110.28392820290556,70.5993692963517,-109.75608198634377,33,0.17823537183106453,0.5278462165617839,19818.86909622087,19582.500451891025,27861.295198725038,2486362.0051811207
3368,2026-09-21T09:48:46.885312Z,-19.245946410284244,-81.11146760585987,-19.212084375999474,-81.04661813918533,41,0.03386203428476975,0.06484946667455915,3765.2864183305055,6808.631693914011,7780.414190568975,2485626.084281183
3369,2026-09-21T09:49:07.175968Z,-55.27671488035759,54.430210796051966,-55.27514082174984,54.56344961469728,36,0.001574058607751283,0.13323881864531018,175.02733142314017,8439.266504982947,8441.080025388135,2484890.7963606557
3370,2026-09-21T09:49:19.700932Z,46.16416602149776,-54.25486636428067,46.065063630025016,-54.23866354402406,17,-0.0991023914727478,0.01620282025660913,-11019.683150112534,1248.951069111675,11090.23416553888,2484156.7309119334
3371,2026-09-21T09:49:33.228848Z,58.22906636668644,-51.80926965062642,58.116702911802975,-51.82155328119894,18,-0.11236345488346444,-0.012283630572511584,-12494.246123296014,-720.3063060688164,12514.992045599503,2483423.5236325306
3372,2026-09-21T09:49:48.416467Z,58.73240950229415,165.97255204021673,61.69890499987799,-163.99546959202843,25,2.9664954975838356,30.031978367754846,329859.2492452484,1658804.6995885908,1675358.5824595545,2483183.883970261
3373,2026-09-21T09:50:03.848501Z,-44.5543235058258,-17.24393374564798,-44.61205228765113,-17.17621673199544,24,-0.057728781825332476,0.06771701365255467,-6419.147660347579,5362.956571287735,8364.612883931872,2482450.169392411
3374,2026-09-21T09:50:23.993473Z,-55.2005684519677,-43.986351788180826,-55.217155662242156,-43.948124547698654,34,-0.01658721027445864,0.038227240482171965,-1844.4136297062996,2425.3781067731197,3047.018239965103,2481715.3136866754
3375,2026-09-21T09:50:38.731257Z,55.86570018384227,-41.98425208698208,55.805579409302524,-42.08272119945355,27,-0.0601207745397474,-0.09846911247146295,-6685.1251147612675,-6148.766007469416,9082.851357447003,2480982.6818459854
3376,2026-09-21T09:50:54.715995Z,-9.692114185242657,99.40667740516733,-9.772002553792262,99.39800744386751,27,-0.07988836854960546,-0.008669961299801798,-8883.181280626852,-950.1820244675894,8933.854452859438,2480250.4398947433
3377,2026-09-21T09:51:14.656140Z,-52.60157316742791,59.392948895855085,-52.59117231816299,59.53266737043547,33,0.010400849264918577,0.139718474580377,1156.5216710537338,9436.963582483815,9507.565129156657,2479518.801495346
3378,2026-09-21T09:51:24.128306Z,41.810477048031274,-44.549458457041965,41.68742428811603,-44.56317194778148,12,-0.12305275991524667,-0.01371349073951933,-13682.842612186352,-1137.6595506154963,13730.056427921132,2478788.846271821
3379,2026-09-21T09:51:42.263308Z,-53.8523900962038,40.2526482439209,-53.85362019773189,40.4158310886062,33,-0.0012301015280939964,0.1631828446853092,-136.78104918177152,10703.051065692649,10703.922675742826,2478058.427531485
3380,2026-09-21T09:51:56.646342Z,-16.54158192757426,-111.02336106450058,-16.326232497594305,-111.33339793156534,35,0.21534942997995543,-0.31003686706475264,23945.764069568682,-33066.12916444651,40826.053913745454,2477337.352864734
3381,2026-09-21T09:52:09.675393Z,-27.816845090742294,-75.123378639568,-27.82875871356929,-75.06179537424327,33,-0.011913622826995152,0.06158326532471392,-1324.7344163186663,6056.11495771618,6199.310336085905,2476606.463174545
3382,2026-09-21T09:52:22.358854Z,6.190831962899698,54.68648872818443,6.092387829756823,54.74225469273102,24,-0.09844413314287515,0.05576596454659466,-10946.488163409176,6165.302376249935,12563.301588038243,2475877.8874319117
3383,2026-09-21T09:52:40.142467Z,17.94549806263457,-122.18100236242141,18.195019437670975,-122.43172560897607,39,0.24952137503640515,-0.2507232465546565,27745.510993422504,-26504.06592990605,38370.26607211539,2475157.370842683
3384,2026-09-21T09:52:57.378573Z,-63.50433323206542,113.09108280489392,-75.73565973392589,-179.2917787300445,35,-12.231326501860465,67.61713846506154,-1360061.4531400215,2618343.0018753544,2735424.4088764903,2475234.281905932
3385,2026-09-21T09:53:16.520517Z,-10.805213572819756,-121.76577128610825,-10.334699552985823,-122.16094199305749,36,0.47051401983393326,-0.3951707069492443,52318.77192067067,-43195.37276765376,67846.01899878436,2474523.0889183674
3386,2026-09-21T09:53:32.206438Z,-20.84677723429192,83.7505833138307,-54.398507785386656,-179.99999999934263,31,-33.551730551094735,96.24941668682663,-3730782.2174269794,8476856.533285538,8528118.865521995,2476310.919921499
3387,2026-09-21T09:53:45.434472Z,41.77112118790066,-84.99922869559691,41.68720402221958,-84.94397058328485,23,-0.0839171656810791,0.05525811231206035,-9331.163082126872,4585.578841271375,10397.024782293243,2475582.8673985763
3388,2026-09-21T09:53:51.650756Z,53.654416314163804,64.99545859238376,2.2016839414530054,90.21847469363429,1,-51.4527323727108,25.22301610125055,-5721282.80184569,2478029.4095673203,6169080.306402933,2476673.0378351184
3389,2026-09-21T09:54:15.793990Z,-61.981074598345,-5.651635209528308,-62.115868974223176,-7.622923008449748,44,-0.13479437587817245,-1.971287798921452,-14988.450737872463,-102743.08322746369,103826.42023865947,2475972.876543411
3390,2026-09-21T09:54:18.905521Z,3.978915435264464,29.73394766165066,-62.115868974223176,-7.622923008449748,0,-66.09478440948764,-37.35687067010042,-7349404.704000903,-3630668.551002879,8002661.077764616,2477603.168048196
3391,2026-09-21T09:54:29.128510Z,2.1900858379897774,88.68433312810589,-82.29603152015568,-42.420401192622386,12,-84.48611735814546,-131.10473432072828,-9394427.622122565,-11158866.354277024,10812032.297709465,2480060.976697462
3392,2026-09-21T09:54:39.851875Z,9.463070154182535,88.24570195526178,-89.99999999999999,-43.63642393436783,24,-99.46307015418252,-131.8821258896296,-11059788.789636923,-11189462.492799234,11059788.789636927,2482590.3775857105
3393,2026-09-21T09:54:54.033471Z,-59.82186055690647,171.3392809407178,-61.116375159971035,-179.07308499582467,21,-1.2945146030645631,9.587634063457529,-143943.4563280742,525470.9669455678,544270.4149034655,2482019.1073344043
3394,2026-09-21T09:55:17.533892Z,10.59451724103526,-113.06107343016112,10.94920890244958,-113.11109953894002,43,0.3546916614143196,-0.05002610877892266,39439.91327240194,-5464.630894061208,39816.690519858894,2481299.542685962
3395,2026-09-21T09:55:32.465475Z,27.595834962307055,173.5710068626247,26.34240422973498,-179.9478100981099,28,-1.253430732572074,6.481183039265375,-139375.13836238728,642302.0800353129,657158.7244887013,2480762.2405303805
3396,2026-09-21T09:55:50.700633Z,-7.219474432422491,124.9550803117163,-21.312901034170608,-179.99999999997803,34,-14.093426601748117,55.04491968830564,-1567117.5371518545,5931961.04454592,6103119.848336902,2481828.894714069
3397,2026-09-21T09:56:05.630477Z,79.52365747680257,70.41927612433278,89.99999999670477,-88.9955266283511,31,10.476342519902204,-159.4148027526839,1164916.138003797,-1618324.178939278,1164916.1387132262,2481441.225371708
3398,2026-09-21T09:56:14.352068Z,20.5432315327414,20.51539109722114,20.600635899725994,20.405696926006428,11,0.05740436698459206,-0.1096941712146986,6383.0743759290435,-11419.626493837106,13082.487810459428,2480714.81020468
3399,2026-09-21T09:56:23.474174Z,-37.59601298847908,27.24179823583762,-37.415501942517864,27.02095880058595,8,0.18051104596121803,-0.22083943525166205,20071.91251419021,-19480.260709760347,27970.72016579122,2479993.2026465633
3400,2026-09-21T09:56:48.215743Z,-60.47579884635539,28.979401375575094,-60.47972235076076,29.025456939270686,39,-0.003923504405371148,0.04605556369560304,-436.2737845448478,2523.50234838573,2560.937061310963,2479264.5460978616
3401,2026-09-21T09:56:57.635226Z,14.90798468767707,18.060997818559514,14.919780389280856,17.91642901742766,11,0.011795701603785957,-0.14456880113186799,1311.6221745540834,-15533.800060886675,15589.075904202298,2478540.148723503
3402,2026-09-21T09:57:08.809217Z,-20.928734678535008,-142.0724252736145,-24.146445053005216,-145.90537429752092,16,-3.217710374470208,-3.832949023906423,-357793.0690526504,-393654.5106949446,531892.3547793294,2477967.941846976
3403,2026-09-21T09:57:29.300321Z,-72.54518713004636,-67.96149132539239,-72.62182918004888,-67.92226258772449,29,-0.07664205000251911,0.039228737667883706,-8522.207127918715,1305.6249305541432,8621.639213434884,2477242.303791545
3404,2026-09-21T09:57:43.230474Z,43.57679506657559,-45.22406539665951,43.532297990299234,-45.30185861356218,22,-0.04449707627635746,-0.07779321690267693,-4947.849132446903,-6268.969855777833,7986.312283624095,2476516.9054391626
3405,2026-09-21T09:57:49.150051Z,45.99966877301964,76.2467637942595,56.35089403541677,-1.8273094557894605,1,10.35122526239713,-78.07407325004895,1151003.733733552,-5442742.314332349,5257866.365014393,2477333.748158568
3406,2026-09-21T09:58:04.881793Z,-16.587006122019133,127.00687039149932,-16.780506390192162,128.16710014628478,36,-0.1935002681730289,1.1602297547854619,-21516.248125202394,123580.77785695606,125439.61155651679,2476643.2331448854
3407,2026-09-21T09:58:30.581181Z,-57.78099808058713,24.34208702767259,-57.79979840284776,24.400875477382343,43,-0.01880032226063122,0.058788449709766155,-2090.5004546649534,3484.3270888265824,4063.3392324566958,2475917.4979250696
3408,2026-09-21T09:58:44.575777Z,-1.1147207933355059,21.192189098667598,-1.240093785583903,21.175851019858662,31,-0.12537299224839704,-0.016338078808928458,-13940.84067626934,-1816.3279009414923,14058.665814608476,2475195.1215071967
3409,2026-09-21T09:59:03.261487Z,-35.544667911317546,156.75483897529438,-36.08842649626036,158.34613813011126,32,-0.5437585849428146,1.5912991548168804,-60463.19596506534,143483.2964115348,155699.7278806704,2474514.7180476408
3410,2026-09-21T09:59:18.694825Z,-23.834656702466354,160.5937717552099,-23.859672238320865,160.52476121924232,28,-0.025015535854510773,-0.06901053596757833,-2781.600674316654,-7018.502697301406,7549.614573525503,2473791.267870669
3411,2026-09-21T09:59:31.623847Z,-33.75837787745805,49.0591857730586,-33.81117656812305,49.10338985778433,29,-0.05279869066499998,0.04420408472572035,-5870.946535423421,4085.239334623108,7152.425506075759,2473068.1254366715
3412,2026-09-21T09:59:50.609894Z,-73.67221495581741,-152.13210880383983,-75.51049966071693,175.2804961431706,34,-1.8382847048995217,-32.587395052989564,-204407.93291311662,-962783.6199801308,970847.6632464197,2472627.84980297
3413,2026-09-21T10:00:04.338462Z,-60.68778686213193,146.21536517496247,-64.10825524772314,179.99998630507045,21,-3.4204683855912066,33.78462113010798,-380338.73122584645,1740569.225505322,1759213.2421154883,2472418.821204175
3414,2026-09-21T10:00:22.025386Z,48.23254065178724,-169.88363365327248,50.65815928398993,179.99999871776927,36,2.425618632202692,-10.116367628958187,269716.4858754532,-731372.3485936201,778744.3201929602,2471922.7243966144
3415,2026-09-21T10:00:37.515466Z,32.7042190049138,-52.86348184800005,89.99996262998691,177.0620494050721,28,57.29574362507311,-130.0744687469279,6370996.009435448,-6934233.596736104,6371002.839938096,2473064.4755285443
3416,2026-09-21T10:00:55.201258Z,-38.405630273298115,119.03167392490468,-38.703011072764646,120.13922609183616,34,-0.29738079946653073,1.107552166931498,-33067.236182181114,96308.73963970764,101826.53261125914,2472370.31922207
3417,2026-09-21T10:01:00.173218Z,-1.419139185686432,-147.24116177386833,-38.703011072764646,120.13922609183616,0,-37.28387188707821,-92.6196121342955,-4145777.3995087873,-9673975.221309196,10136062.987450896,2474613.132411484
3418,2026-09-21T10:01:17.909972Z,62.22390436809502,93.9265119148265,62.194326865742276,94.03065176754758,34,-0.029577502352744034,0.10413985272106174,-3288.8682044426364,5399.045126511883,6321.8927881646605,2473890.9875198444
3419,2026-09-21T10:01:23.273786Z,66.60444113334134,46.00225871685063,60.38631844599332,67.67110282866122,1,-6.218122687348021,21.668844111810586,-691423.6960865296,1075272.1279708478,1268275.302419396,2473538.365207736
3420,2026-09-21T10:01:40.505893Z,-28.391241826746686,134.54841985579168,-28.63179247159553,135.80740212027558,41,-0.24055064484884525,1.2589822644839046,-26748.01130826865,123014.32257411604,125888.04163550578,2472851.917744703
3421,2026-09-21T10:01:49.281584Z,25.926123020049868,-76.90337221970658,22.965958696962712,179.9998955079484,10,-2.960164323087156,-103.09673227234504,-329155.2547615162,-10436117.074108746,10116139.638715295,2475086.143912774
3422,2026-09-21T10:02:11.572342Z,23.571746983205607,-113.39208188727537,41.8452083385242,179.9999999931112,35,18.273461355318595,-66.60791811961343,2031916.1949468302,-6232025.999630462,6389458.607112481,2476230.0283263335
3423,2026-09-21T10:02:28.980883Z,8.394854822882518,-24.26811012141377,-89.99999999999999,175.27982188346274,36,-98.39485482288251,-160.45206799512346,-10941008.664232425,-13505370.466830557,10941008.66423243,2478702.9405775475
3424,2026-09-21T10:02:37.904349Z,62.91357141286085,10.023680614254431,-89.99999999737858,145.6776604298179,30,-152.91357141023943,135.6539798155635,-17003213.355919067,14664601.21921487,17003213.356419012,2482944.912077501
3425,2026-09-21T10:02:48.327998Z,-8.19581934721937,-129.36637684250206,-89.99999999944751,106.92445427799471,33,-81.80418065222814,-123.70916887950324,-9096209.86684274,-9006883.933040656,9096209.866938267,2484875.7923562927
3426,2026-09-21T10:02:55.295852Z,61.964736016172,-100.61973145832577,-89.99999999193582,107.23971311347907,27,-151.96473600810782,-152.14055542819517,-16897707.672981285,-16413482.805632237,16897707.674670745,2489082.6901619886
3427,2026-09-21T10:03:10.429896Z,-8.855181901853998,35.20058016536552,-89.99999999216102,104.70187357697198,37,-81.14481809030703,69.50129341160647,-9022892.095137753,5026481.357785409,9022892.095704166,2490989.2584157214
3428,2026-09-21T10:03:24.660190Z,-27.89635810297629,-78.09916378406173,-89.99999999794673,112.99747193120994,34,-62.10364189497044,-168.90336428472835,-6905609.9048711825,-9687588.03575631,6905609.90532354,2492277.0707397903
3429,2026-09-21T10:03:44.848740Z,79.77008377250264,-158.26248088901613,89.99999999999999,59.36621907719214,37,10.229916227497341,-142.37130003379173,1137514.784496548,-1411399.1685764352,1137514.784496551,2491881.9811258377
3430,2026-09-21T10:03:52.518126Z,-17.105749533951155,-132.30169449430386,89.99999999999999,4.372526162092058,19,107.10574953395114,136.6742206563959,11909615.962638177,12224935.595489524,11909615.96263818,2494627.6761641796
3431,2026-09-21T10:04:09.199452Z,6.931175767547674,-27.667723625815455,7.157130621561078,-28.79443119319053,26,0.22595485401340376,-1.126707567375064,25125.03341700241,-124338.5131769958,126851.50655656468,2493937.5636111023
3432,2026-09-21T10:04:27.688007Z,32.23714467196761,-103.24325170258943,32.21540247362783,-102.91370083165904,33,-0.02174219833977986,0.32955087093040447,-2417.6221494832685,30999.27056249809,31093.38987016922,2493219.951672367
3433,2026-09-21T10:04:32.600487Z,44.419424534998605,-26.19354019060819,35.95977149212366,-30.998799951803232,1,-8.459653042874947,-4.805259761195032,-940670.4995408979,-408174.4870954052,1024926.7214682292,2492792.2519257297
3434,2026-09-21T10:04:49.782276Z,-52.69148669760237,-75.92747584030133,-52.31697234293194,-75.14480004120588,40,0.37451435467043126,0.7826757990954434,41644.09619491286,52975.15331382385,67383.3008032614,2492085.959278344
3435,2026-09-21T10:05:13.180125Z,49.475243517755246,-171.16930102034766,49.48138076718736,-171.1166530436789,45,0.0061372494321148,0.05264797666876575,682.4310004033649,3803.675660573164,3864.4093911322593,2491361.5861924966
3436,2026-09-21T10:05:27.666195Z,27.03752394552106,-115.93603812813414,27.07902136943272,-115.94572291199607,43,0.041497423911661,-0.009684783861928281,4614.303007795303,-959.0261507354728,4712.910282767594,2490637.881688448
3437,2026-09-21T10:05:39.842923Z,52.86255477239682,-161.4711097538855,52.7386587815682,-161.55072597800364,35,-0.1238959908286219,-0.07961622411815483,-13776.605611743536,-5352.393038472784,14779.8139772767,2489917.527289929
3438,2026-09-21T10:05:57.529793Z,-7.439177427872036,21.58713437057969,-64.81306022427165,-178.97508142671205,35,-57.37388279639961,159.43778420270826,-6379684.688859165,14319824.965759853,11801946.301494632,2492626.0871428098
3439,2026-09-21T10:06:14.618480Z,56.546146039432465,-161.4905605020012,56.309668834388965,-161.50984040970894,32,-0.23647720504349934,-0.01927990770775523,-26295.06546792218,-1185.5063716018267,26321.77573279502,2491908.929739085
3440,2026-09-21T10:06:32.856636Z,-67.09397092730234,153.91235225764768,-89.57974360293558,65.69932212129088,31,-22.485772675633243,-88.2130301363568,-2500303.8432132616,-1982929.273031317,2545982.4087202474,2491924.6487736725
3441,2026-09-21T10:06:47.343910Z,-47.44508350063957,-62.976661524682925,-89.99999998498976,84.06931592388416,32,-42.55491648435019,147.0459774485671,-4731890.816842643,5933442.2308697775,4731890.81991223,2492575.6124967583
3442,2026-09-21T10:07:01.774217Z,26.235130154570292,-163.812415571719,-2.476394303749444,179.86507669344684,17,-28.711524458319737,-16.322507734834176,-3192575.855996317,-1776108.940655802,3642915.099274006,2492909.819204131
3443,2026-09-21T10:07:14.550902Z,10.738255839916048,119.79303059157814,10.5524936549024,121.1895313394223,36,-0.1857621850136475,1.3965007478441578,-20655.81253592548,152611.2650908798,154002.59384706838,2492230.4967454155
3444,2026-09-21T10:07:29.031569Z,-27.669544730241814,-64.69028874765412,-27.69029282610005,-64.61161344805177,32,-0.02074809585823445,0.07867529960236652,-2307.082996970653,7747.108684004071,8083.336049208306,2491509.1996604283
3445,2026-09-21T10:07:42.207572Z,-27.070882021379127,-7.5996239286660625,-27.14682342623803,-7.661101003231659,28,-0.07594140485890222,-0.0614770745656017,-8444.298942570367,-6084.9590221789595,10408.309205306577,2490788.9962089173
3446,2026-09-21T10:08:01.145490Z,-64.33518194421289,50.07395605240583,-64.32297019484926,50.15475375513805,36,0.012211749363629565,0.08079770273221243,1357.8845746905263,3892.0122128011885,4122.087667869294,2490067.3865430607
3447,2026-09-21T10:08:13.321155Z,-49.65909774614155,-115.34648962334701,-56.64434108948372,144.11804625501568,16,-6.9852433433421695,-100.53546412163729,-776723.6211573248,-6704045.477062795,6131298.538227513,2491123.734425766
3448,2026-09-21T10:08:27.406680Z,-22.910197214953545,-103.29008586984828,-89.99978642252972,157.87209494054272,24,-67.08958920757618,-98.83781918960898,-7460021.950550013,-6073130.526269765,7460049.348009401,2492564.8381420025
3449,2026-09-21T10:08:46.647012Z,-68.7057958360285,153.57427201326016,-68.82876879392795,155.9176939930763,38,-0.1229729578994494,2.3434219798161564,-13673.969032893687,94369.62566411687,95349.11486642495,2491869.7915420383
3450,2026-09-21T10:09:02.385186Z,29.010780762855035,137.92016084861746,28.90984093233348,137.89932478356224,22,-0.10093983052155409,-0.020836065055220843,-11223.997050358397,-2027.1531357076576,11405.588874411143,2491150.8164108302
3451,2026-09-21T10:09:17.316510Z,43.295088738972574,27.62535947761168,43.33952789151682,27.62615043849348,28,0.044439152544249794,0.0007909608818010838,4941.408307304212,63.98999905010026,4941.82261708365,2490430.3849434895
3452,2026-09-21T10:09:33.198820Z,48.095164397783336,-162.64044666234184,54.23570251289549,178.5405580980146,29,6.140538115112157,-18.818995239643527,682796.6852680133,-1312200.233231569,1472890.4461999834,2490135.6167109446
3453,2026-09-21T10:09:42.417838Z,-52.72780852204945,-164.30182895702845,-11.340093219616477,178.03066381306968,11,41.38771530243297,-17.667507229901844,4602103.967039915,-1665404.8382271945,4865860.132908071,2490823.6342366314
3454,2026-09-21T10:09:53.843966Z,29.98298105539327,129.026968595295,29.86444384843709,129.03267113876035,19,-0.11853720695618009,0.005702543465361032,-13180.73603214332,549.5630790590753,13192.187904667106,2490106.31187232
3455,2026-09-21T10:10:15.183032Z,-75.74338312581374,-151.78460134804482,-75.86452468203508,178.5294713520376,40,-0.12114155622134604,-29.68592729991758,-13470.326457640262,-809520.3280306307,801129.5980369735,2489617.4618827873
3456,2026-09-21T10:10:25.559337Z,-19.572269916721933,-18.007288416855744,-75.29129793031815,179.9999999941638,29,-55.719028013596215,-161.99271158898046,-6195673.232677944,-12185052.415357484,9391772.622590166,2491614.6132603073
3457,2026-09-21T10:10:37.235512Z,48.27819242334771,-40.61009645243223,89.99996715255486,156.33832235292854,20,41.72177472920715,-163.0515811946392,4639249.680494993,-6456287.217845741,4639256.826798019,2492235.8577536647
3458,2026-09-21T10:10:48.160830Z,-42.00317724817323,-160.21748054191437,-8.1521625903853,179.36534084365027,17,33.85101465778793,-20.41717861443533,3764061.091716611,-2056275.9590068152,4263900.034003254,2492748.195572129
3459,2026-09-21T10:11:05.147466Z,-71.85098382471423,151.89181671774895,-72.12296431208317,155.71875913852176,35,-0.27198048736893554,3.8269424207728093,-30242.850341740123,131590.04089448953,134995.5281248804,2492066.567162922
3460,2026-09-21T10:11:19.028524Z,7.792869316892706,-19.944779686857146,7.723587061703623,-20.036648580256056,26,-0.06928225518908349,-0.09186889339889603,-7703.8352835197375,-10121.848829902887,12720.09780749945,2491349.993038831
3461,2026-09-21T10:11:35.011459Z,88.62651537958155,-64.29092180325904,88.79951728696162,-26.594103709122617,26,0.17300190738006904,37.696818094136404,19236.93440049552,94146.36327084832,94233.63835320545,2490657.385019563
3462,2026-09-21T10:11:50.142238Z,-13.394222748531549,-127.06037156247956,-13.183683100962753,-127.29382936032965,36,0.21053964756879573,-0.23345779785009313,23410.940667183488,-25264.21537595993,34443.458543223576,2489947.9067045785
3463,2026-09-21T10:12:08.628493Z,-71.58388164294007,157.14238949231702,-72.99176718519561,-179.98989815284963,33,-1.407885542255542,22.867712354833316,-156549.7295950398,773601.9930928572,784141.0500811207,2489455.3260356146
3464,2026-09-21T10:12:24.811332Z,-4.307076109006446,38.0519479199765,-58.223084086050505,-179.99999520584745,34,-53.91600797704406,141.94805687417602,-5995186.551974858,13491691.102176115,12283366.137309797,2492282.6674938346
3465,2026-09-21T10:12:38.791859Z,-38.20025372291108,-79.6373807866832,-39.06345681184005,-79.7240445147949,24,-0.8632030889289695,-0.08666372811171641,-95983.80415281326,-7527.830565147576,96278.5322005026,2491591.1800089013
3466,2026-09-21T10:12:55.025243Z,45.87705671282255,139.36610523147857,53.10962310091066,-179.4594737312804,30,7.2325663880881095,41.17442103724102,804224.6889753585,2973828.9878268433,3034532.796247201,2491747.827907412
3467,2026-09-21T10:13:10.258293Z,18.023199449784627,-169.3178971332659,18.000727623283733,-169.3967418807687,27,-0.022471826500893854,-0.07884474750281356,-2498.7530993361434,-8337.475871225002,8703.86516049892,2491031.63409064
3468,2026-09-21T10:13:23.986461Z,-54.03921072449621,-155.59806553775934,-53.30393554390235,-157.95284981133116,21,0.7352751805938595,-2.3547842735718234,81758.8697696989,-155117.44798645435,175332.75497513404,2490363.900849834
3469,2026-09-21T10:13:34.913689Z,5.069363093524004,41.41783657628011,4.971434121054426,41.44391045581702,17,-0.09792897246957732,0.026073879536909317,-10889.204910131662,2888.160328680607,11265.711321537503,2489649.2573821116
3470,2026-09-21T10:13:44.886920Z,53.798024108630756,127.40351699388947,53.715076147873866,127.39739670660732,14,-0.08294796075688993,-0.006120287282158188,-9223.392411678113,-402.3500181358011,9232.164043747845,2488934.4397759624
3471,2026-09-21T10:14:04.425612Z,28.748236706364168,-127.15966182413445,65.59713943876126,179.75624747044782,38,36.84890273239709,-53.084090705417736,4097411.036261374,-4012589.711995317,5452744.515159459,2489788.3176426818
3472,2026-09-21T10:14:20.161190Z,18.759154812842617,148.82493696545458,18.75871604271746,148.80524464188449,29,-0.0004387701251573617,-0.01969232357009787,-48.789011880696684,-2073.37030443834,2073.944257351761,2489071.8100466607
3473,2026-09-21T10:14:39.202243Z,79.00067814703122,80.38318333661084,79.072176643698,80.60929526510259,34,0.0714984966667771,0.226111928491747,7950.270092058507,4781.7227073075655,9277.46720946712,2488357.789216589
3474,2026-09-21T10:14:58.440638Z,-59.984048064388915,10.900499613221655,-59.96616971485491,10.92321290697521,34,0.017878349534008464,0.022713293753554353,1987.981764959852,1263.7516023037874,2355.661152438813,2487642.1869920455
3475,2026-09-21T10:15:05.409348Z,0.6590574990277992,-144.328807215652,0.7314917239422262,-144.25808557473334,7,0.07243422491442697,0.07072164091866284,8054.318325915175,7863.308686278685,11256.27198280715,2486929.557951755
3476,2026-09-21T10:15:21.644368Z,36.76969963184439,-28.22344269672368,36.713238654362854,-28.300065635019003,22,-0.056460977481535224,-0.07662293829531563,-6278.174249339391,-6827.507129226254,9275.252715697243,2486216.7690261984
3477,2026-09-21T10:15:30.814557Z,41.28043131523044,-52.1101446202141,41.13248617119519,-52.04784474230654,11,-0.14794514403524772,0.06229987790754876,-16450.749438418046,5211.787472367889,17256.588155672944,2485506.6855689446
3478,2026-09-21T10:15:43.994285Z,46.874278604884815,79.29669981475519,46.82102652200817,79.4824104790802,19,-0.05325208287664651,0.18571066432502903,-5921.361449138672,14123.430433599122,15314.491578503521,2484796.4520456586
3479,2026-09-21T10:15:56.720503Z,-29.202015053050143,13.320593977092244,-29.24508034974,13.34917512319701,27,-0.043065296689857036,0.028581146104755817,-4788.642506354811,2773.5773891084236,5533.8799993158555,2484083.8154914626
3480,2026-09-21T10:16:09.451409Z,-22.785869166030274,-69.52699273121964,-22.84953200088595,-69.45420881168529,20,-0.06366283485567692,0.07278391953434493,-7078.984251761653,7459.856003155101,10284.039076807305,2483372.953486746
3481,2026-09-21T10:16:20.177236Z,-10.972955240715004,-173.02490917942137,-25.537719078628797,-168.04340318543237,13,-14.564763837913793,4.981505993989003,-1619527.846552146,526039.4635107522,1702230.826965062,2483148.551841667
3482,2026-09-21T10:16:32.102239Z,60.446148578997914,120.82517821862007,71.94284600773548,-178.66781053633528,20,11.49669742873757,60.50701124504462,1278374.427243161,2715673.285982787,2839428.693403538,2483250.8723877785
3483,2026-09-21T10:16:43.581205Z,2.116640646665201,108.88494139083491,-39.523690902270296,-179.99999999999997,20,-41.6403315489355,71.11505860916509,-4630193.612038988,7490035.939201804,8555211.2668808,2484994.1857367572
3484,2026-09-21T10:16:55.756361Z,-53.35826531801635,-132.6616428920987,-53.507078027990346,-133.97389801415522,19,-0.14881270997399554,-1.3122551220565128,-16547.218369336428,-86932.00269083458,88491.48559083951,2484306.3261787356
3485,2026-09-21T10:17:00.470922Z,-4.911114320524238,-154.5633805753019,-53.507078027990346,-133.97389801415522,0,-48.59596370746611,20.589482561146667,-5403624.619673332,1998330.6140599272,5718385.355647809,2485234.325900248
3486,2026-09-21T10:17:12.945463Z,-39.995493445435734,-162.36631876310813,-40.00689282718967,-162.52475916930268,19,-0.011399381753932403,-0.15844040619455768,-1267.5534179218348,-13495.758480625278,13555.151744159064,2484525.295729807
3487,2026-09-21T10:17:26.324549Z,-23.85105961903428,33.02077558928488,-72.62433435186986,-179.99999869643605,24,-48.77327473283558,146.9792257142791,-5423340.706132563,10885351.222807338,9003820.389920669,2486394.895699464
3488,2026-09-21T10:17:36.046270Z,35.11021906012865,100.71402405403182,-49.70016066198333,-179.9999974621705,10,-84.81037972211197,79.28597848379763,-9430483.951897413,8744836.653304562,12219693.128496714,2489185.405513912
3489,2026-09-21T10:17:56.485455Z,57.54948804243367,-24.323413644631728,57.56519645780908,-24.452607684585335,38,0.015708415375407014,-0.12919403995360312,1746.6960953706414,-7706.567077103503,7902.031530386787,2488474.232291217
3490,2026-09-21T10:18:12.918371Z,22.735533159616338,47.66859115946724,22.664619530000433,47.67060815549187,28,-0.0709136296159052,0.002016996024622131,-7885.235843239986,206.90647367896605,7887.949960796361,2487763.4625828126
3491,2026-09-21T10:18:25.193223Z,-0.17853352208808068,-115.73513097558802,2.512466383068574,-115.90243144928867,17,2.6909999051566547,-0.1673004737006636,299225.53705440875,-18599.105488779558,299802.91039185156,2487136.719371071
3492,2026-09-21T10:18:37.821748Z,49.28305734967002,-172.0539901708016,49.237326998008854,-172.18905830156615,21,-0.04573035166116313,-0.1350681307645516,-5084.983098392909,-9801.70338598004,11042.209521306997,2486427.643050954
3493,2026-09-21T10:18:55.256789Z,55.30160926457377,-51.6459676966831,55.242290084432916,-51.63892119429078,32,-0.05931918014085369,0.007046502392313414,-6595.991884377591,446.36592917140246,6611.0779266631025,2485717.7041545543
3494,2026-09-21T10:19:09.939464Z,15.766243846861025,126.96586563975109,-89.99999985806873,-108.88296363452471,27,-105.76624370492976,124.15117072572423,-11760669.710240187,11008176.943044856,11760669.734881919,2488372.241083784
3495,2026-09-21T10:19:26.122471Z,-56.03849212048329,-105.51550843849847,-56.25195766998138,-105.99148478632608,29,-0.21346554949808905,-0.47597634782761133,-23736.286117580432,-29484.620473858027,37851.59132446342,2487671.0906832805
3496,2026-09-21T10:19:30.584293Z,-5.287390606386795,-152.04322981964617,-56.25195766998138,-105.99148478632608,0,-50.964567063594586,46.05174503332009,-5667001.296108094,4399880.663387169,6958410.471524223,2488949.906295649
3497,2026-09-21T10:19:41.607832Z,-10.487942634468231,-93.49129286731034,4.746962342791395,-78.96643486620833,14,15.234904977259626,14.524858001102018,1694044.1413832067,1613064.0373149978,2335860.5049840277,2488906.1289432575
3498,2026-09-21T10:19:53.531155Z,13.413686196153973,-160.13906821044756,13.372292053219757,-160.245446064242,18,-0.04139414293421595,-0.10637785379444153,-4602.818687084522,-11506.987631972615,12393.413389736368,2488198.149321887
3499,2026-09-21T10:20:13.423230Z,56.012392580704116,168.64747915318048,55.56481832528175,-179.99936330777223,44,-0.4475742554223672,11.353157539047288,-49767.98649968311,709789.2875404111,710725.5601587999,2487690.1548694256
3500,2026-09-21T10:20:30.811030Z,-37.599744901281085,-132.47943315638983,-37.78173959088647,-134.15465052088248,24,-0.18199468960538212,-1.675217364492653,-20236.8861603697,-147404.09915330526,148784.64433337125,2487021.8961521294
3501,2026-09-21T10:20:48.748945Z,-3.710588191008222,25.33665502840074,-64.07496898319722,-114.47562256812758,36,-60.364380792189,-139.8122775965283,-6712212.894131666,-12904808.989021279,11782994.002138946,2489677.129544299
3502,2026-09-21T10:21:08.486583Z,-4.9485814149257035,167.32365323863417,-8.140853708127404,-179.99999997699615,36,-3.1922722932017003,12.676346784369684,-354964.48347202037,1400359.727150074,1444428.9254369724,2489378.657755576
3503,2026-09-21T10:21:21.020518Z,-15.67945646592428,-167.77413828079682,-15.663307358182733,-167.90946501640312,19,0.016149107741547652,-0.1353267356062986,1795.6988506964667,-14488.277054629032,14599.1334515513,2488672.183440902
3504,2026-09-21T10:21:26.235243Z,7.289857771061037,6.8947094322587645,-15.663307358182733,-167.90946501640312,0,-22.95316512924377,-174.80417444866188,-2552275.5128067047,-19385467.254701857,18925660.634488072,2493363.104802502
3505,2026-09-21T10:21:43.366465Z,19.852482321583253,-45.863974527565745,19.744490968301,-45.82450052487538,24,-0.10799135328225162,0.03947400269035484,-12008.090606466596,4129.855540580586,12698.422725265858,2492655.354536574
3506,2026-09-21T10:21:52.337991Z,3.3237833039200404,173.13906646235233,-7.167046770039984,-179.9999973224186,9,-10.490830073960025,6.86093621522906,-1166527.0805145155,762472.2641802488,1393024.6207272026,2492341.7119998345
3507,2026-09-21T10:22:00.558973Z,-22.23967115974418,-162.35328295868152,-22.271022331599713,-162.4935252577663,10,-0.031351171855533266,-0.14024229908477537,-3486.0912546969757,-14432.542409669633,14847.595425442483,2491635.2694231095
3508,2026-09-21T10:22:13.234629Z,46.419630132323334,107.48656661789909,40.45307378597233,-179.99999997957786,20,-5.966556346351005,72.51343340252305,-663450.7952531264,5854946.912245555,5684724.30268103,2492545.5000483254
3509,2026-09-21T10:22:21.603927Z,42.03047268522687,33.20152827209574,89.99999999931654,-147.14502818896742,17,47.969527314089675,179.6534435389368,5333968.070864358,8120342.217257818,5333968.071016351,2493355.2528471192
3510,2026-09-21T10:22:35.334546Z,-4.98780885271112,151.64076546528707,89.99999999990023,-58.13864275558641,41,94.98780885261135,150.2205917791265,10562162.437493486,12314108.70639523,10562162.437514206,2495654.058312836
3511,2026-09-21T10:22:40.050396Z,-24.995448345611454,-134.49733621684345,89.99537164682049,-65.06837861267448,1,114.99081999243194,69.42895760416897,12786395.793856127,6511109.431621383,12786729.603162054,2498585.1535976124
3512,2026-09-21T10:22:51.380805Z,-61.99105497773125,-81.77310782701154,89.99999979999207,-138.10999794599104,26,151.99105477772332,-56.3368901189795,16900634.186638054,-6078179.298856103,16900634.196550168,2502685.9648285215
3513,2026-09-21T10:23:05.162474Z,-71.96389162458273,140.74848350795156,89.99999992689534,-147.5693381173689,39,161.96389155147807,71.68217837467955,18009563.04013387,7872168.79762243,18009563.045707934,2507100.1057567536
3514,2026-09-21T10:23:15.686271Z,-2.4707329808321106,-71.099755935897,89.99999999171213,-148.73495594892506,39,92.47073297254424,-77.63520001302807,10282276.369650636,-6234383.449039506,10282276.370374864,2509312.7341758255
3515,2026-09-21T10:23:30.021855Z,33.04502802167478,109.3490284798986,32.930770782093724,109.31228543829572,26,-0.11425723958105749,-0.03674304160290376,-12704.825373825459,-3426.9757397678454,13158.903509398975,2508602.590838509
3516,2026-09-21T10:23:51.365519Z,37.8894684911789,175.96034105283223,37.89157279756522,175.9560476151184,36,0.002104306386314647,-0.004293437713840831,233.98819426393368,-376.7639570714024,443.5104895408922,2507889.2350136093
3517,2026-09-21T10:23:56.981435Z,41.813401060828,109.10299433548147,37.89157279756522,175.9560476151184,0,-3.921828263262782,66.85305327963692,-436087.4060460622,5706843.449292172,5577239.866096675,2508761.9534188076
3518,2026-09-21T10:24:13.464477Z,14.932561466735175,-20.65289966384819,-89.99999999798574,172.4195912332682,37,-104.93256146472092,-166.92750910288362,-11667968.474695293,-14719169.326388812,11667968.47513744,2511365.480002582
3519,2026-09-21T10:24:24.791499Z,66.25545873800796,-111.41866728617674,84.36732785434852,-4.907609186234824,13,18.111869116340557,106.51105809994192,2013947.957787337,3003101.443173613,2877899.4118609536,2511469.6385509935
3520,2026-09-21T10:24:39.676030Z,11.709191070502976,156.48196876890358,89.99986371550555,-61.20701293687877,25,78.29067264500257,142.31101829421766,8705525.601714222,9989723.12117894,8705552.74795753,2513229.321252529
3521,2026-09-21T10:25:00.322894Z,-46.35176383325308,79.46501499088095,-46.57798649096024,81.0650486760832,36,-0.22622265770716155,1.6000336852022485,-25154.81182908495,122548.13044876,125100.80551592668,2512551.068336955
3522,2026-09-21T10:25:21.864683Z,-13.653615896347837,-42.14997111627653,-13.880628578199502,-42.393053751831424,38,-0.22701268185166512,-0.24308263555488452,-25242.658505880452,-26253.023625838323,36419.93870634637,2511848.021451767
3523,2026-09-21T10:25:38.596477Z,7.445572393582828,152.9017236508061,-1.5171827006339216,-179.77888332539254,31,-8.96275509421675,27.319393023801354,-996612.8952345767,3033713.4944286724,3190168.989984107,2512040.5621751654
3524,2026-09-21T10:25:59.140275Z,-46.376134982561105,7.130625979861463,-46.38457678621495,7.1195813662901655,37,-0.00844180365384517,-0.011044613571300488,-938.6857380370816,-847.2300778929039,1264.4879251802429,2511328.0831529605
3525,2026-09-21T10:26:13.423471Z,-26.635737674715163,-11.308074919958898,-26.694563552887967,-11.26249015689849,21,-0.05882587817280438,0.045584763060418254,-6541.139208226732,4529.700300932386,7956.424044359388,2510617.906795766
3526,2026-09-21T10:26:31.459064Z,68.00105279534866,102.87324005454815,67.94229988610878,103.0280700542456,31,-0.05875290923987109,0.15482999969745492,-6533.0254330818825,6457.233635268319,9185.651589073197,2509908.4818793717
3527,2026-09-21T10:26:47.044477Z,-38.07206935704067,5.638894471007774,-38.10912673884457,5.622026923888581,29,-0.03705738180390483,-0.016867547119204573,-4120.5928513246035,-1476.1539340484153,4377.0213229353285,2509198.09586844
3528,2026-09-21T10:27:03.282045Z,-37.70018782542193,-53.822709117251435,-37.69454078567756,-53.76169816489526,35,0.005647039744367532,0.06101095235618459,627.9221701338555,5367.937033296833,5404.538200622096,2508488.4038169463
3529,2026-09-21T10:27:18.764189Z,34.798559013580814,-4.445313211877391,34.816326069356116,-4.572494415760192,25,0.0177670557753018,-0.12718120388279885,1975.6064636244673,-11611.565315289867,11778.431529068146,2507780.920118367
3530,2026-09-21T10:27:35.551885Z,13.975328482491296,-68.32840298243342,13.945584458554677,-68.3016376403503,32,-0.029744023936618902,0.026765342083137966,-3307.384559746338,2888.2615051721405,4390.996119037042,2507071.744502503
3531,2026-09-21T10:27:49.130879Z,1.7149897824222815,95.40360188281437,1.652832804765608,95.42390124385197,24,-0.062156977656673496,0.020299361037587005,-6911.540570981286,2256.2111980509094,7270.480144663511,2506363.7860589013
3532,2026-09-21T10:28:02.115298Z,2.249769684630633,108.51716939108115,2.179520182665379,108.49361454788202,23,-0.07024950196525426,-0.023554843199121933,-7811.388217843232,-2617.222722832741,8238.181826633294,2505656.5024789944
3533,2026-09-21T10:28:16.800339Z,0.3765128668322353,77.74800027743777,0.2961431022667133,77.74329436603905,24,-0.08036976456552197,-0.004705911398730223,-8936.710075303672,-523.264457518335,8952.016120273474,2504949.8213336905
3534,2026-09-21T10:28:32.783382Z,6.21541781407451,167.93202276972255,6.234513734259273,167.8636667858044,27,0.01909592018476225,-0.06835598391813846,2123.369444154987,-7556.02263265934,7848.70531964671,2504243.227922255
3535,2026-09-21T10:28:46.764919Z,-14.483970307347416,103.58599582570582,-14.563852165176803,103.62463480248616,27,-0.0798818578293865,0.03863897678033368,-8882.457321569702,4159.156553795991,9807.987963950975,2503537.5885332995
3536,2026-09-21T10:28:55.785447Z,-48.27216477827202,-164.78849231574014,7.202384531536182,159.3056454742149,11,55.474549309808204,-35.905862210044916,6168488.441144079,-3738858.145648509,7095731.136904045,2504836.2858037665
3537,2026-09-21T10:29:06.907398Z,29.58831825783208,-44.36605298476587,-89.99999999999999,155.15630567991116,21,-119.58831825783207,-160.47764133532297,-13297614.276225781,-15421463.345749713,13297614.276225781,2507887.679072192
3538,2026-09-21T10:29:28.949642Z,84.97444888871487,-162.36016119784526,89.99999999999999,65.50051261809155,37,5.025551111285111,-132.13932618406318,558815.7871678286,-644182.4664206121,558815.7871678316,2507336.782551021
3539,2026-09-21T10:29:38.070870Z,15.115000325602745,-80.010051839351,89.99999999824223,78.62473752429358,23,74.88499967263948,158.6347893636446,8326832.045376953,10724126.879849788,8326832.04575443,2508981.1722834883
3540,2026-09-21T10:29:56.256498Z,-31.624401398952244,65.04346412820553,-31.669698221770204,65.09276535808627,39,-0.04529682281795999,0.04930122988074004,-5036.776890474635,4666.846368486836,6866.481899372969,2508274.360224058
3541,2026-09-21T10:30:13.946185Z,-17.688633367706537,-51.11693944801573,-17.7173420695135,-51.10962971660058,40,-0.028708701806962722,0.007309731415148235,-3192.261991485731,774.3151742384415,3284.828853211023,2507566.9359000335
3542,2026-09-21T10:30:26.119629Z,-27.896710953512493,13.220651560500386,-27.93519029264949,13.24408512848242,28,-0.03847933913699819,0.023433567982038994,-4278.707292669612,2302.483161106725,4858.885100540891,2506860.3554226765
3543,2026-09-21T10:30:39.049470Z,2.010604712858681,-111.57952587663732,2.221925373301429,-111.89207844141735,32,0.21132066044274822,-0.31255256478004867,23497.785336411092,-34730.55541052731,41932.75590519716,2506164.637782395
3544,2026-09-21T10:30:54.988396Z,-8.796495133338128,5.837737983703619,-8.916609182219947,5.829977007621526,30,-0.12011404888181865,-0.007760976082096249,-13356.072854394766,-852.691755235099,13383.264363959977,2505461.2570336876
3545,2026-09-21T10:31:08.919554Z,-42.08138257331088,-111.07476358890156,-43.866778157689915,-111.91392990746317,36,-1.7853955843790317,-0.8391663185616096,-198526.93103654552,-68272.15423517644,209934.82627317935,2504813.717843064
3546,2026-09-21T10:31:20.595299Z,61.97840203901347,63.1158407700255,88.74003573889081,-60.27386211241413,15,26.761633699877343,-123.38970288243962,2975757.8961464125,-3467918.8884997196,3194930.0287907915,2505008.3360920623
3547,2026-09-21T10:31:38.533659Z,-34.73801443654377,59.39188755201013,89.94969692653359,-51.8965158065101,29,124.68771136307737,-111.28840335852024,13864640.918495301,-10965924.068414368,13872263.657854356,2508213.088085793
3548,2026-09-21T10:31:53.463525Z,20.882369734271634,59.261282154576975,89.99951552926105,-47.44766315577914,26,69.11714579498941,-106.70894531035611,7685475.956555119,-6730765.177429016,7685545.3156877365,2509672.313629085
3549,2026-09-21T10:32:07.592458Z,13.977374328346588,-37.14897883029394,13.902910296445807,-37.10518338851831,24,-0.07446403190078144,0.04379544177561456,-8280.022564865472,4726.40436250471,9534.026855633365,2508967.8508827416
3550,2026-09-21T10:32:18.566342Z,-35.64726126534133,-164.58300460075677,-52.6476324462767,-154.89094161510718,14,-17.000371180935375,9.692062985649585,-1890355.0263943793,773309.2875460621,2038105.4083000228,2508835.213574972
3551,2026-09-21T10:32:32.798235Z,-24.727165234748004,-10.019963422799151,-24.76497189589191,-10.020443654308337,23,-0.037806661143907405,-0.0004802315091865239,-4203.908912572473,-48.49575042081709,4204.1886236080745,2508129.8823936284
3552,2026-09-21T10:32:43.724931Z,12.498487665047618,76.43398686563268,12.385975119041667,76.48074110770837,20,-0.1125125460059504,0.046754242075678576,-12510.824299724196,5076.73332110758,13501.627172830205,2507427.565880334
3553,2026-09-21T10:32:56.652552Z,-26.794450051622764,-14.42496785981433,-26.84824735328538,-14.487596524136254,26,-0.05379730166261609,-0.06262866432192027,-5981.987012049794,-6214.78810059556,8625.992925511086,2506724.2724457844
3554,2026-09-21T10:33:09.379443Z,51.855376754859186,-33.674373636375435,51.78588317377628,-33.70607543418704,12,-0.06949358108290937,-0.03170179781159277,-7727.333650781803,-2178.9409142169093,8028.6652301193635,2506021.2067149975
3555,2026-09-21T10:33:29.818598Z,-23.10431977566247,-44.84692927557316,-23.134720742232147,-44.78839939671998,37,-0.030400966569676058,0.05852987885316452,-3380.4332476388117,5985.53552438044,6874.1517785733695,2505318.2117628357
3556,2026-09-21T10:33:41.244489Z,44.94408680076477,123.1857908775458,44.90077504927373,123.21341699872859,20,-0.043311751491039274,0.027626121182777297,-4816.04702989347,2175.0891172873735,5284.441381932289,2504615.165145743
3557,2026-09-21T10:33:53.722492Z,60.48709055977439,-77.27692105043046,89.99391369227443,179.62811164051183,23,29.506823132500045,-103.09496730905772,3281009.033732312,-2920502.0514482562,3281839.1926330472,2504833.6706356187
3558,2026-09-21T10:34:05.946404Z,4.225471187877727,-99.74935095328227,52.49148820476786,179.99999882315288,28,48.26601701689013,-80.25065022356483,5366936.2216181215,-7852586.97501111,8975552.226154318,2506652.309914854
3559,2026-09-21T10:34:24.489905Z,-61.92881293632446,158.7542370108916,-69.22447217695799,-179.99999999993713,42,-7.295659240633526,21.245762989171283,-811240.2940859421,976803.5790742942,1258288.6321037274,2506301.547431625
3560,2026-09-21T10:34:39.674186Z,27.622846526574985,-161.70911283510702,27.62546504313946,-161.81885761895188,26,0.00261851656447476,-0.1097447838448602,291.1657573043329,-10812.013755551969,10815.933211132648,2505600.5683265063
3561,2026-09-21T10:34:54.606431Z,-23.412390565308108,-56.26898759811573,-23.4607024771169,-56.20842433424175,28,-0.04831191180879202,0.06056326387397348,-5372.03948963702,6178.7531613060855,8187.538995761383,2504899.2448136364
3562,2026-09-21T10:35:00.773439Z,12.595003356630475,-98.43265772770462,-29.38092250701018,53.55277743085013,1,-41.975925863640654,151.98543515855476,-4667509.997244958,16719014.87766966,16575217.434900168,2508849.362216805
3563,2026-09-21T10:35:09.742924Z,-8.629083132447267,-155.10535687695707,3.9045121668328777,179.99084594074793,12,12.533595299280144,-24.903797182294966,1393672.2098960418,-2766822.5941994144,3092994.485414814,2509013.30976752
3564,2026-09-21T10:35:30.184485Z,14.855171626717858,-63.55154541082901,-89.99999527793662,179.28928407178822,38,-104.85516690465448,-117.15917051738279,-11659362.592266018,-10325383.707779828,11659363.357010826,2511580.7480523805
3565,2026-09-21T10:35:41.156821Z,-1.5884197735429133,-105.06124736440098,-89.99999928314926,159.95615687678242,27,-88.41157950960636,-94.98259575881661,-9830919.09810025,-7363932.117346948,9830919.184733493,2513633.858413301
3566,2026-09-21T10:35:56.687206Z,-42.41696750444878,-92.73786685602747,-72.24472453155661,179.9446419591361,26,-29.827757027107836,-87.3174911848364,-3316695.254600977,-5240935.389048081,5474929.907802751,2514464.283553343
3567,2026-09-21T10:36:08.564933Z,60.49778790730465,17.159279084065474,60.5592166119774,17.079737254717553,19,0.061428704672749745,-0.07954182934793153,6830.560309956671,-4351.483029300786,8098.884956875734,2513761.629951269
3568,2026-09-21T10:36:23.248344Z,-37.48199652934289,51.77758156141206,-37.534452442354564,51.848910060836,32,-0.05245591301167707,0.0713284994239416,-5832.831399406786,6291.683568131518,8579.46354430791,2513059.5049046306
3569,2026-09-21T10:36:36.476248Z,-7.005396894138941,-73.52485404203514,-6.998733469234671,-73.5049661618279,28,0.0066634249042696325,0.019887880207249964,740.9390434317876,2194.9379910448793,2316.623284916869,2512356.0185270403
3570,2026-09-21T10:36:50.455730Z,-19.075465364168988,166.58982428892045,-78.46846526899276,-132.57668819073814,13,-59.39299990482377,60.83348752034141,-6604200.267617163,4458112.440342653,7300073.664975881,2513697.115906998
3571,2026-09-21T10:37:05.936201Z,-77.1234357927895,-112.84017478197424,-73.61079346930171,-94.1298698309763,24,3.512642323487782,18.710304950997937,390588.0054887963,525583.496786706,650107.5371028394,2513175.248200808
3572,2026-09-21T10:37:26.125482Z,56.378876660659266,-29.691011723974782,56.40732983511438,-29.801897083063718,41,0.02845317445511597,-0.1108853590889396,3163.8486463414533,-6824.4927205910135,7522.208559224096,2512473.7775850073
3573,2026-09-21T10:37:43.312484Z,-35.95229805459292,84.39562803045743,-36.00308123307979,84.33393992361962,30,-0.05078317848686709,-0.061688106837806345,-5646.831806624719,-5550.944364300405,7918.313365498381,2511772.810480552
3574,2026-09-21T10:37:58.394297Z,-22.928698197913004,-114.41934069253233,-89.99993334364457,66.95873180787082,29,-67.07123514573156,-178.62192749959684,-7457981.071989571,-10972803.914315004,7457995.893542926,2513156.7565026735
3575,2026-09-21T10:38:16.583647Z,-67.8745936331396,92.48402872813239,-67.95165793329305,93.20530363446498,38,-0.07706430015345234,0.72127490633261,-8569.159202477389,30156.955621801684,31350.590341209823,2512462.544987663
3576,2026-09-21T10:38:33.520091Z,-27.907675707403925,-2.7958894145236,-27.95504799052384,-2.8268183022153024,35,-0.04737228311991615,-0.03092888769171509,-5267.557546504344,-3038.508342451015,6081.093194010074,2511761.655319936
3577,2026-09-21T10:38:49.801052Z,27.82974517676937,-126.13722519461245,27.926888676929398,-126.14067117242713,43,0.09714350016002626,-0.003445977814692469,10801.8643742898,-338.7049464285098,10807.173309923652,2511062.478780375
3578,2026-09-21T10:39:01.728897Z,23.576676258359942,-47.42598545661997,23.450349890209015,-47.438329865241876,20,-0.12632636815092724,-0.012344408621913772,-14046.851239815875,-1258.6601925085251,14103.129235261933,2510364.6142332684
3579,2026-09-21T10:39:16.157830Z,-12.457072018122396,43.6199404249212,-12.581748058078546,43.596618296210835,26,-0.12467603995614951,-0.023322128710361767,-13863.34311725812,-2531.6404756156526,14092.60383951082,2509667.1367226806
3580,2026-09-21T10:39:30.389475Z,18.435384676027994,-10.42354427863549,18.440595157911282,-10.498801195065198,34,0.0052104818832887645,-0.07525691642970855,579.3791507950964,-7938.619061630792,7959.733151419139,2508968.3357719625
3581,2026-09-21T10:39:47.375869Z,78.64334826817098,-87.20943221694937,78.60314102861537,-86.95372258261884,23,-0.04020723955561323,0.25570963433051475,-4470.8410529666135,5608.80425097195,7172.653463743915,2508269.7053105524
3582,2026-09-21T10:40:04.810638Z,-15.703487912940703,-97.44103226368534,-15.454036087674284,-97.09859387399973,34,0.2494518252664193,0.34243838968561136,27737.777411850777,36678.53060138084,45985.82383047983,2507582.300541853
3583,2026-09-21T10:40:20.692642Z,26.649866158541503,-153.13807065129276,26.700988199719834,-153.14917712310498,32,0.0511220411783313,-0.011106471812212249,5684.51161874466,-1103.5366445523064,5790.636003650359,2506884.061171343
3584,2026-09-21T10:40:31.666714Z,-44.54873088650671,19.851543907045368,-89.99999999999999,-123.9452710046136,35,-45.451269113493275,-143.79681491165897,-5053950.5349769825,-6177034.556981441,5053950.534976986,2507594.7382008648
3585,2026-09-21T10:40:41.090236Z,40.799326231426754,-73.02823050668155,-30.461156643598216,-28.727973239320924,11,-71.26048287502496,44.30025726736062,-7923804.1659442345,4905930.732880865,9140007.14696271,2509444.783503169
3586,2026-09-21T10:40:55.017575Z,-27.529145811391,-65.53137466864072,-27.534225542994534,-65.43616921371543,34,-0.005079731603533588,0.09520545492529209,-564.8403830289641,9387.514449822078,9404.491893064045,2508747.61666223
3587,2026-09-21T10:41:11.002484Z,-22.71398343656123,154.05781517193316,-46.74821926620341,-179.9350250639731,30,-24.034235829642178,26.007159764093785,-2672485.0900350874,2376634.9526894777,3543169.8296025605,2509035.997541221
3588,2026-09-21T10:41:24.987847Z,29.904107599977866,-103.82392812081355,30.039870119025547,-103.37323408087565,32,0.135762519047681,0.45069403993790047,15096.103346587395,43413.013525660426,45962.78812917777,2508349.522287762
3589,2026-09-21T10:41:41.922940Z,0.43347523489218126,146.08240709245115,-35.18369711991989,-179.99712410879715,30,-35.61717235481207,33.9204687987517,-3960448.8672799333,3599678.0644165883,5296910.830555977,2509126.496739773
3590,2026-09-21T10:41:56.352856Z,-10.31333203701625,109.92254818105334,-42.09167389728676,-179.99999998883186,29,-31.77834186027051,70.0774518301148,-3533590.392038489,6991517.618281535,7601215.6966916965,2510544.9059876706
3591,2026-09-21T10:42:09.281666Z,27.7294656322745,-156.5769947500376,27.736553169989993,-156.67629504972572,19,0.007087537715491976,-0.09930029968811027,788.0982363646738,-9773.282882150226,9805.006462231762,2509848.5150382062
3592,2026-09-21T10:42:26.516482Z,85.14353253579837,22.344158476342585,85.22938182504431,9.370263746576693,30,0.08584928924594237,-12.973894729765902,9546.005420190068,-121056.06447898004,121171.23029698004,2509183.515794125
3593,2026-09-21T10:42:35.437856Z,1.2876704819508675,-153.1583973523596,11.946079915437576,179.89974349491493,12,10.658409433486709,-26.941859152725442,1185161.0551042273,-2975842.6528688413,3198646.5395758683,2509375.406421395
3594,2026-09-21T10:42:52.875598Z,76.96018088976861,-1.343949379413857,77.00406140367939,-1.5389027508143511,31,0.04388051391077852,-0.19495337140048719,4879.290525434557,-4883.040620790712,6903.004658949373,2508679.114712502
3595,2026-09-21T10:43:07.554042Z,-33.343519863692954,73.78527901040275,-33.403632508060866,73.77790725736438,33,-0.06011264436791208,-0.007371753038370343,-6684.221080900431,-684.5341043815188,6719.181371215732,2507983.159237303
3596,2026-09-21T10:43:25.287631Z,-5.462349502106156,139.63142361769263,-5.400844241316159,140.63248644234028,32,0.061505260789997074,1.0010628246476472,6839.07296179818,110813.30207995465,111024.1272277116,2507316.5966588794
3597,2026-09-21T10:43:38.517308Z,17.278153121123495,-171.9587130310427,11.743372358281805,179.9996203097752,23,-5.53478076284169,-8.041666659182056,-615439.5409178965,-865668.3205386413,1061776.7075909954,2506914.7229060107
3598,2026-09-21T10:43:57.454913Z,-68.12386796978191,-177.77317471734716,-68.01063408527985,179.59964503851822,37,0.11323388450206551,-2.6271802441345926,12591.033480885611,-109115.49774719893,109831.03131752496,2506248.4961990654
3599,2026-09-21T10:44:10.884662Z,5.531530486277512,-25.74461471377984,-89.99999999999999,130.5701525120154,31,-95.5315304862775,156.3147672257952,-10622621.524664054,12869249.24539809,10622621.524664056,2508503.6706998893
3600,2026-09-21T10:44:18.803032Z,15.722309056460876,-5.1348939740413755,-89.99999999565868,97.44100519986738,19,-105.72230905211956,102.57589917390874,-11755784.399743801,9092511.455558956,11755784.400331639,2511072.3597914535
3601,2026-09-21T10:44:32.732199Z,-52.53462672316541,-165.1726462493201,-51.22828332091206,-167.74558935320206,23,1.306343402253347,-2.572943103881954,145258.75878616422,-176605.7276199968,228644.94444203956,2510438.528240399
3602,2026-09-21T10:44:47.112848Z,-68.59924811672062,8.985525582411185,-89.99999999999999,-142.3551933992269,36,-21.40075188327937,-151.34071898163808,-2379655.0357996514,-3124565.7417842597,2379655.035799655,2510402.2196639297
3603,2026-09-21T10:45:01.595910Z,23.011220651286347,133.96542509598714,-89.99999999999999,-116.19563144408238,31,-113.01122065128634,109.83894345993048,-12566274.390331825,10185352.254166111,12566274.390331829,2513193.1916791024
3604,2026-09-21T10:45:13.024793Z,24.319261138565075,1.727034312399212,24.31435869203377,1.6066632314518512,18,-0.0049024465313038945,-0.12037108094736482,-545.127182427208,-12197.200569761335,12209.375739949051,2512499.2450043135
3605,2026-09-21T10:45:27.451819Z,-13.943796543367398,-37.65442387900666,-14.027971715889496,-37.57524387704452,27,-0.08417517252209805,0.07918000196212915,-9359.852133887769,8543.410271998398,12672.674334727904,2511805.8118363055
3606,2026-09-21T10:45:45.137994Z,-3.197986768249047,144.3578298034654,-89.99999999999999,54.31963464746514,43,-86.80201323175093,-90.03819515600026,-9651943.49390456,-6879104.016788445,9651943.493904565,2513785.883295559
3607,2026-09-21T10:45:56.062883Z,-19.70431085680673,26.50157318391996,-89.99999999999999,25.065409240917095,35,-70.29568914319326,-1.4361639430028674,-7816523.997706078,-91934.04143530419,7816523.99770608,2515256.0075302166
3608,2026-09-21T10:46:08.742261Z,-62.11581144989733,-168.5304965777498,-89.9999999998328,19.800903261652554,32,-27.884188549935466,-171.66860016059763,-3100580.300353119,-4599247.830900248,3100580.3003901085,2515418.2371014087
3609,2026-09-21T10:46:24.725468Z,3.2088093070260055,100.32068063789694,3.15220804866614,100.30182475979666,32,-0.056601258359865625,-0.018855878100282553,-6293.772771314975,-2093.4484611163602,6632.804971990593,2514723.090126587
3610,2026-09-21T10:46:39.957297Z,62.224720822889225,121.51676049843309,62.14724269528395,121.50911135199976,21,-0.07747812760527495,-0.00764914643332304,-8615.174715626308,-396.86748842285516,8624.310923270503,2514028.8799384423
3611,2026-09-21T10:46:52.832311Z,3.5769324523007704,31.430321459862483,3.4678476256151685,31.464224789860857,28,-0.10908482668560193,0.03390332999836687,-12129.679301339911,3762.756485666536,12699.89968451917,2513336.1829070784
3612,2026-09-21T10:46:58.947248Z,51.17488532376573,58.25816247133352,24.60966315493263,75.24411015388209,1,-26.5652221688331,16.985947682548556,-2953917.9303598017,1490539.9493763489,3290523.468001607,2513551.35103695
3613,2026-09-21T10:47:17.932580Z,43.29558484654867,-122.91679033222587,89.99999999986264,14.1856556807144,43,46.70441515331397,137.10244601294028,5193294.0169497635,6042885.1838258505,5193294.016976228,2514293.0456580236
3614,2026-09-21T10:47:29.808684Z,35.525378129535014,37.46000553145478,35.557071450707504,37.54628110253207,25,0.03169332117249013,0.08627557107729444,3524.1365228974805,7806.1301894268945,8564.764967192827,2513599.706344052
3615,2026-09-21T10:47:47.995514Z,-72.44101322056129,-89.85556697720807,-71.85322261781972,-88.5373811950607,36,0.5877906027415634,1.318185782147367,65359.332954209094,44936.25306868436,79312.66420332514,2512926.321270155
3616,2026-09-21T10:48:02.726982Z,-63.8391576221407,172.45540151123487,-67.61560864348199,-138.50310338717463,22,-3.7764510213412876,49.0414951015905,-419922.1942948134,2241680.3194124014,2218368.8249710486,2512844.8617855585
3617,2026-09-21T10:48:14.703844Z,-30.10081979905668,-74.29888674807842,-30.11315246229362,-74.26016573320837,26,-0.012332663236939823,0.038721014870048975,-1371.3295839635698,3724.715693799978,3969.1373857605445,2512151.2273580222
3618,2026-09-21T10:48:30.387313Z,-61.16446311580688,-81.39920009650102,-61.21145767341827,-81.2336014050599,26,-0.046994557611391485,0.16559869144111872,-5225.556386292165,8874.274666173496,10298.499896216217,2511459.725774976
3619,2026-09-21T10:48:53.130583Z,-82.19696518674829,-125.03133709596031,-81.92390500801862,-122.45240742936005,41,0.2730601787296649,2.57892966660026,30362.906543395187,39610.2659550761,49901.48810920927,2510779.549417511
3620,2026-09-21T10:49:05.306902Z,28.84475289158906,-107.45742742051137,36.9415355011125,-86.99560616783717,12,8.096782609523437,20.461821252674213,900321.1483228975,1910493.560186659,2106015.000294377,2510667.736006151
3621,2026-09-21T10:49:22.489988Z,-55.32216983861335,162.27461527300494,-61.74453403880036,-174.49585498147863,30,-6.422364200187012,23.229529745516402,-714134.3161244349,1348334.6191188376,1514204.7420002033,2510392.5460050446
3622,2026-09-21T10:49:32.160505Z,21.09741944413903,60.12451440897766,-89.99334314350097,-178.7404879134537,11,-111.09076258764,121.13499767756866,-12352729.19682072,11107572.387709018,12353852.122862792,2513110.232249345
3623,2026-09-21T10:49:50.095581Z,-16.81039949061704,69.40455209127933,-58.86910700020296,-179.9999999768155,36,-42.058707509585915,110.59544793190514,-4676714.896293357,9711820.018846147,9539068.112414254,2515049.4974660617
3624,2026-09-21T10:50:02.070323Z,27.845885608574566,-91.75399700299974,27.824715180530095,-91.76973309001424,19,-0.02117042804447067,-0.015736087014488476,-2354.044193438825,-1547.3128616757542,2817.037646760757,2514356.2765886285
3625,2026-09-21T10:50:12.544499Z,35.338712812186266,113.46316942549493,-2.6563995421883035,-179.99999994206502,15,-37.99511235437457,66.53683063244006,-4224863.731096447,7099681.681012434,8082093.55828115,2515892.2041146127
3626,2026-09-21T10:50:28.475592Z,-16.826095775151057,-35.34739751482377,-16.89867320338028,-35.27015213570176,27,-0.07257742822922353,0.07724537912201868,-8070.241807999238,8219.99092770429,11519.42018093669,2515201.533186887
3627,2026-09-21T10:50:43.356464Z,-34.18403686093816,-108.17391920191098,-35.79883871151526,-108.27251550493807,34,-1.614801850577102,-0.09859630302707956,-179557.77332041855,-8981.638258425357,179782.23101726783,2514557.6348405485
3628,2026-09-21T10:50:56.734508Z,32.5153913723948,-51.791029706149374,32.39619403454292,-51.76538302374972,24,-0.11919733785187958,0.025646682399667498,-13254.139238666436,2406.349193357514,13470.809877205735,2513868.250379423
3629,2026-09-21T10:51:09.159384Z,-33.33402147669633,27.26105768423372,-33.384576737866794,27.301720055466088,24,-0.050555261170465826,0.04066237123237215,-5621.488557346456,3776.489483242224,6772.2229812622845,2513177.39999987
3630,2026-09-21T10:51:31.152823Z,-1.583506727632283,170.54724685121215,-1.8764788619189523,169.22081742401727,31,-0.29297213428666935,-1.3264294271948813,-32577.014980906013,-147424.99497026438,150981.26598019613,2512526.657263225
3631,2026-09-21T10:51:47.286897Z,5.093920539651651,38.9179955966317,4.998910154958077,38.95807814113111,25,-0.09501038469357415,0.04008254449939841,-10564.672756473283,4439.699316309097,11459.63506583026,2511837.847838219
3632,2026-09-21T10:52:05.222571Z,53.625256220977846,86.18566731292049,53.571845362615555,86.340485126737,34,-0.05341085836229098,0.15481781381652127,-5939.016477617863,10216.030164600701,11816.898858887016,2511149.5160791385
3633,2026-09-21T10:52:22.406109Z,-29.122403064604846,-84.58868585250471,-29.568432981213085,-84.59301884865552,32,-0.4460299166082393,-0.004332996150822055,-49596.26385853182,-419.9822051683658,49598.04201823209,2510471.962686884
3634,2026-09-21T10:52:38.945273Z,36.73941947972348,-142.5367468248183,36.78462264905274,-142.55198773035872,36,0.045203169329262494,-0.015240905540423455,5026.36309766891,-1357.6811777621417,5206.49823878507,2509782.5665766895
3635,2026-09-21T10:52:53.878199Z,11.842462854358168,-44.600169077077425,11.779966613100347,-44.61486603159381,30,-0.06249624125782027,-0.014696954516381311,-6949.2649622239705,-1599.6258565738417,7130.994748886285,2509094.079211675
3636,2026-09-21T10:53:10.863023Z,-60.12759420640383,-173.19414075341794,-61.46105821611407,-162.02066200781232,28,-1.3334640097102408,11.173478745605621,-148274.4327428894,606240.8964859932,623257.878553487,2508575.422390812
3637,2026-09-21T10:53:27.796460Z,45.970062054370985,143.40699875590326,48.1803530041065,-179.7838580600819,33,2.2102909497355157,36.80914318401483,245773.14001897274,2787480.8234755322,2771498.2159877433,2508647.713508106
3638,2026-09-21T10:53:40.524474Z,-39.591185979040155,-171.0601039830804,-39.60315507810756,-171.20775121775245,21,-0.011969099067407285,-0.14764723467203567,-1330.9030928018094,-12650.51304989411,12720.328050511336,2507961.6422091895
3639,2026-09-21T10:53:52.248222Z,-3.6849616842120922,-101.51222223294441,-3.6641664673177945,-100.75469108603622,22,0.020795216894297752,0.7575311469082067,2312.3226171191272,84060.45017707917,84092.24469907627,2507295.561033726
3640,2026-09-21T10:54:09.380502Z,-40.338240668193606,-41.4579419494205,-40.39197459450808,-41.468832796602484,33,-0.0537339263144716,-0.010890847181997287,-5974.939994861794,-922.705994840299,6045.766626026341,2506608.404496801
3641,2026-09-21T10:54:29.623279Z,-6.442526996489953,150.40234307630897,-17.224589387219435,-179.00479851885999,39,-10.782062390729482,30.592858404831077,-1198910.6366142204,3329474.3363806223,3531874.602032852,2506889.993674922
3642,2026-09-21T10:54:43.004469Z,40.57985108957321,-16.999618583430703,40.59498404673105,-17.134996335249248,25,0.015132957157838689,-0.13537775181853817,1682.708061081123,-11431.704377772328,11554.88395579372,2506204.838510254
3643,2026-09-21T10:54:56.685791Z,54.5507981951887,168.41400913790557,54.52185274944136,168.41410599487654,25,-0.028945445747339704,9.685697096983859e-05,-3218.586716569493,6.248612851342888,3218.5927821386103,2505517.7711905376
3644,2026-09-21T10:55:06.908810Z,-9.58599992007698,178.39859198043007,-9.546207308806299,178.23846044898573,13,0.03979261127068057,-0.16013153144433545,4424.736491238767,-17558.21560136002,18107.15905742376,2504835.166741544
3645,2026-09-21T10:55:18.835507Z,39.43832193967626,-34.83370310316846,89.95941486501245,120.48706893791133,15,50.52109292533619,155.3207720410798,5617689.221835693,7381155.550398285,5626302.966580987,2505691.5365083036
3646,2026-09-21T10:55:27.955605Z,32.5561011208029,58.08382391142439,32.595693100025485,58.15339095081775,9,0.039591979222585394,0.0695670393933483,4402.427225368277,6518.544722826087,7865.925597369892,2505006.449944697
3647,2026-09-21T10:55:41.686247Z,7.975778927344244,-23.95729595076122,7.920211058005589,-24.043676522734383,29,-0.05556786933865521,-0.08638057197316584,-6178.865154906191,-9512.814784146376,11343.368630364073,2504322.6925876047
3648,2026-09-21T10:55:52.609950Z,-31.04186051277901,0.12329279072687882,-31.081504716652223,0.1409838966029038,25,-0.03964420387321255,0.017691105876025404,-4408.234341563801,1685.094560729402,4719.32976662461,2503637.494297358
3649,2026-09-21T10:56:12.097374Z,-51.12933004196511,19.646237333178846,-51.14383791708075,19.715541912802312,37,-0.014507875115640445,0.06930457962346281,-1613.2021092520586,4835.4524086696365,5097.452168615898,2502952.7751846896
3650,2026-09-21T10:56:25.775882Z,-1.051879007782104,-30.074081333612213,-1.1340775637214573,-30.14405938967975,30,-0.08219855593935321,-0.0699780560675265,-9140.062397965037,-7779.789077737922,12002.74336715366,2502270.3231211775
3651,2026-09-21T10:56:43.714026Z,-35.56253076109746,46.38545322290477,-35.610627438367416,46.46504018934495,41,-0.04809667726995315,0.07958696644016072,-5348.106500879456,7196.877393855552,8966.452856782571,2501587.4132690094
3652,2026-09-21T10:56:55.187858Z,4.51860963369723,-116.20892533732,4.702711829119538,-116.35425104086073,29,0.18410219542230788,-0.1453257035407205,20471.230115085742,-16107.187878715222,26048.273173324145,2500909.554796913
3653,2026-09-21T10:57:09.870946Z,-23.410863420665063,64.47856160665484,-63.1020842147379,-179.99999930161977,38,-39.691220794072834,115.52143909172537,-4413462.384629914,9355220.429849204,8883832.548052486,2502656.864677355
3654,2026-09-21T10:57:32.016284Z,9.89868412991136,-39.81078693415546,9.620958632649032,-39.58571430855705,38,-0.27772549726232754,0.2250726255984148,-30881.666295408108,24664.719662875923,39522.45424942821,2501982.772063664
3655,2026-09-21T10:57:46.500870Z,9.024070992617045,121.63987427459153,8.348837072256028,124.71672277491147,26,-0.6752339203610163,3.0768485003199544,-75082.58624246101,338205.5830111524,346436.6714542877,2501393.0193685587
3656,2026-09-21T10:58:00.681321Z,77.03657921882242,129.81325664457916,77.03446914856575,130.31839652306147,24,-0.002110070256676977,0.5051398784823107,-234.62910740606165,12601.33850265845,12603.4838458504,2500712.2782483394
3657,2026-09-21T10:58:12.860746Z,11.664527323890654,105.18896375936436,11.567662698726778,106.41407046744102,30,-0.09686462516387628,1.2251067080766802,-10770.8548895499,133435.57565677687,133869.45836601366,2500065.0693831816
3658,2026-09-21T10:58:28.342022Z,-0.7211262410360108,-89.02213292742925,-62.07875109015314,179.99808252521123,29,-61.35762484911713,-90.97978454735949,-6822656.594181933,-8634944.14764978,9987702.65798115,2502111.990539168
3659,2026-09-21T10:58:36.113244Z,-39.71723434494716,-6.717919136079928,-89.99999999999999,178.60344857290016,24,-50.28276565505283,-174.67863229101988,-5591188.438499136,-8252087.55462863,5591188.438499141,2502956.2311644647
3660,2026-09-21T10:58:54.748536Z,57.01236315259052,71.11298448780516,56.99864636561819,71.26469215155053,26,-0.013716786972324257,0.1517076637453556,-1525.2371211866348,9186.22332944592,9311.982032915716,2502274.9075991283
3661,2026-09-21T10:59:05.671531Z,41.847372802294885,127.4134729520809,41.754509341666065,127.3707897085928,17,-0.0928634606288199,-0.042683243488113476,-10325.945692581497,-3538.096506681425,10915.276989923123,2501594.394179131
3662,2026-09-21T10:59:15.393472Z,-23.062132139771983,101.81347837408072,-23.12747266257133,101.77329203705385,23,-0.06534052279934599,-0.040186337026852925,-7265.534639590394,-4110.396833596294,8347.655526684312,2500913.551268521
3663,2026-09-21T10:59:36.088362Z,-58.01948959295435,16.388527523133092,-58.011959902407426,16.489540678814734,42,0.007529690546924428,0.10101315568164182,837.2633880214892,5949.518436817406,6008.142189735901,2500232.441410733
3664,2026-09-21T10:59:44.059243Z,-31.530091547722495,176.81094809425053,-58.011959902407426,16.489540678814734,0,-26.48186835468493,-160.3214074154358,-2944649.409110052,-12655816.488857055,9890446.886187954,2502249.4213356175
3665,2026-09-21T11:00:01.746637Z,25.682436405258333,109.93898152256287,25.782820170861374,109.82765545400714,28,0.1003837656030413,-0.11132606855574068,11162.165452534755,-11151.278102502276,15777.987183362686,2501570.9843822336
3666,2026-09-21T11:00:20.132363Z,-52.366859190024805,70.10097974709015,-52.407164051838336,70.12227322372854,35,-0.040304861813531545,0.021293476638390985,-4481.696152774717,1445.0821341739315,4708.913063957415,2500889.898165289
3667,2026-09-21T11:00:36.568020Z,58.4898376758344,66.0135220928783,58.428946407775676,66.21453080998636,22,-0.060891268058725245,0.20100871710803858,-6770.800085084115,11691.94748027712,13510.927151880316,2500211.5837472323
3668,2026-09-21T11:00:54.453572Z,-17.104314812910477,-55.05563234901416,-17.13265464799265,-55.031971169699204,39,-0.028339835082171305,0.02366117931495637,-3151.24588308093,2514.44466720495,4031.4739769350504,2499531.0548187234
3669,2026-09-21T11:01:04.675851Z,-44.75393123033479,-173.382462582498,-85.70440871396674,-78.70308389144695,12,-40.95047748363195,94.67937869105106,-4553485.339852109,4411069.420059107,5087559.937749062,2500236.4320013155
3670,2026-09-21T11:01:19.104863Z,-9.754010054939053,129.48451674302885,-89.99999981149338,-96.25541858618482,33,-80.24598975655432,134.26006467078633,-8922946.944500068,9620728.51231933,8922946.980090057,2501986.489371367
3671,2026-09-21T11:01:31.735552Z,-2.061640362388227,-132.7412720356835,-1.4476355132435168,-133.1698313261037,31,0.6140048491447103,-0.42855929042019625,68274.22416004942,-47631.27482035574,83247.13954533314,2501327.611858475
3672,2026-09-21T11:01:46.917773Z,-47.36298347681747,102.49733007030392,-73.37048228652414,-179.91780873269067,26,-26.007498809706668,77.58486119700541,-2891901.9223537818,4265612.314060843,4637515.615139783,2501909.3624040307
3673,2026-09-21T11:02:05.103926Z,82.46228757465357,-161.11400524691305,82.76668829736253,-150.13810318980546,32,0.30440072270896223,10.97590205710759,33847.81603217372,156884.42534586258,160231.37304064826,2501271.8241548166
3674,2026-09-21T11:02:13.973913Z,-31.229020437679782,-154.1524351284585,71.46839161961853,-174.5026743612231,2,102.69741205729831,-20.35023923276458,11419431.200297307,-2124755.8830550974,11530435.254997663,2503729.40810442
3675,2026-09-21T11:02:29.203820Z,-45.04870309493159,125.1734127178824,89.99999903670034,-163.19781701942404,29,135.04870213163193,71.62877026269359,15016730.526969677,7359769.713127325,15016730.600324308,2507134.3063880173
3676,2026-09-21T11:02:46.940205Z,26.366865332964323,-120.80472003241326,26.60721918782776,-120.07485340842163,42,0.24035385486343586,0.7298666239916258,26726.129260276666,72638.79250846768,77399.30534585544,2506473.3338632504
3677,2026-09-21T11:02:52.103235Z,-6.816910500910039,-174.3970598054646,26.60721918782776,-120.07485340842163,0,33.4241296887378,54.322206397042976,3716593.6488974174,5950496.6262996225,6929085.03569,2507676.111046233
3678,2026-09-21T11:03:00.472066Z,8.828292713973859,-4.545554567951427,8.746724994421886,-4.604884873258224,8,-0.08156771955197328,-0.05933030530678707,-9069.916592145608,-6519.788764118124,11170.095108576968,2506997.343777082
3679,2026-09-21T11:03:15.701484Z,13.402708595472292,130.5331556890854,13.363974791116844,130.45966971103502,27,-0.0387338043554486,-0.07348597805037116,-4307.002533968796,-7949.362580394823,9041.163253845662,2506318.3668321176
3680,2026-09-21T11:03:36.642217Z,6.775268657348734,-119.75492808990909,34.863093024696575,179.99629518571308,36,28.087824367347842,-60.24877672437782,3123223.5701324926,-6261935.399762017,6877531.225944918,2507506.1964133983
3681,2026-09-21T11:03:50.020466Z,11.570144077961572,-56.48853871916792,-89.99128606673975,169.91600167179726,20,-101.56143014470132,-133.59545960903483,-11293115.77485654,-11510174.371753244,11294752.860031696,2509893.386487731
3682,2026-09-21T11:04:05.202312Z,16.09326641942689,97.0052087180838,15.99905117589088,96.99440565594294,26,-0.0942152435360093,-0.010803062140837483,-10476.25709378579,-1154.4443579557378,10539.672864732744,2509214.5831977734
3683,2026-09-21T11:04:19.383842Z,68.02558521973761,-12.507536039249743,68.03913467127775,-12.800327665110675,23,0.013549451540143309,-0.29279162586092866,1506.6302700802387,-12178.99486766301,12271.819738953565,2508536.618830828
3684,2026-09-21T11:04:33.868287Z,62.3209406237168,-88.13428680448897,62.291705312851505,-88.10008395961333,25,-0.02923531086529607,0.03420284487563663,-3250.8182470974675,1767.5076694381075,3700.2569854744183,2507856.6958227265
3685,2026-09-21T11:04:48.599355Z,-36.971398099582466,115.00622937889653,-40.1535268234018,120.75311418435672,26,-3.182128723819332,5.7468848054601835,-353836.5700186339,499671.76356642635,612049.2035649404,2507342.2297461303
3686,2026-09-21T11:04:59.071317Z,-22.973982944534956,84.69223690604991,-23.050534368671396,84.65604770046887,26,-0.07655142413644,-0.03618920558102445,-8512.129991387948,-3703.826644054869,9283.032133128558,2506664.5142828603
3687,2026-09-21T11:05:12.600662Z,-19.173248566742544,147.82915156463395,-19.181679875913783,147.77345412540996,34,-0.008431309171239576,-0.05569743922399084,-937.51880481358,-5849.581016388333,5924.233216353382,2505986.25545968
3688,2026-09-21T11:05:30.234895Z,-25.674153739362623,54.32194213783953,-25.757593724365933,54.35756420190662,36,-0.0834399850033094,0.035622064067098336,-9278.10301166607,3568.6835649601485,9940.759225917187,2505309.4535355386
3689,2026-09-21T11:05:35.400958Z,-15.325968941904062,178.9737607754896,-25.757593724365933,54.35756420190662,0,-10.43162478246187,-124.61619657358298,-1159943.7524694088,-12975632.912312133,12481144.548003208,2508013.6647294853
3690,2026-09-21T11:05:50.830847Z,-32.37952915632768,-61.447459935015985,-32.40230403927496,-61.40799454479478,32,-0.022774882947281583,0.03946539022120987,-2532.4514386613873,3705.580172957985,4488.277414834272,2507335.202564901
3691,2026-09-21T11:06:08.516323Z,-78.32745096365757,-131.71884530089466,-77.69251823015234,-126.42827756329747,37,0.6349327335052237,5.2905677375972004,70601.29872634252,122210.9032802264,141065.88531357417,2506694.110904849
3692,2026-09-21T11:06:23.696913Z,16.07330987253801,-45.06312174765813,16.02071910000517,-45.10047207447628,36,-0.05259077253284161,-0.03735032681814232,-5847.827093969998,-3991.3395184842125,7080.1039140383355,2506017.075691688
3693,2026-09-21T11:06:40.082680Z,60.60458106812148,163.71890914074476,59.150578245124414,-179.25171174098008,22,-1.4540028229970687,17.029379118275187,-161677.7372441404,950291.966091098,961115.121372006,2505598.7431830717
3694,2026-09-21T11:06:54.516135Z,-72.39691889832794,26.336134859817435,-89.99999999999999,-158.8580303487549,33,-17.603081101672046,174.80583479142763,-1957373.3118186414,2974182.0315714357,1957373.3118186449,2505450.33348319
3695,2026-09-21T11:07:13.455113Z,53.021992674493774,168.51370247067348,52.89353797919437,-179.6949125943095,38,-0.12845469529940345,11.79138493501705,-14283.510420966311,789836.7200370653,789075.8815892694,2504985.8207763177
3696,2026-09-21T11:07:23.927207Z,19.53838579328703,149.81351670874864,-4.755112857158807,-179.99994121294105,7,-24.293498650445837,30.18654207831031,-2701313.8003760115,3328696.9061537106,4265802.537637694,2505462.232225685
3697,2026-09-21T11:07:34.899439Z,1.5248519614756304,104.36250781915038,-27.32106739066378,-179.99999999999997,27,-28.84591935213941,75.63749218084968,-3207519.8863559994,8198296.290041706,8672020.965892194,2507130.22214553
3698,2026-09-21T11:07:50.631503Z,34.93714386527178,166.57148071554326,33.79371620179838,-179.99999999998462,34,-1.1434276634733962,13.428519284472145,-127143.35516328347,1232554.3970999515,1238148.525149595,2506787.0686309286
3699,2026-09-21T11:08:10.523494Z,-13.69527823263782,-53.843510346584054,-13.754666829462247,-53.87134313087425,39,-0.05938859682442654,-0.0278327842901831,-6603.710667415383,-3006.4930336917623,7255.8937407091635,2506111.337034581
3700,2026-09-21T11:08:24.001540Z,26.429551092717947,111.50117621437005,26.669455467472925,111.24110457372994,24,0.23990437475497828,-0.260071640640092,26676.149352588538,-25869.132727985216,37159.48106221587,2505444.052749183
3701,2026-09-21T11:08:28.713355Z,-12.51016638546618,-179.05235378100676,26.669455467472925,111.24110457372994,0,39.17962185293911,-69.70654164526331,4356575.177899115,-7691918.405833948,8689909.637908727,2507115.0783058326
3702,2026-09-21T11:08:42.490857Z,31.94640842208591,-119.72043726196941,89.47179757791433,179.46438597659912,25,57.52538915582842,-60.81517676143147,6396531.427382036,-3308433.119967377,6426754.11471738,2508173.867888872
3703,2026-09-21T11:08:58.475067Z,-50.42921435814248,162.99949308007666,-50.50466089877277,162.90561308070895,26,-0.07544654063028844,-0.09387999936771507,-8389.272550970643,-6644.654587261432,10701.92917955689,2507499.4223207626
3704,2026-09-21T11:09:12.606238Z,-21.687136129781003,-57.06892110457977,-68.63193165607267,179.99999999688677,35,-46.944795526291664,-122.93107889853343,-5220023.094889811,-9638712.9954459,8983262.841464853,2509247.738578631
3705,2026-09-21T11:09:28.538238Z,58.571172609563114,-54.86092933791423,89.99973497440284,171.10335031335092,30,31.428562364839728,-134.03572034873486,3494696.686702293,-4036696.5078186863,3494746.6407099115,2509513.7301851446
3706,2026-09-21T11:09:44.119282Z,-33.15765706159093,118.77218214919736,89.99999998780606,164.15061443845136,35,123.15765704939699,45.37843228925399,13694506.64132342,4437688.921605128,13694506.641726911,2512531.8070635963
3707,2026-09-21T11:09:58.551474Z,3.757446546459597,-26.776088551004193,89.99999999906545,137.20123660380568,30,86.24255345260586,163.97732515480988,9589734.404801944,12463378.94285526,9589734.405005744,2514440.9526254907
3708,2026-09-21T11:10:12.636264Z,58.038796058879754,118.80837102727264,57.949723459490016,118.87196124515278,24,-0.08907259938973766,0.06359021788011887,-9904.421155182046,3747.6119636043522,10589.718044435394,2513765.6960897353
3709,2026-09-21T11:10:21.457340Z,70.73323308634836,117.00292427646218,70.63532455344075,117.10327003772359,12,-0.09790853290760992,0.10034576126139427,-10886.93213453805,3690.7490077132243,11495.51356752323,2513091.0478873835
3710,2026-09-21T11:10:34.884455Z,41.06882633402669,78.18077017952919,41.06470082539903,78.30421579681806,20,-0.004125508627659258,0.1234456172888656,-458.73562922406535,10349.040411290869,10359.201599550132,2512416.4570932356
3711,2026-09-21T11:10:58.133182Z,-15.648415154864857,131.0459181626261,-15.543798080522551,132.23682988198658,40,0.10461707434230583,1.1909117193604857,11632.887907261045,127547.62485987115,128076.82372019373,2511773.951128975
3712,2026-09-21T11:11:18.032152Z,-7.233662719702773,-128.0065644437521,21.5168941038787,179.9999963700898,41,28.75055682358147,-51.99343918615807,3196916.056988359,-5736553.928632572,6507900.338083792,2512850.493797874
3713,2026-09-21T11:11:33.717351Z,54.538713381224674,173.30683793409605,54.51377158467776,173.2412120495769,28,-0.024941796546912087,-0.0656258845191644,-2773.4012374173976,-4234.8221512379605,5062.1605880972265,2512175.086220925
3714,2026-09-21T11:11:54.462385Z,-15.275419891229735,-132.07319977225842,-3.6449696396401787,179.99999788405168,34,11.630450251589556,-47.92680234368993,1293247.0625686904,-5256740.062215585,5399523.260342001,2512952.508992633
3715,2026-09-21T11:12:00.328797Z,38.90162184796672,48.50632918133863,-17.47910187490544,59.20906807403071,1,-56.38072372287216,10.702738892692082,-6269250.438531903,1169354.4779857926,6367543.388482354,2513990.083926547
3716,2026-09-21T11:12:14.305552Z,-57.365548570702316,179.546072480902,-55.64219700909086,173.90924894177567,23,1.7233515616114587,-5.63682353912634,191627.9504761719,-345911.1451304269,395269.3735435798,2513419.922271438
3717,2026-09-21T11:12:22.025510Z,33.737052178503305,117.16832656727985,33.59038499179998,117.29720459912889,8,-0.14666718670332557,0.128878031849041,-16308.647066640086,11927.420423854239,20204.8293143999,2512749.162224907
3718,2026-09-21T11:12:40.313878Z,-28.153345138797725,126.67458013232192,-28.281373113594412,128.28709012112844,31,-0.12802797479668726,1.6125099888065222,-14236.061265969054,157994.61295135293,158633.46255421394,2512115.99501144
3719,2026-09-21T11:12:56.699852Z,0.2850942147325067,129.79240241919473,-0.4615601878566104,131.88220048920746,28,-0.7466544025891171,2.0897980700127334,-83024.18152473369,232374.66756255424,246759.4712130408,2511506.864459195
3720,2026-09-21T11:13:17.242022Z,57.05959739992722,-47.437809814237454,89.99999984034069,90.10033841184244,40,32.94040244041347,137.5381482260799,3662805.6330040195,4335974.286470546,3662805.663854417,2511816.3533837637
3721,2026-09-21T11:13:25.060844Z,-4.466525022687504,-173.42190834099233,56.035900350583454,125.09188500215211,7,60.50242537327096,-61.48620665685553,6727562.751198754,-6156233.2664877465,8716275.666318487,2513483.770560043
3722,2026-09-21T11:13:46.561514Z,-50.96212632433473,-25.433584875622643,-89.99999999999999,118.98083294144104,32,-39.03787367566525,144.41441781706368,-4340813.499725149,5365323.481113649,4340813.499725152,2513974.724275563
3723,2026-09-21T11:13:57.084025Z,58.43706015545178,109.79544001873245,58.37494864638464,109.75694895489269,16,-0.0621115090671438,-0.03849106383975709,-6906.4846945039,-2242.2834141621106,7261.360837376304,2513301.419584873
3724,2026-09-21T11:14:13.677858Z,5.491456509660485,-78.4367500884162,5.457664986864314,-78.38807409796384,35,-0.0337915227961707,0.04867599045235238,-3757.445898528136,5387.834805595048,6568.649990084712,2512628.2904845523
3725,2026-09-21T11:14:25.106275Z,-39.7731007084532,-150.17978474573943,-69.7827827654977,-144.35979582124844,14,-30.0096820570445,5.8199889244909855,-3336924.3949595937,373243.6035510534,3354323.2749114498,2512854.2488696333
3726,2026-09-21T11:14:34.578591Z,-40.00414021549497,52.29145600290235,-89.99999999999999,-172.63136119131423,44,-49.995859784505015,135.07718280578342,-5559285.9612696795,6347191.112988551,5559285.961269682,2513671.8633925533
3727,2026-09-21T11:14:48.564972Z,59.994536020275,130.7062439856665,60.31740495289827,-179.99841598302868,26,0.32286893262327254,49.29534003130482,35901.38727885177,2727763.377500884,2663972.416593514,2513712.190882009
3728,2026-09-21T11:14:58.488732Z,38.587629839358314,-46.596014027896416,38.434309829455806,-46.61690959057943,12,-0.15332000990250805,-0.020895562683023172,-17048.4072542524,-1818.0978775334029,17145.076962951094,2513042.510862181
3729,2026-09-21T11:15:07.459858Z,-0.6890944246742556,-154.70713603002122,-0.6222124867522303,-154.64953885090358,9,0.06688193792202535,0.05759717911763573,7436.93218108554,6404.094777921351,9814.294958445988,2512371.2241322524
3730,2026-09-21T11:15:24.742882Z,-39.473173670147915,-53.1400375837257,-39.489067938307215,-53.10493421824358,36,-0.015894268159300395,0.03510336548211512,-1767.3619820423532,3012.7126319562494,3492.8506247522887,2511698.602584395
3731,2026-09-21T11:15:41.183378Z,-14.804094298972347,90.7044931894759,-14.88639573122568,90.7023824940035,29,-0.08230143225333286,-0.0021106954723961735,-9151.501722151468,-226.86470912196177,9154.313265126375,2511027.859006448
3732,2026-09-21T11:15:51.906841Z,22.5970349790501,50.33153230194421,22.516793708230797,50.39260066127073,15,-0.08024127081930388,0.061068359326526434,-8922.422222618667,6271.011926539732,10905.741542835354,2510357.944183977
3733,2026-09-21T11:16:10.993453Z,26.015281203613135,-139.32387551436227,30.007179055003988,179.945730803436,30,3.9918978513908527,-40.730393682201736,443878.7887579775,-3998464.421733307,4002337.5503062694,2510757.61726357
3734,2026-09-21T11:16:27.526457Z,73.85295284832348,-175.31148538171468,75.21603937112708,179.99999999999994,26,1.3630865228035987,-4.688514618285353,151568.3059133328,-139019.30577338484,205554.5770728326,2510140.262405458
3735,2026-09-21T11:16:40.407465Z,1.5192102750277268,-148.09974168251088,16.406547115893428,179.99999999913484,19,14.887336840865702,-31.900258318354304,1655396.3279528986,-3503834.3950500577,3864516.6803566003,2510502.8799203043
3736,2026-09-21T11:16:54.487463Z,71.44389812301128,-71.51173497657821,89.80736764479725,161.15959539466056,23,18.363469521785973,-127.32866962876125,2041924.6464145812,-2306169.017066751,2076400.423241451,2510386.685472585
3737,2026-09-21T11:17:12.929572Z,-52.1513687635514,-104.84812023689891,-69.2034266328232,179.99999999999235,33,-17.052057869271792,-75.15187976310875,-1896102.3239124473,-4092402.7242530826,4162896.4202925963,2510828.8877029354
3738,2026-09-21T11:17:22.653882Z,-19.073610375005227,176.86375830778587,-19.248959801511724,176.81234786922758,11,-0.17534942650649654,-0.051410438558292526,-19497.96661755533,-5399.872101353322,20231.887942475765,2510162.596370736
3739,2026-09-21T11:17:34.631236Z,12.440138008260293,15.071205850253051,12.423059860343866,15.076883957835832,22,-0.017078147916427255,0.005678107582781422,-1899.0034047920522,616.573308639835,1996.5912383608274,2509491.7843875503
3740,2026-09-21T11:17:49.416849Z,-23.59280923548874,101.06638197838384,-25.367702643816713,104.72096932191417,26,-1.7748934083279728,3.6545873435303236,-197359.14234093978,369840.441409481,419174.0384699537,2508932.8758993368
3741,2026-09-21T11:18:03.898135Z,-51.32174044641199,119.80143763213346,-54.15614499905553,126.60919263295408,31,-2.834404552643541,6.8077550008206345,-315171.4063122018,458316.4529994016,555846.7020551942,2508410.7999373362
3742,2026-09-21T11:18:20.936970Z,5.695712788584235,-106.34490565292278,-22.66847803413542,179.92772526108024,26,-28.364190822719653,-73.727369085997,-3153954.117864578,-8108348.010538515,8600654.137854088,2510038.871379858
3743,2026-09-21T11:18:34.744529Z,8.462737963165088,-11.262377452580921,-89.99999999999999,134.1465010439132,17,-98.46273796316507,145.40887849649414,-10948556.92503655,12245430.754664304,10948556.925036551,2512293.3512232075
3744,2026-09-21T11:18:59.299320Z,46.3749527477031,169.80017222933554,46.47309864188728,169.27366121259996,38,0.09814589418418507,-0.5265110167355829,10913.325504275082,-40356.238499561136,41805.728392825,2511633.498759845
3745,2026-09-21T11:19:17.689245Z,-18.17899833631475,-43.443759529435226,-72.1705272497026,179.99999987874486,39,-53.99152891338785,-136.55624059181991,-6003584.096951734,-10704165.104307147,9460282.826295873,2513488.945843299
3746,2026-09-21T11:19:32.975166Z,17.53970353756094,96.93377020162995,17.429303622571446,96.85172214333097,28,-0.1103999149894932,-0.08204805829899442,-12275.910448822216,-8701.81407448855,15047.242736286458,2512821.983295753
3747,2026-09-21T11:19:56.771179Z,-33.36156245255278,54.41187099791705,-33.49000345215909,54.49876126009822,36,-0.12844099960630473,0.08689026218115714,-14281.987529376853,8063.702449265268,16401.170640565655,2512155.738082875
3748,2026-09-21T11:20:11.859276Z,44.147684467767874,29.151025341026894,43.9841856496237,29.263939594070223,17,-0.163498818144177,0.11291425304332847,-18180.23909001381,9021.622309907412,20295.579303739203,2511490.887453532
3749,2026-09-21T11:20:28.945911Z,-63.29078802710131,-148.21010233220923,-63.43584787316266,-147.9553373425368,26,-0.14505984606135058,0.2547649896724238,-16129.91894186286,12700.590915364202,20529.928608123955,2510826.4540155893
3750,2026-09-21T11:20:50.700595Z,-60.43165034051703,156.96469708646697,-63.87708278958283,-179.99999241338506,34,-3.445432449065798,23.035310500147943,-383114.60843265377,1196411.4516481862,1248232.185835354,2510489.762210741
3751,2026-09-21T11:21:20.585585Z,-15.106958867688382,-79.36649035831464,-15.451614536273796,-78.93313750643372,43,-0.3446556685854141,0.43335285188089756,-38323.96178598647,46483.37339433142,60244.67909866669,2509836.53771511
3752,2026-09-21T11:21:42.301470Z,-24.064944478192654,-33.39971830083158,-23.85410761647406,-33.62113528420395,29,0.21083686171859384,-0.22141698337236448,23443.989372768014,-22498.964240404384,32493.4303530772,2509176.265031911
3753,2026-09-21T11:22:03.861793Z,-67.60013931794424,-155.18327092510535,-67.64700508563223,-153.5976262635819,31,-0.04686576768799,1.585644661523446,-5211.235600206979,67121.59715147314,67321.72911653879,2508525.6243348913
3754,2026-09-21T11:22:26.776382Z,15.200011983847189,95.67831079116218,-89.99999999999999,-5.670176083937728,30,-105.20001198384718,-101.34848687509991,-11697707.615550587,-8952606.681565039,11697707.615550589,2510973.461839211
3755,2026-09-21T11:22:37.907511Z,21.31906275935694,139.93575274432305,-89.99999999999999,-0.5432347757148036,23,-111.31906275935692,-140.47898752003786,-12378115.017667724,-12897889.723075414,12378115.017667726,2513601.195941962
3756,2026-09-21T11:22:56.710306Z,-5.687577301334562,77.8391562449948,-5.802039409803661,77.70992715315843,25,-0.1144621084690991,-0.12922909183635056,-12727.605754803,-14297.449300543858,19141.811142983097,2512937.069375189
3757,2026-09-21T11:23:17.812917Z,0.3561464318613921,-5.343190440942095,0.22292370825307953,-5.477933361393685,31,-0.13322272360831258,-0.1347429204516004,-14813.690979014642,-14982.537854553377,21069.451341684184,2512273.809428946
3758,2026-09-21T11:23:45.490132Z,1.8141425060467493,-69.66267662915924,1.4827110495283526,-69.56585343511581,37,-0.33143145651839667,0.09682319404342365,-36853.49649526238,10761.792438284614,38392.65628527743,2511615.512155624
3759,2026-09-21T11:24:03.890741Z,-7.088971892896243,35.09310922467887,-7.195160937075099,34.90359814347851,20,-0.10618904417885577,-0.18951108120035087,-11807.682977923674,-20909.166287779026,24012.798149288017,2510953.7396858167
3760,2026-09-21T11:24:38.356489Z,-76.27884788798474,-11.41654209611201,-76.24742640911494,-11.005926362329424,33,0.0314214788698024,0.41061573378257776,3493.90903799123,10842.18519194025,11391.213916667492,2510288.962418325
3761,2026-09-21T11:25:02.045355Z,-51.891705692600674,115.46895435120354,-55.12735659806567,123.920626277615,28,-3.2356509054649933,8.45167192641145,-359787.96508058,558878.6898087717,663994.4700596229,2509798.0572089767
3762,2026-09-21T11:25:31.694013Z,-6.294179966799729,120.40814482860134,-6.017673895944137,121.27501552317797,36,0.276506070855592,0.8668706945766189,30746.07226556271,95835.80462616494,100646.91721972689,2509157.666156348
3763,2026-09-21T11:25:54.661554Z,-46.381249250022584,123.35056974906848,-49.85244688729029,132.45418773368118,27,-3.471197637267707,9.103617984612697,-385979.56664474827,675809.3733450386,777499.0749901888,2508697.485823856
